SITE,ORIGIN,IGBP,LAT,LON,ELEVATION,_DIRNAME_FXN_CP,_DIRPATH_FXN_CP,_FILEPATH_FXN_CP,_DIRNAME_FXN_ORG,_DIRPATH_FXN_ORG,_FILEPATH_FXN_ORG,_DIRNAME_ICOS,_DIRPATH_ICOS,_FILEPATH_ICOS,_DIRNAME_AMF,_DIRPATH_AMF,_FILEPATH_AMF,_FILEPATH_PARQUET,NEE_VAR,NEE_QC_VAR,LE_VAR,LE_QC_VAR,GPP_VAR,RECO_VAR,SWIN_VAR,TA_VAR,VPD_VAR,PREC_VAR,SWC_VAR,DATE_FIRST,DATE_LAST,N_YEARS,N_RECORDS,NEE_AVG,NEE_N_RECORDS,LE_AVG,LE_N_RECORDS,GPP_AVG,GPP_N_RECORDS,RECO_AVG,RECO_N_RECORDS,SWIN_AVG,SWIN_N_RECORDS,TA_AVG,TA_N_RECORDS,VPD_AVG,VPD_N_RECORDS,PREC/YR,PREC_N_RECORDS,SWC_AVG,SWC_N_RECORDS,_FILEPATH_PARQUET_SUBSET
AR-SLu,FLUXNET_ORG,MF,-33.4648,-66.4598,,,,,FLX_AR-SLu_FLUXNET2015_FULLSET_2009-2011_1-4,..\data\raw\fluxnet_from_fluxnetorg\FLX_AR-SLu_FLUXNET2015_FULLSET_2009-2011_1-4,..\data\raw\fluxnet_from_fluxnetorg\FLX_AR-SLu_FLUXNET2015_FULLSET_2009-2011_1-4\FLX_AR-SLu_FLUXNET2015_FULLSET_HH_2009-2011_1-4.csv,,,,,,,..\data\processed\parquet_merged\AR-SLu_MF_FXN-ORG_2009-2011.parquet,NEE_VUT_50,NEE_VUT_50_QC,LE_F_MDS,LE_F_MDS_QC,GPP_NT_VUT_50,RECO_NT_VUT_50,SW_IN_F,TA_F,VPD_F,P_F,SWC_F_MDS_1,01 Jan 2009,31 Dec 2011,3.0,52560.0,-4.582980020680746,52560.0,45.29886275058466,52560.0,7.456774267732114,52560.0,2.9110233268835617,52560.0,239.00537421993909,52560.0,19.693975361491628,52560.0,13.968982610350077,52560.0,360.9973333333334,52560.0,13.738068247492777,23532,..\data\processed\subsets\AR-SLu_subset_warmest6_qc0_daytime_zscores.parquet
AR-Vir,FLUXNET_ORG,ENF,-28.2395,-56.1886,,,,,FLX_AR-Vir_FLUXNET2015_FULLSET_2009-2012_1-4,..\data\raw\fluxnet_from_fluxnetorg\FLX_AR-Vir_FLUXNET2015_FULLSET_2009-2012_1-4,..\data\raw\fluxnet_from_fluxnetorg\FLX_AR-Vir_FLUXNET2015_FULLSET_2009-2012_1-4\FLX_AR-Vir_FLUXNET2015_FULLSET_HH_2009-2012_1-4.csv,,,,,,,..\data\processed\parquet_merged\AR-Vir_ENF_FXN-ORG_2009-2012.parquet,NEE_VUT_50,NEE_VUT_50_QC,LE_F_MDS,LE_F_MDS_QC,GPP_NT_VUT_50,RECO_NT_VUT_50,SW_IN_F,TA_F,VPD_F,P_F,-MISSING-,01 Jan 2009,31 Dec 2012,4.0,70128.0,2.0010345387074207,52608.0,100.69756178829968,70128.0,11.828521778208636,52608.0,13.882084564628954,52608.0,195.1163877195985,70128.0,21.612577615217887,70128.0,9.534089122746977,70128.0,1418.3580000000002,70128.0,-MISSING-,-MISSING-,-MISSING-
AU-Cum,FLUXNET_ORG,EBF,-33.61518,150.72362,,,,,FLX_AU-Cum_FLUXNET2015_FULLSET_2012-2014_2-4,..\data\raw\fluxnet_from_fluxnetorg\FLX_AU-Cum_FLUXNET2015_FULLSET_2012-2014_2-4,..\data\raw\fluxnet_from_fluxnetorg\FLX_AU-Cum_FLUXNET2015_FULLSET_2012-2014_2-4\FLX_AU-Cum_FLUXNET2015_FULLSET_HH_2012-2014_2-4.csv,,,,,,,..\data\processed\parquet_merged\AU-Cum_EBF_FXN-ORG_2012-2014.parquet,NEE_VUT_50,NEE_VUT_50_QC,LE_F_MDS,LE_F_MDS_QC,GPP_NT_VUT_50,RECO_NT_VUT_50,SW_IN_F,TA_F,VPD_F,P_F,SWC_F_MDS_2,01 Jan 2012,31 Dec 2014,3.0,52608.0,-0.567233923803908,52608.0,51.70952189237189,52608.0,2.9723743683280115,52608.0,2.413898223217001,52608.0,189.9890079645681,52608.0,18.08425653892944,52608.0,8.043837629257908,52608.0,614.8603333333334,52608.0,15.114221439749608,20448,..\data\processed\subsets\AU-Cum_subset_warmest6_qc0_daytime_zscores.parquet
AU-Lox,FLUXNET_ORG,DBF,-34.4704,140.6551,,,,,FLX_AU-Lox_FLUXNET2015_FULLSET_2008-2009_1-4,..\data\raw\fluxnet_from_fluxnetorg\FLX_AU-Lox_FLUXNET2015_FULLSET_2008-2009_1-4,..\data\raw\fluxnet_from_fluxnetorg\FLX_AU-Lox_FLUXNET2015_FULLSET_2008-2009_1-4\FLX_AU-Lox_FLUXNET2015_FULLSET_HH_2008-2009_1-4.csv,,,,,,,..\data\processed\parquet_merged\AU-Lox_DBF_FXN-ORG_2008-2009.parquet,NEE_VUT_50,NEE_VUT_50_QC,LE_F_MDS,LE_F_MDS_QC,GPP_NT_VUT_50,RECO_NT_VUT_50,SW_IN_F,TA_F,VPD_F,P_F,SWC_F_MDS_1,01 Jan 2008,31 Dec 2009,2.0,35088.0,-1.4817472147912336,35088.0,70.19403128778501,35088.0,3.938029494072048,35088.0,2.510997265218878,35088.0,215.7876961354309,35088.0,17.041553066575467,35088.0,11.08887767897857,35088.0,161.05599999999998,35088.0,9.206712143638587,15539,..\data\processed\subsets\AU-Lox_subset_warmest6_qc0_daytime_zscores.parquet
AU-Rob,FLUXNET_ORG,EBF,-17.1175,145.6301,,,,,FLX_AU-Rob_FLUXNET2015_FULLSET_2014-2014_1-4,..\data\raw\fluxnet_from_fluxnetorg\FLX_AU-Rob_FLUXNET2015_FULLSET_2014-2014_1-4,..\data\raw\fluxnet_from_fluxnetorg\FLX_AU-Rob_FLUXNET2015_FULLSET_2014-2014_1-4\FLX_AU-Rob_FLUXNET2015_FULLSET_HH_2014-2014_1-4.csv,,,,,,,..\data\processed\parquet_merged\AU-Rob_EBF_FXN-ORG_2014-2014.parquet,NEE_VUT_50,NEE_VUT_50_QC,LE_F_MDS,LE_F_MDS_QC,GPP_NT_VUT_50,RECO_NT_VUT_50,SW_IN_F,TA_F,VPD_F,P_F,SWC_F_MDS_1,01 Jan 2014,31 Dec 2014,1.0,17520.0,-1.799447500461758,17520.0,79.65250994765984,17520.0,5.575030371347033,17520.0,3.844153350114155,17520.0,205.1483122716895,17520.0,21.7144343607306,17520.0,4.454272317351598,17520.0,2193.829,17520.0,27.804125571847504,17050,..\data\processed\subsets\AU-Rob_subset_warmest6_qc0_daytime_zscores.parquet
AU-Tum,FLUXNET_ORG,EBF,-35.6566,148.1517,1200.0,,,,FLX_AU-Tum_FLUXNET2015_FULLSET_2001-2014_2-4,..\data\raw\fluxnet_from_fluxnetorg\FLX_AU-Tum_FLUXNET2015_FULLSET_2001-2014_2-4,..\data\raw\fluxnet_from_fluxnetorg\FLX_AU-Tum_FLUXNET2015_FULLSET_2001-2014_2-4\FLX_AU-Tum_FLUXNET2015_FULLSET_HR_2001-2014_2-4.csv,,,,,,,..\data\processed\parquet_merged\AU-Tum_EBF_FXN-ORG_2001-2014.parquet,NEE_VUT_50,NEE_VUT_50_QC,LE_F_MDS,LE_F_MDS_QC,GPP_NT_VUT_50,RECO_NT_VUT_50,SW_IN_F,TA_F,VPD_F,P_F,SWC_F_MDS_1,01 Jan 2001,31 Dec 2014,14.0,122712.0,-1.7819638692699982,122712.0,64.96869083878349,122712.0,8.960513924791382,122712.0,7.211792709286785,122712.0,195.3755847675859,122712.0,9.524649471934286,122712.0,4.6265074646326365,122712.0,963.2372142857142,122712.0,24.84153396110301,118621,..\data\processed\subsets\AU-Tum_subset_warmest6_qc0_daytime_zscores.parquet
AU-Wac,FLUXNET_ORG,EBF,-37.4259,145.1878,,,,,FLX_AU-Wac_FLUXNET2015_FULLSET_2005-2008_1-4,..\data\raw\fluxnet_from_fluxnetorg\FLX_AU-Wac_FLUXNET2015_FULLSET_2005-2008_1-4,..\data\raw\fluxnet_from_fluxnetorg\FLX_AU-Wac_FLUXNET2015_FULLSET_2005-2008_1-4\FLX_AU-Wac_FLUXNET2015_FULLSET_HH_2005-2008_1-4.csv,,,,,,,..\data\processed\parquet_merged\AU-Wac_EBF_FXN-ORG_2005-2008.parquet,NEE_VUT_50,NEE_VUT_50_QC,LE_F_MDS,LE_F_MDS_QC,GPP_NT_VUT_50,RECO_NT_VUT_50,SW_IN_F,TA_F,VPD_F,P_F,SWC_F_MDS_1,01 Jan 2005,31 Dec 2008,4.0,70128.0,-3.9785356792567015,70128.0,56.80268232385922,70128.0,5.920863333704083,70128.0,1.975897804300708,70128.0,141.99189667465208,70128.0,10.727932723020762,70128.0,4.261112722450376,70128.0,2775.23525,70128.0,30.40969700026903,59472,..\data\processed\subsets\AU-Wac_subset_warmest6_qc0_daytime_zscores.parquet
AU-Whr,FLUXNET_ORG,EBF,-36.6732,145.0294,,,,,FLX_AU-Whr_FLUXNET2015_FULLSET_2011-2014_2-4,..\data\raw\fluxnet_from_fluxnetorg\FLX_AU-Whr_FLUXNET2015_FULLSET_2011-2014_2-4,..\data\raw\fluxnet_from_fluxnetorg\FLX_AU-Whr_FLUXNET2015_FULLSET_2011-2014_2-4\FLX_AU-Whr_FLUXNET2015_FULLSET_HH_2011-2014_2-4.csv,,,,,,,..\data\processed\parquet_merged\AU-Whr_EBF_FXN-ORG_2011-2014.parquet,NEE_VUT_50,NEE_VUT_50_QC,LE_F_MDS,LE_F_MDS_QC,GPP_NT_VUT_50,RECO_NT_VUT_50,SW_IN_F,TA_F,VPD_F,P_F,SWC_F_MDS_1,01 Jan 2011,31 Dec 2014,4.0,70128.0,-1.4685178317947185,70128.0,43.112835932415166,70128.0,3.939520970026237,70128.0,2.4852188273157654,70128.0,200.41551758213552,70128.0,15.691108915126629,70128.0,8.398711113963039,70128.0,389.0245,70128.0,17.542485855083044,54790,..\data\processed\subsets\AU-Whr_subset_warmest6_qc0_daytime_zscores.parquet
AU-Wom,FLUXNET_ORG,EBF,-37.4222,144.0944,705.0,,,,FLX_AU-Wom_FLUXNET2015_FULLSET_2010-2014_1-4,..\data\raw\fluxnet_from_fluxnetorg\FLX_AU-Wom_FLUXNET2015_FULLSET_2010-2014_1-4,..\data\raw\fluxnet_from_fluxnetorg\FLX_AU-Wom_FLUXNET2015_FULLSET_2010-2014_1-4\FLX_AU-Wom_FLUXNET2015_FULLSET_HH_2010-2014_1-4.csv,,,,,,,..\data\processed\parquet_merged\AU-Wom_EBF_FXN-ORG_2010-2014.parquet,NEE_VUT_50,NEE_VUT_50_QC,LE_F_MDS,LE_F_MDS_QC,GPP_NT_VUT_50,RECO_NT_VUT_50,SW_IN_F,TA_F,VPD_F,P_F,SWC_F_MDS_1,01 Jan 2010,31 Dec 2014,5.0,87648.0,-2.8651155339769643,87648.0,58.646865911974366,87648.0,5.819999472035871,87648.0,2.989647696912651,87648.0,180.2863342118474,87648.0,11.40844869249726,87648.0,4.061209748083242,87648.0,955.5584,87648.0,20.854630755159207,87465,..\data\processed\subsets\AU-Wom_subset_warmest6_qc0_daytime_zscores.parquet
BE-Bra,ICOS+FLUXNET_CP+FLUXNET_ORG,ENF,51.30761,4.51984,16.0,FLX_BE-Bra_FLUXNET2015_FULLSET_1996-2020_beta-3,..\data\raw\fluxnet_from_carbonportal\FLX_BE-Bra_FLUXNET2015_FULLSET_1996-2020_beta-3,..\data\raw\fluxnet_from_carbonportal\FLX_BE-Bra_FLUXNET2015_FULLSET_1996-2020_beta-3\FLX_BE-Bra_FLUXNET2015_FULLSET_HH_1996-2020_beta-3.csv,FLX_BE-Bra_FLUXNET2015_FULLSET_1996-2014_2-4,..\data\raw\fluxnet_from_fluxnetorg\FLX_BE-Bra_FLUXNET2015_FULLSET_1996-2014_2-4,..\data\raw\fluxnet_from_fluxnetorg\FLX_BE-Bra_FLUXNET2015_FULLSET_1996-2014_2-4\FLX_BE-Bra_FLUXNET2015_FULLSET_HH_1996-2014_2-4.csv,ICOSETC_BE-Bra_ARCHIVE_L2,..\data\raw\icos\ICOSETC_BE-Bra_ARCHIVE_L2,..\data\raw\icos\ICOSETC_BE-Bra_ARCHIVE_L2\ICOSETC_BE-Bra_FLUXNET_HH_L2.csv,,,,..\data\processed\parquet_merged\BE-Bra_ENF_ICOS+FXN-CP+FXN-ORG_1996-2024.parquet,NEE_VUT_50,NEE_VUT_50_QC,LE_F_MDS,LE_F_MDS_QC,GPP_NT_VUT_50,RECO_NT_VUT_50,SW_IN_F,TA_F,VPD_F,P_F,SWC_F_MDS_1,01 Jan 1996,31 Dec 2024,29.0,508464.0,-0.1393683434515739,490944.0,27.3526311142338,490944.0,3.895877944600727,455856.0,3.601436316744438,455856.0,119.45832638495548,508464.0,11.013433497750086,508464.0,3.6447434311967033,508464.0,799.2783448275861,490896.0,16.30143562000182,176064,..\data\processed\subsets\BE-Bra_subset_warmest6_qc0_daytime_zscores.parquet
BE-Lcr,ICOS+FLUXNET_CP,DBF,51.11218,3.85043,6.25,FLX_BE-Lcr_FLUXNET2015_FULLSET_2019-2022_1-3,..\data\raw\fluxnet_from_carbonportal\FLX_BE-Lcr_FLUXNET2015_FULLSET_2019-2022_1-3,..\data\raw\fluxnet_from_carbonportal\FLX_BE-Lcr_FLUXNET2015_FULLSET_2019-2022_1-3\FLX_BE-Lcr_FLUXNET2015_FULLSET_HH_2019-2022_1-3.csv,,,,ICOSETC_BE-Lcr_ARCHIVE_L2,..\data\raw\icos\ICOSETC_BE-Lcr_ARCHIVE_L2,..\data\raw\icos\ICOSETC_BE-Lcr_ARCHIVE_L2\ICOSETC_BE-Lcr_FLUXNET_HH_L2.csv,,,,..\data\processed\parquet_merged\BE-Lcr_DBF_ICOS+FXN-CP_2019-2022.parquet,NEE_VUT_50,NEE_VUT_50_QC,LE_F_MDS,LE_F_MDS_QC,GPP_NT_VUT_50,RECO_NT_VUT_50,SW_IN_F,TA_F,VPD_F,P_F,SWC_F_MDS_1,01 Jan 2019,31 Dec 2022,4.0,70128.0,-0.7984746071299339,70128.0,31.674711997314542,70128.0,4.992997391884481,70128.0,4.211619119638375,70128.0,133.63375409251654,70128.0,11.362869595596624,70128.0,3.834210828770248,70128.0,724.42675,70128.0,23.762580214476447,70031,..\data\processed\subsets\BE-Lcr_subset_warmest6_qc0_daytime_zscores.parquet
BE-Vie,ICOS+FLUXNET_CP+FLUXNET_ORG,MF,50.304962,5.998099,508.0,FLX_BE-Vie_FLUXNET2015_FULLSET_1996-2020_beta-3,..\data\raw\fluxnet_from_carbonportal\FLX_BE-Vie_FLUXNET2015_FULLSET_1996-2020_beta-3,..\data\raw\fluxnet_from_carbonportal\FLX_BE-Vie_FLUXNET2015_FULLSET_1996-2020_beta-3\FLX_BE-Vie_FLUXNET2015_FULLSET_HH_1996-2020_beta-3.csv,FLX_BE-Vie_FLUXNET2015_FULLSET_1996-2014_1-4,..\data\raw\fluxnet_from_fluxnetorg\FLX_BE-Vie_FLUXNET2015_FULLSET_1996-2014_1-4,..\data\raw\fluxnet_from_fluxnetorg\FLX_BE-Vie_FLUXNET2015_FULLSET_1996-2014_1-4\FLX_BE-Vie_FLUXNET2015_FULLSET_HH_1996-2014_1-4.csv,ICOSETC_BE-Vie_ARCHIVE_L2,..\data\raw\icos\ICOSETC_BE-Vie_ARCHIVE_L2,..\data\raw\icos\ICOSETC_BE-Vie_ARCHIVE_L2\ICOSETC_BE-Vie_FLUXNET_HH_L2.csv,,,,..\data\processed\parquet_merged\BE-Vie_MF_ICOS+FXN-CP+FXN-ORG_1996-2024.parquet,NEE_VUT_50,NEE_VUT_50_QC,LE_F_MDS,LE_F_MDS_QC,GPP_NT_VUT_50,RECO_NT_VUT_50,SW_IN_F,TA_F,VPD_F,P_F,SWC_F_MDS_1,01 Jan 1996,31 Dec 2024,29.0,508464.0,-1.364479677503179,508464.0,29.745796177308275,508464.0,4.9272720164496375,508464.0,3.567672131944279,508464.0,119.1693182349193,508464.0,8.580359490544067,508464.0,3.0280831071619634,508464.0,933.3002068965516,508464.0,26.90349979858064,498959,..\data\processed\subsets\BE-Vie_subset_warmest6_qc0_daytime_zscores.parquet
BR-CST,AMERIFLUX,DNF,-7.9682,-38.3842,468.0,,,,,,,,,,AMF_BR-CST_FLUXNET_FULLSET_2014-2015_5-7,..\data\raw\ameriflux\AMF_BR-CST_FLUXNET_FULLSET_2014-2015_5-7,..\data\raw\ameriflux\AMF_BR-CST_FLUXNET_FULLSET_2014-2015_5-7\AMF_BR-CST_FLUXNET_FULLSET_HH_2014-2015_5-7.csv,..\data\processed\parquet_merged\BR-CST_DNF_AMF_2014-2015.parquet,NEE_VUT_50,NEE_VUT_50_QC,LE_F_MDS,LE_F_MDS_QC,GPP_NT_VUT_50,RECO_NT_VUT_50,SW_IN_F,TA_F,VPD_F,P_F,SWC_F_MDS_1,01 Jan 2014,31 Dec 2015,2.0,35040.0,-0.8837164538635817,35040.0,33.616233072725514,35040.0,2.0504565394288354,35040.0,1.5676607918642036,35040.0,242.39195219748856,35040.0,26.5378709760274,35040.0,16.82156329908676,35040.0,435.108,35040.0,12.021873269936918,21242,..\data\processed\subsets\BR-CST_subset_warmest6_qc0_daytime_zscores.parquet
BR-Sa1,FLUXNET_ORG,EBF,-2.85667,-54.95889,88.0,,,,FLX_BR-Sa1_FLUXNET2015_FULLSET_2002-2011_1-4,..\data\raw\fluxnet_from_fluxnetorg\FLX_BR-Sa1_FLUXNET2015_FULLSET_2002-2011_1-4,..\data\raw\fluxnet_from_fluxnetorg\FLX_BR-Sa1_FLUXNET2015_FULLSET_2002-2011_1-4\FLX_BR-Sa1_FLUXNET2015_FULLSET_HR_2002-2011_1-4.csv,,,,,,,..\data\processed\parquet_merged\BR-Sa1_EBF_FXN-ORG_2002-2011.parquet,NEE_VUT_50,NEE_VUT_50_QC,LE_F_MDS,LE_F_MDS_QC,GPP_NT_VUT_50,RECO_NT_VUT_50,SW_IN_F,TA_F,VPD_F,P_F,-MISSING-,01 Jan 2002,31 Dec 2011,10.0,87648.0,-0.1148522257601536,78888.0,88.74794812333307,78888.0,8.97823651036913,78888.0,8.902620669176555,78888.0,202.67267579408545,87648.0,25.89266460158817,87648.0,5.639628046276014,87648.0,2682.5126000000005,87648.0,-MISSING-,-MISSING-,-MISSING-
BR-Sa3,FLUXNET_ORG,EBF,-3.01803,-54.97144,100.0,,,,FLX_BR-Sa3_FLUXNET2015_FULLSET_2000-2004_1-4,..\data\raw\fluxnet_from_fluxnetorg\FLX_BR-Sa3_FLUXNET2015_FULLSET_2000-2004_1-4,..\data\raw\fluxnet_from_fluxnetorg\FLX_BR-Sa3_FLUXNET2015_FULLSET_2000-2004_1-4\FLX_BR-Sa3_FLUXNET2015_FULLSET_HH_2000-2004_1-4.csv,,,,,,,..\data\processed\parquet_merged\BR-Sa3_EBF_FXN-ORG_2000-2004.parquet,NEE_VUT_50,NEE_VUT_50_QC,LE_F_MDS,LE_F_MDS_QC,GPP_NT_VUT_50,RECO_NT_VUT_50,SW_IN_F,TA_F,VPD_F,P_F,SWC_F_MDS_1,01 Jan 2000,31 Dec 2004,5.0,87696.0,-0.5286494134981072,87696.0,92.3740609964304,87696.0,8.446307015314266,87696.0,7.998287358488413,87696.0,180.7478412470352,87696.0,25.777530423280425,87696.0,9.030095660007298,87696.0,1474.6144,87696.0,34.22697135373545,66431,..\data\processed\subsets\BR-Sa3_subset_warmest6_qc0_daytime_zscores.parquet
CA-Ca1,AMERIFLUX,ENF,49.8673,-125.3336,300.0,,,,,,,,,,AMF_CA-Ca1_FLUXNET_FULLSET_1996-2010_3-5,..\data\raw\ameriflux\AMF_CA-Ca1_FLUXNET_FULLSET_1996-2010_3-5,..\data\raw\ameriflux\AMF_CA-Ca1_FLUXNET_FULLSET_1996-2010_3-5\AMF_CA-Ca1_FLUXNET_FULLSET_HH_1996-2010_3-5.csv,..\data\processed\parquet_merged\CA-Ca1_ENF_AMF_1996-2010.parquet,NEE_VUT_50,NEE_VUT_50_QC,LE_F_MDS,LE_F_MDS_QC,GPP_NT_VUT_50,RECO_NT_VUT_50,SW_IN_F,TA_F,VPD_F,P_F,SWC_F_MDS_1,01 Jan 1996,31 Dec 2010,15.0,262992.0,-0.7627424017931002,262992.0,28.495296104364925,262992.0,6.622711478388551,210384.0,5.772731572770014,210384.0,127.65613815629374,262992.0,12.786940462067284,262992.0,4.128807967542739,262992.0,2355.747733333333,262992.0,16.479204086217663,222553,..\data\processed\subsets\CA-Ca1_subset_warmest6_qc0_daytime_zscores.parquet
CA-Ca2,AMERIFLUX,ENF,49.8705,-125.2909,300.0,,,,,,,,,,AMF_CA-Ca2_FLUXNET_FULLSET_1999-2010_3-5,..\data\raw\ameriflux\AMF_CA-Ca2_FLUXNET_FULLSET_1999-2010_3-5,..\data\raw\ameriflux\AMF_CA-Ca2_FLUXNET_FULLSET_1999-2010_3-5\AMF_CA-Ca2_FLUXNET_FULLSET_HH_1999-2010_3-5.csv,..\data\processed\parquet_merged\CA-Ca2_ENF_AMF_1999-2010.parquet,NEE_VUT_50,NEE_VUT_50_QC,LE_F_MDS,LE_F_MDS_QC,GPP_NT_VUT_50,RECO_NT_VUT_50,SW_IN_F,TA_F,VPD_F,P_F,SWC_F_MDS_1,01 Jan 1999,31 Dec 2010,12.0,210384.0,1.6704590363370704,210384.0,21.834920631737354,210384.0,2.100838089838242,192864.0,3.6734615484590174,192864.0,128.19918693436765,210384.0,8.464281551829036,210384.0,3.3669665706517606,210384.0,2056.5305000000003,210384.0,21.722121477883594,183235,..\data\processed\subsets\CA-Ca2_subset_warmest6_qc0_daytime_zscores.parquet
CA-Cbo,AMERIFLUX,DBF,44.3184,-79.9341,210.0,,,,,,,,,,AMF_CA-Cbo_FLUXNET_FULLSET_1994-2020_3-5,..\data\raw\ameriflux\AMF_CA-Cbo_FLUXNET_FULLSET_1994-2020_3-5,..\data\raw\ameriflux\AMF_CA-Cbo_FLUXNET_FULLSET_1994-2020_3-5\AMF_CA-Cbo_FLUXNET_FULLSET_HH_1994-2020_3-5.csv,..\data\processed\parquet_merged\CA-Cbo_DBF_AMF_1994-2020.parquet,NEE_VUT_50,NEE_VUT_50_QC,LE_F_MDS,LE_F_MDS_QC,GPP_NT_VUT_50,RECO_NT_VUT_50,SW_IN_F,TA_F,VPD_F,P_F,SWC_F_MDS_1,01 Jan 1994,31 Dec 2020,27.0,473376.0,1.4540689221972984,473376.0,37.534643632833706,473376.0,4.066100064693907,455856.0,5.608116731428878,455856.0,149.34003418635507,473376.0,7.77887745893328,473376.0,3.931357445244374,473376.0,928.3165925925924,473376.0,13.061388860621609,279082,..\data\processed\subsets\CA-Cbo_subset_warmest6_qc0_daytime_zscores.parquet
CA-Gro,AMERIFLUX+FLUXNET_ORG,MF,48.2167,-82.1556,340.0,,,,FLX_CA-Gro_FLUXNET2015_FULLSET_2003-2014_1-4,..\data\raw\fluxnet_from_fluxnetorg\FLX_CA-Gro_FLUXNET2015_FULLSET_2003-2014_1-4,..\data\raw\fluxnet_from_fluxnetorg\FLX_CA-Gro_FLUXNET2015_FULLSET_2003-2014_1-4\FLX_CA-Gro_FLUXNET2015_FULLSET_HH_2003-2014_1-4.csv,,,,AMF_CA-Gro_FLUXNET_FULLSET_2003-2014_5-7,..\data\raw\ameriflux\AMF_CA-Gro_FLUXNET_FULLSET_2003-2014_5-7,..\data\raw\ameriflux\AMF_CA-Gro_FLUXNET_FULLSET_2003-2014_5-7\AMF_CA-Gro_FLUXNET_FULLSET_HH_2003-2014_5-7.csv,..\data\processed\parquet_merged\CA-Gro_MF_AMF+FXN-ORG_2003-2014.parquet,NEE_VUT_50,NEE_VUT_50_QC,LE_F_MDS,LE_F_MDS_QC,GPP_NT_VUT_50,RECO_NT_VUT_50,SW_IN_F,TA_F,VPD_F,P_F,SWC_F_MDS_1,01 Jan 2003,31 Dec 2014,12.0,210384.0,-0.4268083826462986,210384.0,30.11526713680073,210384.0,2.8144968141737383,210384.0,2.3993690884277434,210384.0,136.22191549737622,210384.0,3.2333249439120846,210384.0,3.5702599484751683,210384.0,833.1955833333335,210384.0,40.8776821101501,188688,..\data\processed\subsets\CA-Gro_subset_warmest6_qc0_daytime_zscores.parquet
CA-HPC,AMERIFLUX,ENF,68.3203,-133.5188,80.0,,,,,,,,,,AMF_CA-HPC_FLUXNET_FULLSET_2018-2018_4-7,..\data\raw\ameriflux\AMF_CA-HPC_FLUXNET_FULLSET_2018-2018_4-7,..\data\raw\ameriflux\AMF_CA-HPC_FLUXNET_FULLSET_2018-2018_4-7\AMF_CA-HPC_FLUXNET_FULLSET_HH_2018-2018_4-7.csv,..\data\processed\parquet_merged\CA-HPC_ENF_AMF_2018-2018.parquet,NEE_VUT_50,NEE_VUT_50_QC,LE_F_MDS,LE_F_MDS_QC,GPP_NT_VUT_50,RECO_NT_VUT_50,SW_IN_F,TA_F,VPD_F,P_F,-MISSING-,01 Jan 2018,31 Dec 2018,1.0,17520.0,-0.2195359371049086,17520.0,11.930380386406451,17520.0,1.1815016433034475,17520.0,0.969098126898516,17520.0,104.32645525114155,17520.0,-6.063301141552512,17520.0,1.790147602739726,17520.0,1581.4009999999998,17520.0,-MISSING-,-MISSING-,-MISSING-
CA-LP1,AMERIFLUX,ENF,55.1119,-122.8414,751.0,,,,,,,,,,AMF_CA-LP1_FLUXNET_FULLSET_2007-2022_4-6,..\data\raw\ameriflux\AMF_CA-LP1_FLUXNET_FULLSET_2007-2022_4-6,..\data\raw\ameriflux\AMF_CA-LP1_FLUXNET_FULLSET_2007-2022_4-6\AMF_CA-LP1_FLUXNET_FULLSET_HH_2007-2022_4-6.csv,..\data\processed\parquet_merged\CA-LP1_ENF_AMF_2007-2022.parquet,NEE_VUT_50,NEE_VUT_50_QC,LE_F_MDS,LE_F_MDS_QC,GPP_NT_VUT_50,RECO_NT_VUT_50,SW_IN_F,TA_F,VPD_F,P_F,SWC_F_MDS_1,01 Jan 2007,31 Dec 2022,16.0,280512.0,-0.4229820178950458,227952.0,21.505190358555847,245472.0,1.293430322889145,280512.0,1.007845606096666,280512.0,122.94682416082026,280512.0,2.86292747547342,280512.0,3.6174124921571993,280512.0,521.9443749999998,280512.0,7.977894325376456,280512,..\data\processed\subsets\CA-LP1_subset_warmest6_qc0_daytime_zscores.parquet
CA-Man,AMERIFLUX+FLUXNET_ORG,ENF,55.8796,-98.4808,259.0,,,,FLX_CA-Man_FLUXNET2015_FULLSET_1994-2008_1-4,..\data\raw\fluxnet_from_fluxnetorg\FLX_CA-Man_FLUXNET2015_FULLSET_1994-2008_1-4,..\data\raw\fluxnet_from_fluxnetorg\FLX_CA-Man_FLUXNET2015_FULLSET_1994-2008_1-4\FLX_CA-Man_FLUXNET2015_FULLSET_HH_1994-2008_1-4.csv,,,,AMF_CA-Man_FLUXNET_FULLSET_1994-2008_3-7,..\data\raw\ameriflux\AMF_CA-Man_FLUXNET_FULLSET_1994-2008_3-7,..\data\raw\ameriflux\AMF_CA-Man_FLUXNET_FULLSET_1994-2008_3-7\AMF_CA-Man_FLUXNET_FULLSET_HH_1994-2008_3-7.csv,..\data\processed\parquet_merged\CA-Man_ENF_AMF+FXN-ORG_1994-2008.parquet,NEE_VUT_50,NEE_VUT_50_QC,LE_F_MDS,LE_F_MDS_QC,GPP_NT_VUT_50,RECO_NT_VUT_50,SW_IN_F,TA_F,VPD_F,P_F,-MISSING-,01 Jan 1994,31 Dec 2008,15.0,262992.0,-0.0819758247266072,262992.0,20.936381835033227,262992.0,3.4416873589165293,262992.0,3.4841700897597367,262992.0,130.8770497999939,262992.0,-1.150892616505445,262992.0,3.05835030723368,262992.0,324.8671333333333,262992.0,-MISSING-,-MISSING-,-MISSING-
CA-NS1,AMERIFLUX+FLUXNET_ORG,ENF,55.8792,-98.4839,260.0,,,,FLX_CA-NS1_FLUXNET2015_FULLSET_2001-2005_2-4,..\data\raw\fluxnet_from_fluxnetorg\FLX_CA-NS1_FLUXNET2015_FULLSET_2001-2005_2-4,..\data\raw\fluxnet_from_fluxnetorg\FLX_CA-NS1_FLUXNET2015_FULLSET_2001-2005_2-4\FLX_CA-NS1_FLUXNET2015_FULLSET_HH_2001-2005_2-4.csv,,,,AMF_CA-NS1_FLUXNET_FULLSET_2001-2005_3-5,..\data\raw\ameriflux\AMF_CA-NS1_FLUXNET_FULLSET_2001-2005_3-5,..\data\raw\ameriflux\AMF_CA-NS1_FLUXNET_FULLSET_2001-2005_3-5\AMF_CA-NS1_FLUXNET_FULLSET_HH_2001-2005_3-5.csv,..\data\processed\parquet_merged\CA-NS1_ENF_AMF+FXN-ORG_2001-2005.parquet,NEE_VUT_50,NEE_VUT_50_QC,LE_F_MDS,LE_F_MDS_QC,GPP_NT_VUT_50,RECO_NT_VUT_50,SW_IN_F,TA_F,VPD_F,P_F,SWC_F_MDS_1,01 Jan 2001,31 Dec 2005,5.0,87648.0,-0.15280525604558,87648.0,27.509725372131083,87648.0,2.0522852677822194,70128.0,1.7527872815976566,70128.0,125.80303471841913,87648.0,0.8800826373676521,87648.0,3.973273560149689,87648.0,164.0116,87648.0,28.416645471990552,54196,..\data\processed\subsets\CA-NS1_subset_warmest6_qc0_daytime_zscores.parquet
CA-NS2,AMERIFLUX+FLUXNET_ORG,ENF,55.9058,-98.5247,260.0,,,,FLX_CA-NS2_FLUXNET2015_FULLSET_2001-2005_1-4,..\data\raw\fluxnet_from_fluxnetorg\FLX_CA-NS2_FLUXNET2015_FULLSET_2001-2005_1-4,..\data\raw\fluxnet_from_fluxnetorg\FLX_CA-NS2_FLUXNET2015_FULLSET_2001-2005_1-4\FLX_CA-NS2_FLUXNET2015_FULLSET_HH_2001-2005_1-4.csv,,,,AMF_CA-NS2_FLUXNET_FULLSET_2001-2005_5-7,..\data\raw\ameriflux\AMF_CA-NS2_FLUXNET_FULLSET_2001-2005_5-7,..\data\raw\ameriflux\AMF_CA-NS2_FLUXNET_FULLSET_2001-2005_5-7\AMF_CA-NS2_FLUXNET_FULLSET_HH_2001-2005_5-7.csv,..\data\processed\parquet_merged\CA-NS2_ENF_AMF+FXN-ORG_2001-2005.parquet,NEE_VUT_50,NEE_VUT_50_QC,LE_F_MDS,LE_F_MDS_QC,GPP_NT_VUT_50,RECO_NT_VUT_50,SW_IN_F,TA_F,VPD_F,P_F,SWC_F_MDS_1,01 Jan 2001,31 Dec 2005,5.0,87648.0,-0.716381915622045,87648.0,22.27255575095032,87648.0,2.093691472447885,87648.0,1.377768951245902,87648.0,118.4082469879518,87648.0,-2.75151686290617,87648.0,3.075264957557504,87648.0,331.3548,87648.0,13.884926071484436,51144,..\data\processed\subsets\CA-NS2_subset_warmest6_qc0_daytime_zscores.parquet
CA-NS3,AMERIFLUX+FLUXNET_ORG,ENF,55.9117,-98.3822,260.0,,,,FLX_CA-NS3_FLUXNET2015_FULLSET_2001-2005_1-4,..\data\raw\fluxnet_from_fluxnetorg\FLX_CA-NS3_FLUXNET2015_FULLSET_2001-2005_1-4,..\data\raw\fluxnet_from_fluxnetorg\FLX_CA-NS3_FLUXNET2015_FULLSET_2001-2005_1-4\FLX_CA-NS3_FLUXNET2015_FULLSET_HH_2001-2005_1-4.csv,,,,AMF_CA-NS3_FLUXNET_FULLSET_2001-2005_5-7,..\data\raw\ameriflux\AMF_CA-NS3_FLUXNET_FULLSET_2001-2005_5-7,..\data\raw\ameriflux\AMF_CA-NS3_FLUXNET_FULLSET_2001-2005_5-7\AMF_CA-NS3_FLUXNET_FULLSET_HH_2001-2005_5-7.csv,..\data\processed\parquet_merged\CA-NS3_ENF_AMF+FXN-ORG_2001-2005.parquet,NEE_VUT_50,NEE_VUT_50_QC,LE_F_MDS,LE_F_MDS_QC,GPP_NT_VUT_50,RECO_NT_VUT_50,SW_IN_F,TA_F,VPD_F,P_F,SWC_F_MDS_1,01 Jan 2001,31 Dec 2005,5.0,87648.0,-0.0667553116798763,87648.0,21.609599545599124,87648.0,1.711448562175631,87648.0,1.647581039664869,87648.0,123.60994250867104,87648.0,-2.204468190945601,87648.0,2.9174150921869293,87648.0,199.86560000000003,87648.0,12.74903576974268,54096,..\data\processed\subsets\CA-NS3_subset_warmest6_qc0_daytime_zscores.parquet
CA-NS4,AMERIFLUX+FLUXNET_ORG,ENF,55.9144,-98.3806,260.0,,,,FLX_CA-NS4_FLUXNET2015_FULLSET_2002-2005_1-4,..\data\raw\fluxnet_from_fluxnetorg\FLX_CA-NS4_FLUXNET2015_FULLSET_2002-2005_1-4,..\data\raw\fluxnet_from_fluxnetorg\FLX_CA-NS4_FLUXNET2015_FULLSET_2002-2005_1-4\FLX_CA-NS4_FLUXNET2015_FULLSET_HH_2002-2005_1-4.csv,,,,AMF_CA-NS4_FLUXNET_FULLSET_2001-2005_3-5,..\data\raw\ameriflux\AMF_CA-NS4_FLUXNET_FULLSET_2001-2005_3-5,..\data\raw\ameriflux\AMF_CA-NS4_FLUXNET_FULLSET_2001-2005_3-5\AMF_CA-NS4_FLUXNET_FULLSET_HH_2001-2005_3-5.csv,..\data\processed\parquet_merged\CA-NS4_ENF_AMF+FXN-ORG_2001-2005.parquet,NEE_VUT_50,NEE_VUT_50_QC,LE_F_MDS,LE_F_MDS_QC,GPP_NT_VUT_50,RECO_NT_VUT_50,SW_IN_F,TA_F,VPD_F,P_F,SWC_F_MDS_1,01 Jan 2001,31 Dec 2005,5.0,87648.0,0.0003531165213407,78718.0,8.809794062647805,78718.0,1.1749209082921452,61198.0,1.1522378423952555,61198.0,122.91238723074112,87648.0,-1.0079317383169035,87648.0,3.511269384355604,87648.0,284.3326,87648.0,21.609150822527575,51670,..\data\processed\subsets\CA-NS4_subset_warmest6_qc0_daytime_zscores.parquet
CA-NS5,AMERIFLUX+FLUXNET_ORG,ENF,55.8631,-98.485,260.0,,,,FLX_CA-NS5_FLUXNET2015_FULLSET_2001-2005_1-4,..\data\raw\fluxnet_from_fluxnetorg\FLX_CA-NS5_FLUXNET2015_FULLSET_2001-2005_1-4,..\data\raw\fluxnet_from_fluxnetorg\FLX_CA-NS5_FLUXNET2015_FULLSET_2001-2005_1-4\FLX_CA-NS5_FLUXNET2015_FULLSET_HH_2001-2005_1-4.csv,,,,AMF_CA-NS5_FLUXNET_FULLSET_2001-2005_5-7,..\data\raw\ameriflux\AMF_CA-NS5_FLUXNET_FULLSET_2001-2005_5-7,..\data\raw\ameriflux\AMF_CA-NS5_FLUXNET_FULLSET_2001-2005_5-7\AMF_CA-NS5_FLUXNET_FULLSET_HH_2001-2005_5-7.csv,..\data\processed\parquet_merged\CA-NS5_ENF_AMF+FXN-ORG_2001-2005.parquet,NEE_VUT_50,NEE_VUT_50_QC,LE_F_MDS,LE_F_MDS_QC,GPP_NT_VUT_50,RECO_NT_VUT_50,SW_IN_F,TA_F,VPD_F,P_F,SWC_F_MDS_1,01 Jan 2001,31 Dec 2005,5.0,87648.0,-0.4923507569109391,87648.0,22.149216119313525,87648.0,2.1825874365434204,87648.0,1.697578365497676,87648.0,123.7351237449799,87648.0,-1.7981734209565536,87648.0,2.9803273320554946,87648.0,264.4001999999999,87648.0,13.398301874836113,45764,..\data\processed\subsets\CA-NS5_subset_warmest6_qc0_daytime_zscores.parquet
CA-Oas,FLUXNET_ORG,DBF,53.62889,-106.19779,530.0,,,,FLX_CA-Oas_FLUXNET2015_FULLSET_1996-2010_1-4,..\data\raw\fluxnet_from_fluxnetorg\FLX_CA-Oas_FLUXNET2015_FULLSET_1996-2010_1-4,..\data\raw\fluxnet_from_fluxnetorg\FLX_CA-Oas_FLUXNET2015_FULLSET_1996-2010_1-4\FLX_CA-Oas_FLUXNET2015_FULLSET_HH_1996-2010_1-4.csv,,,,,,,..\data\processed\parquet_merged\CA-Oas_DBF_FXN-ORG_1996-2010.parquet,NEE_VUT_50,NEE_VUT_50_QC,LE_F_MDS,LE_F_MDS_QC,GPP_NT_VUT_50,RECO_NT_VUT_50,SW_IN_F,TA_F,VPD_F,P_F,SWC_F_MDS_1,01 Jan 1996,31 Dec 2010,15.0,262992.0,-0.3069634178938674,262992.0,28.15583287168569,262992.0,2.900327776559742,262992.0,2.601947433184279,262992.0,136.71478106178134,262992.0,1.8003080778122529,262992.0,3.5729019437853617,262992.0,475.60086666666666,262992.0,21.029343173919465,257234,..\data\processed\subsets\CA-Oas_subset_warmest6_qc0_daytime_zscores.parquet
CA-Obs,FLUXNET_ORG,ENF,53.98717,-105.11779,628.94,,,,FLX_CA-Obs_FLUXNET2015_FULLSET_1997-2010_1-4,..\data\raw\fluxnet_from_fluxnetorg\FLX_CA-Obs_FLUXNET2015_FULLSET_1997-2010_1-4,..\data\raw\fluxnet_from_fluxnetorg\FLX_CA-Obs_FLUXNET2015_FULLSET_1997-2010_1-4\FLX_CA-Obs_FLUXNET2015_FULLSET_HH_1997-2010_1-4.csv,,,,,,,..\data\processed\parquet_merged\CA-Obs_ENF_FXN-ORG_1997-2010.parquet,NEE_VUT_50,NEE_VUT_50_QC,LE_F_MDS,LE_F_MDS_QC,GPP_NT_VUT_50,RECO_NT_VUT_50,SW_IN_F,TA_F,VPD_F,P_F,SWC_F_MDS_2,01 Jan 1997,31 Dec 2010,14.0,245424.0,-0.1399292440140742,210384.0,23.94479048864768,210384.0,2.233046044176364,210384.0,2.100113757719218,210384.0,134.6751196419258,245424.0,1.4515924440967467,245424.0,3.5370421230197544,245424.0,483.6483571428572,245424.0,18.494901153689245,210802,..\data\processed\subsets\CA-Obs_subset_warmest6_qc0_daytime_zscores.parquet
CA-Qc2,AMERIFLUX,MF,49.7598,-74.5711,,,,,,,,,,,AMF_CA-Qc2_FLUXNET_FULLSET_2007-2010_4-7,..\data\raw\ameriflux\AMF_CA-Qc2_FLUXNET_FULLSET_2007-2010_4-7,..\data\raw\ameriflux\AMF_CA-Qc2_FLUXNET_FULLSET_2007-2010_4-7\AMF_CA-Qc2_FLUXNET_FULLSET_HH_2007-2010_4-7.csv,..\data\processed\parquet_merged\CA-Qc2_MF_AMF_2007-2010.parquet,NEE_VUT_50,NEE_VUT_50_QC,LE_F_MDS,LE_F_MDS_QC,GPP_NT_VUT_50,RECO_NT_VUT_50,SW_IN_F,TA_F,VPD_F,P_F,SWC_F_MDS_1,01 Jan 2007,31 Dec 2010,4.0,70128.0,-0.5431579636347393,70128.0,41.48502312288988,70128.0,2.933050731999193,70128.0,2.405360110775012,70128.0,138.37942067362536,70128.0,1.4823686829796945,70128.0,2.801131844626968,70128.0,790.663,70128.0,21.35215072209497,61557,..\data\processed\subsets\CA-Qc2_subset_warmest6_qc0_daytime_zscores.parquet
CA-Qfo,AMERIFLUX+FLUXNET_ORG,ENF,49.6925,-74.3421,382.0,,,,FLX_CA-Qfo_FLUXNET2015_FULLSET_2003-2010_1-4,..\data\raw\fluxnet_from_fluxnetorg\FLX_CA-Qfo_FLUXNET2015_FULLSET_2003-2010_1-4,..\data\raw\fluxnet_from_fluxnetorg\FLX_CA-Qfo_FLUXNET2015_FULLSET_2003-2010_1-4\FLX_CA-Qfo_FLUXNET2015_FULLSET_HH_2003-2010_1-4.csv,,,,AMF_CA-Qfo_FLUXNET_FULLSET_2003-2010_5-7,..\data\raw\ameriflux\AMF_CA-Qfo_FLUXNET_FULLSET_2003-2010_5-7,..\data\raw\ameriflux\AMF_CA-Qfo_FLUXNET_FULLSET_2003-2010_5-7\AMF_CA-Qfo_FLUXNET_FULLSET_HH_2003-2010_5-7.csv,..\data\processed\parquet_merged\CA-Qfo_ENF_AMF+FXN-ORG_2003-2010.parquet,NEE_VUT_50,NEE_VUT_50_QC,LE_F_MDS,LE_F_MDS_QC,GPP_NT_VUT_50,RECO_NT_VUT_50,SW_IN_F,TA_F,VPD_F,P_F,SWC_F_MDS_1,01 Jan 2003,31 Dec 2010,8.0,140256.0,-0.1110130669172655,140256.0,23.175281613626165,140256.0,1.740096456766581,140256.0,1.6377145285445078,140256.0,128.7632045687885,140256.0,0.989701467316906,140256.0,2.975232653148529,140256.0,947.168625,140256.0,14.829450919597459,132558,..\data\processed\subsets\CA-Qfo_subset_warmest6_qc0_daytime_zscores.parquet
CA-SCC,AMERIFLUX,ENF,61.3079,-121.2992,285.0,,,,,,,,,,AMF_CA-SCC_FLUXNET_FULLSET_2013-2016_3-6,..\data\raw\ameriflux\AMF_CA-SCC_FLUXNET_FULLSET_2013-2016_3-6,..\data\raw\ameriflux\AMF_CA-SCC_FLUXNET_FULLSET_2013-2016_3-6\AMF_CA-SCC_FLUXNET_FULLSET_HH_2013-2016_3-6.csv,..\data\processed\parquet_merged\CA-SCC_ENF_AMF_2013-2016.parquet,NEE_VUT_50,NEE_VUT_50_QC,LE_F_MDS,LE_F_MDS_QC,GPP_NT_VUT_50,RECO_NT_VUT_50,SW_IN_F,TA_F,VPD_F,P_F,SWC_F_MDS_1,01 Jan 2013,31 Dec 2016,4.0,70128.0,-0.0997442975104865,70128.0,25.86187816362058,70128.0,1.3042962794426916,70128.0,1.2092415235350298,70128.0,109.33055720967371,70128.0,1.7044519735341093,70128.0,5.631497233629934,70128.0,261.5195,70128.0,31.31732338274933,59360,..\data\processed\subsets\CA-SCC_subset_warmest6_qc0_daytime_zscores.parquet
CA-SF1,AMERIFLUX+FLUXNET_ORG,ENF,54.485,-105.8176,536.0,,,,FLX_CA-SF1_FLUXNET2015_FULLSET_2003-2006_1-4,..\data\raw\fluxnet_from_fluxnetorg\FLX_CA-SF1_FLUXNET2015_FULLSET_2003-2006_1-4,..\data\raw\fluxnet_from_fluxnetorg\FLX_CA-SF1_FLUXNET2015_FULLSET_2003-2006_1-4\FLX_CA-SF1_FLUXNET2015_FULLSET_HH_2003-2006_1-4.csv,,,,AMF_CA-SF1_FLUXNET_FULLSET_2003-2006_5-7,..\data\raw\ameriflux\AMF_CA-SF1_FLUXNET_FULLSET_2003-2006_5-7,..\data\raw\ameriflux\AMF_CA-SF1_FLUXNET_FULLSET_2003-2006_5-7\AMF_CA-SF1_FLUXNET_FULLSET_HH_2003-2006_5-7.csv,..\data\processed\parquet_merged\CA-SF1_ENF_AMF+FXN-ORG_2003-2006.parquet,NEE_VUT_50,NEE_VUT_50_QC,LE_F_MDS,LE_F_MDS_QC,GPP_NT_VUT_50,RECO_NT_VUT_50,SW_IN_F,TA_F,VPD_F,P_F,SWC_F_MDS_1,01 Jan 2003,31 Dec 2006,4.0,70128.0,0.0304887430313712,70128.0,42.94099455385282,70128.0,2.5179559507665514,70128.0,2.518170277912255,70128.0,131.4639159251654,70128.0,-0.1225469284736474,70128.0,2.522271660392425,70128.0,445.862,70128.0,23.620708359019645,60019,..\data\processed\subsets\CA-SF1_subset_warmest6_qc0_daytime_zscores.parquet
CA-SF2,AMERIFLUX+FLUXNET_ORG,ENF,54.2539,-105.8775,520.0,,,,FLX_CA-SF2_FLUXNET2015_FULLSET_2001-2005_1-4,..\data\raw\fluxnet_from_fluxnetorg\FLX_CA-SF2_FLUXNET2015_FULLSET_2001-2005_1-4,..\data\raw\fluxnet_from_fluxnetorg\FLX_CA-SF2_FLUXNET2015_FULLSET_2001-2005_1-4\FLX_CA-SF2_FLUXNET2015_FULLSET_HH_2001-2005_1-4.csv,,,,AMF_CA-SF2_FLUXNET_FULLSET_2001-2006_3-5,..\data\raw\ameriflux\AMF_CA-SF2_FLUXNET_FULLSET_2001-2006_3-5,..\data\raw\ameriflux\AMF_CA-SF2_FLUXNET_FULLSET_2001-2006_3-5\AMF_CA-SF2_FLUXNET_FULLSET_HH_2001-2006_3-5.csv,..\data\processed\parquet_merged\CA-SF2_ENF_AMF+FXN-ORG_2001-2006.parquet,NEE_VUT_50,NEE_VUT_50_QC,LE_F_MDS,LE_F_MDS_QC,GPP_NT_VUT_50,RECO_NT_VUT_50,SW_IN_F,TA_F,VPD_F,P_F,SWC_F_MDS_1,01 Jan 2001,31 Dec 2006,6.0,105168.0,-0.3933016076568252,105168.0,35.00057705542227,105168.0,3.367822385331591,87648.0,2.8856317420180884,87648.0,135.9763393047315,105168.0,0.4271076468127185,105168.0,3.110898419671383,105168.0,358.4973333333333,105168.0,13.68945398008648,95513,..\data\processed\subsets\CA-SF2_subset_warmest6_qc0_daytime_zscores.parquet
CA-SMC,AMERIFLUX,ENF,63.1534,-123.2522,150.0,,,,,,,,,,AMF_CA-SMC_FLUXNET_FULLSET_2018-2018_3-7,..\data\raw\ameriflux\AMF_CA-SMC_FLUXNET_FULLSET_2018-2018_3-7,..\data\raw\ameriflux\AMF_CA-SMC_FLUXNET_FULLSET_2018-2018_3-7\AMF_CA-SMC_FLUXNET_FULLSET_HH_2018-2018_3-7.csv,..\data\processed\parquet_merged\CA-SMC_ENF_AMF_2018-2018.parquet,NEE_VUT_50,NEE_VUT_50_QC,LE_F_MDS,LE_F_MDS_QC,GPP_NT_VUT_50,RECO_NT_VUT_50,SW_IN_F,TA_F,VPD_F,P_F,-MISSING-,01 Jan 2018,31 Dec 2018,1.0,17520.0,0.0072657517255136,17520.0,16.305345706273176,17520.0,1.194026862347426,17520.0,1.2068027318551589,17520.0,111.89386272831052,17520.0,-3.0036741438356174,17520.0,3.156341552511416,17520.0,1524.3560000000002,17520.0,-MISSING-,-MISSING-,-MISSING-
CA-TP1,AMERIFLUX+FLUXNET_ORG,ENF,42.6609,-80.5595,265.0,,,,FLX_CA-TP1_FLUXNET2015_FULLSET_2002-2014_2-4,..\data\raw\fluxnet_from_fluxnetorg\FLX_CA-TP1_FLUXNET2015_FULLSET_2002-2014_2-4,..\data\raw\fluxnet_from_fluxnetorg\FLX_CA-TP1_FLUXNET2015_FULLSET_2002-2014_2-4\FLX_CA-TP1_FLUXNET2015_FULLSET_HH_2002-2014_2-4.csv,,,,AMF_CA-TP1_FLUXNET_FULLSET_2002-2023_5-7,..\data\raw\ameriflux\AMF_CA-TP1_FLUXNET_FULLSET_2002-2023_5-7,..\data\raw\ameriflux\AMF_CA-TP1_FLUXNET_FULLSET_2002-2023_5-7\AMF_CA-TP1_FLUXNET_FULLSET_HH_2002-2023_5-7.csv,..\data\processed\parquet_merged\CA-TP1_ENF_AMF+FXN-ORG_2002-2023.parquet,NEE_VUT_50,NEE_VUT_50_QC,LE_F_MDS,LE_F_MDS_QC,GPP_NT_VUT_50,RECO_NT_VUT_50,SW_IN_F,TA_F,VPD_F,P_F,SWC_F_MDS_1,01 Jan 2002,31 Dec 2023,22.0,385680.0,0.5869563295221032,385680.0,30.02082478348367,385680.0,3.607699603938176,368160.0,4.237855381838186,368160.0,171.4545771598216,385680.0,8.994002058701513,385680.0,3.4378836807716247,385680.0,672.7826818181817,385680.0,11.841460690209502,385680,..\data\processed\subsets\CA-TP1_subset_warmest6_qc0_daytime_zscores.parquet
CA-TP2,FLUXNET_ORG,ENF,42.77441944,-80.458775,212.0,,,,FLX_CA-TP2_FLUXNET2015_FULLSET_2002-2007_1-4,..\data\raw\fluxnet_from_fluxnetorg\FLX_CA-TP2_FLUXNET2015_FULLSET_2002-2007_1-4,..\data\raw\fluxnet_from_fluxnetorg\FLX_CA-TP2_FLUXNET2015_FULLSET_2002-2007_1-4\FLX_CA-TP2_FLUXNET2015_FULLSET_HH_2002-2007_1-4.csv,,,,,,,..\data\processed\parquet_merged\CA-TP2_ENF_FXN-ORG_2002-2007.parquet,NEE_VUT_50,NEE_VUT_50_QC,LE_F_MDS,LE_F_MDS_QC,GPP_NT_VUT_50,RECO_NT_VUT_50,SW_IN_F,TA_F,VPD_F,P_F,SWC_F_MDS_1,01 Jan 2002,31 Dec 2007,6.0,105168.0,-2.340457873097558,105168.0,76.6287127713956,105168.0,6.031841839893665,87648.0,3.868739115564531,87648.0,161.53925796820326,105168.0,8.600041714209647,105168.0,3.2385053057964406,105168.0,928.1143333333332,105168.0,9.203405417997867,105168,..\data\processed\subsets\CA-TP2_subset_warmest6_qc0_daytime_zscores.parquet
CA-TP3,AMERIFLUX+FLUXNET_ORG,ENF,42.7068,-80.3483,184.0,,,,FLX_CA-TP3_FLUXNET2015_FULLSET_2002-2014_1-4,..\data\raw\fluxnet_from_fluxnetorg\FLX_CA-TP3_FLUXNET2015_FULLSET_2002-2014_1-4,..\data\raw\fluxnet_from_fluxnetorg\FLX_CA-TP3_FLUXNET2015_FULLSET_2002-2014_1-4\FLX_CA-TP3_FLUXNET2015_FULLSET_HH_2002-2014_1-4.csv,,,,AMF_CA-TP3_FLUXNET_FULLSET_2002-2017_4-6,..\data\raw\ameriflux\AMF_CA-TP3_FLUXNET_FULLSET_2002-2017_4-6,..\data\raw\ameriflux\AMF_CA-TP3_FLUXNET_FULLSET_2002-2017_4-6\AMF_CA-TP3_FLUXNET_FULLSET_HH_2002-2017_4-6.csv,..\data\processed\parquet_merged\CA-TP3_ENF_AMF+FXN-ORG_2002-2017.parquet,NEE_VUT_50,NEE_VUT_50_QC,LE_F_MDS,LE_F_MDS_QC,GPP_NT_VUT_50,RECO_NT_VUT_50,SW_IN_F,TA_F,VPD_F,P_F,SWC_F_MDS_1,01 Jan 2002,31 Dec 2017,16.0,280512.0,-1.397057592049063,280512.0,34.87634692222472,280512.0,4.038962466523758,262992.0,2.7355726691871043,262992.0,167.94575608173625,280512.0,8.947311462611225,280512.0,3.55047641455624,280512.0,5554.074624999998,280512.0,10.159789146275383,280512,..\data\processed\subsets\CA-TP3_subset_warmest6_qc0_daytime_zscores.parquet
CA-TP4,FLUXNET_ORG,ENF,42.710161,-80.357376,184.0,,,,FLX_CA-TP4_FLUXNET2015_FULLSET_2002-2014_1-4,..\data\raw\fluxnet_from_fluxnetorg\FLX_CA-TP4_FLUXNET2015_FULLSET_2002-2014_1-4,..\data\raw\fluxnet_from_fluxnetorg\FLX_CA-TP4_FLUXNET2015_FULLSET_2002-2014_1-4\FLX_CA-TP4_FLUXNET2015_FULLSET_HH_2002-2014_1-4.csv,,,,,,,..\data\processed\parquet_merged\CA-TP4_ENF_FXN-ORG_2002-2014.parquet,NEE_VUT_50,NEE_VUT_50_QC,LE_F_MDS,LE_F_MDS_QC,GPP_NT_VUT_50,RECO_NT_VUT_50,SW_IN_F,TA_F,VPD_F,P_F,SWC_F_MDS_1,01 Jan 2002,31 Dec 2014,13.0,227904.0,-0.2352495547563272,227904.0,33.75021866037496,227904.0,3.7822012899949096,227904.0,3.562725006366716,227904.0,162.08503864785175,227904.0,8.54108958596602,227904.0,2.859608155188149,227904.0,1107.7642307692308,227904.0,11.931764378861274,227904,..\data\processed\subsets\CA-TP4_subset_warmest6_qc0_daytime_zscores.parquet
CA-TPD,AMERIFLUX+FLUXNET_ORG,DBF,42.6353,-80.5577,260.0,,,,FLX_CA-TPD_FLUXNET2015_FULLSET_2012-2014_1-4,..\data\raw\fluxnet_from_fluxnetorg\FLX_CA-TPD_FLUXNET2015_FULLSET_2012-2014_1-4,..\data\raw\fluxnet_from_fluxnetorg\FLX_CA-TPD_FLUXNET2015_FULLSET_2012-2014_1-4\FLX_CA-TPD_FLUXNET2015_FULLSET_HH_2012-2014_1-4.csv,,,,AMF_CA-TPD_FLUXNET_FULLSET_2012-2023_5-7,..\data\raw\ameriflux\AMF_CA-TPD_FLUXNET_FULLSET_2012-2023_5-7,..\data\raw\ameriflux\AMF_CA-TPD_FLUXNET_FULLSET_2012-2023_5-7\AMF_CA-TPD_FLUXNET_FULLSET_HH_2012-2023_5-7.csv,..\data\processed\parquet_merged\CA-TPD_DBF_AMF+FXN-ORG_2012-2023.parquet,NEE_VUT_50,NEE_VUT_50_QC,LE_F_MDS,LE_F_MDS_QC,GPP_NT_VUT_50,RECO_NT_VUT_50,SW_IN_F,TA_F,VPD_F,P_F,SWC_F_MDS_1,01 Jan 2012,31 Dec 2023,12.0,210384.0,-0.5280444311232585,210384.0,31.075640085497017,210384.0,3.828123581635984,210384.0,3.315477520556731,210384.0,165.37207395049052,210384.0,10.0507026912693,210384.0,3.793435085367709,210384.0,915.384,210384.0,11.842967578332953,210384,..\data\processed\subsets\CA-TPD_subset_warmest6_qc0_daytime_zscores.parquet
CD-Ygb,ICOS+FLUXNET_CP,MF,0.814444,24.502472,466.0,FLX_CD-Ygb_FLUXNET2015_FULLSET_2020-2023_1-3,..\data\raw\fluxnet_from_carbonportal\FLX_CD-Ygb_FLUXNET2015_FULLSET_2020-2023_1-3,..\data\raw\fluxnet_from_carbonportal\FLX_CD-Ygb_FLUXNET2015_FULLSET_2020-2023_1-3\FLX_CD-Ygb_FLUXNET2015_FULLSET_HH_2020-2023_1-3.csv,,,,ICOSETC_CD-Ygb_ARCHIVE_L2,..\data\raw\icos\ICOSETC_CD-Ygb_ARCHIVE_L2,..\data\raw\icos\ICOSETC_CD-Ygb_ARCHIVE_L2\ICOSETC_CD-Ygb_FLUXNET_HH_L2.csv,,,,..\data\processed\parquet_merged\CD-Ygb_MF_ICOS+FXN-CP_2020-2024.parquet,NEE_VUT_50,NEE_VUT_50_QC,LE_F_MDS,LE_F_MDS_QC,GPP_NT_VUT_50,RECO_NT_VUT_50,SW_IN_F,TA_F,VPD_F,P_F,SWC_F_MDS_1,01 Jan 2020,31 Dec 2024,5.0,87696.0,-0.3112307680049946,87696.0,78.3574350509478,87696.0,9.683429041153996,17520.0,8.137985168378995,17520.0,181.2008866310892,87696.0,24.969219508301407,87696.0,5.217202677431126,87696.0,1857.0714,87696.0,11.565146549416424,74712,..\data\processed\subsets\CD-Ygb_subset_warmest6_qc0_daytime_zscores.parquet
CH-Dav,ICOS+FLUXNET_CP+FLUXNET_ORG,ENF,46.81533,9.85591,1637.0,FLX_CH-Dav_FLUXNET2015_FULLSET_1997-2020_beta-3,..\data\raw\fluxnet_from_carbonportal\FLX_CH-Dav_FLUXNET2015_FULLSET_1997-2020_beta-3,..\data\raw\fluxnet_from_carbonportal\FLX_CH-Dav_FLUXNET2015_FULLSET_1997-2020_beta-3\FLX_CH-Dav_FLUXNET2015_FULLSET_HH_1997-2020_beta-3.csv,FLX_CH-Dav_FLUXNET2015_FULLSET_1997-2014_1-4,..\data\raw\fluxnet_from_fluxnetorg\FLX_CH-Dav_FLUXNET2015_FULLSET_1997-2014_1-4,..\data\raw\fluxnet_from_fluxnetorg\FLX_CH-Dav_FLUXNET2015_FULLSET_1997-2014_1-4\FLX_CH-Dav_FLUXNET2015_FULLSET_HH_1997-2014_1-4.csv,ICOSETC_CH-Dav_ARCHIVE_L2,..\data\raw\icos\ICOSETC_CH-Dav_ARCHIVE_L2,..\data\raw\icos\ICOSETC_CH-Dav_ARCHIVE_L2\ICOSETC_CH-Dav_FLUXNET_HH_L2.csv,,,,..\data\processed\parquet_merged\CH-Dav_ENF_ICOS+FXN-CP+FXN-ORG_1997-2024.parquet,NEE_VUT_50,NEE_VUT_50_QC,LE_F_MDS,LE_F_MDS_QC,GPP_NT_VUT_50,RECO_NT_VUT_50,SW_IN_F,TA_F,VPD_F,P_F,SWC_F_MDS_1,01 Jan 1997,31 Dec 2024,28.0,490896.0,-0.1890339808645984,490896.0,41.995467425125135,490896.0,3.28648821492633,490896.0,3.353235635083206,490896.0,151.5118686911281,490896.0,4.36812076081288,490896.0,3.1913038036569863,490896.0,880.4773571428572,490896.0,21.005536339782505,316320,..\data\processed\subsets\CH-Dav_subset_warmest6_qc0_daytime_zscores.parquet
CH-Lae,FLUXNET_CP+FLUXNET_ORG,MF,47.478333,8.364389,689.0,FLX_CH-Lae_FLUXNET2015_FULLSET_2004-2023_1-3,..\data\raw\fluxnet_from_carbonportal\FLX_CH-Lae_FLUXNET2015_FULLSET_2004-2023_1-3,..\data\raw\fluxnet_from_carbonportal\FLX_CH-Lae_FLUXNET2015_FULLSET_2004-2023_1-3\FLX_CH-Lae_FLUXNET2015_FULLSET_HH_2004-2023_1-3.csv,FLX_CH-Lae_FLUXNET2015_FULLSET_2004-2014_1-4,..\data\raw\fluxnet_from_fluxnetorg\FLX_CH-Lae_FLUXNET2015_FULLSET_2004-2014_1-4,..\data\raw\fluxnet_from_fluxnetorg\FLX_CH-Lae_FLUXNET2015_FULLSET_2004-2014_1-4\FLX_CH-Lae_FLUXNET2015_FULLSET_HH_2004-2014_1-4.csv,,,,,,,..\data\processed\parquet_merged\CH-Lae_MF_FXN-CP+FXN-ORG_2004-2023.parquet,NEE_VUT_50,NEE_VUT_50_QC,LE_F_MDS,LE_F_MDS_QC,GPP_NT_VUT_50,RECO_NT_VUT_50,SW_IN_F,TA_F,VPD_F,P_F,SWC_F_MDS_1,01 Jan 2004,31 Dec 2023,20.0,350640.0,-0.6656758608242884,350640.0,56.85646548808408,350640.0,4.3345819126327365,350640.0,3.723382295802836,350640.0,143.8241035278348,350640.0,8.829048049281315,350640.0,3.5289718115446047,350640.0,811.50195,333120.0,22.62362125110143,339333,..\data\processed\subsets\CH-Lae_subset_warmest6_qc0_daytime_zscores.parquet
CL-ACF,AMERIFLUX,ENF,-40.1726,-73.4439,822.0,,,,,,,,,,AMF_CL-ACF_FLUXNET_FULLSET_2018-2020_3-7,..\data\raw\ameriflux\AMF_CL-ACF_FLUXNET_FULLSET_2018-2020_3-7,..\data\raw\ameriflux\AMF_CL-ACF_FLUXNET_FULLSET_2018-2020_3-7\AMF_CL-ACF_FLUXNET_FULLSET_HH_2018-2020_3-7.csv,..\data\processed\parquet_merged\CL-ACF_ENF_AMF_2018-2020.parquet,NEE_VUT_50,NEE_VUT_50_QC,LE_F_MDS,LE_F_MDS_QC,GPP_NT_VUT_50,RECO_NT_VUT_50,SW_IN_F,TA_F,VPD_F,P_F,SWC_F_MDS_1,01 Jan 2018,31 Dec 2020,3.0,52608.0,0.020109223319457,52608.0,43.17083832475669,52608.0,5.417215080088827,52608.0,5.500854321563261,52608.0,171.88383723007908,52608.0,7.374328828315084,52608.0,1.9181220536800483,52608.0,2939.1396666666674,52608.0,30.593856765816444,51908,..\data\processed\subsets\CL-ACF_subset_warmest6_qc0_daytime_zscores.parquet
CL-SDF,AMERIFLUX,EBF,-41.883,-73.676,50.0,,,,,,,,,,AMF_CL-SDF_FLUXNET_FULLSET_2014-2021_4-7,..\data\raw\ameriflux\AMF_CL-SDF_FLUXNET_FULLSET_2014-2021_4-7,..\data\raw\ameriflux\AMF_CL-SDF_FLUXNET_FULLSET_2014-2021_4-7\AMF_CL-SDF_FLUXNET_FULLSET_HH_2014-2021_4-7.csv,..\data\processed\parquet_merged\CL-SDF_EBF_AMF_2014-2021.parquet,NEE_VUT_50,NEE_VUT_50_QC,LE_F_MDS,LE_F_MDS_QC,GPP_NT_VUT_50,RECO_NT_VUT_50,SW_IN_F,TA_F,VPD_F,P_F,SWC_F_MDS_1,01 Jan 2014,31 Dec 2021,8.0,140256.0,-0.4163759356888831,140256.0,50.83756242974152,140256.0,4.613936555962092,140256.0,5.107263061079721,140256.0,162.35304349903038,140256.0,11.418864547684237,140256.0,2.4832929001254853,140256.0,1406.8090000000002,140256.0,47.890013210233874,129218,..\data\processed\subsets\CL-SDF_subset_warmest6_qc0_daytime_zscores.parquet
CN-Cha,FLUXNET_ORG,MF,42.4025,128.0958,,,,,FLX_CN-Cha_FLUXNET2015_FULLSET_2003-2005_1-4,..\data\raw\fluxnet_from_fluxnetorg\FLX_CN-Cha_FLUXNET2015_FULLSET_2003-2005_1-4,..\data\raw\fluxnet_from_fluxnetorg\FLX_CN-Cha_FLUXNET2015_FULLSET_2003-2005_1-4\FLX_CN-Cha_FLUXNET2015_FULLSET_HH_2003-2005_1-4.csv,,,,,,,..\data\processed\parquet_merged\CN-Cha_MF_FXN-ORG_2003-2005.parquet,NEE_VUT_50,NEE_VUT_50_QC,LE_F_MDS,LE_F_MDS_QC,GPP_NT_VUT_50,RECO_NT_VUT_50,SW_IN_F,TA_F,VPD_F,P_F,SWC_F_MDS_1,01 Jan 2003,31 Dec 2005,3.0,52608.0,-0.7231695746055923,52608.0,34.4710260319364,52608.0,3.91937900973236,52608.0,3.204617088218522,52608.0,160.622217533455,52608.0,4.354464473083942,52608.0,4.240600783150851,52608.0,466.1433333333334,52608.0,26.885621958637472,52608,..\data\processed\subsets\CN-Cha_subset_warmest6_qc0_daytime_zscores.parquet
CN-Din,FLUXNET_ORG,EBF,23.1733,112.5361,,,,,FLX_CN-Din_FLUXNET2015_FULLSET_2003-2005_1-4,..\data\raw\fluxnet_from_fluxnetorg\FLX_CN-Din_FLUXNET2015_FULLSET_2003-2005_1-4,..\data\raw\fluxnet_from_fluxnetorg\FLX_CN-Din_FLUXNET2015_FULLSET_2003-2005_1-4\FLX_CN-Din_FLUXNET2015_FULLSET_HH_2003-2005_1-4.csv,,,,,,,..\data\processed\parquet_merged\CN-Din_EBF_FXN-ORG_2003-2005.parquet,NEE_VUT_50,NEE_VUT_50_QC,LE_F_MDS,LE_F_MDS_QC,GPP_NT_VUT_50,RECO_NT_VUT_50,SW_IN_F,TA_F,VPD_F,P_F,SWC_F_MDS_1,01 Jan 2003,31 Dec 2005,3.0,52608.0,-1.3837044001912258,52608.0,48.77849080455197,52608.0,3.955151721772354,52608.0,2.598372767810979,52608.0,138.92686678832118,52608.0,20.429581508515817,52608.0,6.693448486922142,52608.0,1373.545,52608.0,20.35309078467153,52608,..\data\processed\subsets\CN-Din_subset_warmest6_qc0_daytime_zscores.parquet
CN-Qia,FLUXNET_ORG,ENF,26.7414,115.0581,,,,,FLX_CN-Qia_FLUXNET2015_FULLSET_2003-2005_1-4,..\data\raw\fluxnet_from_fluxnetorg\FLX_CN-Qia_FLUXNET2015_FULLSET_2003-2005_1-4,..\data\raw\fluxnet_from_fluxnetorg\FLX_CN-Qia_FLUXNET2015_FULLSET_2003-2005_1-4\FLX_CN-Qia_FLUXNET2015_FULLSET_HH_2003-2005_1-4.csv,,,,,,,..\data\processed\parquet_merged\CN-Qia_ENF_FXN-ORG_2003-2005.parquet,NEE_VUT_50,NEE_VUT_50_QC,LE_F_MDS,LE_F_MDS_QC,GPP_NT_VUT_50,RECO_NT_VUT_50,SW_IN_F,TA_F,VPD_F,P_F,SWC_F_MDS_1,01 Jan 2003,31 Dec 2005,3.0,52608.0,-1.500347099343655,52608.0,48.8277778836228,52608.0,4.684324452364659,52608.0,3.234629226771594,52608.0,140.9648516765511,52608.0,18.243119829683696,52608.0,7.028271194495134,52608.0,1169.908,52608.0,16.072091697080293,52608,..\data\processed\subsets\CN-Qia_subset_warmest6_qc0_daytime_zscores.parquet
CZ-BK1,ICOS+FLUXNET_CP+FLUXNET_ORG,ENF,49.50207615,18.53688247,881.0,FLX_CZ-BK1_FLUXNET2015_FULLSET_2004-2022_1-3,..\data\raw\fluxnet_from_carbonportal\FLX_CZ-BK1_FLUXNET2015_FULLSET_2004-2022_1-3,..\data\raw\fluxnet_from_carbonportal\FLX_CZ-BK1_FLUXNET2015_FULLSET_2004-2022_1-3\FLX_CZ-BK1_FLUXNET2015_FULLSET_HH_2004-2022_1-3.csv,FLX_CZ-BK1_FLUXNET2015_FULLSET_2004-2014_2-4,..\data\raw\fluxnet_from_fluxnetorg\FLX_CZ-BK1_FLUXNET2015_FULLSET_2004-2014_2-4,..\data\raw\fluxnet_from_fluxnetorg\FLX_CZ-BK1_FLUXNET2015_FULLSET_2004-2014_2-4\FLX_CZ-BK1_FLUXNET2015_FULLSET_HH_2004-2014_2-4.csv,ICOSETC_CZ-BK1_ARCHIVE_L2,..\data\raw\icos\ICOSETC_CZ-BK1_ARCHIVE_L2,..\data\raw\icos\ICOSETC_CZ-BK1_ARCHIVE_L2\ICOSETC_CZ-BK1_FLUXNET_HH_L2.csv,,,,..\data\processed\parquet_merged\CZ-BK1_ENF_ICOS+FXN-CP+FXN-ORG_2004-2024.parquet,NEE_VUT_50,NEE_VUT_50_QC,LE_F_MDS,LE_F_MDS_QC,GPP_NT_VUT_50,RECO_NT_VUT_50,SW_IN_F,TA_F,VPD_F,P_F,SWC_F_MDS_1,01 Jan 2004,31 Dec 2024,21.0,368208.0,-1.8956788374699705,368208.0,30.65833111320784,368208.0,5.07058112514612,368208.0,3.1992162672353976,368208.0,122.40486019315176,368208.0,6.925284018815454,368208.0,2.804573662169209,368208.0,1215.4100000000003,368208.0,25.615404994946655,222625,..\data\processed\subsets\CZ-BK1_subset_warmest6_qc0_daytime_zscores.parquet
CZ-Lnz,ICOS+FLUXNET_CP,DBF,48.6815483,16.9463317,182.0,FLX_CZ-Lnz_FLUXNET2015_FULLSET_2015-2020_beta-3,..\data\raw\fluxnet_from_carbonportal\FLX_CZ-Lnz_FLUXNET2015_FULLSET_2015-2020_beta-3,..\data\raw\fluxnet_from_carbonportal\FLX_CZ-Lnz_FLUXNET2015_FULLSET_2015-2020_beta-3\FLX_CZ-Lnz_FLUXNET2015_FULLSET_HH_2015-2020_beta-3.csv,,,,ICOSETC_CZ-Lnz_ARCHIVE_L2,..\data\raw\icos\ICOSETC_CZ-Lnz_ARCHIVE_L2,..\data\raw\icos\ICOSETC_CZ-Lnz_ARCHIVE_L2\ICOSETC_CZ-Lnz_FLUXNET_HH_L2.csv,,,,..\data\processed\parquet_merged\CZ-Lnz_DBF_ICOS+FXN-CP_2015-2024.parquet,NEE_VUT_50,NEE_VUT_50_QC,LE_F_MDS,LE_F_MDS_QC,GPP_NT_VUT_50,RECO_NT_VUT_50,SW_IN_F,TA_F,VPD_F,P_F,SWC_F_MDS_1,01 Jan 2015,31 Dec 2024,10.0,175344.0,-1.4781860836326857,157824.0,45.44572104110491,157824.0,5.4532929331982345,157824.0,3.991790624539913,157824.0,142.5113893577656,157824.0,11.616605218471207,157824.0,5.550473901307787,157824.0,406.1377,140256.0,29.56656106717206,137185,..\data\processed\subsets\CZ-Lnz_subset_warmest6_qc0_daytime_zscores.parquet
CZ-RAJ,FLUXNET_CP,ENF,49.4437236,16.6965125,,FLX_CZ-RAJ_FLUXNET2015_FULLSET_2012-2022_1-3,..\data\raw\fluxnet_from_carbonportal\FLX_CZ-RAJ_FLUXNET2015_FULLSET_2012-2022_1-3,..\data\raw\fluxnet_from_carbonportal\FLX_CZ-RAJ_FLUXNET2015_FULLSET_2012-2022_1-3\FLX_CZ-RAJ_FLUXNET2015_FULLSET_HH_2012-2022_1-3.csv,,,,,,,,,,..\data\processed\parquet_merged\CZ-RAJ_ENF_FXN-CP_2012-2022.parquet,NEE_VUT_50,NEE_VUT_50_QC,LE_F_MDS,LE_F_MDS_QC,GPP_NT_VUT_50,RECO_NT_VUT_50,SW_IN_F,TA_F,VPD_F,P_F,SWC_F_MDS_1,01 Jan 2012,31 Dec 2022,11.0,192864.0,-1.0269245946555985,192864.0,28.140911785100883,192864.0,4.139628266527958,192864.0,3.124954190289013,192864.0,133.70602363323383,192864.0,8.317647352538575,192864.0,3.595792848846856,192864.0,661.2419090909091,192864.0,19.16809035449573,120481,..\data\processed\subsets\CZ-RAJ_subset_warmest6_qc0_daytime_zscores.parquet
CZ-Stn,FLUXNET_CP,DBF,49.035975,17.9699,,FLX_CZ-Stn_FLUXNET2015_FULLSET_2010-2022_1-3,..\data\raw\fluxnet_from_carbonportal\FLX_CZ-Stn_FLUXNET2015_FULLSET_2010-2022_1-3,..\data\raw\fluxnet_from_carbonportal\FLX_CZ-Stn_FLUXNET2015_FULLSET_2010-2022_1-3\FLX_CZ-Stn_FLUXNET2015_FULLSET_HH_2010-2022_1-3.csv,,,,,,,,,,..\data\processed\parquet_merged\CZ-Stn_DBF_FXN-CP_2010-2022.parquet,NEE_VUT_50,NEE_VUT_50_QC,LE_F_MDS,LE_F_MDS_QC,GPP_NT_VUT_50,RECO_NT_VUT_50,SW_IN_F,TA_F,VPD_F,P_F,SWC_F_MDS_1,01 Jan 2010,31 Dec 2022,13.0,227904.0,-0.7551528961335342,227904.0,30.71339567022457,227904.0,4.121714726657387,227904.0,3.3935502528784047,227904.0,135.66459200803845,227904.0,9.00847147921932,227904.0,3.529520267305532,227904.0,651.4044615384615,227904.0,33.97453580893709,227904,..\data\processed\subsets\CZ-Stn_subset_warmest6_qc0_daytime_zscores.parquet
DE-Hai,ICOS+FLUXNET_CP+FLUXNET_ORG,DBF,51.0794084,10.4520894,438.7,FLX_DE-Hai_FLUXNET2015_FULLSET_2000-2023_1-3,..\data\raw\fluxnet_from_carbonportal\FLX_DE-Hai_FLUXNET2015_FULLSET_2000-2023_1-3,..\data\raw\fluxnet_from_carbonportal\FLX_DE-Hai_FLUXNET2015_FULLSET_2000-2023_1-3\FLX_DE-Hai_FLUXNET2015_FULLSET_HH_2000-2023_1-3.csv,FLX_DE-Hai_FLUXNET2015_FULLSET_2000-2012_1-4,..\data\raw\fluxnet_from_fluxnetorg\FLX_DE-Hai_FLUXNET2015_FULLSET_2000-2012_1-4,..\data\raw\fluxnet_from_fluxnetorg\FLX_DE-Hai_FLUXNET2015_FULLSET_2000-2012_1-4\FLX_DE-Hai_FLUXNET2015_FULLSET_HH_2000-2012_1-4.csv,ICOSETC_DE-Hai_ARCHIVE_L2,..\data\raw\icos\ICOSETC_DE-Hai_ARCHIVE_L2,..\data\raw\icos\ICOSETC_DE-Hai_ARCHIVE_L2\ICOSETC_DE-Hai_FLUXNET_HH_L2.csv,,,,..\data\processed\parquet_merged\DE-Hai_DBF_ICOS+FXN-CP+FXN-ORG_2000-2023.parquet,NEE_VUT_50,NEE_VUT_50_QC,LE_F_MDS,LE_F_MDS_QC,GPP_NT_VUT_50,RECO_NT_VUT_50,SW_IN_F,TA_F,VPD_F,P_F,SWC_F_MDS_1,01 Jan 2000,31 Dec 2023,24.0,420768.0,-1.3419686399896575,420768.0,27.542946996699904,420768.0,4.099649283980706,420768.0,2.773605082415604,420768.0,123.69416017377748,420768.0,8.70179821421781,420768.0,3.710206921629021,420768.0,739.3849583333334,420768.0,34.571839612367505,415961,..\data\processed\subsets\DE-Hai_subset_warmest6_qc0_daytime_zscores.parquet
DE-Har,ICOS+FLUXNET_CP,MF,47.933,7.5981,201.0,FLX_DE-Har_FLUXNET2015_FULLSET_2020-2023_1-3,..\data\raw\fluxnet_from_carbonportal\FLX_DE-Har_FLUXNET2015_FULLSET_2020-2023_1-3,..\data\raw\fluxnet_from_carbonportal\FLX_DE-Har_FLUXNET2015_FULLSET_2020-2023_1-3\FLX_DE-Har_FLUXNET2015_FULLSET_HH_2020-2023_1-3.csv,,,,ICOSETC_DE-Har_ARCHIVE_L2,..\data\raw\icos\ICOSETC_DE-Har_ARCHIVE_L2,..\data\raw\icos\ICOSETC_DE-Har_ARCHIVE_L2\ICOSETC_DE-Har_FLUXNET_HH_L2.csv,,,,..\data\processed\parquet_merged\DE-Har_MF_ICOS+FXN-CP_2020-2024.parquet,NEE_VUT_50,NEE_VUT_50_QC,LE_F_MDS,LE_F_MDS_QC,GPP_NT_VUT_50,RECO_NT_VUT_50,SW_IN_F,TA_F,VPD_F,P_F,SWC_F_MDS_1,01 Jan 2020,31 Dec 2024,5.0,87696.0,-0.4334482804193612,87696.0,36.23771780556521,87696.0,4.125579423113296,87696.0,3.7132004491567456,87696.0,143.6201300173326,87696.0,12.553955368545886,87696.0,5.1027186302682,87696.0,592.6855999999999,87696.0,14.419517275588396,87696,..\data\processed\subsets\DE-Har_subset_warmest6_qc0_daytime_zscores.parquet
DE-HoH,ICOS+FLUXNET_CP,DBF,52.08656,11.22235,217.0,FLX_DE-HoH_FLUXNET2015_FULLSET_2015-2020_beta-3,..\data\raw\fluxnet_from_carbonportal\FLX_DE-HoH_FLUXNET2015_FULLSET_2015-2020_beta-3,..\data\raw\fluxnet_from_carbonportal\FLX_DE-HoH_FLUXNET2015_FULLSET_2015-2020_beta-3\FLX_DE-HoH_FLUXNET2015_FULLSET_HH_2015-2020_beta-3.csv,,,,ICOSETC_DE-HoH_ARCHIVE_L2,..\data\raw\icos\ICOSETC_DE-HoH_ARCHIVE_L2,..\data\raw\icos\ICOSETC_DE-HoH_ARCHIVE_L2\ICOSETC_DE-HoH_FLUXNET_HH_L2.csv,,,,..\data\processed\parquet_merged\DE-HoH_DBF_ICOS+FXN-CP_2015-2024.parquet,NEE_VUT_50,NEE_VUT_50_QC,LE_F_MDS,LE_F_MDS_QC,GPP_NT_VUT_50,RECO_NT_VUT_50,SW_IN_F,TA_F,VPD_F,P_F,SWC_F_MDS_1,01 Jan 2015,31 Dec 2024,10.0,175344.0,-0.6921333487969306,175344.0,45.17724620785704,175344.0,4.849013095453468,175344.0,4.170045345838456,175344.0,132.0040995699881,175344.0,10.28478764599872,175344.0,4.410409982662652,175344.0,497.7798000000001,175344.0,18.646481864221187,175344,..\data\processed\subsets\DE-HoH_subset_warmest6_qc0_daytime_zscores.parquet
DE-Hzd,ICOS+FLUXNET_CP,DBF,50.96381,13.48978,395.0,FLX_DE-Hzd_FLUXNET2015_FULLSET_2010-2023_1-3,..\data\raw\fluxnet_from_carbonportal\FLX_DE-Hzd_FLUXNET2015_FULLSET_2010-2023_1-3,..\data\raw\fluxnet_from_carbonportal\FLX_DE-Hzd_FLUXNET2015_FULLSET_2010-2023_1-3\FLX_DE-Hzd_FLUXNET2015_FULLSET_HH_2010-2023_1-3.csv,,,,ICOSETC_DE-Hzd_ARCHIVE_L2,..\data\raw\icos\ICOSETC_DE-Hzd_ARCHIVE_L2,..\data\raw\icos\ICOSETC_DE-Hzd_ARCHIVE_L2\ICOSETC_DE-Hzd_FLUXNET_HH_L2.csv,,,,..\data\processed\parquet_merged\DE-Hzd_DBF_ICOS+FXN-CP_2010-2024.parquet,NEE_VUT_50,NEE_VUT_50_QC,LE_F_MDS,LE_F_MDS_QC,GPP_NT_VUT_50,RECO_NT_VUT_50,SW_IN_F,TA_F,VPD_F,P_F,SWC_F_MDS_1,01 Jan 2010,31 Dec 2024,15.0,262992.0,0.54481019266391,262992.0,40.48899883366224,262992.0,3.659966470611986,262992.0,4.232320395828286,262992.0,123.75084602953704,262992.0,9.742515745726104,262992.0,4.134839751779521,262992.0,1526.7744666666667,262992.0,37.30435420061561,88368,..\data\processed\subsets\DE-Hzd_subset_warmest6_qc0_daytime_zscores.parquet
DE-Lkb,FLUXNET_ORG,ENF,49.09962,13.30467,1308.0,,,,FLX_DE-Lkb_FLUXNET2015_FULLSET_2009-2013_1-4,..\data\raw\fluxnet_from_fluxnetorg\FLX_DE-Lkb_FLUXNET2015_FULLSET_2009-2013_1-4,..\data\raw\fluxnet_from_fluxnetorg\FLX_DE-Lkb_FLUXNET2015_FULLSET_2009-2013_1-4\FLX_DE-Lkb_FLUXNET2015_FULLSET_HH_2009-2013_1-4.csv,,,,,,,..\data\processed\parquet_merged\DE-Lkb_ENF_FXN-ORG_2009-2013.parquet,NEE_VUT_50,NEE_VUT_50_QC,LE_F_MDS,LE_F_MDS_QC,GPP_NT_VUT_50,RECO_NT_VUT_50,SW_IN_F,TA_F,VPD_F,P_F,SWC_F_MDS_1,01 Jan 2009,31 Dec 2013,5.0,87648.0,0.7303675870036852,87648.0,38.38072825738736,87648.0,1.1903991706142751,87648.0,1.9326470810742968,87648.0,123.45158420043812,87648.0,4.558651047371304,87648.0,2.5743981950529387,87648.0,1113.1798,87648.0,35.19098541285848,82607,..\data\processed\subsets\DE-Lkb_subset_warmest6_qc0_daytime_zscores.parquet
DE-Lnf,FLUXNET_ORG,DBF,51.32822,10.3678,451.0,,,,FLX_DE-Lnf_FLUXNET2015_FULLSET_2002-2012_1-4,..\data\raw\fluxnet_from_fluxnetorg\FLX_DE-Lnf_FLUXNET2015_FULLSET_2002-2012_1-4,..\data\raw\fluxnet_from_fluxnetorg\FLX_DE-Lnf_FLUXNET2015_FULLSET_2002-2012_1-4\FLX_DE-Lnf_FLUXNET2015_FULLSET_HH_2002-2012_1-4.csv,,,,,,,..\data\processed\parquet_merged\DE-Lnf_DBF_FXN-ORG_2002-2012.parquet,NEE_VUT_50,NEE_VUT_50_QC,LE_F_MDS,LE_F_MDS_QC,GPP_NT_VUT_50,RECO_NT_VUT_50,SW_IN_F,TA_F,VPD_F,P_F,SWC_F_MDS_1,01 Jan 2002,31 Dec 2012,11.0,192864.0,-1.5826295306128009,140256.0,30.6576073369954,140256.0,4.52088740507358,140256.0,2.949879257493441,140256.0,122.28020282167743,192864.0,8.165042465156793,192864.0,3.251792900696864,192864.0,622.4832727272728,192864.0,35.18549225303727,187751,..\data\processed\subsets\DE-Lnf_subset_warmest6_qc0_daytime_zscores.parquet
DE-Msr,ICOS+FLUXNET_CP,ENF,47.809181,11.456168,602.07,FLX_DE-Msr_FLUXNET2015_FULLSET_2020-2023_1-3,..\data\raw\fluxnet_from_carbonportal\FLX_DE-Msr_FLUXNET2015_FULLSET_2020-2023_1-3,..\data\raw\fluxnet_from_carbonportal\FLX_DE-Msr_FLUXNET2015_FULLSET_2020-2023_1-3\FLX_DE-Msr_FLUXNET2015_FULLSET_HH_2020-2023_1-3.csv,,,,ICOSETC_DE-Msr_ARCHIVE_L2,..\data\raw\icos\ICOSETC_DE-Msr_ARCHIVE_L2,..\data\raw\icos\ICOSETC_DE-Msr_ARCHIVE_L2\ICOSETC_DE-Msr_FLUXNET_HH_L2.csv,,,,..\data\processed\parquet_merged\DE-Msr_ENF_ICOS+FXN-CP_2020-2024.parquet,NEE_VUT_50,NEE_VUT_50_QC,LE_F_MDS,LE_F_MDS_QC,GPP_NT_VUT_50,RECO_NT_VUT_50,SW_IN_F,TA_F,VPD_F,P_F,SWC_F_MDS_1,01 Jan 2020,31 Dec 2024,5.0,87696.0,-0.4110854728121693,87696.0,45.28280025789218,87696.0,5.128392255946587,87696.0,4.688163274960413,87696.0,139.2619837392811,87696.0,8.528316582284253,87696.0,3.128381819011129,87696.0,1164.6894,87696.0,24.189450254040423,80499,..\data\processed\subsets\DE-Msr_subset_warmest6_qc0_daytime_zscores.parquet
DE-Obe,FLUXNET_CP+FLUXNET_ORG,ENF,50.78666,13.72129,734.0,FLX_DE-Obe_FLUXNET2015_FULLSET_2008-2023_1-3,..\data\raw\fluxnet_from_carbonportal\FLX_DE-Obe_FLUXNET2015_FULLSET_2008-2023_1-3,..\data\raw\fluxnet_from_carbonportal\FLX_DE-Obe_FLUXNET2015_FULLSET_2008-2023_1-3\FLX_DE-Obe_FLUXNET2015_FULLSET_HH_2008-2023_1-3.csv,FLX_DE-Obe_FLUXNET2015_FULLSET_2008-2014_1-4,..\data\raw\fluxnet_from_fluxnetorg\FLX_DE-Obe_FLUXNET2015_FULLSET_2008-2014_1-4,..\data\raw\fluxnet_from_fluxnetorg\FLX_DE-Obe_FLUXNET2015_FULLSET_2008-2014_1-4\FLX_DE-Obe_FLUXNET2015_FULLSET_HH_2008-2014_1-4.csv,,,,,,,..\data\processed\parquet_merged\DE-Obe_ENF_FXN-CP+FXN-ORG_2008-2023.parquet,NEE_VUT_50,NEE_VUT_50_QC,LE_F_MDS,LE_F_MDS_QC,GPP_NT_VUT_50,RECO_NT_VUT_50,SW_IN_F,TA_F,VPD_F,P_F,SWC_F_MDS_1,01 Jan 2008,31 Dec 2023,16.0,280512.0,-0.6169757615433386,280512.0,29.00632981296157,280512.0,4.59877570892467,280512.0,4.006319126961006,280512.0,121.49529493212412,280512.0,6.915812710329683,280512.0,3.0776688555213325,280512.0,967.764,280512.0,26.197256430711754,256970,..\data\processed\subsets\DE-Obe_subset_warmest6_qc0_daytime_zscores.parquet
DE-RuW,ICOS+FLUXNET_CP,ENF,50.5049268531233,6.33096247542595,610.0,FLX_DE-RuW_FLUXNET2015_FULLSET_2012-2023_1-3,..\data\raw\fluxnet_from_carbonportal\FLX_DE-RuW_FLUXNET2015_FULLSET_2012-2023_1-3,..\data\raw\fluxnet_from_carbonportal\FLX_DE-RuW_FLUXNET2015_FULLSET_2012-2023_1-3\FLX_DE-RuW_FLUXNET2015_FULLSET_HH_2012-2023_1-3.csv,,,,ICOSETC_DE-RuW_ARCHIVE_L2,..\data\raw\icos\ICOSETC_DE-RuW_ARCHIVE_L2,..\data\raw\icos\ICOSETC_DE-RuW_ARCHIVE_L2\ICOSETC_DE-RuW_FLUXNET_HH_L2.csv,,,,..\data\processed\parquet_merged\DE-RuW_ENF_ICOS+FXN-CP_2012-2024.parquet,NEE_VUT_50,NEE_VUT_50_QC,LE_F_MDS,LE_F_MDS_QC,GPP_NT_VUT_50,RECO_NT_VUT_50,SW_IN_F,TA_F,VPD_F,P_F,SWC_F_MDS_1,01 Jan 2012,31 Dec 2024,13.0,227952.0,-1.354461470220875,227952.0,56.39986263434135,227952.0,5.6407674828158045,227952.0,4.292083285604243,227952.0,126.86736835825086,227952.0,8.74913379132449,227952.0,3.060134541482417,227952.0,1134.2897692307693,227952.0,20.382096262655352,225695,..\data\processed\subsets\DE-RuW_subset_warmest6_qc0_daytime_zscores.parquet
DE-Tha,ICOS+FLUXNET_CP+FLUXNET_ORG,ENF,50.96256,13.56515,388.0,FLX_DE-Tha_FLUXNET2015_FULLSET_1996-2020_beta-3,..\data\raw\fluxnet_from_carbonportal\FLX_DE-Tha_FLUXNET2015_FULLSET_1996-2020_beta-3,..\data\raw\fluxnet_from_carbonportal\FLX_DE-Tha_FLUXNET2015_FULLSET_1996-2020_beta-3\FLX_DE-Tha_FLUXNET2015_FULLSET_HH_1996-2020_beta-3.csv,FLX_DE-Tha_FLUXNET2015_FULLSET_1996-2014_1-4,..\data\raw\fluxnet_from_fluxnetorg\FLX_DE-Tha_FLUXNET2015_FULLSET_1996-2014_1-4,..\data\raw\fluxnet_from_fluxnetorg\FLX_DE-Tha_FLUXNET2015_FULLSET_1996-2014_1-4\FLX_DE-Tha_FLUXNET2015_FULLSET_HH_1996-2014_1-4.csv,ICOSETC_DE-Tha_ARCHIVE_L2,..\data\raw\icos\ICOSETC_DE-Tha_ARCHIVE_L2,..\data\raw\icos\ICOSETC_DE-Tha_ARCHIVE_L2\ICOSETC_DE-Tha_FLUXNET_HH_L2.csv,,,,..\data\processed\parquet_merged\DE-Tha_ENF_ICOS+FXN-CP+FXN-ORG_1996-2024.parquet,NEE_VUT_50,NEE_VUT_50_QC,LE_F_MDS,LE_F_MDS_QC,GPP_NT_VUT_50,RECO_NT_VUT_50,SW_IN_F,TA_F,VPD_F,P_F,SWC_F_MDS_1,01 Jan 1996,31 Dec 2024,29.0,508464.0,-1.2813784194212452,508464.0,31.02231030836231,508464.0,3.960619316452647,508464.0,2.6919710536338752,508464.0,127.5886450741842,508464.0,9.296958512303725,508464.0,4.329610912473646,508464.0,780.0106896551725,490896.0,17.60535447426513,488326,..\data\processed\subsets\DE-Tha_subset_warmest6_qc0_daytime_zscores.parquet
DK-Gds,ICOS+FLUXNET_CP,ENF,56.0737,9.3341,86.0,FLX_DK-Gds_FLUXNET2015_FULLSET_2020-2020_beta-3,..\data\raw\fluxnet_from_carbonportal\FLX_DK-Gds_FLUXNET2015_FULLSET_2020-2020_beta-3,..\data\raw\fluxnet_from_carbonportal\FLX_DK-Gds_FLUXNET2015_FULLSET_2020-2020_beta-3\FLX_DK-Gds_FLUXNET2015_FULLSET_HH_2020-2020_beta-3.csv,,,,ICOSETC_DK-Gds_ARCHIVE_L2,..\data\raw\icos\ICOSETC_DK-Gds_ARCHIVE_L2,..\data\raw\icos\ICOSETC_DK-Gds_ARCHIVE_L2\ICOSETC_DK-Gds_FLUXNET_HH_L2.csv,,,,..\data\processed\parquet_merged\DK-Gds_ENF_ICOS+FXN-CP_2020-2022.parquet,NEE_VUT_50,NEE_VUT_50_QC,LE_F_MDS,LE_F_MDS_QC,GPP_NT_VUT_50,RECO_NT_VUT_50,SW_IN_F,TA_F,VPD_F,P_F,SWC_F_MDS_1,01 Jan 2020,31 Dec 2022,3.0,52608.0,-3.053070663074722,52608.0,48.354523940096,52608.0,5.34511128634948,35040.0,2.577120017451281,35040.0,111.64455080976278,52608.0,8.761473844282238,52608.0,2.253378611618005,52608.0,931.201,52608.0,23.768252200500324,32379,..\data\processed\subsets\DK-Gds_subset_warmest6_qc0_daytime_zscores.parquet
DK-RCW,ICOS,DBF,55.680682,12.101398,40.0,,,,,,,ICOSETC_DK-RCW_ARCHIVE_L2,..\data\raw\icos\ICOSETC_DK-RCW_ARCHIVE_L2,..\data\raw\icos\ICOSETC_DK-RCW_ARCHIVE_L2\ICOSETC_DK-RCW_FLUXNET_HH_L2.csv,,,,..\data\processed\parquet_merged\DK-RCW_DBF_ICOS_2023-2024.parquet,NEE_VUT_50,NEE_VUT_50_QC,LE_F_MDS,LE_F_MDS_QC,GPP_NT_VUT_50,RECO_NT_VUT_50,SW_IN_F,TA_F,VPD_F,P_F,-MISSING-,01 Jan 2023,31 Dec 2024,2.0,35088.0,-0.98632530405623,35088.0,29.861873181428408,35088.0,4.31253189833465,35088.0,3.333389834561104,35088.0,123.6026089261286,35088.0,9.864028442772458,35088.0,2.9596307284541723,35088.0,548.9000000000001,35088.0,-MISSING-,-MISSING-,-MISSING-
DK-Sor,ICOS+FLUXNET_CP+FLUXNET_ORG,DBF,55.4858694,11.6446444,55.0,FLX_DK-Sor_FLUXNET2015_FULLSET_1996-2020_beta-3,..\data\raw\fluxnet_from_carbonportal\FLX_DK-Sor_FLUXNET2015_FULLSET_1996-2020_beta-3,..\data\raw\fluxnet_from_carbonportal\FLX_DK-Sor_FLUXNET2015_FULLSET_1996-2020_beta-3\FLX_DK-Sor_FLUXNET2015_FULLSET_HH_1996-2020_beta-3.csv,FLX_DK-Sor_FLUXNET2015_FULLSET_1996-2014_2-4,..\data\raw\fluxnet_from_fluxnetorg\FLX_DK-Sor_FLUXNET2015_FULLSET_1996-2014_2-4,..\data\raw\fluxnet_from_fluxnetorg\FLX_DK-Sor_FLUXNET2015_FULLSET_1996-2014_2-4\FLX_DK-Sor_FLUXNET2015_FULLSET_HH_1996-2014_2-4.csv,ICOSETC_DK-Sor_ARCHIVE_L2,..\data\raw\icos\ICOSETC_DK-Sor_ARCHIVE_L2,..\data\raw\icos\ICOSETC_DK-Sor_ARCHIVE_L2\ICOSETC_DK-Sor_FLUXNET_HH_L2.csv,,,,..\data\processed\parquet_merged\DK-Sor_DBF_ICOS+FXN-CP+FXN-ORG_1996-2024.parquet,NEE_VUT_50,NEE_VUT_50_QC,LE_F_MDS,LE_F_MDS_QC,GPP_NT_VUT_50,RECO_NT_VUT_50,SW_IN_F,TA_F,VPD_F,P_F,SWC_F_MDS_1,01 Jan 1996,31 Dec 2024,29.0,508464.0,-0.5560660643543909,508464.0,33.08732945978649,508464.0,5.345937522983471,508464.0,4.80927790771872,508464.0,116.80686291064858,508464.0,8.707978352449732,508464.0,2.5291416835803524,508464.0,807.4395862068964,508464.0,24.32046835651813,424416,..\data\processed\subsets\DK-Sor_subset_warmest6_qc0_daytime_zscores.parquet
FI-Hyy,ICOS+FLUXNET_CP+FLUXNET_ORG,ENF,61.84741,24.29477,182.0,FLX_FI-Hyy_FLUXNET2015_FULLSET_1996-2020_beta-3,..\data\raw\fluxnet_from_carbonportal\FLX_FI-Hyy_FLUXNET2015_FULLSET_1996-2020_beta-3,..\data\raw\fluxnet_from_carbonportal\FLX_FI-Hyy_FLUXNET2015_FULLSET_1996-2020_beta-3\FLX_FI-Hyy_FLUXNET2015_FULLSET_HH_1996-2020_beta-3.csv,FLX_FI-Hyy_FLUXNET2015_FULLSET_1996-2014_1-4,..\data\raw\fluxnet_from_fluxnetorg\FLX_FI-Hyy_FLUXNET2015_FULLSET_1996-2014_1-4,..\data\raw\fluxnet_from_fluxnetorg\FLX_FI-Hyy_FLUXNET2015_FULLSET_1996-2014_1-4\FLX_FI-Hyy_FLUXNET2015_FULLSET_HH_1996-2014_1-4.csv,ICOSETC_FI-Hyy_ARCHIVE_L2,..\data\raw\icos\ICOSETC_FI-Hyy_ARCHIVE_L2,..\data\raw\icos\ICOSETC_FI-Hyy_ARCHIVE_L2\ICOSETC_FI-Hyy_FLUXNET_HH_L2.csv,,,,..\data\processed\parquet_merged\FI-Hyy_ENF_ICOS+FXN-CP+FXN-ORG_1996-2024.parquet,NEE_VUT_50,NEE_VUT_50_QC,LE_F_MDS,LE_F_MDS_QC,GPP_NT_VUT_50,RECO_NT_VUT_50,SW_IN_F,TA_F,VPD_F,P_F,SWC_F_MDS_1,01 Jan 1996,31 Dec 2024,29.0,508464.0,-0.6352237682029287,508464.0,24.61459178547379,508464.0,3.069690494767499,508464.0,2.4408620048761467,508464.0,101.0054225510557,508464.0,4.620836401397149,508464.0,2.7380906848862456,508464.0,655.1773448275861,508464.0,24.975735485524677,491561,..\data\processed\subsets\FI-Hyy_subset_warmest6_qc0_daytime_zscores.parquet
FI-Ken,ICOS+FLUXNET_CP,ENF,67.98721472,24.24301028,347.0,FLX_FI-Ken_FLUXNET2015_FULLSET_2018-2023_1-3,..\data\raw\fluxnet_from_carbonportal\FLX_FI-Ken_FLUXNET2015_FULLSET_2018-2023_1-3,..\data\raw\fluxnet_from_carbonportal\FLX_FI-Ken_FLUXNET2015_FULLSET_2018-2023_1-3\FLX_FI-Ken_FLUXNET2015_FULLSET_HH_2018-2023_1-3.csv,,,,ICOSETC_FI-Ken_ARCHIVE_L2,..\data\raw\icos\ICOSETC_FI-Ken_ARCHIVE_L2,..\data\raw\icos\ICOSETC_FI-Ken_ARCHIVE_L2\ICOSETC_FI-Ken_FLUXNET_HH_L2.csv,,,,..\data\processed\parquet_merged\FI-Ken_ENF_ICOS+FXN-CP_2020-2024.parquet,NEE_VUT_50,NEE_VUT_50_QC,LE_F_MDS,LE_F_MDS_QC,GPP_NT_VUT_50,RECO_NT_VUT_50,SW_IN_F,TA_F,VPD_F,P_F,SWC_F_MDS_1,01 Jan 2020,31 Dec 2024,5.0,87696.0,-0.2012258867241493,87696.0,26.22986339525257,87696.0,2.164519213486562,87696.0,1.9690950500764,87696.0,89.89776193897102,87696.0,1.3961865193395364,87696.0,1.9811314085020983,87696.0,692.1794,87696.0,23.670899790184272,87696,..\data\processed\subsets\FI-Ken_subset_warmest6_qc0_daytime_zscores.parquet
FI-Let,ICOS+FLUXNET_CP+FLUXNET_ORG,ENF,60.64183,23.95952,125.0,FLX_FI-Let_FLUXNET2015_FULLSET_2017-2023_1-3,..\data\raw\fluxnet_from_carbonportal\FLX_FI-Let_FLUXNET2015_FULLSET_2017-2023_1-3,..\data\raw\fluxnet_from_carbonportal\FLX_FI-Let_FLUXNET2015_FULLSET_2017-2023_1-3\FLX_FI-Let_FLUXNET2015_FULLSET_HH_2017-2023_1-3.csv,FLX_FI-Let_FLUXNET2015_FULLSET_2009-2012_1-4,..\data\raw\fluxnet_from_fluxnetorg\FLX_FI-Let_FLUXNET2015_FULLSET_2009-2012_1-4,..\data\raw\fluxnet_from_fluxnetorg\FLX_FI-Let_FLUXNET2015_FULLSET_2009-2012_1-4\FLX_FI-Let_FLUXNET2015_FULLSET_HH_2009-2012_1-4.csv,ICOSETC_FI-Let_ARCHIVE_L2,..\data\raw\icos\ICOSETC_FI-Let_ARCHIVE_L2,..\data\raw\icos\ICOSETC_FI-Let_ARCHIVE_L2\ICOSETC_FI-Let_FLUXNET_HH_L2.csv,,,,..\data\processed\parquet_merged\FI-Let_ENF_ICOS+FXN-CP+FXN-ORG_2009-2024.parquet,NEE_VUT_50,NEE_VUT_50_QC,LE_F_MDS,LE_F_MDS_QC,GPP_NT_VUT_50,RECO_NT_VUT_50,SW_IN_F,TA_F,VPD_F,P_F,-MISSING-,01 Jan 2009,31 Dec 2024,16.0,280512.0,0.1198418330008115,210384.0,30.76611843173681,210384.0,3.329029210553005,210384.0,3.4791319804501377,210384.0,101.5064569786676,210384.0,5.40726615141836,210384.0,2.54344821374249,210384.0,475.5601875,210384.0,-MISSING-,-MISSING-,-MISSING-
FI-Sod,ICOS+FLUXNET_ORG,ENF,67.36238641,26.63859066,187.0,,,,FLX_FI-Sod_FLUXNET2015_FULLSET_2001-2014_1-4,..\data\raw\fluxnet_from_fluxnetorg\FLX_FI-Sod_FLUXNET2015_FULLSET_2001-2014_1-4,..\data\raw\fluxnet_from_fluxnetorg\FLX_FI-Sod_FLUXNET2015_FULLSET_2001-2014_1-4\FLX_FI-Sod_FLUXNET2015_FULLSET_HH_2001-2014_1-4.csv,ICOSETC_FI-Sod_ARCHIVE_L2,..\data\raw\icos\ICOSETC_FI-Sod_ARCHIVE_L2,..\data\raw\icos\ICOSETC_FI-Sod_ARCHIVE_L2\ICOSETC_FI-Sod_FLUXNET_HH_L2.csv,,,,..\data\processed\parquet_merged\FI-Sod_ENF_ICOS+FXN-ORG_2001-2024.parquet,NEE_VUT_50,NEE_VUT_50_QC,LE_F_MDS,LE_F_MDS_QC,GPP_NT_VUT_50,RECO_NT_VUT_50,SW_IN_F,TA_F,VPD_F,P_F,SWC_F_MDS_1,01 Jan 2001,31 Dec 2024,24.0,420768.0,0.2504751276093869,280512.0,21.2460262160469,280512.0,1.6656005404516665,280512.0,1.9221293518811315,280512.0,90.71788761265118,280512.0,0.7627277799167238,280512.0,2.1269182138375538,280512.0,357.56241666666665,280512.0,8.313992800379118,274320,..\data\processed\subsets\FI-Sod_subset_warmest6_qc0_daytime_zscores.parquet
FI-Var,ICOS+FLUXNET_CP,ENF,67.7549,29.61,395.0,FLX_FI-Var_FLUXNET2015_FULLSET_2017-2023_1-3,..\data\raw\fluxnet_from_carbonportal\FLX_FI-Var_FLUXNET2015_FULLSET_2017-2023_1-3,..\data\raw\fluxnet_from_carbonportal\FLX_FI-Var_FLUXNET2015_FULLSET_2017-2023_1-3\FLX_FI-Var_FLUXNET2015_FULLSET_HH_2017-2023_1-3.csv,,,,ICOSETC_FI-Var_ARCHIVE_L2,..\data\raw\icos\ICOSETC_FI-Var_ARCHIVE_L2,..\data\raw\icos\ICOSETC_FI-Var_ARCHIVE_L2\ICOSETC_FI-Var_FLUXNET_HH_L2.csv,,,,..\data\processed\parquet_merged\FI-Var_ENF_ICOS+FXN-CP_2017-2024.parquet,NEE_VUT_50,NEE_VUT_50_QC,LE_F_MDS,LE_F_MDS_QC,GPP_NT_VUT_50,RECO_NT_VUT_50,SW_IN_F,TA_F,VPD_F,P_F,SWC_F_MDS_1,01 Jan 2017,31 Dec 2024,8.0,140256.0,-0.0001956081441257,140256.0,13.52069406666858,140256.0,1.3657732617925826,140256.0,1.3743852649109085,140256.0,81.38524364020076,140256.0,0.1845439125598904,140256.0,1.9117440323408628,140256.0,552.2815,140256.0,15.300898613963044,140256,..\data\processed\subsets\FI-Var_subset_warmest6_qc0_daytime_zscores.parquet
FR-Bil,ICOS+FLUXNET_CP,ENF,44.493653,-0.956092,39.18,FLX_FR-Bil_FLUXNET2015_FULLSET_2014-2020_beta-3,..\data\raw\fluxnet_from_carbonportal\FLX_FR-Bil_FLUXNET2015_FULLSET_2014-2020_beta-3,..\data\raw\fluxnet_from_carbonportal\FLX_FR-Bil_FLUXNET2015_FULLSET_2014-2020_beta-3\FLX_FR-Bil_FLUXNET2015_FULLSET_HH_2014-2020_beta-3.csv,,,,ICOSETC_FR-Bil_ARCHIVE_L2,..\data\raw\icos\ICOSETC_FR-Bil_ARCHIVE_L2,..\data\raw\icos\ICOSETC_FR-Bil_ARCHIVE_L2\ICOSETC_FR-Bil_FLUXNET_HH_L2.csv,,,,..\data\processed\parquet_merged\FR-Bil_ENF_ICOS+FXN-CP_2014-2024.parquet,NEE_VUT_50,NEE_VUT_50_QC,LE_F_MDS,LE_F_MDS_QC,GPP_NT_VUT_50,RECO_NT_VUT_50,SW_IN_F,TA_F,VPD_F,P_F,SWC_F_MDS_1,01 Jan 2014,31 Dec 2024,11.0,192864.0,-1.0119794007969083,192864.0,49.15685729652801,192864.0,5.096593897350916,192864.0,4.110063400593163,192864.0,158.6310129987971,192864.0,14.141833411108346,192864.0,4.723921146507383,192864.0,1030.7962727272725,192864.0,13.396637703098193,158544,..\data\processed\subsets\FR-Bil_subset_warmest6_qc0_daytime_zscores.parquet
FR-FBn,ICOS+FLUXNET_CP,ENF,43.24079,5.67865,436.0,FLX_FR-FBn_FLUXNET2015_FULLSET_2008-2020_beta-3,..\data\raw\fluxnet_from_carbonportal\FLX_FR-FBn_FLUXNET2015_FULLSET_2008-2020_beta-3,..\data\raw\fluxnet_from_carbonportal\FLX_FR-FBn_FLUXNET2015_FULLSET_2008-2020_beta-3\FLX_FR-FBn_FLUXNET2015_FULLSET_HH_2008-2020_beta-3.csv,,,,ICOSETC_FR-FBn_ARCHIVE_L2,..\data\raw\icos\ICOSETC_FR-FBn_ARCHIVE_L2,..\data\raw\icos\ICOSETC_FR-FBn_ARCHIVE_L2\ICOSETC_FR-FBn_FLUXNET_HH_L2.csv,,,,..\data\processed\parquet_merged\FR-FBn_ENF_ICOS+FXN-CP_2008-2024.parquet,NEE_VUT_50,NEE_VUT_50_QC,LE_F_MDS,LE_F_MDS_QC,GPP_NT_VUT_50,RECO_NT_VUT_50,SW_IN_F,TA_F,VPD_F,P_F,SWC_F_MDS_1,01 Jan 2008,31 Dec 2024,17.0,298080.0,-1.4031690241927826,280560.0,35.29585423990041,280560.0,4.266345920194214,280560.0,2.875919815934625,280560.0,186.7622207549188,280560.0,14.254642272597662,280560.0,6.9822374465355,280560.0,602.1208823529411,262992.0,16.48693277600849,37680,..\data\processed\subsets\FR-FBn_subset_warmest6_qc0_daytime_zscores.parquet
FR-Fon,ICOS+FLUXNET_CP+FLUXNET_ORG,DBF,48.476358,2.780096,103.0,FLX_FR-Fon_FLUXNET2015_FULLSET_2005-2020_beta-3,..\data\raw\fluxnet_from_carbonportal\FLX_FR-Fon_FLUXNET2015_FULLSET_2005-2020_beta-3,..\data\raw\fluxnet_from_carbonportal\FLX_FR-Fon_FLUXNET2015_FULLSET_2005-2020_beta-3\FLX_FR-Fon_FLUXNET2015_FULLSET_HH_2005-2020_beta-3.csv,FLX_FR-Fon_FLUXNET2015_FULLSET_2005-2014_1-4,..\data\raw\fluxnet_from_fluxnetorg\FLX_FR-Fon_FLUXNET2015_FULLSET_2005-2014_1-4,..\data\raw\fluxnet_from_fluxnetorg\FLX_FR-Fon_FLUXNET2015_FULLSET_2005-2014_1-4\FLX_FR-Fon_FLUXNET2015_FULLSET_HH_2005-2014_1-4.csv,ICOSETC_FR-Fon_ARCHIVE_L2,..\data\raw\icos\ICOSETC_FR-Fon_ARCHIVE_L2,..\data\raw\icos\ICOSETC_FR-Fon_ARCHIVE_L2\ICOSETC_FR-Fon_FLUXNET_HH_L2.csv,,,,..\data\processed\parquet_merged\FR-Fon_DBF_ICOS+FXN-CP+FXN-ORG_2005-2024.parquet,NEE_VUT_50,NEE_VUT_50_QC,LE_F_MDS,LE_F_MDS_QC,GPP_NT_VUT_50,RECO_NT_VUT_50,SW_IN_F,TA_F,VPD_F,P_F,SWC_F_MDS_1,01 Jan 2005,31 Dec 2024,20.0,350640.0,-1.5581994798691785,350640.0,46.23876726806941,350640.0,4.757036790280022,350640.0,3.2192366258351086,350640.0,138.1244305127766,350640.0,11.820943725758614,350640.0,4.116968600273785,350640.0,654.07585,350640.0,20.93722518700967,87696,..\data\processed\subsets\FR-Fon_subset_warmest6_qc0_daytime_zscores.parquet
FR-Hes,ICOS+FLUXNET_CP,DBF,48.6741,7.06465,300.0,FLX_FR-Hes_FLUXNET2015_FULLSET_2014-2020_beta-3,..\data\raw\fluxnet_from_carbonportal\FLX_FR-Hes_FLUXNET2015_FULLSET_2014-2020_beta-3,..\data\raw\fluxnet_from_carbonportal\FLX_FR-Hes_FLUXNET2015_FULLSET_2014-2020_beta-3\FLX_FR-Hes_FLUXNET2015_FULLSET_HH_2014-2020_beta-3.csv,,,,ICOSETC_FR-Hes_ARCHIVE_L2,..\data\raw\icos\ICOSETC_FR-Hes_ARCHIVE_L2,..\data\raw\icos\ICOSETC_FR-Hes_ARCHIVE_L2\ICOSETC_FR-Hes_FLUXNET_HH_L2.csv,,,,..\data\processed\parquet_merged\FR-Hes_DBF_ICOS+FXN-CP_2014-2024.parquet,NEE_VUT_50,NEE_VUT_50_QC,LE_F_MDS,LE_F_MDS_QC,GPP_NT_VUT_50,RECO_NT_VUT_50,SW_IN_F,TA_F,VPD_F,P_F,SWC_F_MDS_1,01 Jan 2014,31 Dec 2024,11.0,192864.0,-1.427142478685487,175344.0,42.857265690380885,175344.0,5.335337554899736,175344.0,3.9312227367030506,175344.0,145.0940375091249,175344.0,11.280586698147642,175344.0,4.670830692809562,175344.0,768.7606363636365,175344.0,21.003462020910032,169488,..\data\processed\subsets\FR-Hes_subset_warmest6_qc0_daytime_zscores.parquet
FR-LBr,FLUXNET_ORG,ENF,44.71711,-0.7693,61.0,,,,FLX_FR-LBr_FLUXNET2015_FULLSET_1996-2008_1-4,..\data\raw\fluxnet_from_fluxnetorg\FLX_FR-LBr_FLUXNET2015_FULLSET_1996-2008_1-4,..\data\raw\fluxnet_from_fluxnetorg\FLX_FR-LBr_FLUXNET2015_FULLSET_1996-2008_1-4\FLX_FR-LBr_FLUXNET2015_FULLSET_HH_1996-2008_1-4.csv,,,,,,,..\data\processed\parquet_merged\FR-LBr_ENF_FXN-ORG_1996-2008.parquet,NEE_VUT_50,NEE_VUT_50_QC,LE_F_MDS,LE_F_MDS_QC,GPP_NT_VUT_50,RECO_NT_VUT_50,SW_IN_F,TA_F,VPD_F,P_F,SWC_F_MDS_1,01 Jan 1996,31 Dec 2008,13.0,227952.0,-1.0534225490934952,227952.0,46.73660576550445,227952.0,5.02226622824542,227952.0,3.9869059476600337,227952.0,149.84208775093,227952.0,13.370089194216323,227952.0,4.632133242963431,227952.0,920.183,227952.0,38.4684570671104,70913,..\data\processed\subsets\FR-LBr_subset_warmest6_qc0_daytime_zscores.parquet
FR-Pue,ICOS+FLUXNET_CP+FLUXNET_ORG,EBF,43.7413,3.5957,194.0,FLX_FR-Pue_FLUXNET2015_FULLSET_2000-2021_beta-3,..\data\raw\fluxnet_from_carbonportal\FLX_FR-Pue_FLUXNET2015_FULLSET_2000-2021_beta-3,..\data\raw\fluxnet_from_carbonportal\FLX_FR-Pue_FLUXNET2015_FULLSET_2000-2021_beta-3\FLX_FR-Pue_FLUXNET2015_FULLSET_HH_2000-2021_beta-3.csv,FLX_FR-Pue_FLUXNET2015_FULLSET_2000-2014_2-4,..\data\raw\fluxnet_from_fluxnetorg\FLX_FR-Pue_FLUXNET2015_FULLSET_2000-2014_2-4,..\data\raw\fluxnet_from_fluxnetorg\FLX_FR-Pue_FLUXNET2015_FULLSET_2000-2014_2-4\FLX_FR-Pue_FLUXNET2015_FULLSET_HH_2000-2014_2-4.csv,ICOSETC_FR-Pue_ARCHIVE_L2,..\data\raw\icos\ICOSETC_FR-Pue_ARCHIVE_L2,..\data\raw\icos\ICOSETC_FR-Pue_ARCHIVE_L2\ICOSETC_FR-Pue_FLUXNET_HH_L2.csv,,,,..\data\processed\parquet_merged\FR-Pue_EBF_ICOS+FXN-CP+FXN-ORG_2000-2024.parquet,NEE_VUT_50,NEE_VUT_50_QC,LE_F_MDS,LE_F_MDS_QC,GPP_NT_VUT_50,RECO_NT_VUT_50,SW_IN_F,TA_F,VPD_F,P_F,SWC_F_MDS_1,01 Jan 2000,31 Dec 2024,25.0,438336.0,-0.5949623285792566,438336.0,33.779232238296586,438336.0,3.4798196725534893,438336.0,2.9058009287756867,438336.0,173.66086432554016,438336.0,14.16960572483209,438336.0,6.906123131570303,438336.0,889.92472,438336.0,21.101842733324244,176064,..\data\processed\subsets\FR-Pue_subset_warmest6_qc0_daytime_zscores.parquet
GF-Guy,ICOS+FLUXNET_CP+FLUXNET_ORG,EBF,5.2787,-52.9248,40.0,FLX_GF-Guy_FLUXNET2015_FULLSET_2004-2023_1-3,..\data\raw\fluxnet_from_carbonportal\FLX_GF-Guy_FLUXNET2015_FULLSET_2004-2023_1-3,..\data\raw\fluxnet_from_carbonportal\FLX_GF-Guy_FLUXNET2015_FULLSET_2004-2023_1-3\FLX_GF-Guy_FLUXNET2015_FULLSET_HH_2004-2023_1-3.csv,FLX_GF-Guy_FLUXNET2015_FULLSET_2004-2014_2-4,..\data\raw\fluxnet_from_fluxnetorg\FLX_GF-Guy_FLUXNET2015_FULLSET_2004-2014_2-4,..\data\raw\fluxnet_from_fluxnetorg\FLX_GF-Guy_FLUXNET2015_FULLSET_2004-2014_2-4\FLX_GF-Guy_FLUXNET2015_FULLSET_HH_2004-2014_2-4.csv,ICOSETC_GF-Guy_ARCHIVE_L2,..\data\raw\icos\ICOSETC_GF-Guy_ARCHIVE_L2,..\data\raw\icos\ICOSETC_GF-Guy_ARCHIVE_L2\ICOSETC_GF-Guy_FLUXNET_HH_L2.csv,,,,..\data\processed\parquet_merged\GF-Guy_EBF_ICOS+FXN-CP+FXN-ORG_2004-2024.parquet,NEE_VUT_50,NEE_VUT_50_QC,LE_F_MDS,LE_F_MDS_QC,GPP_NT_VUT_50,RECO_NT_VUT_50,SW_IN_F,TA_F,VPD_F,P_F,SWC_F_MDS_1,01 Jan 2004,31 Dec 2024,21.0,368208.0,-0.6264781771404531,368208.0,97.15244683213584,368208.0,9.71235357124792,35088.0,8.973272694083446,35088.0,198.13945703243823,368208.0,25.819760070394995,368208.0,4.821648356363795,368208.0,3147.113904761905,368208.0,20.57684669534611,368208,..\data\processed\subsets\GF-Guy_subset_warmest6_qc0_daytime_zscores.parquet
GH-Ank,FLUXNET_ORG,EBF,5.26854,-2.69421,124.0,,,,FLX_GH-Ank_FLUXNET2015_FULLSET_2011-2014_1-4,..\data\raw\fluxnet_from_fluxnetorg\FLX_GH-Ank_FLUXNET2015_FULLSET_2011-2014_1-4,..\data\raw\fluxnet_from_fluxnetorg\FLX_GH-Ank_FLUXNET2015_FULLSET_2011-2014_1-4\FLX_GH-Ank_FLUXNET2015_FULLSET_HH_2011-2014_1-4.csv,,,,,,,..\data\processed\parquet_merged\GH-Ank_EBF_FXN-ORG_2011-2014.parquet,NEE_VUT_50,NEE_VUT_50_QC,LE_F_MDS,LE_F_MDS_QC,GPP_NT_VUT_50,RECO_NT_VUT_50,SW_IN_F,TA_F,VPD_F,P_F,SWC_F_MDS_1,01 Jan 2011,31 Dec 2014,4.0,70128.0,-2.1137948338411188,70128.0,50.542624732318345,70128.0,5.394376113734885,70128.0,5.044777192619211,70128.0,154.2680819786676,70128.0,25.2755265942277,70128.0,3.0211015143737163,70128.0,1795.37325,70128.0,18.90823019029735,67631,..\data\processed\subsets\GH-Ank_subset_warmest6_qc0_daytime_zscores.parquet
IL-Yat,FLUXNET_CP,ENF,31.34504459,35.05198851,,FLX_IL-Yat_FLUXNET2015_FULLSET_2000-2020_beta-3,..\data\raw\fluxnet_from_carbonportal\FLX_IL-Yat_FLUXNET2015_FULLSET_2000-2020_beta-3,..\data\raw\fluxnet_from_carbonportal\FLX_IL-Yat_FLUXNET2015_FULLSET_2000-2020_beta-3\FLX_IL-Yat_FLUXNET2015_FULLSET_HH_2000-2020_beta-3.csv,,,,,,,,,,..\data\processed\parquet_merged\IL-Yat_ENF_FXN-CP_2000-2020.parquet,NEE_VUT_50,NEE_VUT_50_QC,LE_F_MDS,LE_F_MDS_QC,GPP_NT_VUT_50,RECO_NT_VUT_50,SW_IN_F,TA_F,VPD_F,P_F,SWC_F_MDS_1,01 Jan 2000,31 Dec 2020,21.0,368208.0,-0.2955134137829046,368208.0,20.477993470057115,368208.0,1.5516963280299774,368208.0,1.2662980699166428,368208.0,239.98598891387485,368208.0,18.490148084778166,368208.0,11.707013899752308,368208.0,237.56819047619047,368208.0,10.44222909488924,80399,..\data\processed\subsets\IL-Yat_subset_warmest6_qc0_daytime_zscores.parquet
IT-BFt,ICOS+FLUXNET_CP,DBF,45.197755,10.741966,23.0,FLX_IT-BFt_FLUXNET2015_FULLSET_2019-2023_1-3,..\data\raw\fluxnet_from_carbonportal\FLX_IT-BFt_FLUXNET2015_FULLSET_2019-2023_1-3,..\data\raw\fluxnet_from_carbonportal\FLX_IT-BFt_FLUXNET2015_FULLSET_2019-2023_1-3\FLX_IT-BFt_FLUXNET2015_FULLSET_HH_2019-2023_1-3.csv,,,,ICOSETC_IT-BFt_ARCHIVE_L2,..\data\raw\icos\ICOSETC_IT-BFt_ARCHIVE_L2,..\data\raw\icos\ICOSETC_IT-BFt_ARCHIVE_L2\ICOSETC_IT-BFt_FLUXNET_HH_L2.csv,,,,..\data\processed\parquet_merged\IT-BFt_DBF_ICOS+FXN-CP_2019-2024.parquet,NEE_VUT_50,NEE_VUT_50_QC,LE_F_MDS,LE_F_MDS_QC,GPP_NT_VUT_50,RECO_NT_VUT_50,SW_IN_F,TA_F,VPD_F,P_F,SWC_F_MDS_1,01 Jan 2019,31 Dec 2024,6.0,105216.0,-0.1840681421847436,105216.0,47.25611390079718,105216.0,5.469026581139305,105216.0,5.307902281407087,105216.0,125.65742941187652,105216.0,15.715877243004863,105216.0,6.503148076338198,105216.0,649.4666666666668,105216.0,27.875505731067523,105216,..\data\processed\subsets\IT-BFt_subset_warmest6_qc0_daytime_zscores.parquet
IT-BsB,FLUXNET_CP,DBF,45.11835,7.16198,,FLX_IT-BsB_FLUXNET2015_FULLSET_2021-2022_1-3,..\data\raw\fluxnet_from_carbonportal\FLX_IT-BsB_FLUXNET2015_FULLSET_2021-2022_1-3,..\data\raw\fluxnet_from_carbonportal\FLX_IT-BsB_FLUXNET2015_FULLSET_2021-2022_1-3\FLX_IT-BsB_FLUXNET2015_FULLSET_HH_2021-2022_1-3.csv,,,,,,,,,,..\data\processed\parquet_merged\IT-BsB_DBF_FXN-CP_2021-2022.parquet,NEE_VUT_50,NEE_VUT_50_QC,LE_F_MDS,LE_F_MDS_QC,GPP_NT_VUT_50,RECO_NT_VUT_50,SW_IN_F,TA_F,VPD_F,P_F,SWC_F_MDS_1,01 Jan 2021,31 Dec 2022,2.0,35040.0,1.4293541809778252,35040.0,38.117767903211735,35040.0,5.177585906449515,35040.0,6.745420755993151,35040.0,169.23604189497718,35040.0,13.03786866438356,35040.0,7.444273829908675,35040.0,494.63000000000005,35040.0,14.465865896118721,35040,..\data\processed\subsets\IT-BsB_subset_warmest6_qc0_daytime_zscores.parquet
IT-CA1,FLUXNET_ORG,DBF,42.38041,12.02656,200.0,,,,FLX_IT-CA1_FLUXNET2015_FULLSET_2011-2014_2-4,..\data\raw\fluxnet_from_fluxnetorg\FLX_IT-CA1_FLUXNET2015_FULLSET_2011-2014_2-4,..\data\raw\fluxnet_from_fluxnetorg\FLX_IT-CA1_FLUXNET2015_FULLSET_2011-2014_2-4\FLX_IT-CA1_FLUXNET2015_FULLSET_HH_2011-2014_2-4.csv,,,,,,,..\data\processed\parquet_merged\IT-CA1_DBF_FXN-ORG_2011-2014.parquet,NEE_VUT_50,NEE_VUT_50_QC,LE_F_MDS,LE_F_MDS_QC,GPP_NT_VUT_50,RECO_NT_VUT_50,SW_IN_F,TA_F,VPD_F,P_F,SWC_F_MDS_1,01 Jan 2011,31 Dec 2014,4.0,70128.0,-0.996342145244966,70128.0,58.80408003937652,70128.0,3.8249900723534105,70128.0,2.837292913401209,70128.0,184.96653326773887,70128.0,14.986956265685604,70128.0,6.560787887862194,70128.0,767.56875,70128.0,39.790925957527485,63288,..\data\processed\subsets\IT-CA1_subset_warmest6_qc0_daytime_zscores.parquet
IT-CA3,FLUXNET_ORG,DBF,42.38,12.0222,197.0,,,,FLX_IT-CA3_FLUXNET2015_FULLSET_2011-2014_2-4,..\data\raw\fluxnet_from_fluxnetorg\FLX_IT-CA3_FLUXNET2015_FULLSET_2011-2014_2-4,..\data\raw\fluxnet_from_fluxnetorg\FLX_IT-CA3_FLUXNET2015_FULLSET_2011-2014_2-4\FLX_IT-CA3_FLUXNET2015_FULLSET_HH_2011-2014_2-4.csv,,,,,,,..\data\processed\parquet_merged\IT-CA3_DBF_FXN-ORG_2011-2014.parquet,NEE_VUT_50,NEE_VUT_50_QC,LE_F_MDS,LE_F_MDS_QC,GPP_NT_VUT_50,RECO_NT_VUT_50,SW_IN_F,TA_F,VPD_F,P_F,SWC_F_MDS_1,01 Jan 2011,31 Dec 2014,4.0,70128.0,-1.2247585214991177,70128.0,40.44482846192686,70128.0,3.219702827458361,70128.0,1.9960417437114992,70128.0,184.27614730207617,70128.0,14.758607161190966,70128.0,6.500053573465663,70128.0,708.59075,70128.0,19.459982875112306,55650,..\data\processed\subsets\IT-CA3_subset_warmest6_qc0_daytime_zscores.parquet
IT-Col,FLUXNET_ORG,DBF,41.84936,13.58814,1560.0,,,,FLX_IT-Col_FLUXNET2015_FULLSET_1996-2014_1-4,..\data\raw\fluxnet_from_fluxnetorg\FLX_IT-Col_FLUXNET2015_FULLSET_1996-2014_1-4,..\data\raw\fluxnet_from_fluxnetorg\FLX_IT-Col_FLUXNET2015_FULLSET_1996-2014_1-4\FLX_IT-Col_FLUXNET2015_FULLSET_HH_1996-2014_1-4.csv,,,,,,,..\data\processed\parquet_merged\IT-Col_DBF_FXN-ORG_1996-2014.parquet,NEE_VUT_50,NEE_VUT_50_QC,LE_F_MDS,LE_F_MDS_QC,GPP_NT_VUT_50,RECO_NT_VUT_50,SW_IN_F,TA_F,VPD_F,P_F,SWC_F_MDS_1,01 Jan 1996,31 Dec 2014,19.0,333120.0,-2.181029204747424,333120.0,30.66752037636094,315600.0,4.263667214313162,333120.0,2.0949954878932515,333120.0,171.70788010026422,333120.0,7.23549318864073,333120.0,3.3602513838856867,333120.0,1178.6216842105262,333120.0,31.575914822107553,88368,..\data\processed\subsets\IT-Col_subset_warmest6_qc0_daytime_zscores.parquet
IT-Cp2,ICOS+FLUXNET_CP+FLUXNET_ORG,MF,41.7042655944824,12.3572931289673,19.0,FLX_IT-Cp2_FLUXNET2015_FULLSET_2012-2020_beta-3,..\data\raw\fluxnet_from_carbonportal\FLX_IT-Cp2_FLUXNET2015_FULLSET_2012-2020_beta-3,..\data\raw\fluxnet_from_carbonportal\FLX_IT-Cp2_FLUXNET2015_FULLSET_2012-2020_beta-3\FLX_IT-Cp2_FLUXNET2015_FULLSET_HH_2012-2020_beta-3.csv,FLX_IT-Cp2_FLUXNET2015_FULLSET_2012-2014_2-4,..\data\raw\fluxnet_from_fluxnetorg\FLX_IT-Cp2_FLUXNET2015_FULLSET_2012-2014_2-4,..\data\raw\fluxnet_from_fluxnetorg\FLX_IT-Cp2_FLUXNET2015_FULLSET_2012-2014_2-4\FLX_IT-Cp2_FLUXNET2015_FULLSET_HH_2012-2014_2-4.csv,ICOSETC_IT-Cp2_ARCHIVE_L2,..\data\raw\icos\ICOSETC_IT-Cp2_ARCHIVE_L2,..\data\raw\icos\ICOSETC_IT-Cp2_ARCHIVE_L2\ICOSETC_IT-Cp2_FLUXNET_HH_L2.csv,,,,..\data\processed\parquet_merged\IT-Cp2_MF_ICOS+FXN-CP+FXN-ORG_2012-2024.parquet,NEE_VUT_50,NEE_VUT_50_QC,LE_F_MDS,LE_F_MDS_QC,GPP_NT_VUT_50,RECO_NT_VUT_50,SW_IN_F,TA_F,VPD_F,P_F,SWC_F_MDS_1,01 Jan 2012,31 Dec 2024,13.0,227952.0,-2.239219681122916,227952.0,39.57251251341818,227952.0,6.163559550341671,226209.0,3.789377250981673,226209.0,173.3873569260195,227952.0,16.930288202502997,226209.0,4.954826558313509,226174.0,676.657,210384.0,11.64344618688436,206288,..\data\processed\subsets\IT-Cp2_subset_warmest6_qc0_daytime_zscores.parquet
IT-Cpz,FLUXNET_ORG,EBF,41.70525,12.37611,68.0,,,,FLX_IT-Cpz_FLUXNET2015_FULLSET_1997-2009_1-4,..\data\raw\fluxnet_from_fluxnetorg\FLX_IT-Cpz_FLUXNET2015_FULLSET_1997-2009_1-4,..\data\raw\fluxnet_from_fluxnetorg\FLX_IT-Cpz_FLUXNET2015_FULLSET_1997-2009_1-4\FLX_IT-Cpz_FLUXNET2015_FULLSET_HH_1997-2009_1-4.csv,,,,,,,..\data\processed\parquet_merged\IT-Cpz_EBF_FXN-ORG_1997-2009.parquet,NEE_VUT_50,NEE_VUT_50_QC,LE_F_MDS,LE_F_MDS_QC,GPP_NT_VUT_50,RECO_NT_VUT_50,SW_IN_F,TA_F,VPD_F,P_F,SWC_F_MDS_1,01 Jan 1997,31 Dec 2009,13.0,227904.0,-1.465223309699847,175344.0,36.64313080956903,192864.0,5.2853613447891306,157824.0,3.842684805441504,157824.0,177.84995160681686,227904.0,15.12115856237714,227904.0,5.506486674213703,227904.0,815.8756923076925,227904.0,16.24868312762028,170545,..\data\processed\subsets\IT-Cpz_subset_warmest6_qc0_daytime_zscores.parquet
IT-Isp,FLUXNET_ORG,DBF,45.81264,8.63358,210.0,,,,FLX_IT-Isp_FLUXNET2015_FULLSET_2013-2014_1-4,..\data\raw\fluxnet_from_fluxnetorg\FLX_IT-Isp_FLUXNET2015_FULLSET_2013-2014_1-4,..\data\raw\fluxnet_from_fluxnetorg\FLX_IT-Isp_FLUXNET2015_FULLSET_2013-2014_1-4\FLX_IT-Isp_FLUXNET2015_FULLSET_HH_2013-2014_1-4.csv,,,,,,,..\data\processed\parquet_merged\IT-Isp_DBF_FXN-ORG_2013-2014.parquet,NEE_VUT_50,NEE_VUT_50_QC,LE_F_MDS,LE_F_MDS_QC,GPP_NT_VUT_50,RECO_NT_VUT_50,SW_IN_F,TA_F,VPD_F,P_F,SWC_F_MDS_1,01 Jan 2013,31 Dec 2014,2.0,35040.0,-0.1315836123621575,35040.0,40.56225684191072,35040.0,5.417154969063928,35040.0,5.315691849571917,35040.0,150.90935747716895,35040.0,13.366942779680366,35040.0,6.459955622146118,35040.0,2001.063,35040.0,30.92460154109589,35040,..\data\processed\subsets\IT-Isp_subset_warmest6_qc0_daytime_zscores.parquet
IT-La2,FLUXNET_ORG,ENF,45.9542,11.2853,1350.0,,,,FLX_IT-La2_FLUXNET2015_FULLSET_2000-2002_1-4,..\data\raw\fluxnet_from_fluxnetorg\FLX_IT-La2_FLUXNET2015_FULLSET_2000-2002_1-4,..\data\raw\fluxnet_from_fluxnetorg\FLX_IT-La2_FLUXNET2015_FULLSET_2000-2002_1-4\FLX_IT-La2_FLUXNET2015_FULLSET_HH_2000-2002_1-4.csv,,,,,,,..\data\processed\parquet_merged\IT-La2_ENF_FXN-ORG_2000-2002.parquet,NEE_VUT_50,NEE_VUT_50_QC,LE_F_MDS,LE_F_MDS_QC,GPP_NT_VUT_50,RECO_NT_VUT_50,SW_IN_F,TA_F,VPD_F,P_F,-MISSING-,01 Jan 2000,31 Dec 2002,3.0,52608.0,-3.637561560646846,52608.0,44.23433185095632,52608.0,6.4906418308242095,52608.0,2.893549762336527,52608.0,152.9546018096107,52608.0,7.124137678680049,52608.0,4.011724509580292,52608.0,1490.1316666666664,52608.0,-MISSING-,-MISSING-,-MISSING-
IT-Lav,FLUXNET_CP+FLUXNET_ORG,ENF,45.9562,11.28132,1353.0,FLX_IT-Lav_FLUXNET2015_FULLSET_2003-2020_beta-3,..\data\raw\fluxnet_from_carbonportal\FLX_IT-Lav_FLUXNET2015_FULLSET_2003-2020_beta-3,..\data\raw\fluxnet_from_carbonportal\FLX_IT-Lav_FLUXNET2015_FULLSET_2003-2020_beta-3\FLX_IT-Lav_FLUXNET2015_FULLSET_HH_2003-2020_beta-3.csv,FLX_IT-Lav_FLUXNET2015_FULLSET_2003-2014_2-4,..\data\raw\fluxnet_from_fluxnetorg\FLX_IT-Lav_FLUXNET2015_FULLSET_2003-2014_2-4,..\data\raw\fluxnet_from_fluxnetorg\FLX_IT-Lav_FLUXNET2015_FULLSET_2003-2014_2-4\FLX_IT-Lav_FLUXNET2015_FULLSET_HH_2003-2014_2-4.csv,,,,,,,..\data\processed\parquet_merged\IT-Lav_ENF_FXN-CP+FXN-ORG_2003-2020.parquet,NEE_VUT_50,NEE_VUT_50_QC,LE_F_MDS,LE_F_MDS_QC,GPP_NT_VUT_50,RECO_NT_VUT_50,SW_IN_F,TA_F,VPD_F,P_F,SWC_F_MDS_1,01 Jan 2003,31 Dec 2020,18.0,315600.0,-5.214673696651128,315600.0,47.111521729120746,315600.0,5.937394126711778,315600.0,0.9613037307874266,315600.0,157.37542378643855,315600.0,7.376294676806085,315600.0,2.81020765842839,315600.0,1078.0887222222218,298032.0,37.0130633803056,294571,..\data\processed\subsets\IT-Lav_subset_warmest6_qc0_daytime_zscores.parquet
IT-PT1,FLUXNET_ORG,DBF,45.20087,9.06104,60.0,,,,FLX_IT-PT1_FLUXNET2015_FULLSET_2002-2004_1-4,..\data\raw\fluxnet_from_fluxnetorg\FLX_IT-PT1_FLUXNET2015_FULLSET_2002-2004_1-4,..\data\raw\fluxnet_from_fluxnetorg\FLX_IT-PT1_FLUXNET2015_FULLSET_2002-2004_1-4\FLX_IT-PT1_FLUXNET2015_FULLSET_HH_2002-2004_1-4.csv,,,,,,,..\data\processed\parquet_merged\IT-PT1_DBF_FXN-ORG_2002-2004.parquet,NEE_VUT_50,NEE_VUT_50_QC,LE_F_MDS,LE_F_MDS_QC,GPP_NT_VUT_50,RECO_NT_VUT_50,SW_IN_F,TA_F,VPD_F,P_F,SWC_F_MDS_1,01 Jan 2002,31 Dec 2004,3.0,52608.0,-1.4639623897311431,52608.0,40.39838359152451,52608.0,4.435005379162865,52608.0,2.9974120460006084,52608.0,156.46194654805353,52608.0,14.03847747490876,52608.0,4.424522125912408,52608.0,781.6966666666667,52608.0,27.833466366180335,46813,..\data\processed\subsets\IT-PT1_subset_warmest6_qc0_daytime_zscores.parquet
IT-Ren,ICOS+FLUXNET_CP+FLUXNET_ORG,ENF,46.58686,11.43369,1687.0,FLX_IT-Ren_FLUXNET2015_FULLSET_1999-2020_beta-3,..\data\raw\fluxnet_from_carbonportal\FLX_IT-Ren_FLUXNET2015_FULLSET_1999-2020_beta-3,..\data\raw\fluxnet_from_carbonportal\FLX_IT-Ren_FLUXNET2015_FULLSET_1999-2020_beta-3\FLX_IT-Ren_FLUXNET2015_FULLSET_HH_1999-2020_beta-3.csv,FLX_IT-Ren_FLUXNET2015_FULLSET_1998-2013_1-4,..\data\raw\fluxnet_from_fluxnetorg\FLX_IT-Ren_FLUXNET2015_FULLSET_1998-2013_1-4,..\data\raw\fluxnet_from_fluxnetorg\FLX_IT-Ren_FLUXNET2015_FULLSET_1998-2013_1-4\FLX_IT-Ren_FLUXNET2015_FULLSET_HH_1998-2013_1-4.csv,ICOSETC_IT-Ren_ARCHIVE_L2,..\data\raw\icos\ICOSETC_IT-Ren_ARCHIVE_L2,..\data\raw\icos\ICOSETC_IT-Ren_ARCHIVE_L2\ICOSETC_IT-Ren_FLUXNET_HH_L2.csv,,,,..\data\processed\parquet_merged\IT-Ren_ENF_ICOS+FXN-CP+FXN-ORG_1999-2024.parquet,NEE_VUT_50,NEE_VUT_50_QC,LE_F_MDS,LE_F_MDS_QC,GPP_NT_VUT_50,RECO_NT_VUT_50,SW_IN_F,TA_F,VPD_F,P_F,SWC_F_MDS_1,01 Jan 1999,31 Dec 2024,26.0,455856.0,-1.7981350049127265,455856.0,44.79706337403047,455856.0,3.981530340734712,455856.0,2.2469299789306425,455856.0,153.01943841476253,455856.0,4.84469227124355,455856.0,2.7166956100171977,455856.0,909.2840384615386,455856.0,34.036047888621205,319199,..\data\processed\subsets\IT-Ren_subset_warmest6_qc0_daytime_zscores.parquet
IT-Ro1,FLUXNET_ORG,DBF,42.40812,11.93001,235.0,,,,FLX_IT-Ro1_FLUXNET2015_FULLSET_2000-2008_1-4,..\data\raw\fluxnet_from_fluxnetorg\FLX_IT-Ro1_FLUXNET2015_FULLSET_2000-2008_1-4,..\data\raw\fluxnet_from_fluxnetorg\FLX_IT-Ro1_FLUXNET2015_FULLSET_2000-2008_1-4\FLX_IT-Ro1_FLUXNET2015_FULLSET_HH_2000-2008_1-4.csv,,,,,,,..\data\processed\parquet_merged\IT-Ro1_DBF_FXN-ORG_2000-2008.parquet,NEE_VUT_50,NEE_VUT_50_QC,LE_F_MDS,LE_F_MDS_QC,GPP_NT_VUT_50,RECO_NT_VUT_50,SW_IN_F,TA_F,VPD_F,P_F,SWC_F_MDS_1,01 Jan 2000,31 Dec 2008,9.0,157824.0,-0.6916971767245951,157824.0,33.92689956417963,157824.0,3.945802321820509,157824.0,3.273766744614253,157824.0,170.98215580013178,157824.0,15.550900211628145,157824.0,5.898084505525143,157824.0,811.0182222222222,157824.0,31.57778191781899,152736,..\data\processed\subsets\IT-Ro1_subset_warmest6_qc0_daytime_zscores.parquet
IT-Ro2,FLUXNET_ORG,DBF,42.39026,11.92093,160.0,,,,FLX_IT-Ro2_FLUXNET2015_FULLSET_2002-2012_1-4,..\data\raw\fluxnet_from_fluxnetorg\FLX_IT-Ro2_FLUXNET2015_FULLSET_2002-2012_1-4,..\data\raw\fluxnet_from_fluxnetorg\FLX_IT-Ro2_FLUXNET2015_FULLSET_2002-2012_1-4\FLX_IT-Ro2_FLUXNET2015_FULLSET_HH_2002-2012_1-4.csv,,,,,,,..\data\processed\parquet_merged\IT-Ro2_DBF_FXN-ORG_2002-2012.parquet,NEE_VUT_50,NEE_VUT_50_QC,LE_F_MDS,LE_F_MDS_QC,GPP_NT_VUT_50,RECO_NT_VUT_50,SW_IN_F,TA_F,VPD_F,P_F,SWC_F_MDS_1,01 Jan 2002,31 Dec 2012,11.0,192864.0,-1.8227068392854024,175344.0,36.71311401598656,175344.0,3.824073710141208,175344.0,2.0141452628547314,175344.0,178.69539060685256,192864.0,15.465522715488632,192864.0,6.255429261033683,192864.0,792.4427272727273,192864.0,28.180415235606443,192864,..\data\processed\subsets\IT-Ro2_subset_warmest6_qc0_daytime_zscores.parquet
IT-SR2,ICOS+FLUXNET_CP+FLUXNET_ORG,ENF,43.732022,10.29091,4.0,FLX_IT-SR2_FLUXNET2015_FULLSET_2013-2020_beta-3,..\data\raw\fluxnet_from_carbonportal\FLX_IT-SR2_FLUXNET2015_FULLSET_2013-2020_beta-3,..\data\raw\fluxnet_from_carbonportal\FLX_IT-SR2_FLUXNET2015_FULLSET_2013-2020_beta-3\FLX_IT-SR2_FLUXNET2015_FULLSET_HH_2013-2020_beta-3.csv,FLX_IT-SR2_FLUXNET2015_FULLSET_2013-2014_1-4,..\data\raw\fluxnet_from_fluxnetorg\FLX_IT-SR2_FLUXNET2015_FULLSET_2013-2014_1-4,..\data\raw\fluxnet_from_fluxnetorg\FLX_IT-SR2_FLUXNET2015_FULLSET_2013-2014_1-4\FLX_IT-SR2_FLUXNET2015_FULLSET_HH_2013-2014_1-4.csv,ICOSETC_IT-SR2_ARCHIVE_L2,..\data\raw\icos\ICOSETC_IT-SR2_ARCHIVE_L2,..\data\raw\icos\ICOSETC_IT-SR2_ARCHIVE_L2\ICOSETC_IT-SR2_FLUXNET_HH_L2.csv,,,,..\data\processed\parquet_merged\IT-SR2_ENF_ICOS+FXN-CP+FXN-ORG_2013-2024.parquet,NEE_VUT_50,NEE_VUT_50_QC,LE_F_MDS,LE_F_MDS_QC,GPP_NT_VUT_50,RECO_NT_VUT_50,SW_IN_F,TA_F,VPD_F,P_F,SWC_F_MDS_1,01 Jan 2013,31 Dec 2024,12.0,210384.0,-0.7497398619608622,210384.0,58.032767996984326,210384.0,6.912810921237446,210384.0,6.186186268872596,210384.0,176.34175742451896,210384.0,15.806681810403832,210384.0,4.716573403871016,210384.0,1074.2931666666664,210384.0,10.624105785678022,202863,..\data\processed\subsets\IT-SR2_subset_warmest6_qc0_daytime_zscores.parquet
IT-SRo,FLUXNET_ORG,ENF,43.72786,10.28444,6.0,,,,FLX_IT-SRo_FLUXNET2015_FULLSET_1999-2012_1-4,..\data\raw\fluxnet_from_fluxnetorg\FLX_IT-SRo_FLUXNET2015_FULLSET_1999-2012_1-4,..\data\raw\fluxnet_from_fluxnetorg\FLX_IT-SRo_FLUXNET2015_FULLSET_1999-2012_1-4\FLX_IT-SRo_FLUXNET2015_FULLSET_HH_1999-2012_1-4.csv,,,,,,,..\data\processed\parquet_merged\IT-SRo_ENF_FXN-ORG_1999-2012.parquet,NEE_VUT_50,NEE_VUT_50_QC,LE_F_MDS,LE_F_MDS_QC,GPP_NT_VUT_50,RECO_NT_VUT_50,SW_IN_F,TA_F,VPD_F,P_F,SWC_F_MDS_1,01 Jan 1999,31 Dec 2012,14.0,245472.0,-1.05362044460639,245472.0,42.41804306806229,245472.0,5.504926500586625,245472.0,4.463462566826359,245472.0,173.9820368555273,245472.0,15.21361962260461,245472.0,4.250345925400859,245472.0,877.8929285714285,245472.0,17.920862926595806,190139,..\data\processed\subsets\IT-SRo_subset_warmest6_qc0_daytime_zscores.parquet
IT-TrF,ICOS+FLUXNET_CP,DNF,45.82376,7.56089,2100.0,FLX_IT-TrF_FLUXNET2015_FULLSET_2012-2022_1-3,..\data\raw\fluxnet_from_carbonportal\FLX_IT-TrF_FLUXNET2015_FULLSET_2012-2022_1-3,..\data\raw\fluxnet_from_carbonportal\FLX_IT-TrF_FLUXNET2015_FULLSET_2012-2022_1-3\FLX_IT-TrF_FLUXNET2015_FULLSET_HH_2012-2022_1-3.csv,,,,ICOSETC_IT-TrF_ARCHIVE_L2,..\data\raw\icos\ICOSETC_IT-TrF_ARCHIVE_L2,..\data\raw\icos\ICOSETC_IT-TrF_ARCHIVE_L2\ICOSETC_IT-TrF_FLUXNET_HH_L2.csv,,,,..\data\processed\parquet_merged\IT-TrF_DNF_ICOS+FXN-CP_2012-2024.parquet,NEE_VUT_50,NEE_VUT_50_QC,LE_F_MDS,LE_F_MDS_QC,GPP_NT_VUT_50,RECO_NT_VUT_50,SW_IN_F,TA_F,VPD_F,P_F,SWC_F_MDS_1,01 Jan 2012,31 Dec 2024,13.0,227952.0,-2.39964862263631,227952.0,43.54939631284616,227952.0,2.8948886097757063,227952.0,0.6851485926829112,227952.0,167.6342590282165,227952.0,4.541002684775743,227952.0,3.4992091931634737,227952.0,921.0956923076924,227952.0,16.769718660683466,217275,..\data\processed\subsets\IT-TrF_subset_warmest6_qc0_daytime_zscores.parquet
JP-MBF,FLUXNET_ORG,DBF,44.3869,142.3186,,,,,FLX_JP-MBF_FLUXNET2015_FULLSET_2003-2005_1-4,..\data\raw\fluxnet_from_fluxnetorg\FLX_JP-MBF_FLUXNET2015_FULLSET_2003-2005_1-4,..\data\raw\fluxnet_from_fluxnetorg\FLX_JP-MBF_FLUXNET2015_FULLSET_2003-2005_1-4\FLX_JP-MBF_FLUXNET2015_FULLSET_HH_2003-2005_1-4.csv,,,,,,,..\data\processed\parquet_merged\JP-MBF_DBF_FXN-ORG_2003-2005.parquet,NEE_VUT_50,NEE_VUT_50_QC,LE_F_MDS,LE_F_MDS_QC,GPP_NT_VUT_50,RECO_NT_VUT_50,SW_IN_F,TA_F,VPD_F,P_F,SWC_F_MDS_1,01 Jan 2003,31 Dec 2005,3.0,52608.0,-0.7778560447734127,52608.0,50.66156594811835,52608.0,2.676974249287506,35088.0,1.5834175355677156,35088.0,131.22125355459244,52608.0,3.57939284899635,52608.0,1.6669521935827252,52608.0,934.656,52608.0,33.38351775573041,43845,..\data\processed\subsets\JP-MBF_subset_warmest6_qc0_daytime_zscores.parquet
JP-SMF,FLUXNET_ORG,MF,35.2617,137.0788,,,,,FLX_JP-SMF_FLUXNET2015_FULLSET_2002-2006_1-4,..\data\raw\fluxnet_from_fluxnetorg\FLX_JP-SMF_FLUXNET2015_FULLSET_2002-2006_1-4,..\data\raw\fluxnet_from_fluxnetorg\FLX_JP-SMF_FLUXNET2015_FULLSET_2002-2006_1-4\FLX_JP-SMF_FLUXNET2015_FULLSET_HH_2002-2006_1-4.csv,,,,,,,..\data\processed\parquet_merged\JP-SMF_MF_FXN-ORG_2002-2006.parquet,NEE_VUT_50,NEE_VUT_50_QC,LE_F_MDS,LE_F_MDS_QC,GPP_NT_VUT_50,RECO_NT_VUT_50,SW_IN_F,TA_F,VPD_F,P_F,SWC_F_MDS_1,01 Jan 2002,31 Dec 2006,5.0,87648.0,0.2686400966111719,87648.0,62.56880841507393,87648.0,4.2448949742378606,87648.0,4.54043910271769,87648.0,156.46987227318365,87648.0,14.706247512778386,87648.0,6.153709565534867,87648.0,1534.0292,87648.0,7.077146827922767,75408,..\data\processed\subsets\JP-SMF_subset_warmest6_qc0_daytime_zscores.parquet
MX-Tes,AMERIFLUX,DBF,27.84,-109.3,460.0,,,,,,,,,,AMF_MX-Tes_FLUXNET_FULLSET_2004-2008_5-7,..\data\raw\ameriflux\AMF_MX-Tes_FLUXNET_FULLSET_2004-2008_5-7,..\data\raw\ameriflux\AMF_MX-Tes_FLUXNET_FULLSET_2004-2008_5-7\AMF_MX-Tes_FLUXNET_FULLSET_HH_2004-2008_5-7.csv,..\data\processed\parquet_merged\MX-Tes_DBF_AMF_2004-2008.parquet,NEE_VUT_50,NEE_VUT_50_QC,LE_F_MDS,LE_F_MDS_QC,GPP_NT_VUT_50,RECO_NT_VUT_50,SW_IN_F,TA_F,VPD_F,P_F,SWC_F_MDS_1,01 Jan 2004,31 Dec 2008,5.0,87696.0,-0.2223945269844416,87696.0,33.91815111905978,87696.0,0.9625594627699708,87696.0,0.7311061935049965,87696.0,227.27111639071336,87696.0,23.54733152025178,87696.0,18.147120963327858,87696.0,639.6246000000001,87696.0,58.5894309112229,79311,..\data\processed\subsets\MX-Tes_subset_warmest6_qc0_daytime_zscores.parquet
MY-PSO,FLUXNET_ORG,EBF,2.973,102.3062,,,,,FLX_MY-PSO_FLUXNET2015_FULLSET_2003-2009_1-4,..\data\raw\fluxnet_from_fluxnetorg\FLX_MY-PSO_FLUXNET2015_FULLSET_2003-2009_1-4,..\data\raw\fluxnet_from_fluxnetorg\FLX_MY-PSO_FLUXNET2015_FULLSET_2003-2009_1-4\FLX_MY-PSO_FLUXNET2015_FULLSET_HH_2003-2009_1-4.csv,,,,,,,..\data\processed\parquet_merged\MY-PSO_EBF_FXN-ORG_2003-2009.parquet,NEE_VUT_50,NEE_VUT_50_QC,LE_F_MDS,LE_F_MDS_QC,GPP_NT_VUT_50,RECO_NT_VUT_50,SW_IN_F,TA_F,VPD_F,P_F,SWC_F_MDS_1,01 Jan 2003,31 Dec 2009,7.0,122736.0,-2.624677739398816,122736.0,97.24527377018632,122736.0,6.565382284154607,122736.0,3.961086601070591,122736.0,197.9283203461087,122736.0,25.336916014861167,122736.0,6.2832995616608,122736.0,1864.8474285714287,122736.0,41.58619231521315,122736,..\data\processed\subsets\MY-PSO_subset_warmest6_qc0_daytime_zscores.parquet
NL-Loo,ICOS+FLUXNET_CP+FLUXNET_ORG,ENF,52.16644722,5.74355,33.0,FLX_NL-Loo_FLUXNET2015_FULLSET_1996-2018_beta-3,..\data\raw\fluxnet_from_carbonportal\FLX_NL-Loo_FLUXNET2015_FULLSET_1996-2018_beta-3,..\data\raw\fluxnet_from_carbonportal\FLX_NL-Loo_FLUXNET2015_FULLSET_1996-2018_beta-3\FLX_NL-Loo_FLUXNET2015_FULLSET_HH_1996-2018_beta-3.csv,FLX_NL-Loo_FLUXNET2015_FULLSET_1996-2014_1-4,..\data\raw\fluxnet_from_fluxnetorg\FLX_NL-Loo_FLUXNET2015_FULLSET_1996-2014_1-4,..\data\raw\fluxnet_from_fluxnetorg\FLX_NL-Loo_FLUXNET2015_FULLSET_1996-2014_1-4\FLX_NL-Loo_FLUXNET2015_FULLSET_HH_1996-2014_1-4.csv,ICOSETC_NL-Loo_ARCHIVE_L2,..\data\raw\icos\ICOSETC_NL-Loo_ARCHIVE_L2,..\data\raw\icos\ICOSETC_NL-Loo_ARCHIVE_L2\ICOSETC_NL-Loo_FLUXNET_HH_L2.csv,,,,..\data\processed\parquet_merged\NL-Loo_ENF_ICOS+FXN-CP+FXN-ORG_1996-2024.parquet,NEE_VUT_50,NEE_VUT_50_QC,LE_F_MDS,LE_F_MDS_QC,GPP_NT_VUT_50,RECO_NT_VUT_50,SW_IN_F,TA_F,VPD_F,P_F,SWC_F_MDS_1,01 Jan 1996,31 Dec 2024,29.0,508464.0,-1.198718684295682,438336.0,42.22015245638272,438336.0,4.423502539965789,438336.0,3.2419420072856093,438336.0,116.84573943504527,438336.0,10.195171393634103,438336.0,2.728633094247336,438336.0,716.5709310344829,438336.0,8.635064752502892,379661,..\data\processed\subsets\NL-Loo_subset_warmest6_qc0_daytime_zscores.parquet
NO-Hur,ICOS,ENF,60.3716329214,11.0794898767,319.0,,,,,,,ICOSETC_NO-Hur_ARCHIVE_L2,..\data\raw\icos\ICOSETC_NO-Hur_ARCHIVE_L2,..\data\raw\icos\ICOSETC_NO-Hur_ARCHIVE_L2\ICOSETC_NO-Hur_FLUXNET_HH_L2.csv,,,,..\data\processed\parquet_merged\NO-Hur_ENF_ICOS_2023-2024.parquet,NEE_VUT_50,NEE_VUT_50_QC,LE_F_MDS,LE_F_MDS_QC,GPP_NT_VUT_50,RECO_NT_VUT_50,SW_IN_F,TA_F,VPD_F,P_F,SWC_F_MDS_1,01 Jan 2023,31 Dec 2024,2.0,35088.0,0.9260231118339318,35088.0,7.207411196740367,35088.0,0.8571359135460571,35088.0,1.765782307797538,35088.0,98.95534721272227,35088.0,5.066390076379389,35088.0,2.7595098324213407,35088.0,912.3815,35088.0,40.76548742576095,21552,..\data\processed\subsets\NO-Hur_subset_warmest6_qc0_daytime_zscores.parquet
PA-SPn,FLUXNET_ORG,DBF,9.31814,-79.6346,78.0,,,,FLX_PA-SPn_FLUXNET2015_FULLSET_2007-2009_1-4,..\data\raw\fluxnet_from_fluxnetorg\FLX_PA-SPn_FLUXNET2015_FULLSET_2007-2009_1-4,..\data\raw\fluxnet_from_fluxnetorg\FLX_PA-SPn_FLUXNET2015_FULLSET_2007-2009_1-4\FLX_PA-SPn_FLUXNET2015_FULLSET_HH_2007-2009_1-4.csv,,,,,,,..\data\processed\parquet_merged\PA-SPn_DBF_FXN-ORG_2007-2009.parquet,NEE_VUT_50,NEE_VUT_50_QC,LE_F_MDS,LE_F_MDS_QC,GPP_NT_VUT_50,RECO_NT_VUT_50,SW_IN_F,TA_F,VPD_F,P_F,SWC_F_MDS_1,01 Jan 2007,31 Dec 2009,3.0,52608.0,-1.6380289207980914,52608.0,94.91473494954792,52608.0,6.130100016404349,52608.0,4.539425224281478,52608.0,176.78762186359492,52608.0,25.31034511861314,52608.0,4.660928337895378,52608.0,2239.2973333333334,52608.0,63.098166179971045,40751,..\data\processed\subsets\PA-SPn_subset_warmest6_qc0_daytime_zscores.parquet
RU-Fy2,FLUXNET_CP,ENF,56.447603,32.901878,,FLX_RU-Fy2_FLUXNET2015_FULLSET_2015-2023_1-3,..\data\raw\fluxnet_from_carbonportal\FLX_RU-Fy2_FLUXNET2015_FULLSET_2015-2023_1-3,..\data\raw\fluxnet_from_carbonportal\FLX_RU-Fy2_FLUXNET2015_FULLSET_2015-2023_1-3\FLX_RU-Fy2_FLUXNET2015_FULLSET_HH_2015-2023_1-3.csv,,,,,,,,,,..\data\processed\parquet_merged\RU-Fy2_ENF_FXN-CP_2015-2023.parquet,NEE_VUT_50,NEE_VUT_50_QC,LE_F_MDS,LE_F_MDS_QC,GPP_NT_VUT_50,RECO_NT_VUT_50,SW_IN_F,TA_F,VPD_F,P_F,SWC_F_MDS_1,01 Jan 2015,31 Dec 2023,9.0,157776.0,0.1099485158041843,157776.0,28.85553295141664,157776.0,4.319044228877828,157776.0,4.450568242880527,157776.0,113.18230909644052,157776.0,6.152106923739986,157776.0,3.0342358406855285,157776.0,596.5356666666667,157776.0,45.167479255173696,149941,..\data\processed\subsets\RU-Fy2_subset_warmest6_qc0_daytime_zscores.parquet
RU-Fy3,FLUXNET_CP,ENF,56.4435,33.0478,,FLX_RU-Fy3_FLUXNET2015_FULLSET_2016-2017_beta-3,..\data\raw\fluxnet_from_carbonportal\FLX_RU-Fy3_FLUXNET2015_FULLSET_2016-2017_beta-3,..\data\raw\fluxnet_from_carbonportal\FLX_RU-Fy3_FLUXNET2015_FULLSET_2016-2017_beta-3\FLX_RU-Fy3_FLUXNET2015_FULLSET_HH_2016-2017_beta-3.csv,,,,,,,,,,..\data\processed\parquet_merged\RU-Fy3_ENF_FXN-CP_2016-2017.parquet,NEE_VUT_50,NEE_VUT_50_QC,LE_F_MDS,LE_F_MDS_QC,GPP_NT_VUT_50,RECO_NT_VUT_50,SW_IN_F,TA_F,VPD_F,P_F,SWC_F_MDS_1,01 Jan 2016,31 Dec 2017,2.0,35088.0,2.0786489516735065,35088.0,40.16378113705284,35088.0,2.768761796161594,35088.0,4.869365461695218,35088.0,97.86997665868672,35088.0,4.733602941176471,35088.0,2.3375717339261284,35088.0,779.326,35088.0,41.49770326882656,27594,..\data\processed\subsets\RU-Fy3_subset_warmest6_qc0_daytime_zscores.parquet
RU-Fyo,FLUXNET_CP+FLUXNET_ORG,ENF,56.4615278,32.9220833,265.0,FLX_RU-Fyo_FLUXNET2015_FULLSET_1998-2023_1-3,..\data\raw\fluxnet_from_carbonportal\FLX_RU-Fyo_FLUXNET2015_FULLSET_1998-2023_1-3,..\data\raw\fluxnet_from_carbonportal\FLX_RU-Fyo_FLUXNET2015_FULLSET_1998-2023_1-3\FLX_RU-Fyo_FLUXNET2015_FULLSET_HH_1998-2023_1-3.csv,FLX_RU-Fyo_FLUXNET2015_FULLSET_1998-2014_2-4,..\data\raw\fluxnet_from_fluxnetorg\FLX_RU-Fyo_FLUXNET2015_FULLSET_1998-2014_2-4,..\data\raw\fluxnet_from_fluxnetorg\FLX_RU-Fyo_FLUXNET2015_FULLSET_1998-2014_2-4\FLX_RU-Fyo_FLUXNET2015_FULLSET_HH_1998-2014_2-4.csv,,,,,,,..\data\processed\parquet_merged\RU-Fyo_ENF_FXN-CP+FXN-ORG_1998-2023.parquet,NEE_VUT_50,NEE_VUT_50_QC,LE_F_MDS,LE_F_MDS_QC,GPP_NT_VUT_50,RECO_NT_VUT_50,SW_IN_F,TA_F,VPD_F,P_F,SWC_F_MDS_1,01 Jan 1998,31 Dec 2023,26.0,455808.0,0.213193964983461,455808.0,29.366037395216708,455808.0,3.928853806570392,455808.0,4.149707277312764,455808.0,109.13831308796682,455808.0,5.451814843091828,455808.0,2.7876558682603205,455808.0,556.8854615384616,455808.0,51.53864723198451,310150,..\data\processed\subsets\RU-Fyo_subset_warmest6_qc0_daytime_zscores.parquet
SE-Htm,ICOS+FLUXNET_CP,ENF,56.09763,13.41897,111.0,FLX_SE-Htm_FLUXNET2015_FULLSET_2015-2020_beta-3,..\data\raw\fluxnet_from_carbonportal\FLX_SE-Htm_FLUXNET2015_FULLSET_2015-2020_beta-3,..\data\raw\fluxnet_from_carbonportal\FLX_SE-Htm_FLUXNET2015_FULLSET_2015-2020_beta-3\FLX_SE-Htm_FLUXNET2015_FULLSET_HH_2015-2020_beta-3.csv,,,,ICOSETC_SE-Htm_ARCHIVE_L2,..\data\raw\icos\ICOSETC_SE-Htm_ARCHIVE_L2,..\data\raw\icos\ICOSETC_SE-Htm_ARCHIVE_L2\ICOSETC_SE-Htm_FLUXNET_HH_L2.csv,,,,..\data\processed\parquet_merged\SE-Htm_ENF_ICOS+FXN-CP_2015-2024.parquet,NEE_VUT_50,NEE_VUT_50_QC,LE_F_MDS,LE_F_MDS_QC,GPP_NT_VUT_50,RECO_NT_VUT_50,SW_IN_F,TA_F,VPD_F,P_F,SWC_F_MDS_1,01 Jan 2015,31 Dec 2024,10.0,175344.0,-0.3877092660864416,175344.0,29.60646879087064,175344.0,5.784879379727492,175344.0,5.412664732585158,175344.0,117.0666224336162,175344.0,8.494787617483345,175344.0,2.2048234499041883,175344.0,846.3930000000003,175344.0,29.87418822429054,175344,..\data\processed\subsets\SE-Htm_subset_warmest6_qc0_daytime_zscores.parquet
SE-Nor,ICOS+FLUXNET_CP,ENF,60.08649722,17.47950278,58.0,FLX_SE-Nor_FLUXNET2015_FULLSET_2014-2020_beta-3,..\data\raw\fluxnet_from_carbonportal\FLX_SE-Nor_FLUXNET2015_FULLSET_2014-2020_beta-3,..\data\raw\fluxnet_from_carbonportal\FLX_SE-Nor_FLUXNET2015_FULLSET_2014-2020_beta-3\FLX_SE-Nor_FLUXNET2015_FULLSET_HH_2014-2020_beta-3.csv,,,,ICOSETC_SE-Nor_ARCHIVE_L2,..\data\raw\icos\ICOSETC_SE-Nor_ARCHIVE_L2,..\data\raw\icos\ICOSETC_SE-Nor_ARCHIVE_L2\ICOSETC_SE-Nor_FLUXNET_HH_L2.csv,,,,..\data\processed\parquet_merged\SE-Nor_ENF_ICOS+FXN-CP_2014-2024.parquet,NEE_VUT_50,NEE_VUT_50_QC,LE_F_MDS,LE_F_MDS_QC,GPP_NT_VUT_50,RECO_NT_VUT_50,SW_IN_F,TA_F,VPD_F,P_F,SWC_F_MDS_1,01 Jan 2014,31 Dec 2024,11.0,192864.0,0.851696172154943,192864.0,26.761240554483614,192864.0,3.4273647101970903,192864.0,4.290030724751638,192864.0,116.87654729239256,192864.0,7.100605203666832,192864.0,3.105837025053924,192864.0,546.171,192864.0,19.269553322548532,192864,..\data\processed\subsets\SE-Nor_subset_warmest6_qc0_daytime_zscores.parquet
SE-Ros,FLUXNET_CP,ENF,64.1725,19.738,,FLX_SE-Ros_FLUXNET2015_FULLSET_2014-2020_beta-3,..\data\raw\fluxnet_from_carbonportal\FLX_SE-Ros_FLUXNET2015_FULLSET_2014-2020_beta-3,..\data\raw\fluxnet_from_carbonportal\FLX_SE-Ros_FLUXNET2015_FULLSET_2014-2020_beta-3\FLX_SE-Ros_FLUXNET2015_FULLSET_HH_2014-2020_beta-3.csv,,,,,,,,,,..\data\processed\parquet_merged\SE-Ros_ENF_FXN-CP_2014-2020.parquet,NEE_VUT_50,NEE_VUT_50_QC,LE_F_MDS,LE_F_MDS_QC,GPP_NT_VUT_50,RECO_NT_VUT_50,SW_IN_F,TA_F,VPD_F,P_F,SWC_F_MDS_1,01 Jan 2014,31 Dec 2020,7.0,122736.0,-0.8029882748132415,122736.0,22.79717367766214,122736.0,2.7521514239334115,122736.0,1.9532991278795464,122736.0,106.69501103180812,122736.0,4.042559338743319,122736.0,2.409939765024117,122736.0,628.4947142857143,122736.0,9.835585921162693,114768,..\data\processed\subsets\SE-Ros_subset_warmest6_qc0_daytime_zscores.parquet
SE-Svb,ICOS+FLUXNET_CP,ENF,64.25611,19.7745,305.0,FLX_SE-Svb_FLUXNET2015_FULLSET_2014-2020_beta-3,..\data\raw\fluxnet_from_carbonportal\FLX_SE-Svb_FLUXNET2015_FULLSET_2014-2020_beta-3,..\data\raw\fluxnet_from_carbonportal\FLX_SE-Svb_FLUXNET2015_FULLSET_2014-2020_beta-3\FLX_SE-Svb_FLUXNET2015_FULLSET_HH_2014-2020_beta-3.csv,,,,ICOSETC_SE-Svb_ARCHIVE_L2,..\data\raw\icos\ICOSETC_SE-Svb_ARCHIVE_L2,..\data\raw\icos\ICOSETC_SE-Svb_ARCHIVE_L2\ICOSETC_SE-Svb_FLUXNET_HH_L2.csv,,,,..\data\processed\parquet_merged\SE-Svb_ENF_ICOS+FXN-CP_2014-2024.parquet,NEE_VUT_50,NEE_VUT_50_QC,LE_F_MDS,LE_F_MDS_QC,GPP_NT_VUT_50,RECO_NT_VUT_50,SW_IN_F,TA_F,VPD_F,P_F,SWC_F_MDS_1,01 Jan 2014,31 Dec 2024,11.0,192864.0,-0.3030802214895622,175344.0,23.42641972400348,175344.0,2.798771418644686,192864.0,2.5744037778134383,192864.0,105.76161577069853,192864.0,3.374965219014435,192864.0,2.561900956114153,192864.0,585.9641818181817,192864.0,29.289576776591865,87696,..\data\processed\subsets\SE-Svb_subset_warmest6_qc0_daytime_zscores.parquet
US-ASH,AMERIFLUX,DBF,36.1697,-120.201,147.0,,,,,,,,,,AMF_US-ASH_FLUXNET_FULLSET_2016-2016_4-7,..\data\raw\ameriflux\AMF_US-ASH_FLUXNET_FULLSET_2016-2016_4-7,..\data\raw\ameriflux\AMF_US-ASH_FLUXNET_FULLSET_2016-2016_4-7\AMF_US-ASH_FLUXNET_FULLSET_HH_2016-2016_4-7.csv,..\data\processed\parquet_merged\US-ASH_DBF_AMF_2016-2016.parquet,NEE_VUT_50,NEE_VUT_50_QC,LE_F_MDS,LE_F_MDS_QC,GPP_NT_VUT_50,RECO_NT_VUT_50,SW_IN_F,TA_F,VPD_F,P_F,-MISSING-,01 Jan 2016,31 Dec 2016,1.0,17568.0,-1.7560190561030855,17568.0,52.562493517418034,17568.0,4.6573271688751525,17568.0,2.875559380919854,17568.0,230.6853966871585,17568.0,18.511704178051,17568.0,12.295469262295082,17568.0,1008.97,17568.0,-MISSING-,-MISSING-,-MISSING-
US-ASM,AMERIFLUX,DBF,36.1777,-120.2026,147.0,,,,,,,,,,AMF_US-ASM_FLUXNET_FULLSET_2016-2016_4-7,..\data\raw\ameriflux\AMF_US-ASM_FLUXNET_FULLSET_2016-2016_4-7,..\data\raw\ameriflux\AMF_US-ASM_FLUXNET_FULLSET_2016-2016_4-7\AMF_US-ASM_FLUXNET_FULLSET_HH_2016-2016_4-7.csv,..\data\processed\parquet_merged\US-ASM_DBF_AMF_2016-2016.parquet,NEE_VUT_50,NEE_VUT_50_QC,LE_F_MDS,LE_F_MDS_QC,GPP_NT_VUT_50,RECO_NT_VUT_50,SW_IN_F,TA_F,VPD_F,P_F,-MISSING-,01 Jan 2016,31 Dec 2016,1.0,17568.0,-2.218427068591871,17568.0,45.18642847956511,17568.0,2.987510257658868,17568.0,0.7719194562877398,17568.0,230.5395951161202,17568.0,18.50448935564663,17568.0,11.770426969489982,17568.0,1008.97,17568.0,-MISSING-,-MISSING-,-MISSING-
US-Akn,AMERIFLUX,MF,33.3825,-81.5653,93.0,,,,,,,,,,AMF_US-Akn_FLUXNET_FULLSET_2011-2022_3-6,..\data\raw\ameriflux\AMF_US-Akn_FLUXNET_FULLSET_2011-2022_3-6,..\data\raw\ameriflux\AMF_US-Akn_FLUXNET_FULLSET_2011-2022_3-6\AMF_US-Akn_FLUXNET_FULLSET_HH_2011-2022_3-6.csv,..\data\processed\parquet_merged\US-Akn_MF_AMF_2011-2022.parquet,NEE_VUT_50,NEE_VUT_50_QC,LE_F_MDS,LE_F_MDS_QC,GPP_NT_VUT_50,RECO_NT_VUT_50,SW_IN_F,TA_F,VPD_F,P_F,-MISSING-,01 Jan 2011,31 Dec 2022,12.0,210384.0,-1.5638423511788997,175344.0,61.5093268018526,175344.0,4.42990028382221,122736.0,2.6010818752716705,122736.0,129.14712499049358,210384.0,16.95758597611986,210384.0,4.77418288463001,210384.0,58.14566666666667,210384.0,-MISSING-,-MISSING-,-MISSING-
US-BZS,AMERIFLUX,ENF,64.6963,-148.3235,100.0,,,,,,,,,,AMF_US-BZS_FLUXNET_FULLSET_2010-2024_5-7,..\data\raw\ameriflux\AMF_US-BZS_FLUXNET_FULLSET_2010-2024_5-7,..\data\raw\ameriflux\AMF_US-BZS_FLUXNET_FULLSET_2010-2024_5-7\AMF_US-BZS_FLUXNET_FULLSET_HH_2010-2024_5-7.csv,..\data\processed\parquet_merged\US-BZS_ENF_AMF_2010-2024.parquet,NEE_VUT_50,NEE_VUT_50_QC,LE_F_MDS,LE_F_MDS_QC,GPP_NT_VUT_50,RECO_NT_VUT_50,SW_IN_F,TA_F,VPD_F,P_F,SWC_F_MDS_1,01 Jan 2010,31 Dec 2024,15.0,262992.0,-0.2542326070711513,227952.0,22.72367657823237,227952.0,2.292751388827309,262992.0,2.150188823527483,262992.0,107.91417465550286,262992.0,-0.8563482273225039,262992.0,3.639918164811097,262992.0,261.9039333333334,262992.0,19.21896402192042,222441,..\data\processed\subsets\US-BZS_subset_warmest6_qc0_daytime_zscores.parquet
US-Bar,AMERIFLUX,DBF,44.0646,-71.2881,272.0,,,,,,,,,,AMF_US-Bar_FLUXNET_FULLSET_2004-2023_5-7,..\data\raw\ameriflux\AMF_US-Bar_FLUXNET_FULLSET_2004-2023_5-7,..\data\raw\ameriflux\AMF_US-Bar_FLUXNET_FULLSET_2004-2023_5-7\AMF_US-Bar_FLUXNET_FULLSET_HH_2004-2023_5-7.csv,..\data\processed\parquet_merged\US-Bar_DBF_AMF_2004-2023.parquet,NEE_VUT_50,NEE_VUT_50_QC,LE_F_MDS,LE_F_MDS_QC,GPP_NT_VUT_50,RECO_NT_VUT_50,SW_IN_F,TA_F,VPD_F,P_F,SWC_F_MDS_1,01 Jan 2004,31 Dec 2023,20.0,350640.0,-0.567139986938394,350640.0,25.5853282521176,350640.0,3.390472612279882,350640.0,2.852514560752741,350640.0,154.603274603582,350640.0,7.545862913529548,350640.0,4.020241079169519,350640.0,1198.74125,350640.0,36.68566655122437,343606,..\data\processed\subsets\US-Bar_subset_warmest6_qc0_daytime_zscores.parquet
US-Blo,FLUXNET_ORG,ENF,38.8953,-120.6328,1315.0,,,,FLX_US-Blo_FLUXNET2015_FULLSET_1997-2007_1-4,..\data\raw\fluxnet_from_fluxnetorg\FLX_US-Blo_FLUXNET2015_FULLSET_1997-2007_1-4,..\data\raw\fluxnet_from_fluxnetorg\FLX_US-Blo_FLUXNET2015_FULLSET_1997-2007_1-4\FLX_US-Blo_FLUXNET2015_FULLSET_HH_1997-2007_1-4.csv,,,,,,,..\data\processed\parquet_merged\US-Blo_ENF_FXN-ORG_1997-2007.parquet,NEE_VUT_50,NEE_VUT_50_QC,LE_F_MDS,LE_F_MDS_QC,GPP_NT_VUT_50,RECO_NT_VUT_50,SW_IN_F,TA_F,VPD_F,P_F,SWC_F_MDS_1,01 Jan 1997,31 Dec 2007,11.0,192816.0,-1.019274901582096,192816.0,57.99986402803522,192816.0,4.384930137592317,192816.0,3.415034967300431,192816.0,211.01846810430663,192816.0,11.11193053999668,192816.0,8.484572846651732,192816.0,1374.8128181818183,192816.0,21.83595239195239,181818,..\data\processed\subsets\US-Blo_subset_warmest6_qc0_daytime_zscores.parquet
US-CRK,AMERIFLUX,ENF,31.4629,-95.3415,151.0,,,,,,,,,,AMF_US-CRK_FLUXNET_FULLSET_2022-2024_3-7,..\data\raw\ameriflux\AMF_US-CRK_FLUXNET_FULLSET_2022-2024_3-7,..\data\raw\ameriflux\AMF_US-CRK_FLUXNET_FULLSET_2022-2024_3-7\AMF_US-CRK_FLUXNET_FULLSET_HH_2022-2024_3-7.csv,..\data\processed\parquet_merged\US-CRK_ENF_AMF_2022-2024.parquet,NEE_VUT_50,NEE_VUT_50_QC,LE_F_MDS,LE_F_MDS_QC,GPP_NT_VUT_50,RECO_NT_VUT_50,SW_IN_F,TA_F,VPD_F,P_F,SWC_F_MDS_1,01 Jan 2022,31 Dec 2024,3.0,52608.0,-0.1972744129225593,52608.0,76.60554148538645,52608.0,5.925866067688538,52608.0,5.764104866693279,52608.0,203.09617980155107,52608.0,19.980380531478104,52608.0,7.7384888229927,52608.0,584.0783333333333,52608.0,20.35858337542251,51478,..\data\processed\subsets\US-CRK_subset_warmest6_qc0_daytime_zscores.parquet
US-CS2,AMERIFLUX,ENF,44.1467,-89.5002,328.0,,,,,,,,,,AMF_US-CS2_FLUXNET_FULLSET_2018-2022_5-7,..\data\raw\ameriflux\AMF_US-CS2_FLUXNET_FULLSET_2018-2022_5-7,..\data\raw\ameriflux\AMF_US-CS2_FLUXNET_FULLSET_2018-2022_5-7\AMF_US-CS2_FLUXNET_FULLSET_HH_2018-2022_5-7.csv,..\data\processed\parquet_merged\US-CS2_ENF_AMF_2018-2022.parquet,NEE_VUT_50,NEE_VUT_50_QC,LE_F_MDS,LE_F_MDS_QC,GPP_NT_VUT_50,RECO_NT_VUT_50,SW_IN_F,TA_F,VPD_F,P_F,SWC_F_MDS_1,01 Jan 2018,31 Dec 2022,5.0,87648.0,-2.587364323154618,87648.0,53.43221657405383,87648.0,6.3013502737003,87648.0,3.802104554640414,87648.0,152.94564643802485,87648.0,7.565327982384082,87648.0,3.9289488294085433,87648.0,3654.4524000000006,87648.0,8.71354709689885,20702,..\data\processed\subsets\US-CS2_subset_warmest6_qc0_daytime_zscores.parquet
US-Cst,AMERIFLUX,ENF,33.0442,-91.9204,50.0,,,,,,,,,,AMF_US-Cst_FLUXNET_FULLSET_2013-2017_4-7,..\data\raw\ameriflux\AMF_US-Cst_FLUXNET_FULLSET_2013-2017_4-7,..\data\raw\ameriflux\AMF_US-Cst_FLUXNET_FULLSET_2013-2017_4-7\AMF_US-Cst_FLUXNET_FULLSET_HH_2013-2017_4-7.csv,..\data\processed\parquet_merged\US-Cst_ENF_AMF_2013-2017.parquet,NEE_VUT_50,NEE_VUT_50_QC,LE_F_MDS,LE_F_MDS_QC,GPP_NT_VUT_50,RECO_NT_VUT_50,SW_IN_F,TA_F,VPD_F,P_F,SWC_F_MDS_1,01 Jan 2013,31 Dec 2017,5.0,87648.0,-1.07679097445021,87648.0,60.51692823760908,87648.0,5.684063921759004,87648.0,4.625475765562251,87648.0,196.8204794404892,87648.0,17.226223713033953,87648.0,5.757538586162833,87648.0,1101.0228000000002,87648.0,20.163430684679447,82608,..\data\processed\subsets\US-Cst_subset_warmest6_qc0_daytime_zscores.parquet
US-Fmf,AMERIFLUX,ENF,35.1426,-111.7273,2160.0,,,,,,,,,,AMF_US-Fmf_FLUXNET_FULLSET_2005-2010_5-7,..\data\raw\ameriflux\AMF_US-Fmf_FLUXNET_FULLSET_2005-2010_5-7,..\data\raw\ameriflux\AMF_US-Fmf_FLUXNET_FULLSET_2005-2010_5-7\AMF_US-Fmf_FLUXNET_FULLSET_HH_2005-2010_5-7.csv,..\data\processed\parquet_merged\US-Fmf_ENF_AMF_2005-2010.parquet,NEE_VUT_50,NEE_VUT_50_QC,LE_F_MDS,LE_F_MDS_QC,GPP_NT_VUT_50,RECO_NT_VUT_50,SW_IN_F,TA_F,VPD_F,P_F,SWC_F_MDS_1,01 Jan 2005,31 Dec 2010,6.0,105168.0,-0.0592616128118819,105168.0,38.82731251654166,105168.0,3.0774158429069063,105168.0,3.032533168758558,105168.0,227.28709973566103,105168.0,9.510562157690552,105168.0,8.384189240073027,105168.0,580.0603333333333,105168.0,23.35996161275259,94224,..\data\processed\subsets\US-Fmf_subset_warmest6_qc0_daytime_zscores.parquet
US-Fuf,AMERIFLUX,ENF,35.089,-111.762,2180.0,,,,,,,,,,AMF_US-Fuf_FLUXNET_FULLSET_2005-2010_5-7,..\data\raw\ameriflux\AMF_US-Fuf_FLUXNET_FULLSET_2005-2010_5-7,..\data\raw\ameriflux\AMF_US-Fuf_FLUXNET_FULLSET_2005-2010_5-7\AMF_US-Fuf_FLUXNET_FULLSET_HH_2005-2010_5-7.csv,..\data\processed\parquet_merged\US-Fuf_ENF_AMF_2005-2010.parquet,NEE_VUT_50,NEE_VUT_50_QC,LE_F_MDS,LE_F_MDS_QC,GPP_NT_VUT_50,RECO_NT_VUT_50,SW_IN_F,TA_F,VPD_F,P_F,SWC_F_MDS_1,01 Jan 2005,31 Dec 2010,6.0,105168.0,-0.1092140218408261,105168.0,35.85351321647925,105168.0,2.671465799727957,105168.0,2.578966680349536,105168.0,229.9743147250114,105168.0,8.713279524189867,105168.0,7.6607099688118065,105168.0,672.3315,105168.0,26.056541792752427,93521,..\data\processed\subsets\US-Fuf_subset_warmest6_qc0_daytime_zscores.parquet
US-GBT,FLUXNET_ORG,ENF,41.36579,-106.2397,3191.0,,,,FLX_US-GBT_FLUXNET2015_FULLSET_1999-2006_1-4,..\data\raw\fluxnet_from_fluxnetorg\FLX_US-GBT_FLUXNET2015_FULLSET_1999-2006_1-4,..\data\raw\fluxnet_from_fluxnetorg\FLX_US-GBT_FLUXNET2015_FULLSET_1999-2006_1-4\FLX_US-GBT_FLUXNET2015_FULLSET_HH_1999-2006_1-4.csv,,,,,,,..\data\processed\parquet_merged\US-GBT_ENF_FXN-ORG_1999-2006.parquet,NEE_VUT_50,NEE_VUT_50_QC,LE_F_MDS,LE_F_MDS_QC,GPP_NT_VUT_50,RECO_NT_VUT_50,SW_IN_F,TA_F,VPD_F,P_F,-MISSING-,01 Jan 1999,31 Dec 2006,8.0,140256.0,-1.2351672958851103,52560.0,42.77921291010763,122736.0,1.6471474695776256,52560.0,0.4216713547374429,52560.0,190.3444884639516,140256.0,0.4292721238307097,140256.0,3.788001739676021,140256.0,513.873,140256.0,-MISSING-,-MISSING-,-MISSING-
US-GLE,AMERIFLUX+FLUXNET_ORG,ENF,41.3665,-106.2399,3197.0,,,,FLX_US-GLE_FLUXNET2015_FULLSET_2004-2014_1-4,..\data\raw\fluxnet_from_fluxnetorg\FLX_US-GLE_FLUXNET2015_FULLSET_2004-2014_1-4,..\data\raw\fluxnet_from_fluxnetorg\FLX_US-GLE_FLUXNET2015_FULLSET_2004-2014_1-4\FLX_US-GLE_FLUXNET2015_FULLSET_HH_2004-2014_1-4.csv,,,,AMF_US-GLE_FLUXNET_FULLSET_2005-2020_3-5,..\data\raw\ameriflux\AMF_US-GLE_FLUXNET_FULLSET_2005-2020_3-5,..\data\raw\ameriflux\AMF_US-GLE_FLUXNET_FULLSET_2005-2020_3-5\AMF_US-GLE_FLUXNET_FULLSET_HH_2005-2020_3-5.csv,..\data\processed\parquet_merged\US-GLE_ENF_AMF+FXN-ORG_2005-2020.parquet,NEE_VUT_50,NEE_VUT_50_QC,LE_F_MDS,LE_F_MDS_QC,GPP_NT_VUT_50,RECO_NT_VUT_50,SW_IN_F,TA_F,VPD_F,P_F,SWC_F_MDS_1,01 Jan 2005,31 Dec 2020,16.0,280512.0,-0.0431023407852113,280512.0,44.62618970447869,280512.0,1.8008349285751375,280512.0,1.7749026909995185,280512.0,185.9432834745038,280512.0,0.2595885915754051,280512.0,3.895765799680584,280512.0,1350.9196875,280512.0,24.577699084225937,276815,..\data\processed\subsets\US-GLE_subset_warmest6_qc0_daytime_zscores.parquet
US-HB2,AMERIFLUX,ENF,33.3242,-79.244,4.7,,,,,,,,,,AMF_US-HB2_FLUXNET_FULLSET_2019-2019_5-7,..\data\raw\ameriflux\AMF_US-HB2_FLUXNET_FULLSET_2019-2019_5-7,..\data\raw\ameriflux\AMF_US-HB2_FLUXNET_FULLSET_2019-2019_5-7\AMF_US-HB2_FLUXNET_FULLSET_HH_2019-2019_5-7.csv,..\data\processed\parquet_merged\US-HB2_ENF_AMF_2019-2019.parquet,NEE_VUT_50,NEE_VUT_50_QC,LE_F_MDS,LE_F_MDS_QC,GPP_NT_VUT_50,RECO_NT_VUT_50,SW_IN_F,TA_F,VPD_F,P_F,SWC_F_MDS_1,01 Jan 2019,31 Dec 2019,1.0,17520.0,-1.9229617393892693,17520.0,58.779752707545086,17520.0,6.006981149380217,17520.0,4.096096210986839,17520.0,200.55985188356163,17520.0,19.6796875,17520.0,5.845365753424658,17520.0,1517.501,17520.0,10.98438441780822,17520,..\data\processed\subsets\US-HB2_subset_warmest6_qc0_daytime_zscores.parquet
US-HB3,AMERIFLUX,ENF,33.3482,-79.2322,7.3,,,,,,,,,,AMF_US-HB3_FLUXNET_FULLSET_2019-2022_5-7,..\data\raw\ameriflux\AMF_US-HB3_FLUXNET_FULLSET_2019-2022_5-7,..\data\raw\ameriflux\AMF_US-HB3_FLUXNET_FULLSET_2019-2022_5-7\AMF_US-HB3_FLUXNET_FULLSET_HH_2019-2022_5-7.csv,..\data\processed\parquet_merged\US-HB3_ENF_AMF_2019-2022.parquet,NEE_VUT_50,NEE_VUT_50_QC,LE_F_MDS,LE_F_MDS_QC,GPP_NT_VUT_50,RECO_NT_VUT_50,SW_IN_F,TA_F,VPD_F,P_F,SWC_F_MDS_1,01 Jan 2019,31 Dec 2022,4.0,70128.0,0.3022541934251654,70128.0,46.48006528120989,70128.0,4.531072761690019,70128.0,4.842472528865075,70128.0,192.99391340120923,70128.0,18.733571740246408,70128.0,4.808123887748118,70128.0,1421.11425,70128.0,7.420540625712982,70128,..\data\processed\subsets\US-HB3_subset_warmest6_qc0_daytime_zscores.parquet
US-Ha1,AMERIFLUX+FLUXNET_ORG,DBF,42.5378,-72.1715,340.0,,,,FLX_US-Ha1_FLUXNET2015_FULLSET_1991-2012_1-4,..\data\raw\fluxnet_from_fluxnetorg\FLX_US-Ha1_FLUXNET2015_FULLSET_1991-2012_1-4,..\data\raw\fluxnet_from_fluxnetorg\FLX_US-Ha1_FLUXNET2015_FULLSET_1991-2012_1-4\FLX_US-Ha1_FLUXNET2015_FULLSET_HR_1991-2012_1-4.csv,,,,AMF_US-Ha1_FLUXNET_FULLSET_1991-2020_3-5,..\data\raw\ameriflux\AMF_US-Ha1_FLUXNET_FULLSET_1991-2020_3-5,..\data\raw\ameriflux\AMF_US-Ha1_FLUXNET_FULLSET_1991-2020_3-5\AMF_US-Ha1_FLUXNET_FULLSET_HR_1991-2020_3-5.csv,..\data\processed\parquet_merged\US-Ha1_DBF_AMF+FXN-ORG_1991-2020.parquet,NEE_VUT_50,NEE_VUT_50_QC,LE_F_MDS,LE_F_MDS_QC,GPP_NT_VUT_50,RECO_NT_VUT_50,SW_IN_F,TA_F,VPD_F,P_F,-MISSING-,01 Jan 1991,31 Dec 2020,30.0,262992.0,-0.571704966842094,262992.0,34.88507733930107,254232.0,3.884144914962934,262992.0,3.346352307501897,262992.0,155.96262414065828,262992.0,8.234037316724462,262992.0,3.5833601668491823,262992.0,1205.9941333333334,262992.0,-MISSING-,-MISSING-,-MISSING-
US-Ho1,AMERIFLUX,ENF,45.2041,-68.7402,60.0,,,,,,,,,,AMF_US-Ho1_FLUXNET_FULLSET_1996-2023_3-6,..\data\raw\ameriflux\AMF_US-Ho1_FLUXNET_FULLSET_1996-2023_3-6,..\data\raw\ameriflux\AMF_US-Ho1_FLUXNET_FULLSET_1996-2023_3-6\AMF_US-Ho1_FLUXNET_FULLSET_HH_1996-2023_3-6.csv,..\data\processed\parquet_merged\US-Ho1_ENF_AMF_1996-2023.parquet,NEE_VUT_50,NEE_VUT_50_QC,LE_F_MDS,LE_F_MDS_QC,GPP_NT_VUT_50,RECO_NT_VUT_50,SW_IN_F,TA_F,VPD_F,P_F,SWC_F_MDS_1,01 Jan 1996,31 Dec 2023,28.0,490896.0,-1.0427303701690982,490896.0,28.23764329156752,490896.0,2.5551004012172944,455856.0,1.987222551405379,455856.0,104.15554045052312,490896.0,7.134771668540791,490896.0,4.050025589941658,490896.0,884.9137142857143,490896.0,13.869425760269378,424685,..\data\processed\subsets\US-Ho1_subset_warmest6_qc0_daytime_zscores.parquet
US-Ho2,AMERIFLUX,ENF,45.2091,-68.747,61.0,,,,,,,,,,AMF_US-Ho2_FLUXNET_FULLSET_1999-2023_4-6,..\data\raw\ameriflux\AMF_US-Ho2_FLUXNET_FULLSET_1999-2023_4-6,..\data\raw\ameriflux\AMF_US-Ho2_FLUXNET_FULLSET_1999-2023_4-6\AMF_US-Ho2_FLUXNET_FULLSET_HH_1999-2023_4-6.csv,..\data\processed\parquet_merged\US-Ho2_ENF_AMF_1999-2023.parquet,NEE_VUT_50,NEE_VUT_50_QC,LE_F_MDS,LE_F_MDS_QC,GPP_NT_VUT_50,RECO_NT_VUT_50,SW_IN_F,TA_F,VPD_F,P_F,-MISSING-,01 Jan 1999,31 Dec 2023,25.0,438288.0,-1.1179488640584212,438288.0,30.993602622230743,438288.0,4.003707008619433,385680.0,2.9417100745971294,385680.0,123.34842195542652,438288.0,7.267106277151097,438288.0,4.178648578103897,438288.0,820.3539999999999,438288.0,-MISSING-,-MISSING-,-MISSING-
US-KS1,AMERIFLUX+FLUXNET_ORG,ENF,28.4583,-80.6709,1.0,,,,FLX_US-KS1_FLUXNET2015_FULLSET_2002-2002_1-4,..\data\raw\fluxnet_from_fluxnetorg\FLX_US-KS1_FLUXNET2015_FULLSET_2002-2002_1-4,..\data\raw\fluxnet_from_fluxnetorg\FLX_US-KS1_FLUXNET2015_FULLSET_2002-2002_1-4\FLX_US-KS1_FLUXNET2015_FULLSET_HH_2002-2002_1-4.csv,,,,AMF_US-KS1_FLUXNET_FULLSET_2002-2003_5-7,..\data\raw\ameriflux\AMF_US-KS1_FLUXNET_FULLSET_2002-2003_5-7,..\data\raw\ameriflux\AMF_US-KS1_FLUXNET_FULLSET_2002-2003_5-7\AMF_US-KS1_FLUXNET_FULLSET_HH_2002-2003_5-7.csv,..\data\processed\parquet_merged\US-KS1_ENF_AMF+FXN-ORG_2002-2003.parquet,NEE_VUT_50,NEE_VUT_50_QC,LE_F_MDS,LE_F_MDS_QC,GPP_NT_VUT_50,RECO_NT_VUT_50,SW_IN_F,TA_F,VPD_F,P_F,-MISSING-,01 Jan 2002,31 Dec 2003,2.0,35040.0,-0.0146212698872717,35040.0,33.94808365360594,35040.0,3.597198909360143,35040.0,3.5883847017694066,35040.0,195.790820119863,35040.0,23.16818575913242,35040.0,6.185443464611873,35040.0,1243.6974999999998,35040.0,-MISSING-,-MISSING-,-MISSING-
US-MMS,AMERIFLUX+FLUXNET_ORG,DBF,39.3232,-86.4131,275.0,,,,FLX_US-MMS_FLUXNET2015_FULLSET_1999-2014_1-4,..\data\raw\fluxnet_from_fluxnetorg\FLX_US-MMS_FLUXNET2015_FULLSET_1999-2014_1-4,..\data\raw\fluxnet_from_fluxnetorg\FLX_US-MMS_FLUXNET2015_FULLSET_1999-2014_1-4\FLX_US-MMS_FLUXNET2015_FULLSET_HR_1999-2014_1-4.csv,,,,AMF_US-MMS_FLUXNET_FULLSET_1999-2020_3-5,..\data\raw\ameriflux\AMF_US-MMS_FLUXNET_FULLSET_1999-2020_3-5,..\data\raw\ameriflux\AMF_US-MMS_FLUXNET_FULLSET_1999-2020_3-5\AMF_US-MMS_FLUXNET_FULLSET_HR_1999-2020_3-5.csv,..\data\processed\parquet_merged\US-MMS_DBF_AMF+FXN-ORG_1999-2020.parquet,NEE_VUT_50,NEE_VUT_50_QC,LE_F_MDS,LE_F_MDS_QC,GPP_NT_VUT_50,RECO_NT_VUT_50,SW_IN_F,TA_F,VPD_F,P_F,SWC_F_MDS_1,01 Jan 1999,31 Dec 2020,22.0,192864.0,-1.1100449339023448,192864.0,38.749078367345525,192864.0,4.5018060554647255,192864.0,3.4057005253304964,192864.0,166.55408336444336,192864.0,12.433032546250208,192864.0,5.349795259872241,192864.0,1099.5978181818184,192864.0,36.3325525292434,192864,..\data\processed\subsets\US-MMS_subset_warmest6_qc0_daytime_zscores.parquet
US-MOz,AMERIFLUX,DBF,38.7441,-92.2,219.4,,,,,,,,,,AMF_US-MOz_FLUXNET_FULLSET_2004-2021_5-7,..\data\raw\ameriflux\AMF_US-MOz_FLUXNET_FULLSET_2004-2021_5-7,..\data\raw\ameriflux\AMF_US-MOz_FLUXNET_FULLSET_2004-2021_5-7\AMF_US-MOz_FLUXNET_FULLSET_HH_2004-2021_5-7.csv,..\data\processed\parquet_merged\US-MOz_DBF_AMF_2004-2021.parquet,NEE_VUT_50,NEE_VUT_50_QC,LE_F_MDS,LE_F_MDS_QC,GPP_NT_VUT_50,RECO_NT_VUT_50,SW_IN_F,TA_F,VPD_F,P_F,SWC_F_MDS_1,01 Jan 2004,31 Dec 2021,18.0,315600.0,-1.1859983236333316,315600.0,45.88887064851222,315600.0,4.221235507896767,315600.0,3.048031984096024,315600.0,174.75233830164763,315600.0,13.57425256970849,315600.0,6.496386343472754,315600.0,902.445555555556,315600.0,35.774076018158226,308400,..\data\processed\subsets\US-MOz_subset_warmest6_qc0_daytime_zscores.parquet
US-Me1,AMERIFLUX+FLUXNET_ORG,ENF,44.5794,-121.5,896.0,,,,FLX_US-Me1_FLUXNET2015_FULLSET_2004-2005_1-4,..\data\raw\fluxnet_from_fluxnetorg\FLX_US-Me1_FLUXNET2015_FULLSET_2004-2005_1-4,..\data\raw\fluxnet_from_fluxnetorg\FLX_US-Me1_FLUXNET2015_FULLSET_2004-2005_1-4\FLX_US-Me1_FLUXNET2015_FULLSET_HH_2004-2005_1-4.csv,,,,AMF_US-Me1_FLUXNET_FULLSET_2004-2005_5-7,..\data\raw\ameriflux\AMF_US-Me1_FLUXNET_FULLSET_2004-2005_5-7,..\data\raw\ameriflux\AMF_US-Me1_FLUXNET_FULLSET_2004-2005_5-7\AMF_US-Me1_FLUXNET_FULLSET_HH_2004-2005_5-7.csv,..\data\processed\parquet_merged\US-Me1_ENF_AMF+FXN-ORG_2004-2005.parquet,NEE_VUT_50,NEE_VUT_50_QC,LE_F_MDS,LE_F_MDS_QC,GPP_NT_VUT_50,RECO_NT_VUT_50,SW_IN_F,TA_F,VPD_F,P_F,SWC_F_MDS_1,01 Jan 2004,31 Dec 2005,2.0,35088.0,-0.4011508005504731,35088.0,39.20571740479595,35088.0,2.0009271111514577,35088.0,1.599644724350998,35088.0,171.61498452462382,35088.0,8.857565691974463,35088.0,6.692573557911537,35088.0,160.9015,35088.0,14.908949944617332,18959,..\data\processed\subsets\US-Me1_subset_warmest6_qc0_daytime_zscores.parquet
US-Me2,AMERIFLUX+FLUXNET_ORG,ENF,44.4523,-121.5574,1253.0,,,,FLX_US-Me2_FLUXNET2015_FULLSET_2002-2014_1-4,..\data\raw\fluxnet_from_fluxnetorg\FLX_US-Me2_FLUXNET2015_FULLSET_2002-2014_1-4,..\data\raw\fluxnet_from_fluxnetorg\FLX_US-Me2_FLUXNET2015_FULLSET_2002-2014_1-4\FLX_US-Me2_FLUXNET2015_FULLSET_HH_2002-2014_1-4.csv,,,,AMF_US-Me2_FLUXNET_FULLSET_2002-2022_4-6,..\data\raw\ameriflux\AMF_US-Me2_FLUXNET_FULLSET_2002-2022_4-6,..\data\raw\ameriflux\AMF_US-Me2_FLUXNET_FULLSET_2002-2022_4-6\AMF_US-Me2_FLUXNET_FULLSET_HH_2002-2022_4-6.csv,..\data\processed\parquet_merged\US-Me2_ENF_AMF+FXN-ORG_2002-2022.parquet,NEE_VUT_50,NEE_VUT_50_QC,LE_F_MDS,LE_F_MDS_QC,GPP_NT_VUT_50,RECO_NT_VUT_50,SW_IN_F,TA_F,VPD_F,P_F,SWC_F_MDS_1,01 Jan 2002,31 Dec 2022,21.0,368160.0,-0.8203506176313334,368160.0,38.17829527600415,368160.0,4.015708348381638,368160.0,3.209555756992324,368160.0,179.64439044980443,368160.0,7.850317535853977,368160.0,6.081577303346371,368160.0,476.9919523809524,368160.0,16.830593825284826,303431,..\data\processed\subsets\US-Me2_subset_warmest6_qc0_daytime_zscores.parquet
US-Me3,AMERIFLUX+FLUXNET_ORG,ENF,44.3154,-121.6078,1005.0,,,,FLX_US-Me3_FLUXNET2015_FULLSET_2004-2009_1-4,..\data\raw\fluxnet_from_fluxnetorg\FLX_US-Me3_FLUXNET2015_FULLSET_2004-2009_1-4,..\data\raw\fluxnet_from_fluxnetorg\FLX_US-Me3_FLUXNET2015_FULLSET_2004-2009_1-4\FLX_US-Me3_FLUXNET2015_FULLSET_HH_2004-2009_1-4.csv,,,,AMF_US-Me3_FLUXNET_FULLSET_2004-2009_4-6,..\data\raw\ameriflux\AMF_US-Me3_FLUXNET_FULLSET_2004-2009_4-6,..\data\raw\ameriflux\AMF_US-Me3_FLUXNET_FULLSET_2004-2009_4-6\AMF_US-Me3_FLUXNET_FULLSET_HH_2004-2009_4-6.csv,..\data\processed\parquet_merged\US-Me3_ENF_AMF+FXN-ORG_2004-2009.parquet,NEE_VUT_50,NEE_VUT_50_QC,LE_F_MDS,LE_F_MDS_QC,GPP_NT_VUT_50,RECO_NT_VUT_50,SW_IN_F,TA_F,VPD_F,P_F,SWC_F_MDS_1,01 Jan 2004,31 Dec 2009,6.0,105216.0,-0.2618607140586128,105216.0,28.5916293489806,105216.0,2.0690622810999657,105216.0,1.8113386582105384,105216.0,96.0864163245134,105216.0,8.632480449741484,105216.0,6.600688764066301,105216.0,341.3951666666667,105216.0,12.346003339841232,100903,..\data\processed\subsets\US-Me3_subset_warmest6_qc0_daytime_zscores.parquet
US-Me4,FLUXNET_ORG,ENF,44.4992,-121.6224,922.0,,,,FLX_US-Me4_FLUXNET2015_FULLSET_1996-2000_1-4,..\data\raw\fluxnet_from_fluxnetorg\FLX_US-Me4_FLUXNET2015_FULLSET_1996-2000_1-4,..\data\raw\fluxnet_from_fluxnetorg\FLX_US-Me4_FLUXNET2015_FULLSET_1996-2000_1-4\FLX_US-Me4_FLUXNET2015_FULLSET_HH_1996-2000_1-4.csv,,,,,,,..\data\processed\parquet_merged\US-Me4_ENF_FXN-ORG_1996-2000.parquet,NEE_VUT_50,NEE_VUT_50_QC,LE_F_MDS,LE_F_MDS_QC,GPP_NT_VUT_50,RECO_NT_VUT_50,SW_IN_F,TA_F,VPD_F,P_F,SWC_F_MDS_1,01 Jan 1996,31 Dec 2000,5.0,87696.0,-2.162387836481999,87696.0,31.18653839047529,17568.0,4.042644278450556,87696.0,1.8019210990581096,87696.0,175.78538396278051,87696.0,8.321195926838167,87696.0,5.785130598887065,87696.0,604.8314000000001,87696.0,14.611995953852041,18289,..\data\processed\subsets\US-Me4_subset_warmest6_qc0_daytime_zscores.parquet
US-Me5,FLUXNET_ORG,ENF,44.43719,-121.56676,1188.0,,,,FLX_US-Me5_FLUXNET2015_FULLSET_2000-2002_1-4,..\data\raw\fluxnet_from_fluxnetorg\FLX_US-Me5_FLUXNET2015_FULLSET_2000-2002_1-4,..\data\raw\fluxnet_from_fluxnetorg\FLX_US-Me5_FLUXNET2015_FULLSET_2000-2002_1-4\FLX_US-Me5_FLUXNET2015_FULLSET_HH_2000-2002_1-4.csv,,,,,,,..\data\processed\parquet_merged\US-Me5_ENF_FXN-ORG_2000-2002.parquet,NEE_VUT_50,NEE_VUT_50_QC,LE_F_MDS,LE_F_MDS_QC,GPP_NT_VUT_50,RECO_NT_VUT_50,SW_IN_F,TA_F,VPD_F,P_F,SWC_F_MDS_1,01 Jan 2000,31 Dec 2002,3.0,52608.0,-0.545241704488861,52608.0,28.061877485898684,52608.0,2.29203855136101,52608.0,1.7490920623859487,52608.0,169.67087254790147,52608.0,7.675637830748175,52608.0,5.849144103558394,52608.0,402.4333333333333,52608.0,12.855304117244522,52608,..\data\processed\subsets\US-Me5_subset_warmest6_qc0_daytime_zscores.parquet
US-Me6,AMERIFLUX+FLUXNET_ORG,ENF,44.3233,-121.6078,998.0,,,,FLX_US-Me6_FLUXNET2015_FULLSET_2010-2014_2-4,..\data\raw\fluxnet_from_fluxnetorg\FLX_US-Me6_FLUXNET2015_FULLSET_2010-2014_2-4,..\data\raw\fluxnet_from_fluxnetorg\FLX_US-Me6_FLUXNET2015_FULLSET_2010-2014_2-4\FLX_US-Me6_FLUXNET2015_FULLSET_HH_2010-2014_2-4.csv,,,,AMF_US-Me6_FLUXNET_FULLSET_2010-2024_5-7,..\data\raw\ameriflux\AMF_US-Me6_FLUXNET_FULLSET_2010-2024_5-7,..\data\raw\ameriflux\AMF_US-Me6_FLUXNET_FULLSET_2010-2024_5-7\AMF_US-Me6_FLUXNET_FULLSET_HH_2010-2024_5-7.csv,..\data\processed\parquet_merged\US-Me6_ENF_AMF+FXN-ORG_2010-2024.parquet,NEE_VUT_50,NEE_VUT_50_QC,LE_F_MDS,LE_F_MDS_QC,GPP_NT_VUT_50,RECO_NT_VUT_50,SW_IN_F,TA_F,VPD_F,P_F,SWC_F_MDS_1,01 Jan 2010,31 Dec 2024,15.0,262992.0,-0.1725724466552039,262992.0,25.426364814142914,262992.0,2.255050535655064,262992.0,2.082685457151259,262992.0,185.3005205063272,262992.0,7.921878098953581,262992.0,6.491584017764798,262992.0,313.2799999999999,262992.0,8.995471591594393,257019,..\data\processed\subsets\US-Me6_subset_warmest6_qc0_daytime_zscores.parquet
US-MtB,AMERIFLUX,ENF,32.4167,-110.7255,2573.0,,,,,,,,,,AMF_US-MtB_FLUXNET_FULLSET_2009-2024_3-7,..\data\raw\ameriflux\AMF_US-MtB_FLUXNET_FULLSET_2009-2024_3-7,..\data\raw\ameriflux\AMF_US-MtB_FLUXNET_FULLSET_2009-2024_3-7\AMF_US-MtB_FLUXNET_FULLSET_HH_2009-2024_3-7.csv,..\data\processed\parquet_merged\US-MtB_ENF_AMF_2009-2024.parquet,NEE_VUT_50,NEE_VUT_50_QC,LE_F_MDS,LE_F_MDS_QC,GPP_NT_VUT_50,RECO_NT_VUT_50,SW_IN_F,TA_F,VPD_F,P_F,SWC_F_MDS_1,01 Jan 2009,31 Dec 2024,16.0,280512.0,-1.1501986983114445,280512.0,51.80157969153323,280512.0,3.092160046121561,262992.0,1.9085477430591569,262992.0,244.59006067833096,280512.0,9.878532601100844,280512.0,8.075685321840064,280512.0,588.4015625000002,280512.0,8.703157579507952,266640,..\data\processed\subsets\US-MtB_subset_warmest6_qc0_daytime_zscores.parquet
US-NC1,AMERIFLUX,OSH,35.8118,-76.7119,5.0,,,,,,,,,,AMF_US-NC1_FLUXNET_FULLSET_2005-2012_5-7,..\data\raw\ameriflux\AMF_US-NC1_FLUXNET_FULLSET_2005-2012_5-7,..\data\raw\ameriflux\AMF_US-NC1_FLUXNET_FULLSET_2005-2012_5-7\AMF_US-NC1_FLUXNET_FULLSET_HH_2005-2012_5-7.csv,..\data\processed\parquet_merged\US-NC1_OSH_AMF_2005-2012.parquet,NEE_VUT_50,NEE_VUT_50_QC,LE_F_MDS,LE_F_MDS_QC,GPP_NT_VUT_50,RECO_NT_VUT_50,SW_IN_F,TA_F,VPD_F,P_F,SWC_F_MDS_1,01 Jan 2005,31 Dec 2012,8.0,140256.0,0.2570331886527086,140256.0,52.96765100155538,140256.0,5.539845744109883,140256.0,5.821965383693175,140256.0,173.90828321783025,140256.0,15.474512805156284,140256.0,5.733822788329912,140256.0,1074.2539999999997,140256.0,28.537359549680584,140256,..\data\processed\subsets\US-NC1_subset_warmest6_qc0_daytime_zscores.parquet
US-NC3,AMERIFLUX,ENF,35.799,-76.656,5.0,,,,,,,,,,AMF_US-NC3_FLUXNET_FULLSET_2013-2021_3-5,..\data\raw\ameriflux\AMF_US-NC3_FLUXNET_FULLSET_2013-2021_3-5,..\data\raw\ameriflux\AMF_US-NC3_FLUXNET_FULLSET_2013-2021_3-5\AMF_US-NC3_FLUXNET_FULLSET_HH_2013-2021_3-5.csv,..\data\processed\parquet_merged\US-NC3_ENF_AMF_2013-2021.parquet,NEE_VUT_50,NEE_VUT_50_QC,LE_F_MDS,LE_F_MDS_QC,GPP_NT_VUT_50,RECO_NT_VUT_50,SW_IN_F,TA_F,VPD_F,P_F,SWC_F_MDS_1,01 Jan 2013,31 Dec 2021,9.0,157776.0,0.6855398538659049,157776.0,76.97546699688834,157776.0,4.838117583147954,140256.0,5.608471712996729,140256.0,179.97072620677412,157776.0,16.033129265541024,157776.0,4.357749359851942,157776.0,1566.0421111111111,157776.0,32.38846746352309,152014,..\data\processed\subsets\US-NC3_subset_warmest6_qc0_daytime_zscores.parquet
US-NR1,AMERIFLUX+FLUXNET_ORG,ENF,40.0329,-105.5464,3050.0,,,,FLX_US-NR1_FLUXNET2015_FULLSET_1998-2014_1-4,..\data\raw\fluxnet_from_fluxnetorg\FLX_US-NR1_FLUXNET2015_FULLSET_1998-2014_1-4,..\data\raw\fluxnet_from_fluxnetorg\FLX_US-NR1_FLUXNET2015_FULLSET_1998-2014_1-4\FLX_US-NR1_FLUXNET2015_FULLSET_HH_1998-2014_1-4.csv,,,,AMF_US-NR1_FLUXNET_FULLSET_1998-2016_3-5,..\data\raw\ameriflux\AMF_US-NR1_FLUXNET_FULLSET_1998-2016_3-5,..\data\raw\ameriflux\AMF_US-NR1_FLUXNET_FULLSET_1998-2016_3-5\AMF_US-NR1_FLUXNET_FULLSET_HH_1998-2016_3-5.csv,..\data\processed\parquet_merged\US-NR1_ENF_AMF+FXN-ORG_1998-2016.parquet,NEE_VUT_50,NEE_VUT_50_QC,LE_F_MDS,LE_F_MDS_QC,GPP_NT_VUT_50,RECO_NT_VUT_50,SW_IN_F,TA_F,VPD_F,P_F,SWC_F_MDS_1,01 Jan 1998,31 Dec 2016,19.0,333120.0,-0.4336213072165082,333120.0,46.36716728284435,333120.0,2.2575959729277084,315600.0,1.7785009936212968,315600.0,188.5345948637128,333120.0,2.341615931195965,333120.0,4.488561005043229,333120.0,633.8589473684209,333120.0,11.702857715993206,263712,..\data\processed\subsets\US-NR1_subset_warmest6_qc0_daytime_zscores.parquet
US-Oho,AMERIFLUX+FLUXNET_ORG,DBF,41.5545,-83.8438,230.0,,,,FLX_US-Oho_FLUXNET2015_FULLSET_2004-2013_1-4,..\data\raw\fluxnet_from_fluxnetorg\FLX_US-Oho_FLUXNET2015_FULLSET_2004-2013_1-4,..\data\raw\fluxnet_from_fluxnetorg\FLX_US-Oho_FLUXNET2015_FULLSET_2004-2013_1-4\FLX_US-Oho_FLUXNET2015_FULLSET_HH_2004-2013_1-4.csv,,,,AMF_US-Oho_FLUXNET_FULLSET_2004-2013_5-7,..\data\raw\ameriflux\AMF_US-Oho_FLUXNET_FULLSET_2004-2013_5-7,..\data\raw\ameriflux\AMF_US-Oho_FLUXNET_FULLSET_2004-2013_5-7\AMF_US-Oho_FLUXNET_FULLSET_HH_2004-2013_5-7.csv,..\data\processed\parquet_merged\US-Oho_DBF_AMF+FXN-ORG_2004-2013.parquet,NEE_VUT_50,NEE_VUT_50_QC,LE_F_MDS,LE_F_MDS_QC,GPP_NT_VUT_50,RECO_NT_VUT_50,SW_IN_F,TA_F,VPD_F,P_F,SWC_F_MDS_1,01 Jan 2004,31 Dec 2013,10.0,175344.0,-2.204909448538448,175344.0,48.23054271057219,175344.0,4.733620737041859,175344.0,2.5355300097984435,175344.0,161.08607725955835,175344.0,10.515954392508442,175344.0,4.765129431289351,175344.0,832.5485000000001,175344.0,18.655643860069354,175344,..\data\processed\subsets\US-Oho_subset_warmest6_qc0_daytime_zscores.parquet
US-PFL,AMERIFLUX,DBF,45.9409,-90.3177,464.0,,,,,,,,,,AMF_US-PFL_FLUXNET_FULLSET_2019-2019_4-7,..\data\raw\ameriflux\AMF_US-PFL_FLUXNET_FULLSET_2019-2019_4-7,..\data\raw\ameriflux\AMF_US-PFL_FLUXNET_FULLSET_2019-2019_4-7\AMF_US-PFL_FLUXNET_FULLSET_HH_2019-2019_4-7.csv,..\data\processed\parquet_merged\US-PFL_DBF_AMF_2019-2019.parquet,NEE_VUT_50,NEE_VUT_50_QC,LE_F_MDS,LE_F_MDS_QC,GPP_NT_VUT_50,RECO_NT_VUT_50,SW_IN_F,TA_F,VPD_F,P_F,SWC_F_MDS_1,01 Jan 2019,31 Dec 2019,1.0,17520.0,-2.4944353539098176,17520.0,94.178203145234,17520.0,7.641970989876713,17520.0,5.156588806295662,17520.0,151.02466050228313,17520.0,4.932248230593608,17520.0,2.672840639269406,17520.0,3818.978000000001,17520.0,32.5788105552166,6556,..\data\processed\subsets\US-PFL_subset_warmest6_qc0_daytime_zscores.parquet
US-PFa,FLUXNET_ORG,MF,45.9459,-90.2723,470.0,,,,FLX_US-PFa_FLUXNET2015_FULLSET_1995-2014_1-4,..\data\raw\fluxnet_from_fluxnetorg\FLX_US-PFa_FLUXNET2015_FULLSET_1995-2014_1-4,..\data\raw\fluxnet_from_fluxnetorg\FLX_US-PFa_FLUXNET2015_FULLSET_1995-2014_1-4\FLX_US-PFa_FLUXNET2015_FULLSET_HR_1995-2014_1-4.csv,,,,,,,..\data\processed\parquet_merged\US-PFa_MF_FXN-ORG_1995-2014.parquet,NEE_VUT_50,NEE_VUT_50_QC,LE_F_MDS,LE_F_MDS_QC,GPP_NT_VUT_50,RECO_NT_VUT_50,SW_IN_F,TA_F,VPD_F,P_F,SWC_F_MDS_1,01 Jan 1995,31 Dec 2014,20.0,175320.0,-0.0358041912281821,175320.0,28.109668835388995,166560.0,2.6052453251260808,166560.0,2.586090846319645,166560.0,135.882528878622,175320.0,5.554301254848277,175320.0,3.1248696098562627,175320.0,606.47585,175320.0,17.12352690475899,163354,..\data\processed\subsets\US-PFa_subset_warmest6_qc0_daytime_zscores.parquet
US-PFb,AMERIFLUX,ENF,45.972,-90.3232,474.0,,,,,,,,,,AMF_US-PFb_FLUXNET_FULLSET_2019-2019_4-7,..\data\raw\ameriflux\AMF_US-PFb_FLUXNET_FULLSET_2019-2019_4-7,..\data\raw\ameriflux\AMF_US-PFb_FLUXNET_FULLSET_2019-2019_4-7\AMF_US-PFb_FLUXNET_FULLSET_HH_2019-2019_4-7.csv,..\data\processed\parquet_merged\US-PFb_ENF_AMF_2019-2019.parquet,NEE_VUT_50,NEE_VUT_50_QC,LE_F_MDS,LE_F_MDS_QC,GPP_NT_VUT_50,RECO_NT_VUT_50,SW_IN_F,TA_F,VPD_F,P_F,SWC_F_MDS_1,01 Jan 2019,31 Dec 2019,1.0,17520.0,-3.141511753105023,17520.0,79.0035602350799,17520.0,7.684893052930822,17520.0,4.5384828154280825,17520.0,150.8430265410959,17520.0,5.428481678082192,17520.0,3.06769046803653,17520.0,3818.978000000001,17520.0,32.17048927673421,6761,..\data\processed\subsets\US-PFb_subset_warmest6_qc0_daytime_zscores.parquet
US-PFc,AMERIFLUX,DBF,45.9677,-90.3088,473.0,,,,,,,,,,AMF_US-PFc_FLUXNET_FULLSET_2019-2019_4-7,..\data\raw\ameriflux\AMF_US-PFc_FLUXNET_FULLSET_2019-2019_4-7,..\data\raw\ameriflux\AMF_US-PFc_FLUXNET_FULLSET_2019-2019_4-7\AMF_US-PFc_FLUXNET_FULLSET_HH_2019-2019_4-7.csv,..\data\processed\parquet_merged\US-PFc_DBF_AMF_2019-2019.parquet,NEE_VUT_50,NEE_VUT_50_QC,LE_F_MDS,LE_F_MDS_QC,GPP_NT_VUT_50,RECO_NT_VUT_50,SW_IN_F,TA_F,VPD_F,P_F,SWC_F_MDS_1,01 Jan 2019,31 Dec 2019,1.0,17520.0,0.0937847297871004,17520.0,25.00464708105765,17520.0,1.7934632406388014,17520.0,1.9026030637588585,17520.0,114.78690684931507,17520.0,4.500256164383562,17520.0,2.085745148401826,17520.0,3818.978000000001,17520.0,31.59767986047923,6594,..\data\processed\subsets\US-PFc_subset_warmest6_qc0_daytime_zscores.parquet
US-PFg,AMERIFLUX,ENF,45.9735,-90.2723,475.0,,,,,,,,,,AMF_US-PFg_FLUXNET_FULLSET_2019-2019_3-7,..\data\raw\ameriflux\AMF_US-PFg_FLUXNET_FULLSET_2019-2019_3-7,..\data\raw\ameriflux\AMF_US-PFg_FLUXNET_FULLSET_2019-2019_3-7\AMF_US-PFg_FLUXNET_FULLSET_HH_2019-2019_3-7.csv,..\data\processed\parquet_merged\US-PFg_ENF_AMF_2019-2019.parquet,NEE_VUT_50,NEE_VUT_50_QC,LE_F_MDS,LE_F_MDS_QC,GPP_NT_VUT_50,RECO_NT_VUT_50,SW_IN_F,TA_F,VPD_F,P_F,SWC_F_MDS_1,01 Jan 2019,31 Dec 2019,1.0,17520.0,-4.077286223053652,17520.0,93.06301125093609,17520.0,9.860752483821509,17520.0,5.785373716438356,17520.0,149.3235167808219,17520.0,4.989165068493151,17520.0,2.165561301369863,17520.0,3818.978000000001,17520.0,37.069677861685214,5032,..\data\processed\subsets\US-PFg_subset_warmest6_qc0_daytime_zscores.parquet
US-PFh,AMERIFLUX,ENF,45.9557,-90.2406,463.0,,,,,,,,,,AMF_US-PFh_FLUXNET_FULLSET_2019-2019_3-7,..\data\raw\ameriflux\AMF_US-PFh_FLUXNET_FULLSET_2019-2019_3-7,..\data\raw\ameriflux\AMF_US-PFh_FLUXNET_FULLSET_2019-2019_3-7\AMF_US-PFh_FLUXNET_FULLSET_HH_2019-2019_3-7.csv,..\data\processed\parquet_merged\US-PFh_ENF_AMF_2019-2019.parquet,NEE_VUT_50,NEE_VUT_50_QC,LE_F_MDS,LE_F_MDS_QC,GPP_NT_VUT_50,RECO_NT_VUT_50,SW_IN_F,TA_F,VPD_F,P_F,SWC_F_MDS_1,01 Jan 2019,31 Dec 2019,1.0,17520.0,1.7933041763413238,17520.0,61.985050857134695,17520.0,6.985286490030139,17520.0,8.77799711750685,17520.0,146.19874714611873,17520.0,5.14082357305936,17520.0,2.2490645547945207,17520.0,3818.978000000001,17520.0,13.088459752321981,6460,..\data\processed\subsets\US-PFh_subset_warmest6_qc0_daytime_zscores.parquet
US-PFi,AMERIFLUX,DBF,45.9749,-90.2327,488.0,,,,,,,,,,AMF_US-PFi_FLUXNET_FULLSET_2019-2019_3-7,..\data\raw\ameriflux\AMF_US-PFi_FLUXNET_FULLSET_2019-2019_3-7,..\data\raw\ameriflux\AMF_US-PFi_FLUXNET_FULLSET_2019-2019_3-7\AMF_US-PFi_FLUXNET_FULLSET_HH_2019-2019_3-7.csv,..\data\processed\parquet_merged\US-PFi_DBF_AMF_2019-2019.parquet,NEE_VUT_50,NEE_VUT_50_QC,LE_F_MDS,LE_F_MDS_QC,GPP_NT_VUT_50,RECO_NT_VUT_50,SW_IN_F,TA_F,VPD_F,P_F,SWC_F_MDS_1,01 Jan 2019,31 Dec 2019,1.0,17520.0,-0.9917091344183788,17520.0,85.85557511363584,17520.0,7.253774791115354,17520.0,6.1988496307077625,17520.0,146.48936284246577,17520.0,5.020232248858448,17520.0,2.305042579908676,17520.0,3818.978000000001,17520.0,30.222888508785566,6431,..\data\processed\subsets\US-PFi_subset_warmest6_qc0_daytime_zscores.parquet
US-PFj,AMERIFLUX,DBF,45.9619,-90.227,484.0,,,,,,,,,,AMF_US-PFj_FLUXNET_FULLSET_2019-2019_3-7,..\data\raw\ameriflux\AMF_US-PFj_FLUXNET_FULLSET_2019-2019_3-7,..\data\raw\ameriflux\AMF_US-PFj_FLUXNET_FULLSET_2019-2019_3-7\AMF_US-PFj_FLUXNET_FULLSET_HH_2019-2019_3-7.csv,..\data\processed\parquet_merged\US-PFj_DBF_AMF_2019-2019.parquet,NEE_VUT_50,NEE_VUT_50_QC,LE_F_MDS,LE_F_MDS_QC,GPP_NT_VUT_50,RECO_NT_VUT_50,SW_IN_F,TA_F,VPD_F,P_F,SWC_F_MDS_1,01 Jan 2019,31 Dec 2019,1.0,17520.0,-1.0954802437614155,17520.0,72.72951126468608,17520.0,5.610644996036421,17520.0,4.540833232134704,17520.0,150.89176792237444,17520.0,4.95441055936073,17520.0,2.2642459474885843,17520.0,3818.978000000001,17520.0,38.29394841698843,6475,..\data\processed\subsets\US-PFj_subset_warmest6_qc0_daytime_zscores.parquet
US-PFk,AMERIFLUX,DBF,45.9149,-90.3425,476.0,,,,,,,,,,AMF_US-PFk_FLUXNET_FULLSET_2019-2019_4-7,..\data\raw\ameriflux\AMF_US-PFk_FLUXNET_FULLSET_2019-2019_4-7,..\data\raw\ameriflux\AMF_US-PFk_FLUXNET_FULLSET_2019-2019_4-7\AMF_US-PFk_FLUXNET_FULLSET_HH_2019-2019_4-7.csv,..\data\processed\parquet_merged\US-PFk_DBF_AMF_2019-2019.parquet,NEE_VUT_50,NEE_VUT_50_QC,LE_F_MDS,LE_F_MDS_QC,GPP_NT_VUT_50,RECO_NT_VUT_50,SW_IN_F,TA_F,VPD_F,P_F,SWC_F_MDS_1,01 Jan 2019,31 Dec 2019,1.0,17520.0,-3.0869077388356163,17520.0,72.363157813508,17520.0,5.91945379258197,17520.0,2.837956922239726,17520.0,150.68223915525112,17520.0,4.967327625570777,17520.0,2.3371616438356164,17520.0,3818.978000000001,17520.0,23.780802183014355,6688,..\data\processed\subsets\US-PFk_subset_warmest6_qc0_daytime_zscores.parquet
US-PFm,AMERIFLUX,DBF,45.9207,-90.3099,484.0,,,,,,,,,,AMF_US-PFm_FLUXNET_FULLSET_2019-2019_4-7,..\data\raw\ameriflux\AMF_US-PFm_FLUXNET_FULLSET_2019-2019_4-7,..\data\raw\ameriflux\AMF_US-PFm_FLUXNET_FULLSET_2019-2019_4-7\AMF_US-PFm_FLUXNET_FULLSET_HH_2019-2019_4-7.csv,..\data\processed\parquet_merged\US-PFm_DBF_AMF_2019-2019.parquet,NEE_VUT_50,NEE_VUT_50_QC,LE_F_MDS,LE_F_MDS_QC,GPP_NT_VUT_50,RECO_NT_VUT_50,SW_IN_F,TA_F,VPD_F,P_F,SWC_F_MDS_1,01 Jan 2019,31 Dec 2019,1.0,17520.0,-2.5864958593550225,17520.0,85.74192703481735,17520.0,8.594036580641234,17520.0,6.162129685616439,17520.0,149.15397825342467,17520.0,5.14069446347032,17520.0,2.745171232876712,17520.0,3818.978000000001,17520.0,28.187301813471503,4632,..\data\processed\subsets\US-PFm_subset_warmest6_qc0_daytime_zscores.parquet
US-PFn,AMERIFLUX,DBF,45.9392,-90.2823,478.0,,,,,,,,,,AMF_US-PFn_FLUXNET_FULLSET_2019-2019_4-7,..\data\raw\ameriflux\AMF_US-PFn_FLUXNET_FULLSET_2019-2019_4-7,..\data\raw\ameriflux\AMF_US-PFn_FLUXNET_FULLSET_2019-2019_4-7\AMF_US-PFn_FLUXNET_FULLSET_HH_2019-2019_4-7.csv,..\data\processed\parquet_merged\US-PFn_DBF_AMF_2019-2019.parquet,NEE_VUT_50,NEE_VUT_50_QC,LE_F_MDS,LE_F_MDS_QC,GPP_NT_VUT_50,RECO_NT_VUT_50,SW_IN_F,TA_F,VPD_F,P_F,SWC_F_MDS_1,01 Jan 2019,31 Dec 2019,1.0,17520.0,-4.50387405354452,17520.0,88.39948218997716,17520.0,9.142446303558277,17520.0,4.637273539446347,17520.0,151.0340980022831,17520.0,4.809323401826484,17520.0,3.133237100456621,17520.0,3818.978000000001,17520.0,22.6776668648729,6727,..\data\processed\subsets\US-PFn_subset_warmest6_qc0_daytime_zscores.parquet
US-PFp,AMERIFLUX,DBF,45.9365,-90.2641,497.0,,,,,,,,,,AMF_US-PFp_FLUXNET_FULLSET_2019-2019_4-7,..\data\raw\ameriflux\AMF_US-PFp_FLUXNET_FULLSET_2019-2019_4-7,..\data\raw\ameriflux\AMF_US-PFp_FLUXNET_FULLSET_2019-2019_4-7\AMF_US-PFp_FLUXNET_FULLSET_HH_2019-2019_4-7.csv,..\data\processed\parquet_merged\US-PFp_DBF_AMF_2019-2019.parquet,NEE_VUT_50,NEE_VUT_50_QC,LE_F_MDS,LE_F_MDS_QC,GPP_NT_VUT_50,RECO_NT_VUT_50,SW_IN_F,TA_F,VPD_F,P_F,SWC_F_MDS_1,01 Jan 2019,31 Dec 2019,1.0,17520.0,-3.4832899751712327,17520.0,64.11868723002284,17520.0,7.734829709042813,17520.0,4.280129880164385,17520.0,150.44979594748858,17520.0,4.403942694063927,17520.0,2.6214196917808223,17520.0,3818.978000000001,17520.0,19.68976400476758,5034,..\data\processed\subsets\US-PFp_subset_warmest6_qc0_daytime_zscores.parquet
US-PFq,AMERIFLUX,DBF,45.9271,-90.2475,473.0,,,,,,,,,,AMF_US-PFq_FLUXNET_FULLSET_2019-2019_4-7,..\data\raw\ameriflux\AMF_US-PFq_FLUXNET_FULLSET_2019-2019_4-7,..\data\raw\ameriflux\AMF_US-PFq_FLUXNET_FULLSET_2019-2019_4-7\AMF_US-PFq_FLUXNET_FULLSET_HH_2019-2019_4-7.csv,..\data\processed\parquet_merged\US-PFq_DBF_AMF_2019-2019.parquet,NEE_VUT_50,NEE_VUT_50_QC,LE_F_MDS,LE_F_MDS_QC,GPP_NT_VUT_50,RECO_NT_VUT_50,SW_IN_F,TA_F,VPD_F,P_F,SWC_F_MDS_1,01 Jan 2019,31 Dec 2019,1.0,17520.0,-2.458348697671233,17520.0,71.86047095478654,17520.0,6.3834009298945205,17520.0,3.909523151190068,17520.0,152.2177886415525,17520.0,5.111476198630138,17520.0,2.701160159817352,17520.0,3818.978000000001,17520.0,26.772995633187772,6412,..\data\processed\subsets\US-PFq_subset_warmest6_qc0_daytime_zscores.parquet
US-PFt,AMERIFLUX,ENF,45.9197,-90.2288,466.0,,,,,,,,,,AMF_US-PFt_FLUXNET_FULLSET_2019-2019_4-7,..\data\raw\ameriflux\AMF_US-PFt_FLUXNET_FULLSET_2019-2019_4-7,..\data\raw\ameriflux\AMF_US-PFt_FLUXNET_FULLSET_2019-2019_4-7\AMF_US-PFt_FLUXNET_FULLSET_HH_2019-2019_4-7.csv,..\data\processed\parquet_merged\US-PFt_ENF_AMF_2019-2019.parquet,NEE_VUT_50,NEE_VUT_50_QC,LE_F_MDS,LE_F_MDS_QC,GPP_NT_VUT_50,RECO_NT_VUT_50,SW_IN_F,TA_F,VPD_F,P_F,SWC_F_MDS_1,01 Jan 2019,31 Dec 2019,1.0,17520.0,-3.667469893812785,17520.0,81.08310171693492,17520.0,8.269792861925001,17520.0,4.612329683230594,17520.0,150.55152374429224,17520.0,4.933810216894977,17520.0,2.5938865867579906,17520.0,3818.978000000001,17520.0,15.41213812154696,6516,..\data\processed\subsets\US-PFt_subset_warmest6_qc0_daytime_zscores.parquet
US-PSH,AMERIFLUX,DBF,36.2347,-119.9247,70.0,,,,,,,,,,AMF_US-PSH_FLUXNET_FULLSET_2016-2016_4-7,..\data\raw\ameriflux\AMF_US-PSH_FLUXNET_FULLSET_2016-2016_4-7,..\data\raw\ameriflux\AMF_US-PSH_FLUXNET_FULLSET_2016-2016_4-7\AMF_US-PSH_FLUXNET_FULLSET_HH_2016-2016_4-7.csv,..\data\processed\parquet_merged\US-PSH_DBF_AMF_2016-2016.parquet,NEE_VUT_50,NEE_VUT_50_QC,LE_F_MDS,LE_F_MDS_QC,GPP_NT_VUT_50,RECO_NT_VUT_50,SW_IN_F,TA_F,VPD_F,P_F,-MISSING-,01 Jan 2016,31 Dec 2016,1.0,17568.0,-0.1594801247876821,17568.0,29.86494043696949,17568.0,1.9712707442785693,17568.0,1.8050895129781424,17568.0,229.98835371129323,17568.0,18.69996761156648,17568.0,13.805504212204006,17568.0,888.598,17568.0,-MISSING-,-MISSING-,-MISSING-
US-PSL,AMERIFLUX,DBF,36.8276,-120.1397,65.0,,,,,,,,,,AMF_US-PSL_FLUXNET_FULLSET_2016-2016_4-7,..\data\raw\ameriflux\AMF_US-PSL_FLUXNET_FULLSET_2016-2016_4-7,..\data\raw\ameriflux\AMF_US-PSL_FLUXNET_FULLSET_2016-2016_4-7\AMF_US-PSL_FLUXNET_FULLSET_HH_2016-2016_4-7.csv,..\data\processed\parquet_merged\US-PSL_DBF_AMF_2016-2016.parquet,NEE_VUT_50,NEE_VUT_50_QC,LE_F_MDS,LE_F_MDS_QC,GPP_NT_VUT_50,RECO_NT_VUT_50,SW_IN_F,TA_F,VPD_F,P_F,-MISSING-,01 Jan 2016,31 Dec 2016,1.0,17568.0,-2.5727343956597224,17568.0,85.83321515613218,17568.0,6.454652656831945,17568.0,3.874276638091985,17568.0,210.5540953438069,17568.0,17.417436361566487,17568.0,11.28930777550091,17568.0,1400.71,17568.0,-MISSING-,-MISSING-,-MISSING-
US-Prr,AMERIFLUX+FLUXNET_ORG,ENF,65.1237,-147.4876,210.0,,,,FLX_US-Prr_FLUXNET2015_FULLSET_2010-2014_1-4,..\data\raw\fluxnet_from_fluxnetorg\FLX_US-Prr_FLUXNET2015_FULLSET_2010-2014_1-4,..\data\raw\fluxnet_from_fluxnetorg\FLX_US-Prr_FLUXNET2015_FULLSET_2010-2014_1-4\FLX_US-Prr_FLUXNET2015_FULLSET_HH_2010-2014_1-4.csv,,,,AMF_US-Prr_FLUXNET_FULLSET_2010-2022_3-7,..\data\raw\ameriflux\AMF_US-Prr_FLUXNET_FULLSET_2010-2022_3-7,..\data\raw\ameriflux\AMF_US-Prr_FLUXNET_FULLSET_2010-2022_3-7\AMF_US-Prr_FLUXNET_FULLSET_HH_2010-2022_3-7.csv,..\data\processed\parquet_merged\US-Prr_ENF_AMF+FXN-ORG_2010-2022.parquet,NEE_VUT_50,NEE_VUT_50_QC,LE_F_MDS,LE_F_MDS_QC,GPP_NT_VUT_50,RECO_NT_VUT_50,SW_IN_F,TA_F,VPD_F,P_F,SWC_F_MDS_1,01 Jan 2010,31 Dec 2022,13.0,227904.0,0.1167306566728798,227904.0,14.901251603389367,227904.0,1.3005212696284978,227904.0,1.4224406079765737,227904.0,110.38246813570628,227904.0,-1.9084259073996064,227904.0,3.238141076944679,227904.0,400.579,227904.0,41.16060857435497,205030,..\data\processed\subsets\US-Prr_subset_warmest6_qc0_daytime_zscores.parquet
US-Rpf,AMERIFLUX,DBF,65.1198,-147.429,497.0,,,,,,,,,,AMF_US-Rpf_FLUXNET_FULLSET_2008-2023_4-6,..\data\raw\ameriflux\AMF_US-Rpf_FLUXNET_FULLSET_2008-2023_4-6,..\data\raw\ameriflux\AMF_US-Rpf_FLUXNET_FULLSET_2008-2023_4-6\AMF_US-Rpf_FLUXNET_FULLSET_HH_2008-2023_4-6.csv,..\data\processed\parquet_merged\US-Rpf_DBF_AMF_2008-2023.parquet,NEE_VUT_50,NEE_VUT_50_QC,LE_F_MDS,LE_F_MDS_QC,GPP_NT_VUT_50,RECO_NT_VUT_50,SW_IN_F,TA_F,VPD_F,P_F,SWC_F_MDS_1,01 Jan 2008,31 Dec 2023,16.0,280512.0,-0.0958020492194879,280512.0,20.64621929783798,280512.0,1.388401438319762,280512.0,1.2980968965818842,280512.0,71.99936213424026,280512.0,-0.5874614312400182,280512.0,3.341274683436004,280512.0,314.02650000000006,280512.0,16.08133982420454,269404,..\data\processed\subsets\US-Rpf_subset_warmest6_qc0_daytime_zscores.parquet
US-SHC,AMERIFLUX,ENF,39.4315,-120.2398,1934.0,,,,,,,,,,AMF_US-SHC_FLUXNET_FULLSET_2017-2020_3-7,..\data\raw\ameriflux\AMF_US-SHC_FLUXNET_FULLSET_2017-2020_3-7,..\data\raw\ameriflux\AMF_US-SHC_FLUXNET_FULLSET_2017-2020_3-7\AMF_US-SHC_FLUXNET_FULLSET_HH_2017-2020_3-7.csv,..\data\processed\parquet_merged\US-SHC_ENF_AMF_2017-2020.parquet,NEE_VUT_50,NEE_VUT_50_QC,LE_F_MDS,LE_F_MDS_QC,GPP_NT_VUT_50,RECO_NT_VUT_50,SW_IN_F,TA_F,VPD_F,P_F,SWC_F_MDS_1,01 Jan 2017,31 Dec 2020,4.0,70128.0,-0.1288437879326803,70128.0,46.68774673075119,70128.0,4.997821572495418,70128.0,4.932800437557038,70128.0,221.33465150866985,70128.0,6.121236595938855,70128.0,5.638293605977642,70128.0,996.66725,70128.0,29.27824161401794,57298,..\data\processed\subsets\US-SHC_subset_warmest6_qc0_daytime_zscores.parquet
US-SP1,AMERIFLUX,ENF,29.7381,-82.2188,50.0,,,,,,,,,,AMF_US-SP1_FLUXNET_FULLSET_2000-2020_4-7,..\data\raw\ameriflux\AMF_US-SP1_FLUXNET_FULLSET_2000-2020_4-7,..\data\raw\ameriflux\AMF_US-SP1_FLUXNET_FULLSET_2000-2020_4-7\AMF_US-SP1_FLUXNET_FULLSET_HH_2000-2020_4-7.csv,..\data\processed\parquet_merged\US-SP1_ENF_AMF_2000-2020.parquet,NEE_VUT_50,NEE_VUT_50_QC,LE_F_MDS,LE_F_MDS_QC,GPP_NT_VUT_50,RECO_NT_VUT_50,SW_IN_F,TA_F,VPD_F,P_F,SWC_F_MDS_1,01 Jan 2000,31 Dec 2020,21.0,368208.0,-0.8814625848898476,368208.0,59.050697324254685,368208.0,4.425971174238417,368208.0,3.57030876700726,368208.0,189.4804258544084,368208.0,20.43529965399992,368208.0,7.052167242428195,368208.0,3734.388285714285,368208.0,14.453594524942329,110976,..\data\processed\subsets\US-SP1_subset_warmest6_qc0_daytime_zscores.parquet
US-SRC,FLUXNET_ORG,MF,31.9083,-110.8395,950.0,,,,FLX_US-SRC_FLUXNET2015_FULLSET_2008-2014_1-4,..\data\raw\fluxnet_from_fluxnetorg\FLX_US-SRC_FLUXNET2015_FULLSET_2008-2014_1-4,..\data\raw\fluxnet_from_fluxnetorg\FLX_US-SRC_FLUXNET2015_FULLSET_2008-2014_1-4\FLX_US-SRC_FLUXNET2015_FULLSET_HH_2008-2014_1-4.csv,,,,,,,..\data\processed\parquet_merged\US-SRC_MF_FXN-ORG_2008-2014.parquet,NEE_VUT_50,NEE_VUT_50_QC,LE_F_MDS,LE_F_MDS_QC,GPP_NT_VUT_50,RECO_NT_VUT_50,SW_IN_F,TA_F,VPD_F,P_F,SWC_F_MDS_1,01 Jan 2008,31 Dec 2014,7.0,122736.0,-0.1390963325738236,122736.0,16.88220854871779,122736.0,0.4174928798885413,122736.0,0.2880876959734715,122736.0,244.8663934623908,122736.0,19.68844576163473,122736.0,16.37766604745144,122736.0,317.56042857142853,122736.0,7.863077134242383,111105,..\data\processed\subsets\US-SRC_subset_warmest6_qc0_daytime_zscores.parquet
US-SSH,AMERIFLUX,DBF,40.6658,-77.9041,310.0,,,,,,,,,,AMF_US-SSH_FLUXNET_FULLSET_2016-2021_4-7,..\data\raw\ameriflux\AMF_US-SSH_FLUXNET_FULLSET_2016-2021_4-7,..\data\raw\ameriflux\AMF_US-SSH_FLUXNET_FULLSET_2016-2021_4-7\AMF_US-SSH_FLUXNET_FULLSET_HH_2016-2021_4-7.csv,..\data\processed\parquet_merged\US-SSH_DBF_AMF_2016-2021.parquet,NEE_VUT_50,NEE_VUT_50_QC,LE_F_MDS,LE_F_MDS_QC,GPP_NT_VUT_50,RECO_NT_VUT_50,SW_IN_F,TA_F,VPD_F,P_F,SWC_F_MDS_1,01 Jan 2016,31 Dec 2021,6.0,105216.0,-1.163204228023636,105216.0,37.450863458144376,105216.0,2.1789870023722564,105216.0,1.469440892854899,105216.0,150.52418605535277,105216.0,11.17596588921837,105216.0,4.773681236694038,105216.0,996.5611666666668,105216.0,23.07102579002918,80535,..\data\processed\subsets\US-SSH_subset_warmest6_qc0_daytime_zscores.parquet
US-Slt,AMERIFLUX,DBF,39.9138,-74.596,30.0,,,,,,,,,,AMF_US-Slt_FLUXNET_FULLSET_2005-2014_3-7,..\data\raw\ameriflux\AMF_US-Slt_FLUXNET_FULLSET_2005-2014_3-7,..\data\raw\ameriflux\AMF_US-Slt_FLUXNET_FULLSET_2005-2014_3-7\AMF_US-Slt_FLUXNET_FULLSET_HH_2005-2014_3-7.csv,..\data\processed\parquet_merged\US-Slt_DBF_AMF_2005-2014.parquet,NEE_VUT_50,NEE_VUT_50_QC,LE_F_MDS,LE_F_MDS_QC,GPP_NT_VUT_50,RECO_NT_VUT_50,SW_IN_F,TA_F,VPD_F,P_F,SWC_F_MDS_1,01 Jan 2005,31 Dec 2014,10.0,175296.0,-0.0373599853331336,175296.0,47.68271770834815,175296.0,3.5403084052642857,175296.0,3.516801786254901,175296.0,159.23742498973166,175296.0,12.367604121029574,175296.0,5.678888833744067,175296.0,1065.3701999999998,175296.0,7.434291751662134,105888,..\data\processed\subsets\US-Slt_subset_warmest6_qc0_daytime_zscores.parquet
US-Syv,AMERIFLUX+FLUXNET_ORG,MF,46.242,-89.3477,540.0,,,,FLX_US-Syv_FLUXNET2015_FULLSET_2001-2014_1-4,..\data\raw\fluxnet_from_fluxnetorg\FLX_US-Syv_FLUXNET2015_FULLSET_2001-2014_1-4,..\data\raw\fluxnet_from_fluxnetorg\FLX_US-Syv_FLUXNET2015_FULLSET_2001-2014_1-4\FLX_US-Syv_FLUXNET2015_FULLSET_HH_2001-2014_1-4.csv,,,,AMF_US-Syv_FLUXNET_FULLSET_2001-2023_4-6,..\data\raw\ameriflux\AMF_US-Syv_FLUXNET_FULLSET_2001-2023_4-6,..\data\raw\ameriflux\AMF_US-Syv_FLUXNET_FULLSET_2001-2023_4-6\AMF_US-Syv_FLUXNET_FULLSET_HH_2001-2023_4-6.csv,..\data\processed\parquet_merged\US-Syv_MF_AMF+FXN-ORG_2001-2023.parquet,NEE_VUT_50,NEE_VUT_50_QC,LE_F_MDS,LE_F_MDS_QC,GPP_NT_VUT_50,RECO_NT_VUT_50,SW_IN_F,TA_F,VPD_F,P_F,SWC_F_MDS_1,01 Jan 2001,31 Dec 2023,23.0,403200.0,-0.1289846112599522,333072.0,37.19410487635745,333072.0,1.782211977348176,403200.0,3.180833203474167,403200.0,127.8848616641865,403200.0,4.916475153769842,403200.0,3.642271631944444,403200.0,3230.0630434782606,403200.0,24.830366615968924,350443,..\data\processed\subsets\US-Syv_subset_warmest6_qc0_daytime_zscores.parquet
US-UMB,AMERIFLUX+FLUXNET_ORG,DBF,45.5598,-84.7138,234.0,,,,FLX_US-UMB_FLUXNET2015_FULLSET_2000-2014_1-4,..\data\raw\fluxnet_from_fluxnetorg\FLX_US-UMB_FLUXNET2015_FULLSET_2000-2014_1-4,..\data\raw\fluxnet_from_fluxnetorg\FLX_US-UMB_FLUXNET2015_FULLSET_2000-2014_1-4\FLX_US-UMB_FLUXNET2015_FULLSET_HR_2000-2014_1-4.csv,,,,AMF_US-UMB_FLUXNET_FULLSET_2007-2021_3-5,..\data\raw\ameriflux\AMF_US-UMB_FLUXNET_FULLSET_2007-2021_3-5,..\data\raw\ameriflux\AMF_US-UMB_FLUXNET_FULLSET_2007-2021_3-5\AMF_US-UMB_FLUXNET_FULLSET_HH_2007-2021_3-5.csv,..\data\processed\parquet_merged\US-UMB_DBF_AMF+FXN-ORG_2000-2021.parquet,NEE_VUT_50,NEE_VUT_50_QC,LE_F_MDS,LE_F_MDS_QC,GPP_NT_VUT_50,RECO_NT_VUT_50,SW_IN_F,TA_F,VPD_F,P_F,SWC_F_MDS_1,01 Jan 2000,31 Dec 2021,22.0,192864.0,-0.7011376946502674,192864.0,34.74437241515496,192864.0,3.529983197493876,192864.0,2.8384306765337226,192864.0,153.79831945308612,192864.0,7.232718760370002,192864.0,3.986648555458769,192864.0,424.6768181818183,192864.0,10.00938846138877,179857,..\data\processed\subsets\US-UMB_subset_warmest6_qc0_daytime_zscores.parquet
US-UMd,AMERIFLUX+FLUXNET_ORG,DBF,45.5625,-84.6975,239.0,,,,FLX_US-UMd_FLUXNET2015_FULLSET_2007-2014_1-4,..\data\raw\fluxnet_from_fluxnetorg\FLX_US-UMd_FLUXNET2015_FULLSET_2007-2014_1-4,..\data\raw\fluxnet_from_fluxnetorg\FLX_US-UMd_FLUXNET2015_FULLSET_2007-2014_1-4\FLX_US-UMd_FLUXNET2015_FULLSET_HH_2007-2014_1-4.csv,,,,AMF_US-UMd_FLUXNET_FULLSET_2007-2023_4-6,..\data\raw\ameriflux\AMF_US-UMd_FLUXNET_FULLSET_2007-2023_4-6,..\data\raw\ameriflux\AMF_US-UMd_FLUXNET_FULLSET_2007-2023_4-6\AMF_US-UMd_FLUXNET_FULLSET_HH_2007-2023_4-6.csv,..\data\processed\parquet_merged\US-UMd_DBF_AMF+FXN-ORG_2007-2023.parquet,NEE_VUT_50,NEE_VUT_50_QC,LE_F_MDS,LE_F_MDS_QC,GPP_NT_VUT_50,RECO_NT_VUT_50,SW_IN_F,TA_F,VPD_F,P_F,SWC_F_MDS_1,01 Jan 2007,31 Dec 2023,17.0,298032.0,-1.1961857322681697,298032.0,32.66521265812445,298032.0,3.852585838137968,298032.0,2.670953041957186,298032.0,146.57730740323186,298032.0,7.347145917216942,298032.0,3.828044441536479,298032.0,3159.900470588236,298032.0,9.130727141442483,290832,..\data\processed\subsets\US-UMd_subset_warmest6_qc0_daytime_zscores.parquet
US-Vcm,AMERIFLUX,ENF,35.8884,-106.5321,3003.0,,,,,,,,,,AMF_US-Vcm_FLUXNET_FULLSET_2007-2023_4-7,..\data\raw\ameriflux\AMF_US-Vcm_FLUXNET_FULLSET_2007-2023_4-7,..\data\raw\ameriflux\AMF_US-Vcm_FLUXNET_FULLSET_2007-2023_4-7\AMF_US-Vcm_FLUXNET_FULLSET_HH_2007-2023_4-7.csv,..\data\processed\parquet_merged\US-Vcm_ENF_AMF_2007-2023.parquet,NEE_VUT_50,NEE_VUT_50_QC,LE_F_MDS,LE_F_MDS_QC,GPP_NT_VUT_50,RECO_NT_VUT_50,SW_IN_F,TA_F,VPD_F,P_F,-MISSING-,01 Jan 2007,31 Dec 2023,17.0,298032.0,-0.3965275019491536,298032.0,38.275916468840535,298032.0,1.65324788912295,298032.0,1.2669442889533409,298032.0,228.21396414478988,298032.0,5.06408274279272,298032.0,5.820720540076233,298032.0,499.8691176470588,298032.0,-MISSING-,-MISSING-,-MISSING-
US-Vcp,AMERIFLUX,ENF,35.8624,-106.5974,2542.0,,,,,,,,,,AMF_US-Vcp_FLUXNET_FULLSET_2007-2024_5-7,..\data\raw\ameriflux\AMF_US-Vcp_FLUXNET_FULLSET_2007-2024_5-7,..\data\raw\ameriflux\AMF_US-Vcp_FLUXNET_FULLSET_2007-2024_5-7\AMF_US-Vcp_FLUXNET_FULLSET_HH_2007-2024_5-7.csv,..\data\processed\parquet_merged\US-Vcp_ENF_AMF_2007-2024.parquet,NEE_VUT_50,NEE_VUT_50_QC,LE_F_MDS,LE_F_MDS_QC,GPP_NT_VUT_50,RECO_NT_VUT_50,SW_IN_F,TA_F,VPD_F,P_F,-MISSING-,01 Jan 2007,31 Dec 2024,18.0,315600.0,-0.7819049950058917,315600.0,45.235039842426886,315600.0,3.2657100847461,315600.0,2.4963873238835643,315600.0,206.8625455449936,315600.0,7.382828666032954,315600.0,6.953519679974653,315600.0,478.5509444444445,315600.0,-MISSING-,-MISSING-,-MISSING-
US-WCr,FLUXNET_ORG,DBF,45.8059,-90.0799,520.0,,,,FLX_US-WCr_FLUXNET2015_FULLSET_1999-2014_1-4,..\data\raw\fluxnet_from_fluxnetorg\FLX_US-WCr_FLUXNET2015_FULLSET_1999-2014_1-4,..\data\raw\fluxnet_from_fluxnetorg\FLX_US-WCr_FLUXNET2015_FULLSET_1999-2014_1-4\FLX_US-WCr_FLUXNET2015_FULLSET_HH_1999-2014_1-4.csv,,,,,,,..\data\processed\parquet_merged\US-WCr_DBF_FXN-ORG_1999-2014.parquet,NEE_VUT_50,NEE_VUT_50_QC,LE_F_MDS,LE_F_MDS_QC,GPP_NT_VUT_50,RECO_NT_VUT_50,SW_IN_F,TA_F,VPD_F,P_F,SWC_F_MDS_1,01 Jan 1999,31 Dec 2014,16.0,280512.0,-0.6482937874605393,227904.0,26.08693817530424,227904.0,2.787494885157785,227904.0,2.145965239798336,227904.0,150.88850245622294,280512.0,5.528461096138489,280512.0,2.6699531392596394,280512.0,693.1505625,280512.0,32.59517319401667,280512,..\data\processed\subsets\US-WCr_subset_warmest6_qc0_daytime_zscores.parquet
US-Wi0,AMERIFLUX+FLUXNET_ORG,ENF,46.6188,-91.0814,349.0,,,,FLX_US-Wi0_FLUXNET2015_FULLSET_2002-2002_1-4,..\data\raw\fluxnet_from_fluxnetorg\FLX_US-Wi0_FLUXNET2015_FULLSET_2002-2002_1-4,..\data\raw\fluxnet_from_fluxnetorg\FLX_US-Wi0_FLUXNET2015_FULLSET_2002-2002_1-4\FLX_US-Wi0_FLUXNET2015_FULLSET_HH_2002-2002_1-4.csv,,,,AMF_US-Wi0_FLUXNET_FULLSET_2002-2002_5-7,..\data\raw\ameriflux\AMF_US-Wi0_FLUXNET_FULLSET_2002-2002_5-7,..\data\raw\ameriflux\AMF_US-Wi0_FLUXNET_FULLSET_2002-2002_5-7\AMF_US-Wi0_FLUXNET_FULLSET_HH_2002-2002_5-7.csv,..\data\processed\parquet_merged\US-Wi0_ENF_AMF+FXN-ORG_2002-2002.parquet,NEE_VUT_50,NEE_VUT_50_QC,LE_F_MDS,LE_F_MDS_QC,GPP_NT_VUT_50,RECO_NT_VUT_50,SW_IN_F,TA_F,VPD_F,P_F,-MISSING-,01 Jan 2002,31 Dec 2002,1.0,17520.0,-1.5169233437231735,17520.0,35.25400705084361,17520.0,3.403111556674212,17520.0,1.8892551090717693,17520.0,152.27128093607303,17520.0,3.475316210045662,17520.0,2.984295376712329,17520.0,753.953,17520.0,-MISSING-,-MISSING-,-MISSING-
US-Wi1,AMERIFLUX+FLUXNET_ORG,DBF,46.7305,-91.2329,352.0,,,,FLX_US-Wi1_FLUXNET2015_FULLSET_2003-2003_1-4,..\data\raw\fluxnet_from_fluxnetorg\FLX_US-Wi1_FLUXNET2015_FULLSET_2003-2003_1-4,..\data\raw\fluxnet_from_fluxnetorg\FLX_US-Wi1_FLUXNET2015_FULLSET_2003-2003_1-4\FLX_US-Wi1_FLUXNET2015_FULLSET_HH_2003-2003_1-4.csv,,,,AMF_US-Wi1_FLUXNET_FULLSET_2003-2003_5-7,..\data\raw\ameriflux\AMF_US-Wi1_FLUXNET_FULLSET_2003-2003_5-7,..\data\raw\ameriflux\AMF_US-Wi1_FLUXNET_FULLSET_2003-2003_5-7\AMF_US-Wi1_FLUXNET_FULLSET_HH_2003-2003_5-7.csv,..\data\processed\parquet_merged\US-Wi1_DBF_AMF+FXN-ORG_2003-2003.parquet,NEE_VUT_50,NEE_VUT_50_QC,LE_F_MDS,LE_F_MDS_QC,GPP_NT_VUT_50,RECO_NT_VUT_50,SW_IN_F,TA_F,VPD_F,P_F,-MISSING-,01 Jan 2003,31 Dec 2003,1.0,17520.0,0.5653483911890982,17520.0,37.01926078521067,17520.0,4.229016963617237,17520.0,4.826198274976751,17520.0,175.7425375,17520.0,4.110888812785388,17520.0,4.245935102739725,17520.0,319.457,17520.0,-MISSING-,-MISSING-,-MISSING-
US-Wi2,FLUXNET_ORG,ENF,46.686889,-91.152833,395.0,,,,FLX_US-Wi2_FLUXNET2015_FULLSET_2003-2003_1-4,..\data\raw\fluxnet_from_fluxnetorg\FLX_US-Wi2_FLUXNET2015_FULLSET_2003-2003_1-4,..\data\raw\fluxnet_from_fluxnetorg\FLX_US-Wi2_FLUXNET2015_FULLSET_2003-2003_1-4\FLX_US-Wi2_FLUXNET2015_FULLSET_HH_2003-2003_1-4.csv,,,,,,,..\data\processed\parquet_merged\US-Wi2_ENF_FXN-ORG_2003-2003.parquet,NEE_VUT_50,NEE_VUT_50_QC,LE_F_MDS,LE_F_MDS_QC,GPP_NT_VUT_50,RECO_NT_VUT_50,SW_IN_F,TA_F,VPD_F,P_F,-MISSING-,01 Jan 2003,31 Dec 2003,1.0,17520.0,-4.06561068644121,17520.0,38.49248941277711,17520.0,5.249456629109589,17520.0,1.1925993055936073,17520.0,140.94691278538815,17520.0,3.403862442922374,17520.0,3.48676352739726,17520.0,434.4620000000001,17520.0,-MISSING-,-MISSING-,-MISSING-
US-Wi3,AMERIFLUX+FLUXNET_ORG,DBF,46.6347,-91.0987,411.0,,,,FLX_US-Wi3_FLUXNET2015_FULLSET_2002-2004_1-4,..\data\raw\fluxnet_from_fluxnetorg\FLX_US-Wi3_FLUXNET2015_FULLSET_2002-2004_1-4,..\data\raw\fluxnet_from_fluxnetorg\FLX_US-Wi3_FLUXNET2015_FULLSET_2002-2004_1-4\FLX_US-Wi3_FLUXNET2015_FULLSET_HH_2002-2004_1-4.csv,,,,AMF_US-Wi3_FLUXNET_FULLSET_2002-2004_5-7,..\data\raw\ameriflux\AMF_US-Wi3_FLUXNET_FULLSET_2002-2004_5-7,..\data\raw\ameriflux\AMF_US-Wi3_FLUXNET_FULLSET_2002-2004_5-7\AMF_US-Wi3_FLUXNET_FULLSET_HH_2002-2004_5-7.csv,..\data\processed\parquet_merged\US-Wi3_DBF_AMF+FXN-ORG_2002-2004.parquet,NEE_VUT_50,NEE_VUT_50_QC,LE_F_MDS,LE_F_MDS_QC,GPP_NT_VUT_50,RECO_NT_VUT_50,SW_IN_F,TA_F,VPD_F,P_F,-MISSING-,01 Jan 2002,31 Dec 2004,3.0,52608.0,-2.361214948380073,35088.0,41.852685362566525,52608.0,3.590390968303338,52608.0,0.5866495290078575,52608.0,153.89872224756692,52608.0,4.709846544251825,52608.0,3.5334946586070566,52608.0,670.7166666666667,52608.0,-MISSING-,-MISSING-,-MISSING-
US-Wi4,AMERIFLUX+FLUXNET_ORG,ENF,46.7393,-91.1663,352.0,,,,FLX_US-Wi4_FLUXNET2015_FULLSET_2002-2005_1-4,..\data\raw\fluxnet_from_fluxnetorg\FLX_US-Wi4_FLUXNET2015_FULLSET_2002-2005_1-4,..\data\raw\fluxnet_from_fluxnetorg\FLX_US-Wi4_FLUXNET2015_FULLSET_2002-2005_1-4\FLX_US-Wi4_FLUXNET2015_FULLSET_HH_2002-2005_1-4.csv,,,,AMF_US-Wi4_FLUXNET_FULLSET_2002-2005_5-7,..\data\raw\ameriflux\AMF_US-Wi4_FLUXNET_FULLSET_2002-2005_5-7,..\data\raw\ameriflux\AMF_US-Wi4_FLUXNET_FULLSET_2002-2005_5-7\AMF_US-Wi4_FLUXNET_FULLSET_HH_2002-2005_5-7.csv,..\data\processed\parquet_merged\US-Wi4_ENF_AMF+FXN-ORG_2002-2005.parquet,NEE_VUT_50,NEE_VUT_50_QC,LE_F_MDS,LE_F_MDS_QC,GPP_NT_VUT_50,RECO_NT_VUT_50,SW_IN_F,TA_F,VPD_F,P_F,-MISSING-,01 Jan 2002,31 Dec 2005,4.0,70128.0,-3.315055774321968,70128.0,41.21951958408245,70128.0,4.91025788053797,70128.0,1.5292582482962682,70128.0,148.81801490132327,70128.0,5.108418919689711,70128.0,3.920016526922199,70128.0,717.34425,70128.0,-MISSING-,-MISSING-,-MISSING-
US-Wi5,AMERIFLUX+FLUXNET_ORG,ENF,46.6531,-91.0858,353.0,,,,FLX_US-Wi5_FLUXNET2015_FULLSET_2004-2004_1-4,..\data\raw\fluxnet_from_fluxnetorg\FLX_US-Wi5_FLUXNET2015_FULLSET_2004-2004_1-4,..\data\raw\fluxnet_from_fluxnetorg\FLX_US-Wi5_FLUXNET2015_FULLSET_2004-2004_1-4\FLX_US-Wi5_FLUXNET2015_FULLSET_HH_2004-2004_1-4.csv,,,,AMF_US-Wi5_FLUXNET_FULLSET_2004-2004_5-7,..\data\raw\ameriflux\AMF_US-Wi5_FLUXNET_FULLSET_2004-2004_5-7,..\data\raw\ameriflux\AMF_US-Wi5_FLUXNET_FULLSET_2004-2004_5-7\AMF_US-Wi5_FLUXNET_FULLSET_HH_2004-2004_5-7.csv,..\data\processed\parquet_merged\US-Wi5_ENF_AMF+FXN-ORG_2004-2004.parquet,NEE_VUT_50,NEE_VUT_50_QC,LE_F_MDS,LE_F_MDS_QC,GPP_NT_VUT_50,RECO_NT_VUT_50,SW_IN_F,TA_F,VPD_F,P_F,-MISSING-,01 Jan 2004,31 Dec 2004,1.0,17568.0,-1.451980712064299,17568.0,29.90132424335155,17568.0,2.857577526013206,17568.0,1.4085295640938067,17568.0,149.50060558970856,17568.0,4.587760359744991,17568.0,3.24606506147541,17568.0,671.6750000000001,17568.0,-MISSING-,-MISSING-,-MISSING-
US-Wi8,AMERIFLUX+FLUXNET_ORG,DBF,46.7223,-91.2524,348.0,,,,FLX_US-Wi8_FLUXNET2015_FULLSET_2002-2002_1-4,..\data\raw\fluxnet_from_fluxnetorg\FLX_US-Wi8_FLUXNET2015_FULLSET_2002-2002_1-4,..\data\raw\fluxnet_from_fluxnetorg\FLX_US-Wi8_FLUXNET2015_FULLSET_2002-2002_1-4\FLX_US-Wi8_FLUXNET2015_FULLSET_HH_2002-2002_1-4.csv,,,,AMF_US-Wi8_FLUXNET_FULLSET_2002-2002_5-7,..\data\raw\ameriflux\AMF_US-Wi8_FLUXNET_FULLSET_2002-2002_5-7,..\data\raw\ameriflux\AMF_US-Wi8_FLUXNET_FULLSET_2002-2002_5-7\AMF_US-Wi8_FLUXNET_FULLSET_HH_2002-2002_5-7.csv,..\data\processed\parquet_merged\US-Wi8_DBF_AMF+FXN-ORG_2002-2002.parquet,NEE_VUT_50,NEE_VUT_50_QC,LE_F_MDS,LE_F_MDS_QC,GPP_NT_VUT_50,RECO_NT_VUT_50,SW_IN_F,TA_F,VPD_F,P_F,-MISSING-,01 Jan 2002,31 Dec 2002,1.0,17520.0,0.7014088690051941,17520.0,27.06550365417237,17520.0,1.6697777845361472,17520.0,2.370054332559989,17520.0,155.32359166666666,17520.0,4.565587614155249,17520.0,3.666584132420091,17520.0,758.432,17520.0,-MISSING-,-MISSING-,-MISSING-
US-Wi9,AMERIFLUX+FLUXNET_ORG,ENF,46.7385,-91.0746,350.0,,,,FLX_US-Wi9_FLUXNET2015_FULLSET_2004-2005_1-4,..\data\raw\fluxnet_from_fluxnetorg\FLX_US-Wi9_FLUXNET2015_FULLSET_2004-2005_1-4,..\data\raw\fluxnet_from_fluxnetorg\FLX_US-Wi9_FLUXNET2015_FULLSET_2004-2005_1-4\FLX_US-Wi9_FLUXNET2015_FULLSET_HH_2004-2005_1-4.csv,,,,AMF_US-Wi9_FLUXNET_FULLSET_2004-2005_5-7,..\data\raw\ameriflux\AMF_US-Wi9_FLUXNET_FULLSET_2004-2005_5-7,..\data\raw\ameriflux\AMF_US-Wi9_FLUXNET_FULLSET_2004-2005_5-7\AMF_US-Wi9_FLUXNET_FULLSET_HH_2004-2005_5-7.csv,..\data\processed\parquet_merged\US-Wi9_ENF_AMF+FXN-ORG_2004-2005.parquet,NEE_VUT_50,NEE_VUT_50_QC,LE_F_MDS,LE_F_MDS_QC,GPP_NT_VUT_50,RECO_NT_VUT_50,SW_IN_F,TA_F,VPD_F,P_F,-MISSING-,01 Jan 2004,31 Dec 2005,2.0,35088.0,-1.102158596177525,35088.0,34.283043982824616,35088.0,2.107050713396888,35088.0,1.012364065157801,35088.0,145.9230491621067,35088.0,3.598714261285909,35088.0,3.1029762311901505,35088.0,773.9195,35088.0,-MISSING-,-MISSING-,-MISSING-
US-xAB,AMERIFLUX,ENF,45.7624,-122.3303,363.0,,,,,,,,,,AMF_US-xAB_FLUXNET_FULLSET_2019-2024_5-7,..\data\raw\ameriflux\AMF_US-xAB_FLUXNET_FULLSET_2019-2024_5-7,..\data\raw\ameriflux\AMF_US-xAB_FLUXNET_FULLSET_2019-2024_5-7\AMF_US-xAB_FLUXNET_FULLSET_HH_2019-2024_5-7.csv,..\data\processed\parquet_merged\US-xAB_ENF_AMF_2019-2024.parquet,NEE_VUT_50,NEE_VUT_50_QC,LE_F_MDS,LE_F_MDS_QC,GPP_NT_VUT_50,RECO_NT_VUT_50,SW_IN_F,TA_F,VPD_F,P_F,SWC_F_MDS_1,01 Jan 2019,31 Dec 2024,6.0,105216.0,-0.0300645924142592,105216.0,38.12888865549131,105216.0,4.358088185846225,105216.0,4.317534728786496,105216.0,144.14829034557482,105216.0,10.1124794517944,105216.0,4.203268913473236,105216.0,2121.102166666667,105216.0,15.067417407998782,105216,..\data\processed\subsets\US-xAB_subset_warmest6_qc0_daytime_zscores.parquet
US-xBL,AMERIFLUX,DBF,39.0603,-78.0716,183.0,,,,,,,,,,AMF_US-xBL_FLUXNET_FULLSET_2019-2024_4-7,..\data\raw\ameriflux\AMF_US-xBL_FLUXNET_FULLSET_2019-2024_4-7,..\data\raw\ameriflux\AMF_US-xBL_FLUXNET_FULLSET_2019-2024_4-7\AMF_US-xBL_FLUXNET_FULLSET_HH_2019-2024_4-7.csv,..\data\processed\parquet_merged\US-xBL_DBF_AMF_2019-2024.parquet,NEE_VUT_50,NEE_VUT_50_QC,LE_F_MDS,LE_F_MDS_QC,GPP_NT_VUT_50,RECO_NT_VUT_50,SW_IN_F,TA_F,VPD_F,P_F,SWC_F_MDS_1,01 Jan 2019,31 Dec 2024,6.0,105216.0,-0.7329829451672559,105216.0,49.67962823124913,105216.0,4.370262192361501,105216.0,3.646517209616408,105216.0,176.03668099908762,105216.0,13.336318078999394,105216.0,5.984148370970195,105216.0,1061.0131666666666,105216.0,21.727382528998994,104745,..\data\processed\subsets\US-xBL_subset_warmest6_qc0_daytime_zscores.parquet
US-xBN,AMERIFLUX,ENF,65.154,-147.5026,263.0,,,,,,,,,,AMF_US-xBN_FLUXNET_FULLSET_2019-2024_4-7,..\data\raw\ameriflux\AMF_US-xBN_FLUXNET_FULLSET_2019-2024_4-7,..\data\raw\ameriflux\AMF_US-xBN_FLUXNET_FULLSET_2019-2024_4-7\AMF_US-xBN_FLUXNET_FULLSET_HH_2019-2024_4-7.csv,..\data\processed\parquet_merged\US-xBN_ENF_AMF_2019-2024.parquet,NEE_VUT_50,NEE_VUT_50_QC,LE_F_MDS,LE_F_MDS_QC,GPP_NT_VUT_50,RECO_NT_VUT_50,SW_IN_F,TA_F,VPD_F,P_F,SWC_F_MDS_1,01 Jan 2019,31 Dec 2024,6.0,105216.0,-0.0075771838480312,105216.0,17.54672158741388,105216.0,1.4604970293104402,105216.0,1.458750691191541,105216.0,100.21566372985096,105216.0,-1.831586336678832,105216.0,3.06371875,105216.0,442.666,105216.0,0.7627433004231313,1418,..\data\processed\subsets\US-xBN_subset_warmest6_qc0_daytime_zscores.parquet
US-xBR,AMERIFLUX,DBF,44.0639,-71.2873,232.0,,,,,,,,,,AMF_US-xBR_FLUXNET_FULLSET_2019-2024_4-7,..\data\raw\ameriflux\AMF_US-xBR_FLUXNET_FULLSET_2019-2024_4-7,..\data\raw\ameriflux\AMF_US-xBR_FLUXNET_FULLSET_2019-2024_4-7\AMF_US-xBR_FLUXNET_FULLSET_HH_2019-2024_4-7.csv,..\data\processed\parquet_merged\US-xBR_DBF_AMF_2019-2024.parquet,NEE_VUT_50,NEE_VUT_50_QC,LE_F_MDS,LE_F_MDS_QC,GPP_NT_VUT_50,RECO_NT_VUT_50,SW_IN_F,TA_F,VPD_F,P_F,SWC_F_MDS_1,01 Jan 2019,31 Dec 2024,6.0,105216.0,-0.6838208964108785,105216.0,40.56116409662069,105216.0,3.706174819788873,105216.0,3.036398062979965,105216.0,150.13261471639294,105216.0,8.107795667959246,105216.0,4.646025404881387,105216.0,1404.6525,105216.0,11.25280627471107,105216,..\data\processed\subsets\US-xBR_subset_warmest6_qc0_daytime_zscores.parquet
US-xDJ,AMERIFLUX,ENF,63.8811,-145.7514,529.0,,,,,,,,,,AMF_US-xDJ_FLUXNET_FULLSET_2019-2024_5-7,..\data\raw\ameriflux\AMF_US-xDJ_FLUXNET_FULLSET_2019-2024_5-7,..\data\raw\ameriflux\AMF_US-xDJ_FLUXNET_FULLSET_2019-2024_5-7\AMF_US-xDJ_FLUXNET_FULLSET_HH_2019-2024_5-7.csv,..\data\processed\parquet_merged\US-xDJ_ENF_AMF_2019-2024.parquet,NEE_VUT_50,NEE_VUT_50_QC,LE_F_MDS,LE_F_MDS_QC,GPP_NT_VUT_50,RECO_NT_VUT_50,SW_IN_F,TA_F,VPD_F,P_F,SWC_F_MDS_1,01 Jan 2019,31 Dec 2024,6.0,105216.0,0.1224935702367884,105216.0,20.45178508964741,105216.0,1.4952831830337063,105216.0,1.628701290761912,105216.0,108.35038725098843,105216.0,-0.7186670943582725,105216.0,3.504154529729319,105216.0,274.2523333333333,105216.0,18.302298716823973,103727,..\data\processed\subsets\US-xDJ_subset_warmest6_qc0_daytime_zscores.parquet
US-xDL,AMERIFLUX,MF,32.5417,-87.8039,22.0,,,,,,,,,,AMF_US-xDL_FLUXNET_FULLSET_2019-2024_4-7,..\data\raw\ameriflux\AMF_US-xDL_FLUXNET_FULLSET_2019-2024_4-7,..\data\raw\ameriflux\AMF_US-xDL_FLUXNET_FULLSET_2019-2024_4-7\AMF_US-xDL_FLUXNET_FULLSET_HH_2019-2024_4-7.csv,..\data\processed\parquet_merged\US-xDL_MF_AMF_2019-2024.parquet,NEE_VUT_50,NEE_VUT_50_QC,LE_F_MDS,LE_F_MDS_QC,GPP_NT_VUT_50,RECO_NT_VUT_50,SW_IN_F,TA_F,VPD_F,P_F,SWC_F_MDS_1,01 Jan 2019,31 Dec 2024,6.0,105216.0,-1.222450936445854,105216.0,61.43709070261216,105216.0,5.66860811257027,105216.0,4.455483894673814,105216.0,193.8352897087896,105216.0,18.94937248137165,105216.0,7.1058848844282245,105216.0,1382.1133333333337,105216.0,24.012557090094898,95577,..\data\processed\subsets\US-xDL_subset_warmest6_qc0_daytime_zscores.parquet
US-xGR,AMERIFLUX,DBF,35.689,-83.5019,579.0,,,,,,,,,,AMF_US-xGR_FLUXNET_FULLSET_2019-2024_4-7,..\data\raw\ameriflux\AMF_US-xGR_FLUXNET_FULLSET_2019-2024_4-7,..\data\raw\ameriflux\AMF_US-xGR_FLUXNET_FULLSET_2019-2024_4-7\AMF_US-xGR_FLUXNET_FULLSET_HH_2019-2024_4-7.csv,..\data\processed\parquet_merged\US-xGR_DBF_AMF_2019-2024.parquet,NEE_VUT_50,NEE_VUT_50_QC,LE_F_MDS,LE_F_MDS_QC,GPP_NT_VUT_50,RECO_NT_VUT_50,SW_IN_F,TA_F,VPD_F,P_F,SWC_F_MDS_1,01 Jan 2019,31 Dec 2024,6.0,105216.0,0.8255106101725499,105216.0,51.36319193886481,105216.0,6.026628693933873,105216.0,6.8732653388362985,105216.0,173.95923734983276,105216.0,14.659467191301705,105216.0,6.1659644825882,105216.0,1460.777,105216.0,24.649784614507297,105216,..\data\processed\subsets\US-xGR_subset_warmest6_qc0_daytime_zscores.parquet
US-xHA,AMERIFLUX,DBF,42.5369,-72.1727,351.0,,,,,,,,,,AMF_US-xHA_FLUXNET_FULLSET_2019-2024_4-7,..\data\raw\ameriflux\AMF_US-xHA_FLUXNET_FULLSET_2019-2024_4-7,..\data\raw\ameriflux\AMF_US-xHA_FLUXNET_FULLSET_2019-2024_4-7\AMF_US-xHA_FLUXNET_FULLSET_HH_2019-2024_4-7.csv,..\data\processed\parquet_merged\US-xHA_DBF_AMF_2019-2024.parquet,NEE_VUT_50,NEE_VUT_50_QC,LE_F_MDS,LE_F_MDS_QC,GPP_NT_VUT_50,RECO_NT_VUT_50,SW_IN_F,TA_F,VPD_F,P_F,SWC_F_MDS_1,01 Jan 2019,31 Dec 2024,6.0,105216.0,-1.1151585074591506,105216.0,40.33786681970705,105216.0,4.355286425331673,105216.0,3.257349045310694,105216.0,159.0975606276612,105216.0,8.961543367928831,105216.0,4.227728368309002,105216.0,1217.0731666666668,105216.0,26.153193202554743,105216,..\data\processed\subsets\US-xHA_subset_warmest6_qc0_daytime_zscores.parquet
US-xJE,AMERIFLUX,ENF,31.1948,-84.4686,44.0,,,,,,,,,,AMF_US-xJE_FLUXNET_FULLSET_2019-2024_4-7,..\data\raw\ameriflux\AMF_US-xJE_FLUXNET_FULLSET_2019-2024_4-7,..\data\raw\ameriflux\AMF_US-xJE_FLUXNET_FULLSET_2019-2024_4-7\AMF_US-xJE_FLUXNET_FULLSET_HH_2019-2024_4-7.csv,..\data\processed\parquet_merged\US-xJE_ENF_AMF_2019-2024.parquet,NEE_VUT_50,NEE_VUT_50_QC,LE_F_MDS,LE_F_MDS_QC,GPP_NT_VUT_50,RECO_NT_VUT_50,SW_IN_F,TA_F,VPD_F,P_F,SWC_F_MDS_1,01 Jan 2019,31 Dec 2024,6.0,105216.0,-0.3005314146821206,105216.0,62.41562266344131,105216.0,4.972880848805909,105216.0,4.683492015102266,105216.0,199.87427511024936,105216.0,20.181666048889905,105216.0,8.015509789385645,105216.0,1260.9853333333335,105216.0,13.917827136557179,105216,..\data\processed\subsets\US-xJE_subset_warmest6_qc0_daytime_zscores.parquet
US-xML,AMERIFLUX,DBF,37.3783,-80.5248,1126.0,,,,,,,,,,AMF_US-xML_FLUXNET_FULLSET_2019-2024_4-7,..\data\raw\ameriflux\AMF_US-xML_FLUXNET_FULLSET_2019-2024_4-7,..\data\raw\ameriflux\AMF_US-xML_FLUXNET_FULLSET_2019-2024_4-7\AMF_US-xML_FLUXNET_FULLSET_HH_2019-2024_4-7.csv,..\data\processed\parquet_merged\US-xML_DBF_AMF_2019-2024.parquet,NEE_VUT_50,NEE_VUT_50_QC,LE_F_MDS,LE_F_MDS_QC,GPP_NT_VUT_50,RECO_NT_VUT_50,SW_IN_F,TA_F,VPD_F,P_F,SWC_F_MDS_1,01 Jan 2019,31 Dec 2024,6.0,105216.0,0.3580719877724491,105216.0,33.754528642490456,105216.0,2.5186827058522843,105216.0,2.8818440515920583,105216.0,167.0736367662713,105216.0,9.673386661724452,105216.0,3.831903788397202,105216.0,1364.7676666666666,105216.0,21.690609878725667,105216,..\data\processed\subsets\US-xML_subset_warmest6_qc0_daytime_zscores.parquet
US-xNW,AMERIFLUX,ENF,40.0543,-105.5824,3513.0,,,,,,,,,,AMF_US-xNW_FLUXNET_FULLSET_2019-2024_3-7,..\data\raw\ameriflux\AMF_US-xNW_FLUXNET_FULLSET_2019-2024_3-7,..\data\raw\ameriflux\AMF_US-xNW_FLUXNET_FULLSET_2019-2024_3-7\AMF_US-xNW_FLUXNET_FULLSET_HH_2019-2024_3-7.csv,..\data\processed\parquet_merged\US-xNW_ENF_AMF_2019-2024.parquet,NEE_VUT_50,NEE_VUT_50_QC,LE_F_MDS,LE_F_MDS_QC,GPP_NT_VUT_50,RECO_NT_VUT_50,SW_IN_F,TA_F,VPD_F,P_F,SWC_F_MDS_1,01 Jan 2019,31 Dec 2024,6.0,105216.0,0.329957257079332,105216.0,40.55223181137584,105216.0,0.6393131628935682,105216.0,0.9642962460601902,105216.0,199.9895354984033,105216.0,-0.5660775167274935,105216.0,3.6376236123783454,105216.0,1570.6223333333337,105216.0,9.278998729412663,104676,..\data\processed\subsets\US-xNW_subset_warmest6_qc0_daytime_zscores.parquet
US-xRM,AMERIFLUX,ENF,40.2759,-105.5459,2743.0,,,,,,,,,,AMF_US-xRM_FLUXNET_FULLSET_2019-2024_4-7,..\data\raw\ameriflux\AMF_US-xRM_FLUXNET_FULLSET_2019-2024_4-7,..\data\raw\ameriflux\AMF_US-xRM_FLUXNET_FULLSET_2019-2024_4-7\AMF_US-xRM_FLUXNET_FULLSET_HH_2019-2024_4-7.csv,..\data\processed\parquet_merged\US-xRM_ENF_AMF_2019-2024.parquet,NEE_VUT_50,NEE_VUT_50_QC,LE_F_MDS,LE_F_MDS_QC,GPP_NT_VUT_50,RECO_NT_VUT_50,SW_IN_F,TA_F,VPD_F,P_F,SWC_F_MDS_1,01 Jan 2019,31 Dec 2024,6.0,105216.0,0.295607894707725,105216.0,40.78008870353042,105216.0,1.7411530586103237,105216.0,2.0509427755190126,105216.0,186.6485893685371,105216.0,5.072880265358881,105216.0,6.198585918491484,105216.0,404.3681666666666,105216.0,14.986486899478317,102744,..\data\processed\subsets\US-xRM_subset_warmest6_qc0_daytime_zscores.parquet
US-xRN,AMERIFLUX,DBF,35.9641,-84.2826,334.0,,,,,,,,,,AMF_US-xRN_FLUXNET_FULLSET_2019-2024_3-7,..\data\raw\ameriflux\AMF_US-xRN_FLUXNET_FULLSET_2019-2024_3-7,..\data\raw\ameriflux\AMF_US-xRN_FLUXNET_FULLSET_2019-2024_3-7\AMF_US-xRN_FLUXNET_FULLSET_HH_2019-2024_3-7.csv,..\data\processed\parquet_merged\US-xRN_DBF_AMF_2019-2024.parquet,NEE_VUT_50,NEE_VUT_50_QC,LE_F_MDS,LE_F_MDS_QC,GPP_NT_VUT_50,RECO_NT_VUT_50,SW_IN_F,TA_F,VPD_F,P_F,SWC_F_MDS_1,01 Jan 2019,31 Dec 2024,6.0,105216.0,-0.4814252563349014,105216.0,55.0052741101615,105216.0,5.169918841864818,87696.0,4.6986697944033935,87696.0,180.0197149387926,105216.0,15.61249913511253,105216.0,7.0466599566605845,105216.0,1604.2511666666671,105216.0,7.449486884124086,105216,..\data\processed\subsets\US-xRN_subset_warmest6_qc0_daytime_zscores.parquet
US-xSB,AMERIFLUX,ENF,29.6893,-81.9934,45.0,,,,,,,,,,AMF_US-xSB_FLUXNET_FULLSET_2019-2024_4-7,..\data\raw\ameriflux\AMF_US-xSB_FLUXNET_FULLSET_2019-2024_4-7,..\data\raw\ameriflux\AMF_US-xSB_FLUXNET_FULLSET_2019-2024_4-7\AMF_US-xSB_FLUXNET_FULLSET_HH_2019-2024_4-7.csv,..\data\processed\parquet_merged\US-xSB_ENF_AMF_2019-2024.parquet,NEE_VUT_50,NEE_VUT_50_QC,LE_F_MDS,LE_F_MDS_QC,GPP_NT_VUT_50,RECO_NT_VUT_50,SW_IN_F,TA_F,VPD_F,P_F,SWC_F_MDS_1,01 Jan 2019,31 Dec 2024,6.0,105216.0,-0.3117789347535926,105216.0,51.09056556559103,105216.0,4.084676257433043,105216.0,3.778629473359565,105216.0,197.4147754238899,105216.0,21.37493929630475,105216.0,7.069842951642337,105216.0,1169.5913333333335,105216.0,8.830136825021848,104133,..\data\processed\subsets\US-xSB_subset_warmest6_qc0_daytime_zscores.parquet
US-xSC,AMERIFLUX,DBF,38.8929,-78.1395,361.0,,,,,,,,,,AMF_US-xSC_FLUXNET_FULLSET_2019-2024_4-7,..\data\raw\ameriflux\AMF_US-xSC_FLUXNET_FULLSET_2019-2024_4-7,..\data\raw\ameriflux\AMF_US-xSC_FLUXNET_FULLSET_2019-2024_4-7\AMF_US-xSC_FLUXNET_FULLSET_HH_2019-2024_4-7.csv,..\data\processed\parquet_merged\US-xSC_DBF_AMF_2019-2024.parquet,NEE_VUT_50,NEE_VUT_50_QC,LE_F_MDS,LE_F_MDS_QC,GPP_NT_VUT_50,RECO_NT_VUT_50,SW_IN_F,TA_F,VPD_F,P_F,SWC_F_MDS_1,01 Jan 2019,31 Dec 2024,6.0,105216.0,-0.6923775425514749,105216.0,56.05389847056038,105216.0,4.092979133160758,87696.0,3.82978468923326,87696.0,174.09893488632906,105216.0,13.450310494601585,105216.0,6.831685380550487,105216.0,1005.127,105216.0,37.273647009472526,102507,..\data\processed\subsets\US-xSC_subset_warmest6_qc0_daytime_zscores.parquet
US-xSE,AMERIFLUX,DBF,38.8901,-76.56,15.0,,,,,,,,,,AMF_US-xSE_FLUXNET_FULLSET_2019-2024_4-7,..\data\raw\ameriflux\AMF_US-xSE_FLUXNET_FULLSET_2019-2024_4-7,..\data\raw\ameriflux\AMF_US-xSE_FLUXNET_FULLSET_2019-2024_4-7\AMF_US-xSE_FLUXNET_FULLSET_HH_2019-2024_4-7.csv,..\data\processed\parquet_merged\US-xSE_DBF_AMF_2019-2024.parquet,NEE_VUT_50,NEE_VUT_50_QC,LE_F_MDS,LE_F_MDS_QC,GPP_NT_VUT_50,RECO_NT_VUT_50,SW_IN_F,TA_F,VPD_F,P_F,SWC_F_MDS_1,01 Jan 2019,31 Dec 2024,6.0,105216.0,-1.3332116719158895,105216.0,53.76053171656478,105216.0,5.063089796199463,105216.0,3.744055097985097,105216.0,174.73244892411802,105216.0,14.63861492548662,105216.0,6.580596914917883,105216.0,1191.4586666666669,105216.0,25.671958618461076,105216,..\data\processed\subsets\US-xSE_subset_warmest6_qc0_daytime_zscores.parquet
US-xST,AMERIFLUX,DBF,45.5089,-89.5864,481.0,,,,,,,,,,AMF_US-xST_FLUXNET_FULLSET_2019-2024_4-7,..\data\raw\ameriflux\AMF_US-xST_FLUXNET_FULLSET_2019-2024_4-7,..\data\raw\ameriflux\AMF_US-xST_FLUXNET_FULLSET_2019-2024_4-7\AMF_US-xST_FLUXNET_FULLSET_HH_2019-2024_4-7.csv,..\data\processed\parquet_merged\US-xST_DBF_AMF_2019-2024.parquet,NEE_VUT_50,NEE_VUT_50_QC,LE_F_MDS,LE_F_MDS_QC,GPP_NT_VUT_50,RECO_NT_VUT_50,SW_IN_F,TA_F,VPD_F,P_F,SWC_F_MDS_1,01 Jan 2019,31 Dec 2024,6.0,105216.0,-0.7887106915900528,105216.0,33.96830960138756,105216.0,3.209263041861193,105216.0,2.435500905010645,105216.0,147.9925116712287,105216.0,6.298451832420924,105216.0,3.916613528360706,105216.0,768.7478333333333,105216.0,24.223371445407537,105216,..\data\processed\subsets\US-xST_subset_warmest6_qc0_daytime_zscores.parquet
US-xTA,AMERIFLUX,ENF,32.9505,-87.3933,135.0,,,,,,,,,,AMF_US-xTA_FLUXNET_FULLSET_2019-2024_4-7,..\data\raw\ameriflux\AMF_US-xTA_FLUXNET_FULLSET_2019-2024_4-7,..\data\raw\ameriflux\AMF_US-xTA_FLUXNET_FULLSET_2019-2024_4-7\AMF_US-xTA_FLUXNET_FULLSET_HH_2019-2024_4-7.csv,..\data\processed\parquet_merged\US-xTA_ENF_AMF_2019-2024.parquet,NEE_VUT_50,NEE_VUT_50_QC,LE_F_MDS,LE_F_MDS_QC,GPP_NT_VUT_50,RECO_NT_VUT_50,SW_IN_F,TA_F,VPD_F,P_F,SWC_F_MDS_1,01 Jan 2019,31 Dec 2024,6.0,105216.0,0.0029055995796275,105216.0,52.38761073423615,105216.0,4.411045979847809,105216.0,4.78504923111504,105216.0,191.01332217533457,105216.0,18.39754542084854,105216.0,7.753382166210463,105216.0,1300.0695,105216.0,11.407314131659593,94957,..\data\processed\subsets\US-xTA_subset_warmest6_qc0_daytime_zscores.parquet
US-xTR,AMERIFLUX,DBF,45.4937,-89.5857,472.0,,,,,,,,,,AMF_US-xTR_FLUXNET_FULLSET_2019-2024_4-7,..\data\raw\ameriflux\AMF_US-xTR_FLUXNET_FULLSET_2019-2024_4-7,..\data\raw\ameriflux\AMF_US-xTR_FLUXNET_FULLSET_2019-2024_4-7\AMF_US-xTR_FLUXNET_FULLSET_HH_2019-2024_4-7.csv,..\data\processed\parquet_merged\US-xTR_DBF_AMF_2019-2024.parquet,NEE_VUT_50,NEE_VUT_50_QC,LE_F_MDS,LE_F_MDS_QC,GPP_NT_VUT_50,RECO_NT_VUT_50,SW_IN_F,TA_F,VPD_F,P_F,SWC_F_MDS_1,01 Jan 2019,31 Dec 2024,6.0,105216.0,-0.8739671946062263,105216.0,33.529677182329785,105216.0,3.5497815292191133,105216.0,2.689753142819058,105216.0,147.1792326357208,105216.0,6.300255968673966,105216.0,3.9604471753345503,105216.0,721.8141666666669,105216.0,20.221995124315697,105216,..\data\processed\subsets\US-xTR_subset_warmest6_qc0_daytime_zscores.parquet
US-xUK,AMERIFLUX,DBF,39.0404,-95.1921,335.0,,,,,,,,,,AMF_US-xUK_FLUXNET_FULLSET_2019-2024_4-7,..\data\raw\ameriflux\AMF_US-xUK_FLUXNET_FULLSET_2019-2024_4-7,..\data\raw\ameriflux\AMF_US-xUK_FLUXNET_FULLSET_2019-2024_4-7\AMF_US-xUK_FLUXNET_FULLSET_HH_2019-2024_4-7.csv,..\data\processed\parquet_merged\US-xUK_DBF_AMF_2019-2024.parquet,NEE_VUT_50,NEE_VUT_50_QC,LE_F_MDS,LE_F_MDS_QC,GPP_NT_VUT_50,RECO_NT_VUT_50,SW_IN_F,TA_F,VPD_F,P_F,SWC_F_MDS_1,01 Jan 2019,31 Dec 2024,6.0,105216.0,-0.0508895463591753,105216.0,41.496302303329365,105216.0,4.213705455111616,87696.0,4.022447830336618,87696.0,177.71017812880172,105216.0,13.463414300106445,105216.0,7.088382194723235,105216.0,942.0505,105216.0,18.46457658531022,105216,..\data\processed\subsets\US-xUK_subset_warmest6_qc0_daytime_zscores.parquet
US-xUN,AMERIFLUX,MF,46.2339,-89.5373,518.0,,,,,,,,,,AMF_US-xUN_FLUXNET_FULLSET_2019-2024_4-7,..\data\raw\ameriflux\AMF_US-xUN_FLUXNET_FULLSET_2019-2024_4-7,..\data\raw\ameriflux\AMF_US-xUN_FLUXNET_FULLSET_2019-2024_4-7\AMF_US-xUN_FLUXNET_FULLSET_HH_2019-2024_4-7.csv,..\data\processed\parquet_merged\US-xUN_MF_AMF_2019-2024.parquet,NEE_VUT_50,NEE_VUT_50_QC,LE_F_MDS,LE_F_MDS_QC,GPP_NT_VUT_50,RECO_NT_VUT_50,SW_IN_F,TA_F,VPD_F,P_F,SWC_F_MDS_1,01 Jan 2019,31 Dec 2024,6.0,105216.0,-0.8213971970934308,105216.0,31.50346126147828,105216.0,3.090623144329109,105216.0,2.278505984317365,105216.0,143.73662988518856,105216.0,5.512200425790755,105216.0,3.663401973083941,105216.0,699.5336666666668,105216.0,8.33772455710158,105216,..\data\processed\subsets\US-xUN_subset_warmest6_qc0_daytime_zscores.parquet
US-xWR,AMERIFLUX,ENF,45.8205,-121.9519,407.0,,,,,,,,,,AMF_US-xWR_FLUXNET_FULLSET_2019-2024_3-7,..\data\raw\ameriflux\AMF_US-xWR_FLUXNET_FULLSET_2019-2024_3-7,..\data\raw\ameriflux\AMF_US-xWR_FLUXNET_FULLSET_2019-2024_3-7\AMF_US-xWR_FLUXNET_FULLSET_HH_2019-2024_3-7.csv,..\data\processed\parquet_merged\US-xWR_ENF_AMF_2019-2024.parquet,NEE_VUT_50,NEE_VUT_50_QC,LE_F_MDS,LE_F_MDS_QC,GPP_NT_VUT_50,RECO_NT_VUT_50,SW_IN_F,TA_F,VPD_F,P_F,SWC_F_MDS_1,01 Jan 2019,31 Dec 2024,6.0,105216.0,-0.0523386009444561,105216.0,37.79735840531035,105216.0,4.099925213751971,105216.0,4.073977630322019,105216.0,157.33267413701338,105216.0,9.695558945407544,105216.0,4.953796836982968,105216.0,2061.804,105216.0,14.409141005170317,105216,..\data\processed\subsets\US-xWR_subset_warmest6_qc0_daytime_zscores.parquet
US-xYE,AMERIFLUX,ENF,44.9535,-110.5391,2116.0,,,,,,,,,,AMF_US-xYE_FLUXNET_FULLSET_2019-2024_4-7,..\data\raw\ameriflux\AMF_US-xYE_FLUXNET_FULLSET_2019-2024_4-7,..\data\raw\ameriflux\AMF_US-xYE_FLUXNET_FULLSET_2019-2024_4-7\AMF_US-xYE_FLUXNET_FULLSET_HH_2019-2024_4-7.csv,..\data\processed\parquet_merged\US-xYE_ENF_AMF_2019-2024.parquet,NEE_VUT_50,NEE_VUT_50_QC,LE_F_MDS,LE_F_MDS_QC,GPP_NT_VUT_50,RECO_NT_VUT_50,SW_IN_F,TA_F,VPD_F,P_F,SWC_F_MDS_1,01 Jan 2019,31 Dec 2024,6.0,105216.0,0.3744773200249202,105216.0,27.902732167733426,105216.0,1.275283010513062,105216.0,1.6580028543021976,105216.0,173.5259034937652,105216.0,3.095446510036497,105216.0,4.776347827326643,105216.0,484.5496666666667,105216.0,12.258856096031021,105216,..\data\processed\subsets\US-xYE_subset_warmest6_qc0_daytime_zscores.parquet
ZM-Mon,FLUXNET_ORG,DBF,-15.4391,23.2525,1053.0,,,,FLX_ZM-Mon_FLUXNET2015_FULLSET_2000-2009_2-4,..\data\raw\fluxnet_from_fluxnetorg\FLX_ZM-Mon_FLUXNET2015_FULLSET_2000-2009_2-4,..\data\raw\fluxnet_from_fluxnetorg\FLX_ZM-Mon_FLUXNET2015_FULLSET_2000-2009_2-4\FLX_ZM-Mon_FLUXNET2015_FULLSET_HH_2000-2009_2-4.csv,,,,,,,..\data\processed\parquet_merged\ZM-Mon_DBF_FXN-ORG_2000-2009.parquet,NEE_VUT_50,NEE_VUT_50_QC,LE_F_MDS,LE_F_MDS_QC,GPP_NT_VUT_50,RECO_NT_VUT_50,SW_IN_F,TA_F,VPD_F,P_F,SWC_F_MDS_1,01 Jan 2000,31 Dec 2009,10.0,175344.0,0.474337188059878,70176.0,48.24505132624733,70176.0,3.6707430787163697,70176.0,4.153251085527816,70176.0,228.0621930205767,175344.0,22.33637148690574,175344.0,12.7645931198102,175344.0,582.2316000000001,175344.0,6.96579155575897,166054,..\data\processed\subsets\ZM-Mon_subset_warmest6_qc0_daytime_zscores.parquet
