BIN_COMBINED_STR,BIN_VPD_F,BIN_TA_F,VPD_F_SHAPVALS,VPD_F_SHAPVALS_COUNTS
-0.2+-0.2,-0.2,-0.2,-0.11416927,117
-0.2+-0.4,-0.4,-0.2,-0.16406132,118
-0.2+-0.6,-0.6,-0.2,-0.22019997,119
-0.2+-0.8,-0.8,-0.2,-0.24456632,117
-0.2+-1.0,-1.0,-0.2,-0.227039,113
-0.2+-1.2,-1.2,-0.2,-0.1640482,109
-0.2+-1.4,-1.4,-0.2,-0.17007558,92
-0.2+-1.6,-1.6,-0.2,-0.161654,50
-0.2+-1.8,-1.8,-0.2,-0.084488414,17
-0.2+-2.0,-2.0,-0.2,-0.19916396,1
-0.2+-2.2,-2.2,-0.2,,0
-0.2+-2.4,-2.4,-0.2,,0
-0.2+-2.6,-2.6,-0.2,,0
-0.2+-2.8,-2.8,-0.2,,0
-0.2+-3.0,-3.0,-0.2,,0
-0.2+-3.2,-3.2,-0.2,,0
-0.2+-3.4,-3.4,-0.2,,0
-0.2+-3.6,-3.6,-0.2,,0
-0.2+-3.8,-3.8,-0.2,,0
-0.2+-4.0,-4.0,-0.2,,0
-0.2+-4.2,-4.2,-0.2,,0
-0.2+-4.4,-4.4,-0.2,,0
-0.2+-4.6,-4.6,-0.2,,0
-0.2+-4.8,-4.8,-0.2,,0
-0.2+-5.0,-5.0,-0.2,,0
-0.2+-5.2,-5.2,-0.2,,0
-0.2+-5.4,-5.4,-0.2,,0
-0.2+-5.6,-5.6,-0.2,,0
-0.2+-5.8,-5.8,-0.2,,0
-0.2+-6.0,-6.0,-0.2,,0
-0.2+-6.2,-6.2,-0.2,,0
-0.2+-6.4,-6.4,-0.2,,0
-0.2+-6.6,-6.6,-0.2,,0
-0.2+-6.8,-6.8,-0.2,,0
-0.2+-7.0,-7.0,-0.2,,0
-0.2+-7.2,-7.2,-0.2,,0
-0.2+-7.4,-7.4,-0.2,,0
-0.2+-7.6,-7.6,-0.2,,0
-0.2+-7.8,-7.8,-0.2,,0
-0.2+-8.0,-8.0,-0.2,,0
-0.2+0.0,0.0,-0.2,-0.03361778,116
-0.2+0.2,0.2,-0.2,0.031643644,113
-0.2+0.4,0.4,-0.2,0.1117193,106
-0.2+0.6,0.6,-0.2,0.19425064,96
-0.2+0.8,0.8,-0.2,0.25728548,78
-0.2+1.0,1.0,-0.2,0.3256275,49
-0.2+1.2,1.2,-0.2,0.3462906,27
-0.2+1.4,1.4,-0.2,0.34637323,18
-0.2+1.6,1.6,-0.2,0.37700054,11
-0.2+1.8,1.8,-0.2,0.29043168,5
-0.2+2.0,2.0,-0.2,0.2508852,2
-0.2+2.2,2.2,-0.2,-0.2938626,1
-0.2+2.4,2.4,-0.2,0.0015316904,2
-0.2+2.6,2.6,-0.2,,0
-0.2+2.8,2.8,-0.2,,0
-0.2+3.0,3.0,-0.2,,0
-0.2+3.2,3.2,-0.2,,0
-0.2+3.4,3.4,-0.2,,0
-0.2+3.6,3.6,-0.2,,0
-0.2+3.8,3.8,-0.2,,0
-0.2+4.0,4.0,-0.2,,0
-0.2+4.2,4.2,-0.2,,0
-0.2+4.4,4.4,-0.2,,0
-0.2+4.6,4.6,-0.2,,0
-0.2+4.8,4.8,-0.2,,0
-0.2+5.0,5.0,-0.2,,0
-0.2+5.2,5.2,-0.2,,0
-0.2+5.4,5.4,-0.2,,0
-0.2+5.6,5.6,-0.2,,0
-0.2+5.8,5.8,-0.2,,0
-0.2+6.0,6.0,-0.2,,0
-0.2+6.2,6.2,-0.2,,0
-0.2+6.4,6.4,-0.2,,0
-0.2+6.6,6.6,-0.2,,0
-0.2+6.8,6.8,-0.2,,0
-0.2+7.0,7.0,-0.2,,0
-0.2+7.2,7.2,-0.2,,0
-0.2+7.4,7.4,-0.2,,0
-0.2+7.6,7.6,-0.2,,0
-0.2+7.8,7.8,-0.2,,0
-0.2+8.0,8.0,-0.2,,0
-0.2+8.2,8.2,-0.2,,0
-0.2+8.4,8.4,-0.2,,0
-0.2+8.6,8.6,-0.2,,0
-0.2+8.8,8.8,-0.2,,0
-0.2+9.0,9.0,-0.2,,0
-0.2+9.2,9.2,-0.2,,0
-0.2+9.4,9.4,-0.2,,0
-0.2+9.6,9.6,-0.2,,0
-0.4+-0.2,-0.2,-0.4,-0.09784399,118
-0.4+-0.4,-0.4,-0.4,-0.1520029,119
-0.4+-0.6,-0.6,-0.4,-0.20426522,119
-0.4+-0.8,-0.8,-0.4,-0.22656107,118
-0.4+-1.0,-1.0,-0.4,-0.207259,119
-0.4+-1.2,-1.2,-0.4,-0.17840835,110
-0.4+-1.4,-1.4,-0.4,-0.1643744,93
-0.4+-1.6,-1.6,-0.4,-0.15952878,58
-0.4+-1.8,-1.8,-0.4,-0.051859178,25
-0.4+-2.0,-2.0,-0.4,-0.25651073,2
-0.4+-2.2,-2.2,-0.4,,0
-0.4+-2.4,-2.4,-0.4,,0
-0.4+-2.6,-2.6,-0.4,,0
-0.4+-2.8,-2.8,-0.4,,0
-0.4+-3.0,-3.0,-0.4,,0
-0.4+-3.2,-3.2,-0.4,,0
-0.4+-3.4,-3.4,-0.4,,0
-0.4+-3.6,-3.6,-0.4,,0
-0.4+-3.8,-3.8,-0.4,,0
-0.4+-4.0,-4.0,-0.4,,0
-0.4+-4.2,-4.2,-0.4,,0
-0.4+-4.4,-4.4,-0.4,,0
-0.4+-4.6,-4.6,-0.4,,0
-0.4+-4.8,-4.8,-0.4,,0
-0.4+-5.0,-5.0,-0.4,,0
-0.4+-5.2,-5.2,-0.4,,0
-0.4+-5.4,-5.4,-0.4,,0
-0.4+-5.6,-5.6,-0.4,,0
-0.4+-5.8,-5.8,-0.4,,0
-0.4+-6.0,-6.0,-0.4,,0
-0.4+-6.2,-6.2,-0.4,,0
-0.4+-6.4,-6.4,-0.4,,0
-0.4+-6.6,-6.6,-0.4,,0
-0.4+-6.8,-6.8,-0.4,,0
-0.4+-7.0,-7.0,-0.4,,0
-0.4+-7.2,-7.2,-0.4,,0
-0.4+-7.4,-7.4,-0.4,,0
-0.4+-7.6,-7.6,-0.4,,0
-0.4+-7.8,-7.8,-0.4,,0
-0.4+-8.0,-8.0,-0.4,,0
-0.4+0.0,0.0,-0.4,-0.026605528,114
-0.4+0.2,0.2,-0.4,0.053345114,106
-0.4+0.4,0.4,-0.4,0.14946887,95
-0.4+0.6,0.6,-0.4,0.20219155,75
-0.4+0.8,0.8,-0.4,0.25728035,57
-0.4+1.0,1.0,-0.4,0.26665258,35
-0.4+1.2,1.2,-0.4,0.29180232,18
-0.4+1.4,1.4,-0.4,0.29460147,9
-0.4+1.6,1.6,-0.4,0.18585956,5
-0.4+1.8,1.8,-0.4,0.2788651,3
-0.4+2.0,2.0,-0.4,0.20365779,2
-0.4+2.2,2.2,-0.4,,0
-0.4+2.4,2.4,-0.4,-0.5636745,1
-0.4+2.6,2.6,-0.4,,0
-0.4+2.8,2.8,-0.4,,0
-0.4+3.0,3.0,-0.4,,0
-0.4+3.2,3.2,-0.4,,0
-0.4+3.4,3.4,-0.4,,0
-0.4+3.6,3.6,-0.4,,0
-0.4+3.8,3.8,-0.4,,0
-0.4+4.0,4.0,-0.4,,0
-0.4+4.2,4.2,-0.4,,0
-0.4+4.4,4.4,-0.4,,0
-0.4+4.6,4.6,-0.4,,0
-0.4+4.8,4.8,-0.4,,0
-0.4+5.0,5.0,-0.4,,0
-0.4+5.2,5.2,-0.4,,0
-0.4+5.4,5.4,-0.4,,0
-0.4+5.6,5.6,-0.4,,0
-0.4+5.8,5.8,-0.4,,0
-0.4+6.0,6.0,-0.4,,0
-0.4+6.2,6.2,-0.4,,0
-0.4+6.4,6.4,-0.4,,0
-0.4+6.6,6.6,-0.4,,0
-0.4+6.8,6.8,-0.4,,0
-0.4+7.0,7.0,-0.4,,0
-0.4+7.2,7.2,-0.4,,0
-0.4+7.4,7.4,-0.4,,0
-0.4+7.6,7.6,-0.4,,0
-0.4+7.8,7.8,-0.4,,0
-0.4+8.0,8.0,-0.4,,0
-0.4+8.2,8.2,-0.4,,0
-0.4+8.4,8.4,-0.4,,0
-0.4+8.6,8.6,-0.4,,0
-0.4+8.8,8.8,-0.4,,0
-0.4+9.0,9.0,-0.4,,0
-0.4+9.2,9.2,-0.4,,0
-0.4+9.4,9.4,-0.4,,0
-0.4+9.6,9.6,-0.4,,0
-0.6+-0.2,-0.2,-0.6,-0.07211928,115
-0.6+-0.4,-0.4,-0.6,-0.1392972,117
-0.6+-0.6,-0.6,-0.6,-0.1826709,119
-0.6+-0.8,-0.8,-0.6,-0.2128607,119
-0.6+-1.0,-1.0,-0.6,-0.22304715,118
-0.6+-1.2,-1.2,-0.6,-0.21460894,114
-0.6+-1.4,-1.4,-0.6,-0.1877956,96
-0.6+-1.6,-1.6,-0.6,-0.16409484,62
-0.6+-1.8,-1.8,-0.6,-0.109715864,23
-0.6+-2.0,-2.0,-0.6,-0.119417675,6
-0.6+-2.2,-2.2,-0.6,,0
-0.6+-2.4,-2.4,-0.6,,0
-0.6+-2.6,-2.6,-0.6,,0
-0.6+-2.8,-2.8,-0.6,,0
-0.6+-3.0,-3.0,-0.6,,0
-0.6+-3.2,-3.2,-0.6,,0
-0.6+-3.4,-3.4,-0.6,,0
-0.6+-3.6,-3.6,-0.6,,0
-0.6+-3.8,-3.8,-0.6,,0
-0.6+-4.0,-4.0,-0.6,,0
-0.6+-4.2,-4.2,-0.6,,0
-0.6+-4.4,-4.4,-0.6,,0
-0.6+-4.6,-4.6,-0.6,,0
-0.6+-4.8,-4.8,-0.6,,0
-0.6+-5.0,-5.0,-0.6,,0
-0.6+-5.2,-5.2,-0.6,,0
-0.6+-5.4,-5.4,-0.6,,0
-0.6+-5.6,-5.6,-0.6,,0
-0.6+-5.8,-5.8,-0.6,,0
-0.6+-6.0,-6.0,-0.6,,0
-0.6+-6.2,-6.2,-0.6,,0
-0.6+-6.4,-6.4,-0.6,,0
-0.6+-6.6,-6.6,-0.6,,0
-0.6+-6.8,-6.8,-0.6,,0
-0.6+-7.0,-7.0,-0.6,,0
-0.6+-7.2,-7.2,-0.6,,0
-0.6+-7.4,-7.4,-0.6,,0
-0.6+-7.6,-7.6,-0.6,,0
-0.6+-7.8,-7.8,-0.6,,0
-0.6+-8.0,-8.0,-0.6,,0
-0.6+0.0,0.0,-0.6,-0.0043047117,106
-0.6+0.2,0.2,-0.6,0.07574403,98
-0.6+0.4,0.4,-0.6,0.19353643,76
-0.6+0.6,0.6,-0.6,0.22103052,55
-0.6+0.8,0.8,-0.6,0.23888323,31
-0.6+1.0,1.0,-0.6,0.17882779,19
-0.6+1.2,1.2,-0.6,0.24024703,14
-0.6+1.4,1.4,-0.6,0.2930262,5
-0.6+1.6,1.6,-0.6,0.35217026,4
-0.6+1.8,1.8,-0.6,,0
-0.6+2.0,2.0,-0.6,-0.71681964,1
-0.6+2.2,2.2,-0.6,,0
-0.6+2.4,2.4,-0.6,,0
-0.6+2.6,2.6,-0.6,,0
-0.6+2.8,2.8,-0.6,,0
-0.6+3.0,3.0,-0.6,,0
-0.6+3.2,3.2,-0.6,,0
-0.6+3.4,3.4,-0.6,,0
-0.6+3.6,3.6,-0.6,,0
-0.6+3.8,3.8,-0.6,,0
-0.6+4.0,4.0,-0.6,,0
-0.6+4.2,4.2,-0.6,,0
-0.6+4.4,4.4,-0.6,,0
-0.6+4.6,4.6,-0.6,,0
-0.6+4.8,4.8,-0.6,,0
-0.6+5.0,5.0,-0.6,,0
-0.6+5.2,5.2,-0.6,,0
-0.6+5.4,5.4,-0.6,,0
-0.6+5.6,5.6,-0.6,,0
-0.6+5.8,5.8,-0.6,,0
-0.6+6.0,6.0,-0.6,,0
-0.6+6.2,6.2,-0.6,,0
-0.6+6.4,6.4,-0.6,,0
-0.6+6.6,6.6,-0.6,,0
-0.6+6.8,6.8,-0.6,,0
-0.6+7.0,7.0,-0.6,,0
-0.6+7.2,7.2,-0.6,,0
-0.6+7.4,7.4,-0.6,,0
-0.6+7.6,7.6,-0.6,,0
-0.6+7.8,7.8,-0.6,,0
-0.6+8.0,8.0,-0.6,,0
-0.6+8.2,8.2,-0.6,,0
-0.6+8.4,8.4,-0.6,,0
-0.6+8.6,8.6,-0.6,,0
-0.6+8.8,8.8,-0.6,,0
-0.6+9.0,9.0,-0.6,,0
-0.6+9.2,9.2,-0.6,,0
-0.6+9.4,9.4,-0.6,,0
-0.6+9.6,9.6,-0.6,,0
-0.8+-0.2,-0.2,-0.8,-0.050149914,109
-0.8+-0.4,-0.4,-0.8,-0.12403248,116
-0.8+-0.6,-0.6,-0.8,-0.16893843,119
-0.8+-0.8,-0.8,-0.8,-0.21023491,119
-0.8+-1.0,-1.0,-0.8,-0.20422629,118
-0.8+-1.2,-1.2,-0.8,-0.17337254,114
-0.8+-1.4,-1.4,-0.8,-0.17564547,100
-0.8+-1.6,-1.6,-0.8,-0.14546736,61
-0.8+-1.8,-1.8,-0.8,-0.12006505,27
-0.8+-2.0,-2.0,-0.8,-0.13166308,9
-0.8+-2.2,-2.2,-0.8,-0.46130896,1
-0.8+-2.4,-2.4,-0.8,,0
-0.8+-2.6,-2.6,-0.8,,0
-0.8+-2.8,-2.8,-0.8,,0
-0.8+-3.0,-3.0,-0.8,,0
-0.8+-3.2,-3.2,-0.8,,0
-0.8+-3.4,-3.4,-0.8,,0
-0.8+-3.6,-3.6,-0.8,,0
-0.8+-3.8,-3.8,-0.8,,0
-0.8+-4.0,-4.0,-0.8,,0
-0.8+-4.2,-4.2,-0.8,,0
-0.8+-4.4,-4.4,-0.8,,0
-0.8+-4.6,-4.6,-0.8,,0
-0.8+-4.8,-4.8,-0.8,,0
-0.8+-5.0,-5.0,-0.8,,0
-0.8+-5.2,-5.2,-0.8,,0
-0.8+-5.4,-5.4,-0.8,,0
-0.8+-5.6,-5.6,-0.8,,0
-0.8+-5.8,-5.8,-0.8,,0
-0.8+-6.0,-6.0,-0.8,,0
-0.8+-6.2,-6.2,-0.8,,0
-0.8+-6.4,-6.4,-0.8,,0
-0.8+-6.6,-6.6,-0.8,,0
-0.8+-6.8,-6.8,-0.8,,0
-0.8+-7.0,-7.0,-0.8,,0
-0.8+-7.2,-7.2,-0.8,,0
-0.8+-7.4,-7.4,-0.8,,0
-0.8+-7.6,-7.6,-0.8,,0
-0.8+-7.8,-7.8,-0.8,,0
-0.8+-8.0,-8.0,-0.8,,0
-0.8+0.0,0.0,-0.8,0.0152726695,99
-0.8+0.2,0.2,-0.8,0.07731141,80
-0.8+0.4,0.4,-0.8,0.15241867,61
-0.8+0.6,0.6,-0.8,0.18565951,33
-0.8+0.8,0.8,-0.8,0.23121724,19
-0.8+1.0,1.0,-0.8,0.25848776,8
-0.8+1.2,1.2,-0.8,0.22267193,7
-0.8+1.4,1.4,-0.8,0.2779558,4
-0.8+1.6,1.6,-0.8,0.7120537,1
-0.8+1.8,1.8,-0.8,,0
-0.8+2.0,2.0,-0.8,,0
-0.8+2.2,2.2,-0.8,,0
-0.8+2.4,2.4,-0.8,,0
-0.8+2.6,2.6,-0.8,,0
-0.8+2.8,2.8,-0.8,,0
-0.8+3.0,3.0,-0.8,,0
-0.8+3.2,3.2,-0.8,,0
-0.8+3.4,3.4,-0.8,,0
-0.8+3.6,3.6,-0.8,,0
-0.8+3.8,3.8,-0.8,,0
-0.8+4.0,4.0,-0.8,,0
-0.8+4.2,4.2,-0.8,,0
-0.8+4.4,4.4,-0.8,,0
-0.8+4.6,4.6,-0.8,,0
-0.8+4.8,4.8,-0.8,,0
-0.8+5.0,5.0,-0.8,,0
-0.8+5.2,5.2,-0.8,,0
-0.8+5.4,5.4,-0.8,,0
-0.8+5.6,5.6,-0.8,,0
-0.8+5.8,5.8,-0.8,,0
-0.8+6.0,6.0,-0.8,,0
-0.8+6.2,6.2,-0.8,,0
-0.8+6.4,6.4,-0.8,,0
-0.8+6.6,6.6,-0.8,,0
-0.8+6.8,6.8,-0.8,,0
-0.8+7.0,7.0,-0.8,,0
-0.8+7.2,7.2,-0.8,,0
-0.8+7.4,7.4,-0.8,,0
-0.8+7.6,7.6,-0.8,,0
-0.8+7.8,7.8,-0.8,,0
-0.8+8.0,8.0,-0.8,,0
-0.8+8.2,8.2,-0.8,,0
-0.8+8.4,8.4,-0.8,,0
-0.8+8.6,8.6,-0.8,,0
-0.8+8.8,8.8,-0.8,,0
-0.8+9.0,9.0,-0.8,,0
-0.8+9.2,9.2,-0.8,,0
-0.8+9.4,9.4,-0.8,,0
-0.8+9.6,9.6,-0.8,,0
-1.0+-0.2,-0.2,-1.0,-0.036651988,103
-1.0+-0.4,-0.4,-1.0,-0.11997175,109
-1.0+-0.6,-0.6,-1.0,-0.1601431,116
-1.0+-0.8,-0.8,-1.0,-0.20759282,118
-1.0+-1.0,-1.0,-1.0,-0.20016438,118
-1.0+-1.2,-1.2,-1.0,-0.21323355,113
-1.0+-1.4,-1.4,-1.0,-0.20804575,100
-1.0+-1.6,-1.6,-1.0,-0.1627805,62
-1.0+-1.8,-1.8,-1.0,-0.109961905,27
-1.0+-2.0,-2.0,-1.0,-0.12335091,9
-1.0+-2.2,-2.2,-1.0,,0
-1.0+-2.4,-2.4,-1.0,,0
-1.0+-2.6,-2.6,-1.0,,0
-1.0+-2.8,-2.8,-1.0,,0
-1.0+-3.0,-3.0,-1.0,,0
-1.0+-3.2,-3.2,-1.0,,0
-1.0+-3.4,-3.4,-1.0,,0
-1.0+-3.6,-3.6,-1.0,,0
-1.0+-3.8,-3.8,-1.0,,0
-1.0+-4.0,-4.0,-1.0,,0
-1.0+-4.2,-4.2,-1.0,,0
-1.0+-4.4,-4.4,-1.0,,0
-1.0+-4.6,-4.6,-1.0,,0
-1.0+-4.8,-4.8,-1.0,,0
-1.0+-5.0,-5.0,-1.0,,0
-1.0+-5.2,-5.2,-1.0,,0
-1.0+-5.4,-5.4,-1.0,,0
-1.0+-5.6,-5.6,-1.0,,0
-1.0+-5.8,-5.8,-1.0,,0
-1.0+-6.0,-6.0,-1.0,,0
-1.0+-6.2,-6.2,-1.0,,0
-1.0+-6.4,-6.4,-1.0,,0
-1.0+-6.6,-6.6,-1.0,,0
-1.0+-6.8,-6.8,-1.0,,0
-1.0+-7.0,-7.0,-1.0,,0
-1.0+-7.2,-7.2,-1.0,,0
-1.0+-7.4,-7.4,-1.0,,0
-1.0+-7.6,-7.6,-1.0,,0
-1.0+-7.8,-7.8,-1.0,,0
-1.0+-8.0,-8.0,-1.0,,0
-1.0+0.0,0.0,-1.0,0.026111517,83
-1.0+0.2,0.2,-1.0,0.10974817,67
-1.0+0.4,0.4,-1.0,0.093184516,42
-1.0+0.6,0.6,-1.0,0.09497152,25
-1.0+0.8,0.8,-1.0,0.14376226,14
-1.0+1.0,1.0,-1.0,0.21724387,9
-1.0+1.2,1.2,-1.0,0.18696801,5
-1.0+1.4,1.4,-1.0,,0
-1.0+1.6,1.6,-1.0,,0
-1.0+1.8,1.8,-1.0,,0
-1.0+2.0,2.0,-1.0,,0
-1.0+2.2,2.2,-1.0,,0
-1.0+2.4,2.4,-1.0,,0
-1.0+2.6,2.6,-1.0,,0
-1.0+2.8,2.8,-1.0,,0
-1.0+3.0,3.0,-1.0,,0
-1.0+3.2,3.2,-1.0,,0
-1.0+3.4,3.4,-1.0,,0
-1.0+3.6,3.6,-1.0,,0
-1.0+3.8,3.8,-1.0,,0
-1.0+4.0,4.0,-1.0,,0
-1.0+4.2,4.2,-1.0,,0
-1.0+4.4,4.4,-1.0,,0
-1.0+4.6,4.6,-1.0,,0
-1.0+4.8,4.8,-1.0,,0
-1.0+5.0,5.0,-1.0,,0
-1.0+5.2,5.2,-1.0,,0
-1.0+5.4,5.4,-1.0,,0
-1.0+5.6,5.6,-1.0,,0
-1.0+5.8,5.8,-1.0,,0
-1.0+6.0,6.0,-1.0,,0
-1.0+6.2,6.2,-1.0,,0
-1.0+6.4,6.4,-1.0,,0
-1.0+6.6,6.6,-1.0,,0
-1.0+6.8,6.8,-1.0,,0
-1.0+7.0,7.0,-1.0,,0
-1.0+7.2,7.2,-1.0,,0
-1.0+7.4,7.4,-1.0,,0
-1.0+7.6,7.6,-1.0,,0
-1.0+7.8,7.8,-1.0,,0
-1.0+8.0,8.0,-1.0,,0
-1.0+8.2,8.2,-1.0,,0
-1.0+8.4,8.4,-1.0,,0
-1.0+8.6,8.6,-1.0,,0
-1.0+8.8,8.8,-1.0,,0
-1.0+9.0,9.0,-1.0,,0
-1.0+9.2,9.2,-1.0,,0
-1.0+9.4,9.4,-1.0,,0
-1.0+9.6,9.6,-1.0,,0
-1.2+-0.2,-0.2,-1.2,-0.03615407,88
-1.2+-0.4,-0.4,-1.2,-0.07610352,105
-1.2+-0.6,-0.6,-1.2,-0.13939798,114
-1.2+-0.8,-0.8,-1.2,-0.20095035,116
-1.2+-1.0,-1.0,-1.2,-0.20161533,118
-1.2+-1.2,-1.2,-1.2,-0.18873873,117
-1.2+-1.4,-1.4,-1.2,-0.18477947,102
-1.2+-1.6,-1.6,-1.2,-0.12572494,67
-1.2+-1.8,-1.8,-1.2,-0.1811555,26
-1.2+-2.0,-2.0,-1.2,-0.16877,7
-1.2+-2.2,-2.2,-1.2,-0.9592749,1
-1.2+-2.4,-2.4,-1.2,,0
-1.2+-2.6,-2.6,-1.2,,0
-1.2+-2.8,-2.8,-1.2,,0
-1.2+-3.0,-3.0,-1.2,,0
-1.2+-3.2,-3.2,-1.2,,0
-1.2+-3.4,-3.4,-1.2,,0
-1.2+-3.6,-3.6,-1.2,,0
-1.2+-3.8,-3.8,-1.2,,0
-1.2+-4.0,-4.0,-1.2,,0
-1.2+-4.2,-4.2,-1.2,,0
-1.2+-4.4,-4.4,-1.2,,0
-1.2+-4.6,-4.6,-1.2,,0
-1.2+-4.8,-4.8,-1.2,,0
-1.2+-5.0,-5.0,-1.2,,0
-1.2+-5.2,-5.2,-1.2,,0
-1.2+-5.4,-5.4,-1.2,,0
-1.2+-5.6,-5.6,-1.2,,0
-1.2+-5.8,-5.8,-1.2,,0
-1.2+-6.0,-6.0,-1.2,,0
-1.2+-6.2,-6.2,-1.2,,0
-1.2+-6.4,-6.4,-1.2,,0
-1.2+-6.6,-6.6,-1.2,,0
-1.2+-6.8,-6.8,-1.2,,0
-1.2+-7.0,-7.0,-1.2,,0
-1.2+-7.2,-7.2,-1.2,,0
-1.2+-7.4,-7.4,-1.2,,0
-1.2+-7.6,-7.6,-1.2,,0
-1.2+-7.8,-7.8,-1.2,,0
-1.2+-8.0,-8.0,-1.2,,0
-1.2+0.0,0.0,-1.2,0.027177641,72
-1.2+0.2,0.2,-1.2,0.07086068,44
-1.2+0.4,0.4,-1.2,0.12170526,26
-1.2+0.6,0.6,-1.2,0.118025064,14
-1.2+0.8,0.8,-1.2,0.15784824,10
-1.2+1.0,1.0,-1.2,0.21543562,6
-1.2+1.2,1.2,-1.2,0.17969461,3
-1.2+1.4,1.4,-1.2,0.2522719,2
-1.2+1.6,1.6,-1.2,,0
-1.2+1.8,1.8,-1.2,,0
-1.2+2.0,2.0,-1.2,,0
-1.2+2.2,2.2,-1.2,,0
-1.2+2.4,2.4,-1.2,,0
-1.2+2.6,2.6,-1.2,,0
-1.2+2.8,2.8,-1.2,,0
-1.2+3.0,3.0,-1.2,,0
-1.2+3.2,3.2,-1.2,,0
-1.2+3.4,3.4,-1.2,,0
-1.2+3.6,3.6,-1.2,,0
-1.2+3.8,3.8,-1.2,,0
-1.2+4.0,4.0,-1.2,,0
-1.2+4.2,4.2,-1.2,,0
-1.2+4.4,4.4,-1.2,,0
-1.2+4.6,4.6,-1.2,,0
-1.2+4.8,4.8,-1.2,,0
-1.2+5.0,5.0,-1.2,,0
-1.2+5.2,5.2,-1.2,,0
-1.2+5.4,5.4,-1.2,,0
-1.2+5.6,5.6,-1.2,,0
-1.2+5.8,5.8,-1.2,,0
-1.2+6.0,6.0,-1.2,,0
-1.2+6.2,6.2,-1.2,,0
-1.2+6.4,6.4,-1.2,,0
-1.2+6.6,6.6,-1.2,,0
-1.2+6.8,6.8,-1.2,,0
-1.2+7.0,7.0,-1.2,,0
-1.2+7.2,7.2,-1.2,,0
-1.2+7.4,7.4,-1.2,,0
-1.2+7.6,7.6,-1.2,,0
-1.2+7.8,7.8,-1.2,,0
-1.2+8.0,8.0,-1.2,,0
-1.2+8.2,8.2,-1.2,,0
-1.2+8.4,8.4,-1.2,,0
-1.2+8.6,8.6,-1.2,,0
-1.2+8.8,8.8,-1.2,,0
-1.2+9.0,9.0,-1.2,,0
-1.2+9.2,9.2,-1.2,,0
-1.2+9.4,9.4,-1.2,,0
-1.2+9.6,9.6,-1.2,,0
-1.4+-0.2,-0.2,-1.4,-0.01691825,72
-1.4+-0.4,-0.4,-1.4,-0.083401255,90
-1.4+-0.6,-0.6,-1.4,-0.13829254,104
-1.4+-0.8,-0.8,-1.4,-0.17950074,111
-1.4+-1.0,-1.0,-1.4,-0.18332258,116
-1.4+-1.2,-1.2,-1.4,-0.15724313,117
-1.4+-1.4,-1.4,-1.4,-0.1701279,102
-1.4+-1.6,-1.6,-1.4,-0.15358488,67
-1.4+-1.8,-1.8,-1.4,-0.1126481,29
-1.4+-2.0,-2.0,-1.4,-0.17007229,8
-1.4+-2.2,-2.2,-1.4,,0
-1.4+-2.4,-2.4,-1.4,,0
-1.4+-2.6,-2.6,-1.4,,0
-1.4+-2.8,-2.8,-1.4,,0
-1.4+-3.0,-3.0,-1.4,,0
-1.4+-3.2,-3.2,-1.4,,0
-1.4+-3.4,-3.4,-1.4,,0
-1.4+-3.6,-3.6,-1.4,,0
-1.4+-3.8,-3.8,-1.4,,0
-1.4+-4.0,-4.0,-1.4,,0
-1.4+-4.2,-4.2,-1.4,,0
-1.4+-4.4,-4.4,-1.4,,0
-1.4+-4.6,-4.6,-1.4,,0
-1.4+-4.8,-4.8,-1.4,,0
-1.4+-5.0,-5.0,-1.4,,0
-1.4+-5.2,-5.2,-1.4,,0
-1.4+-5.4,-5.4,-1.4,,0
-1.4+-5.6,-5.6,-1.4,,0
-1.4+-5.8,-5.8,-1.4,,0
-1.4+-6.0,-6.0,-1.4,,0
-1.4+-6.2,-6.2,-1.4,,0
-1.4+-6.4,-6.4,-1.4,,0
-1.4+-6.6,-6.6,-1.4,,0
-1.4+-6.8,-6.8,-1.4,,0
-1.4+-7.0,-7.0,-1.4,,0
-1.4+-7.2,-7.2,-1.4,,0
-1.4+-7.4,-7.4,-1.4,,0
-1.4+-7.6,-7.6,-1.4,,0
-1.4+-7.8,-7.8,-1.4,,0
-1.4+-8.0,-8.0,-1.4,,0
-1.4+0.0,0.0,-1.4,-0.021953844,48
-1.4+0.2,0.2,-1.4,0.0315361,31
-1.4+0.4,0.4,-1.4,0.058775656,15
-1.4+0.6,0.6,-1.4,0.057130232,12
-1.4+0.8,0.8,-1.4,0.10741322,6
-1.4+1.0,1.0,-1.4,0.11906707,4
-1.4+1.2,1.2,-1.4,0.25404564,1
-1.4+1.4,1.4,-1.4,,0
-1.4+1.6,1.6,-1.4,,0
-1.4+1.8,1.8,-1.4,,0
-1.4+2.0,2.0,-1.4,,0
-1.4+2.2,2.2,-1.4,,0
-1.4+2.4,2.4,-1.4,,0
-1.4+2.6,2.6,-1.4,,0
-1.4+2.8,2.8,-1.4,,0
-1.4+3.0,3.0,-1.4,,0
-1.4+3.2,3.2,-1.4,,0
-1.4+3.4,3.4,-1.4,,0
-1.4+3.6,3.6,-1.4,,0
-1.4+3.8,3.8,-1.4,,0
-1.4+4.0,4.0,-1.4,,0
-1.4+4.2,4.2,-1.4,,0
-1.4+4.4,4.4,-1.4,,0
-1.4+4.6,4.6,-1.4,,0
-1.4+4.8,4.8,-1.4,,0
-1.4+5.0,5.0,-1.4,,0
-1.4+5.2,5.2,-1.4,,0
-1.4+5.4,5.4,-1.4,,0
-1.4+5.6,5.6,-1.4,,0
-1.4+5.8,5.8,-1.4,,0
-1.4+6.0,6.0,-1.4,,0
-1.4+6.2,6.2,-1.4,,0
-1.4+6.4,6.4,-1.4,,0
-1.4+6.6,6.6,-1.4,,0
-1.4+6.8,6.8,-1.4,,0
-1.4+7.0,7.0,-1.4,,0
-1.4+7.2,7.2,-1.4,,0
-1.4+7.4,7.4,-1.4,,0
-1.4+7.6,7.6,-1.4,,0
-1.4+7.8,7.8,-1.4,,0
-1.4+8.0,8.0,-1.4,,0
-1.4+8.2,8.2,-1.4,,0
-1.4+8.4,8.4,-1.4,,0
-1.4+8.6,8.6,-1.4,,0
-1.4+8.8,8.8,-1.4,,0
-1.4+9.0,9.0,-1.4,,0
-1.4+9.2,9.2,-1.4,,0
-1.4+9.4,9.4,-1.4,,0
-1.4+9.6,9.6,-1.4,,0
-1.6+-0.2,-0.2,-1.6,-0.04306958,56
-1.6+-0.4,-0.4,-1.6,-0.091900475,74
-1.6+-0.6,-0.6,-1.6,-0.12256314,96
-1.6+-0.8,-0.8,-1.6,-0.18884048,107
-1.6+-1.0,-1.0,-1.6,-0.17916328,112
-1.6+-1.2,-1.2,-1.6,-0.15533234,114
-1.6+-1.4,-1.4,-1.6,-0.15677616,102
-1.6+-1.6,-1.6,-1.6,-0.13532312,65
-1.6+-1.8,-1.8,-1.6,-0.12474088,29
-1.6+-2.0,-2.0,-1.6,-0.19779114,8
-1.6+-2.2,-2.2,-1.6,,0
-1.6+-2.4,-2.4,-1.6,,0
-1.6+-2.6,-2.6,-1.6,,0
-1.6+-2.8,-2.8,-1.6,,0
-1.6+-3.0,-3.0,-1.6,,0
-1.6+-3.2,-3.2,-1.6,,0
-1.6+-3.4,-3.4,-1.6,,0
-1.6+-3.6,-3.6,-1.6,,0
-1.6+-3.8,-3.8,-1.6,,0
-1.6+-4.0,-4.0,-1.6,,0
-1.6+-4.2,-4.2,-1.6,,0
-1.6+-4.4,-4.4,-1.6,,0
-1.6+-4.6,-4.6,-1.6,,0
-1.6+-4.8,-4.8,-1.6,,0
-1.6+-5.0,-5.0,-1.6,,0
-1.6+-5.2,-5.2,-1.6,,0
-1.6+-5.4,-5.4,-1.6,,0
-1.6+-5.6,-5.6,-1.6,,0
-1.6+-5.8,-5.8,-1.6,,0
-1.6+-6.0,-6.0,-1.6,,0
-1.6+-6.2,-6.2,-1.6,,0
-1.6+-6.4,-6.4,-1.6,,0
-1.6+-6.6,-6.6,-1.6,,0
-1.6+-6.8,-6.8,-1.6,,0
-1.6+-7.0,-7.0,-1.6,,0
-1.6+-7.2,-7.2,-1.6,,0
-1.6+-7.4,-7.4,-1.6,,0
-1.6+-7.6,-7.6,-1.6,,0
-1.6+-7.8,-7.8,-1.6,,0
-1.6+-8.0,-8.0,-1.6,,0
-1.6+0.0,0.0,-1.6,-0.016427608,30
-1.6+0.2,0.2,-1.6,0.046366766,14
-1.6+0.4,0.4,-1.6,0.039151136,12
-1.6+0.6,0.6,-1.6,0.09112988,6
-1.6+0.8,0.8,-1.6,0.09684455,5
-1.6+1.0,1.0,-1.6,-0.19738366,1
-1.6+1.2,1.2,-1.6,,0
-1.6+1.4,1.4,-1.6,,0
-1.6+1.6,1.6,-1.6,,0
-1.6+1.8,1.8,-1.6,,0
-1.6+2.0,2.0,-1.6,,0
-1.6+2.2,2.2,-1.6,,0
-1.6+2.4,2.4,-1.6,,0
-1.6+2.6,2.6,-1.6,,0
-1.6+2.8,2.8,-1.6,,0
-1.6+3.0,3.0,-1.6,,0
-1.6+3.2,3.2,-1.6,,0
-1.6+3.4,3.4,-1.6,,0
-1.6+3.6,3.6,-1.6,,0
-1.6+3.8,3.8,-1.6,,0
-1.6+4.0,4.0,-1.6,,0
-1.6+4.2,4.2,-1.6,,0
-1.6+4.4,4.4,-1.6,,0
-1.6+4.6,4.6,-1.6,,0
-1.6+4.8,4.8,-1.6,,0
-1.6+5.0,5.0,-1.6,,0
-1.6+5.2,5.2,-1.6,,0
-1.6+5.4,5.4,-1.6,,0
-1.6+5.6,5.6,-1.6,,0
-1.6+5.8,5.8,-1.6,,0
-1.6+6.0,6.0,-1.6,,0
-1.6+6.2,6.2,-1.6,,0
-1.6+6.4,6.4,-1.6,,0
-1.6+6.6,6.6,-1.6,,0
-1.6+6.8,6.8,-1.6,,0
-1.6+7.0,7.0,-1.6,,0
-1.6+7.2,7.2,-1.6,,0
-1.6+7.4,7.4,-1.6,,0
-1.6+7.6,7.6,-1.6,,0
-1.6+7.8,7.8,-1.6,,0
-1.6+8.0,8.0,-1.6,,0
-1.6+8.2,8.2,-1.6,,0
-1.6+8.4,8.4,-1.6,,0
-1.6+8.6,8.6,-1.6,,0
-1.6+8.8,8.8,-1.6,,0
-1.6+9.0,9.0,-1.6,,0
-1.6+9.2,9.2,-1.6,,0
-1.6+9.4,9.4,-1.6,,0
-1.6+9.6,9.6,-1.6,,0
-1.8+-0.2,-0.2,-1.8,-0.061678052,39
-1.8+-0.4,-0.4,-1.8,-0.08100343,63
-1.8+-0.6,-0.6,-1.8,-0.12265739,79
-1.8+-0.8,-0.8,-1.8,-0.1739023,102
-1.8+-1.0,-1.0,-1.8,-0.1872494,112
-1.8+-1.2,-1.2,-1.8,-0.15183094,113
-1.8+-1.4,-1.4,-1.8,-0.126784,103
-1.8+-1.6,-1.6,-1.8,-0.16539681,68
-1.8+-1.8,-1.8,-1.8,-0.13974014,29
-1.8+-2.0,-2.0,-1.8,-0.07027621,9
-1.8+-2.2,-2.2,-1.8,0.041340638,1
-1.8+-2.4,-2.4,-1.8,,0
-1.8+-2.6,-2.6,-1.8,,0
-1.8+-2.8,-2.8,-1.8,,0
-1.8+-3.0,-3.0,-1.8,,0
-1.8+-3.2,-3.2,-1.8,,0
-1.8+-3.4,-3.4,-1.8,,0
-1.8+-3.6,-3.6,-1.8,,0
-1.8+-3.8,-3.8,-1.8,,0
-1.8+-4.0,-4.0,-1.8,,0
-1.8+-4.2,-4.2,-1.8,,0
-1.8+-4.4,-4.4,-1.8,,0
-1.8+-4.6,-4.6,-1.8,,0
-1.8+-4.8,-4.8,-1.8,,0
-1.8+-5.0,-5.0,-1.8,,0
-1.8+-5.2,-5.2,-1.8,,0
-1.8+-5.4,-5.4,-1.8,,0
-1.8+-5.6,-5.6,-1.8,,0
-1.8+-5.8,-5.8,-1.8,,0
-1.8+-6.0,-6.0,-1.8,,0
-1.8+-6.2,-6.2,-1.8,,0
-1.8+-6.4,-6.4,-1.8,,0
-1.8+-6.6,-6.6,-1.8,,0
-1.8+-6.8,-6.8,-1.8,,0
-1.8+-7.0,-7.0,-1.8,,0
-1.8+-7.2,-7.2,-1.8,,0
-1.8+-7.4,-7.4,-1.8,,0
-1.8+-7.6,-7.6,-1.8,,0
-1.8+-7.8,-7.8,-1.8,,0
-1.8+-8.0,-8.0,-1.8,,0
-1.8+0.0,0.0,-1.8,-0.040286474,17
-1.8+0.2,0.2,-1.8,0.085283674,10
-1.8+0.4,0.4,-1.8,0.048051637,4
-1.8+0.6,0.6,-1.8,-0.04407589,3
-1.8+0.8,0.8,-1.8,-0.038035896,2
-1.8+1.0,1.0,-1.8,-0.18835825,1
-1.8+1.2,1.2,-1.8,,0
-1.8+1.4,1.4,-1.8,,0
-1.8+1.6,1.6,-1.8,,0
-1.8+1.8,1.8,-1.8,,0
-1.8+2.0,2.0,-1.8,,0
-1.8+2.2,2.2,-1.8,,0
-1.8+2.4,2.4,-1.8,,0
-1.8+2.6,2.6,-1.8,,0
-1.8+2.8,2.8,-1.8,,0
-1.8+3.0,3.0,-1.8,,0
-1.8+3.2,3.2,-1.8,,0
-1.8+3.4,3.4,-1.8,,0
-1.8+3.6,3.6,-1.8,,0
-1.8+3.8,3.8,-1.8,,0
-1.8+4.0,4.0,-1.8,,0
-1.8+4.2,4.2,-1.8,,0
-1.8+4.4,4.4,-1.8,,0
-1.8+4.6,4.6,-1.8,,0
-1.8+4.8,4.8,-1.8,,0
-1.8+5.0,5.0,-1.8,,0
-1.8+5.2,5.2,-1.8,,0
-1.8+5.4,5.4,-1.8,,0
-1.8+5.6,5.6,-1.8,,0
-1.8+5.8,5.8,-1.8,,0
-1.8+6.0,6.0,-1.8,,0
-1.8+6.2,6.2,-1.8,,0
-1.8+6.4,6.4,-1.8,,0
-1.8+6.6,6.6,-1.8,,0
-1.8+6.8,6.8,-1.8,,0
-1.8+7.0,7.0,-1.8,,0
-1.8+7.2,7.2,-1.8,,0
-1.8+7.4,7.4,-1.8,,0
-1.8+7.6,7.6,-1.8,,0
-1.8+7.8,7.8,-1.8,,0
-1.8+8.0,8.0,-1.8,,0
-1.8+8.2,8.2,-1.8,,0
-1.8+8.4,8.4,-1.8,,0
-1.8+8.6,8.6,-1.8,,0
-1.8+8.8,8.8,-1.8,,0
-1.8+9.0,9.0,-1.8,,0
-1.8+9.2,9.2,-1.8,,0
-1.8+9.4,9.4,-1.8,,0
-1.8+9.6,9.6,-1.8,,0
-2.0+-0.2,-0.2,-2.0,-0.05364978,19
-2.0+-0.4,-0.4,-2.0,-0.08602335,43
-2.0+-0.6,-0.6,-2.0,-0.11505629,68
-2.0+-0.8,-0.8,-2.0,-0.16089788,89
-2.0+-1.0,-1.0,-2.0,-0.19195935,104
-2.0+-1.2,-1.2,-2.0,-0.16301048,103
-2.0+-1.4,-1.4,-2.0,-0.13898481,100
-2.0+-1.6,-1.6,-2.0,-0.15546386,67
-2.0+-1.8,-1.8,-2.0,-0.17965716,27
-2.0+-2.0,-2.0,-2.0,-0.1751851,9
-2.0+-2.2,-2.2,-2.0,,0
-2.0+-2.4,-2.4,-2.0,,0
-2.0+-2.6,-2.6,-2.0,,0
-2.0+-2.8,-2.8,-2.0,,0
-2.0+-3.0,-3.0,-2.0,,0
-2.0+-3.2,-3.2,-2.0,,0
-2.0+-3.4,-3.4,-2.0,,0
-2.0+-3.6,-3.6,-2.0,,0
-2.0+-3.8,-3.8,-2.0,,0
-2.0+-4.0,-4.0,-2.0,,0
-2.0+-4.2,-4.2,-2.0,,0
-2.0+-4.4,-4.4,-2.0,,0
-2.0+-4.6,-4.6,-2.0,,0
-2.0+-4.8,-4.8,-2.0,,0
-2.0+-5.0,-5.0,-2.0,,0
-2.0+-5.2,-5.2,-2.0,,0
-2.0+-5.4,-5.4,-2.0,,0
-2.0+-5.6,-5.6,-2.0,,0
-2.0+-5.8,-5.8,-2.0,,0
-2.0+-6.0,-6.0,-2.0,,0
-2.0+-6.2,-6.2,-2.0,,0
-2.0+-6.4,-6.4,-2.0,,0
-2.0+-6.6,-6.6,-2.0,,0
-2.0+-6.8,-6.8,-2.0,,0
-2.0+-7.0,-7.0,-2.0,,0
-2.0+-7.2,-7.2,-2.0,,0
-2.0+-7.4,-7.4,-2.0,,0
-2.0+-7.6,-7.6,-2.0,,0
-2.0+-7.8,-7.8,-2.0,,0
-2.0+-8.0,-8.0,-2.0,,0
-2.0+0.0,0.0,-2.0,-0.054650072,11
-2.0+0.2,0.2,-2.0,0.004412315,6
-2.0+0.4,0.4,-2.0,-0.045531288,2
-2.0+0.6,0.6,-2.0,0.0134855695,1
-2.0+0.8,0.8,-2.0,-0.19166449,1
-2.0+1.0,1.0,-2.0,,0
-2.0+1.2,1.2,-2.0,,0
-2.0+1.4,1.4,-2.0,,0
-2.0+1.6,1.6,-2.0,,0
-2.0+1.8,1.8,-2.0,,0
-2.0+2.0,2.0,-2.0,,0
-2.0+2.2,2.2,-2.0,,0
-2.0+2.4,2.4,-2.0,,0
-2.0+2.6,2.6,-2.0,,0
-2.0+2.8,2.8,-2.0,,0
-2.0+3.0,3.0,-2.0,,0
-2.0+3.2,3.2,-2.0,,0
-2.0+3.4,3.4,-2.0,,0
-2.0+3.6,3.6,-2.0,,0
-2.0+3.8,3.8,-2.0,,0
-2.0+4.0,4.0,-2.0,,0
-2.0+4.2,4.2,-2.0,,0
-2.0+4.4,4.4,-2.0,,0
-2.0+4.6,4.6,-2.0,,0
-2.0+4.8,4.8,-2.0,,0
-2.0+5.0,5.0,-2.0,,0
-2.0+5.2,5.2,-2.0,,0
-2.0+5.4,5.4,-2.0,,0
-2.0+5.6,5.6,-2.0,,0
-2.0+5.8,5.8,-2.0,,0
-2.0+6.0,6.0,-2.0,,0
-2.0+6.2,6.2,-2.0,,0
-2.0+6.4,6.4,-2.0,,0
-2.0+6.6,6.6,-2.0,,0
-2.0+6.8,6.8,-2.0,,0
-2.0+7.0,7.0,-2.0,,0
-2.0+7.2,7.2,-2.0,,0
-2.0+7.4,7.4,-2.0,,0
-2.0+7.6,7.6,-2.0,,0
-2.0+7.8,7.8,-2.0,,0
-2.0+8.0,8.0,-2.0,,0
-2.0+8.2,8.2,-2.0,,0
-2.0+8.4,8.4,-2.0,,0
-2.0+8.6,8.6,-2.0,,0
-2.0+8.8,8.8,-2.0,,0
-2.0+9.0,9.0,-2.0,,0
-2.0+9.2,9.2,-2.0,,0
-2.0+9.4,9.4,-2.0,,0
-2.0+9.6,9.6,-2.0,,0
-2.2+-0.2,-0.2,-2.2,-0.066101864,14
-2.2+-0.4,-0.4,-2.2,-0.09316342,20
-2.2+-0.6,-0.6,-2.2,-0.11244944,42
-2.2+-0.8,-0.8,-2.2,-0.15589407,75
-2.2+-1.0,-1.0,-2.2,-0.17045909,96
-2.2+-1.2,-1.2,-2.2,-0.1455472,101
-2.2+-1.4,-1.4,-2.2,-0.118689336,94
-2.2+-1.6,-1.6,-2.2,-0.09552303,64
-2.2+-1.8,-1.8,-2.2,-0.23011456,26
-2.2+-2.0,-2.0,-2.2,-0.23953114,7
-2.2+-2.2,-2.2,-2.2,0.14946473,2
-2.2+-2.4,-2.4,-2.2,,0
-2.2+-2.6,-2.6,-2.2,,0
-2.2+-2.8,-2.8,-2.2,,0
-2.2+-3.0,-3.0,-2.2,,0
-2.2+-3.2,-3.2,-2.2,,0
-2.2+-3.4,-3.4,-2.2,,0
-2.2+-3.6,-3.6,-2.2,,0
-2.2+-3.8,-3.8,-2.2,,0
-2.2+-4.0,-4.0,-2.2,,0
-2.2+-4.2,-4.2,-2.2,,0
-2.2+-4.4,-4.4,-2.2,,0
-2.2+-4.6,-4.6,-2.2,,0
-2.2+-4.8,-4.8,-2.2,,0
-2.2+-5.0,-5.0,-2.2,,0
-2.2+-5.2,-5.2,-2.2,,0
-2.2+-5.4,-5.4,-2.2,,0
-2.2+-5.6,-5.6,-2.2,,0
-2.2+-5.8,-5.8,-2.2,,0
-2.2+-6.0,-6.0,-2.2,,0
-2.2+-6.2,-6.2,-2.2,,0
-2.2+-6.4,-6.4,-2.2,,0
-2.2+-6.6,-6.6,-2.2,,0
-2.2+-6.8,-6.8,-2.2,,0
-2.2+-7.0,-7.0,-2.2,,0
-2.2+-7.2,-7.2,-2.2,,0
-2.2+-7.4,-7.4,-2.2,,0
-2.2+-7.6,-7.6,-2.2,,0
-2.2+-7.8,-7.8,-2.2,,0
-2.2+-8.0,-8.0,-2.2,,0
-2.2+0.0,0.0,-2.2,-0.03342047,6
-2.2+0.2,0.2,-2.2,0.07106253,4
-2.2+0.4,0.4,-2.2,0.24080884,1
-2.2+0.6,0.6,-2.2,,0
-2.2+0.8,0.8,-2.2,,0
-2.2+1.0,1.0,-2.2,,0
-2.2+1.2,1.2,-2.2,,0
-2.2+1.4,1.4,-2.2,,0
-2.2+1.6,1.6,-2.2,,0
-2.2+1.8,1.8,-2.2,,0
-2.2+2.0,2.0,-2.2,,0
-2.2+2.2,2.2,-2.2,,0
-2.2+2.4,2.4,-2.2,,0
-2.2+2.6,2.6,-2.2,,0
-2.2+2.8,2.8,-2.2,,0
-2.2+3.0,3.0,-2.2,,0
-2.2+3.2,3.2,-2.2,,0
-2.2+3.4,3.4,-2.2,,0
-2.2+3.6,3.6,-2.2,,0
-2.2+3.8,3.8,-2.2,,0
-2.2+4.0,4.0,-2.2,,0
-2.2+4.2,4.2,-2.2,,0
-2.2+4.4,4.4,-2.2,,0
-2.2+4.6,4.6,-2.2,,0
-2.2+4.8,4.8,-2.2,,0
-2.2+5.0,5.0,-2.2,,0
-2.2+5.2,5.2,-2.2,,0
-2.2+5.4,5.4,-2.2,,0
-2.2+5.6,5.6,-2.2,,0
-2.2+5.8,5.8,-2.2,,0
-2.2+6.0,6.0,-2.2,,0
-2.2+6.2,6.2,-2.2,,0
-2.2+6.4,6.4,-2.2,,0
-2.2+6.6,6.6,-2.2,,0
-2.2+6.8,6.8,-2.2,,0
-2.2+7.0,7.0,-2.2,,0
-2.2+7.2,7.2,-2.2,,0
-2.2+7.4,7.4,-2.2,,0
-2.2+7.6,7.6,-2.2,,0
-2.2+7.8,7.8,-2.2,,0
-2.2+8.0,8.0,-2.2,,0
-2.2+8.2,8.2,-2.2,,0
-2.2+8.4,8.4,-2.2,,0
-2.2+8.6,8.6,-2.2,,0
-2.2+8.8,8.8,-2.2,,0
-2.2+9.0,9.0,-2.2,,0
-2.2+9.2,9.2,-2.2,,0
-2.2+9.4,9.4,-2.2,,0
-2.2+9.6,9.6,-2.2,,0
-2.4+-0.2,-0.2,-2.4,-0.024093134,8
-2.4+-0.4,-0.4,-2.4,-0.080702424,13
-2.4+-0.6,-0.6,-2.4,-0.12641355,31
-2.4+-0.8,-0.8,-2.4,-0.14846943,57
-2.4+-1.0,-1.0,-2.4,-0.16575852,90
-2.4+-1.2,-1.2,-2.4,-0.15237649,96
-2.4+-1.4,-1.4,-2.4,-0.18500549,84
-2.4+-1.6,-1.6,-2.4,-0.12527195,56
-2.4+-1.8,-1.8,-2.4,-0.19339088,20
-2.4+-2.0,-2.0,-2.4,-0.15047887,7
-2.4+-2.2,-2.2,-2.4,-0.37056622,2
-2.4+-2.4,-2.4,-2.4,-0.66201836,1
-2.4+-2.6,-2.6,-2.4,,0
-2.4+-2.8,-2.8,-2.4,,0
-2.4+-3.0,-3.0,-2.4,,0
-2.4+-3.2,-3.2,-2.4,,0
-2.4+-3.4,-3.4,-2.4,,0
-2.4+-3.6,-3.6,-2.4,,0
-2.4+-3.8,-3.8,-2.4,,0
-2.4+-4.0,-4.0,-2.4,,0
-2.4+-4.2,-4.2,-2.4,,0
-2.4+-4.4,-4.4,-2.4,,0
-2.4+-4.6,-4.6,-2.4,,0
-2.4+-4.8,-4.8,-2.4,,0
-2.4+-5.0,-5.0,-2.4,,0
-2.4+-5.2,-5.2,-2.4,,0
-2.4+-5.4,-5.4,-2.4,,0
-2.4+-5.6,-5.6,-2.4,,0
-2.4+-5.8,-5.8,-2.4,,0
-2.4+-6.0,-6.0,-2.4,,0
-2.4+-6.2,-6.2,-2.4,,0
-2.4+-6.4,-6.4,-2.4,,0
-2.4+-6.6,-6.6,-2.4,,0
-2.4+-6.8,-6.8,-2.4,,0
-2.4+-7.0,-7.0,-2.4,,0
-2.4+-7.2,-7.2,-2.4,,0
-2.4+-7.4,-7.4,-2.4,,0
-2.4+-7.6,-7.6,-2.4,,0
-2.4+-7.8,-7.8,-2.4,,0
-2.4+-8.0,-8.0,-2.4,,0
-2.4+0.0,0.0,-2.4,-0.13045412,3
-2.4+0.2,0.2,-2.4,-0.14532492,1
-2.4+0.4,0.4,-2.4,,0
-2.4+0.6,0.6,-2.4,,0
-2.4+0.8,0.8,-2.4,,0
-2.4+1.0,1.0,-2.4,,0
-2.4+1.2,1.2,-2.4,,0
-2.4+1.4,1.4,-2.4,,0
-2.4+1.6,1.6,-2.4,,0
-2.4+1.8,1.8,-2.4,,0
-2.4+2.0,2.0,-2.4,,0
-2.4+2.2,2.2,-2.4,,0
-2.4+2.4,2.4,-2.4,,0
-2.4+2.6,2.6,-2.4,,0
-2.4+2.8,2.8,-2.4,,0
-2.4+3.0,3.0,-2.4,,0
-2.4+3.2,3.2,-2.4,,0
-2.4+3.4,3.4,-2.4,,0
-2.4+3.6,3.6,-2.4,,0
-2.4+3.8,3.8,-2.4,,0
-2.4+4.0,4.0,-2.4,,0
-2.4+4.2,4.2,-2.4,,0
-2.4+4.4,4.4,-2.4,,0
-2.4+4.6,4.6,-2.4,,0
-2.4+4.8,4.8,-2.4,,0
-2.4+5.0,5.0,-2.4,,0
-2.4+5.2,5.2,-2.4,,0
-2.4+5.4,5.4,-2.4,,0
-2.4+5.6,5.6,-2.4,,0
-2.4+5.8,5.8,-2.4,,0
-2.4+6.0,6.0,-2.4,,0
-2.4+6.2,6.2,-2.4,,0
-2.4+6.4,6.4,-2.4,,0
-2.4+6.6,6.6,-2.4,,0
-2.4+6.8,6.8,-2.4,,0
-2.4+7.0,7.0,-2.4,,0
-2.4+7.2,7.2,-2.4,,0
-2.4+7.4,7.4,-2.4,,0
-2.4+7.6,7.6,-2.4,,0
-2.4+7.8,7.8,-2.4,,0
-2.4+8.0,8.0,-2.4,,0
-2.4+8.2,8.2,-2.4,,0
-2.4+8.4,8.4,-2.4,,0
-2.4+8.6,8.6,-2.4,,0
-2.4+8.8,8.8,-2.4,,0
-2.4+9.0,9.0,-2.4,,0
-2.4+9.2,9.2,-2.4,,0
-2.4+9.4,9.4,-2.4,,0
-2.4+9.6,9.6,-2.4,,0
-2.6+-0.2,-0.2,-2.6,-0.07805921,3
-2.6+-0.4,-0.4,-2.6,-0.06632911,7
-2.6+-0.6,-0.6,-2.6,-0.13593107,17
-2.6+-0.8,-0.8,-2.6,-0.14494455,39
-2.6+-1.0,-1.0,-2.6,-0.14840579,68
-2.6+-1.2,-1.2,-2.6,-0.15117958,84
-2.6+-1.4,-1.4,-2.6,-0.16220339,80
-2.6+-1.6,-1.6,-2.6,-0.16802412,49
-2.6+-1.8,-1.8,-2.6,-0.17459375,19
-2.6+-2.0,-2.0,-2.6,-0.27151766,7
-2.6+-2.2,-2.2,-2.6,-0.021405665,2
-2.6+-2.4,-2.4,-2.6,,0
-2.6+-2.6,-2.6,-2.6,,0
-2.6+-2.8,-2.8,-2.6,,0
-2.6+-3.0,-3.0,-2.6,,0
-2.6+-3.2,-3.2,-2.6,,0
-2.6+-3.4,-3.4,-2.6,,0
-2.6+-3.6,-3.6,-2.6,,0
-2.6+-3.8,-3.8,-2.6,,0
-2.6+-4.0,-4.0,-2.6,,0
-2.6+-4.2,-4.2,-2.6,,0
-2.6+-4.4,-4.4,-2.6,,0
-2.6+-4.6,-4.6,-2.6,,0
-2.6+-4.8,-4.8,-2.6,,0
-2.6+-5.0,-5.0,-2.6,,0
-2.6+-5.2,-5.2,-2.6,,0
-2.6+-5.4,-5.4,-2.6,,0
-2.6+-5.6,-5.6,-2.6,,0
-2.6+-5.8,-5.8,-2.6,,0
-2.6+-6.0,-6.0,-2.6,,0
-2.6+-6.2,-6.2,-2.6,,0
-2.6+-6.4,-6.4,-2.6,,0
-2.6+-6.6,-6.6,-2.6,,0
-2.6+-6.8,-6.8,-2.6,,0
-2.6+-7.0,-7.0,-2.6,,0
-2.6+-7.2,-7.2,-2.6,,0
-2.6+-7.4,-7.4,-2.6,,0
-2.6+-7.6,-7.6,-2.6,,0
-2.6+-7.8,-7.8,-2.6,,0
-2.6+-8.0,-8.0,-2.6,,0
-2.6+0.0,0.0,-2.6,-0.10615983,3
-2.6+0.2,0.2,-2.6,,0
-2.6+0.4,0.4,-2.6,-0.11965503,1
-2.6+0.6,0.6,-2.6,,0
-2.6+0.8,0.8,-2.6,,0
-2.6+1.0,1.0,-2.6,,0
-2.6+1.2,1.2,-2.6,,0
-2.6+1.4,1.4,-2.6,,0
-2.6+1.6,1.6,-2.6,,0
-2.6+1.8,1.8,-2.6,,0
-2.6+2.0,2.0,-2.6,,0
-2.6+2.2,2.2,-2.6,,0
-2.6+2.4,2.4,-2.6,,0
-2.6+2.6,2.6,-2.6,,0
-2.6+2.8,2.8,-2.6,,0
-2.6+3.0,3.0,-2.6,,0
-2.6+3.2,3.2,-2.6,,0
-2.6+3.4,3.4,-2.6,,0
-2.6+3.6,3.6,-2.6,,0
-2.6+3.8,3.8,-2.6,,0
-2.6+4.0,4.0,-2.6,,0
-2.6+4.2,4.2,-2.6,,0
-2.6+4.4,4.4,-2.6,,0
-2.6+4.6,4.6,-2.6,,0
-2.6+4.8,4.8,-2.6,,0
-2.6+5.0,5.0,-2.6,,0
-2.6+5.2,5.2,-2.6,,0
-2.6+5.4,5.4,-2.6,,0
-2.6+5.6,5.6,-2.6,,0
-2.6+5.8,5.8,-2.6,,0
-2.6+6.0,6.0,-2.6,,0
-2.6+6.2,6.2,-2.6,,0
-2.6+6.4,6.4,-2.6,,0
-2.6+6.6,6.6,-2.6,,0
-2.6+6.8,6.8,-2.6,,0
-2.6+7.0,7.0,-2.6,,0
-2.6+7.2,7.2,-2.6,,0
-2.6+7.4,7.4,-2.6,,0
-2.6+7.6,7.6,-2.6,,0
-2.6+7.8,7.8,-2.6,,0
-2.6+8.0,8.0,-2.6,,0
-2.6+8.2,8.2,-2.6,,0
-2.6+8.4,8.4,-2.6,,0
-2.6+8.6,8.6,-2.6,,0
-2.6+8.8,8.8,-2.6,,0
-2.6+9.0,9.0,-2.6,,0
-2.6+9.2,9.2,-2.6,,0
-2.6+9.4,9.4,-2.6,,0
-2.6+9.6,9.6,-2.6,,0
-2.8+-0.2,-0.2,-2.8,-0.016320646,4
-2.8+-0.4,-0.4,-2.8,-0.10097039,6
-2.8+-0.6,-0.6,-2.8,-0.15954779,11
-2.8+-0.8,-0.8,-2.8,-0.13982908,22
-2.8+-1.0,-1.0,-2.8,-0.14507402,51
-2.8+-1.2,-1.2,-2.8,-0.114760615,77
-2.8+-1.4,-1.4,-2.8,-0.14580509,76
-2.8+-1.6,-1.6,-2.8,-0.14334542,48
-2.8+-1.8,-1.8,-2.8,-0.084067136,18
-2.8+-2.0,-2.0,-2.8,-0.12448947,7
-2.8+-2.2,-2.2,-2.8,,0
-2.8+-2.4,-2.4,-2.8,,0
-2.8+-2.6,-2.6,-2.8,,0
-2.8+-2.8,-2.8,-2.8,,0
-2.8+-3.0,-3.0,-2.8,,0
-2.8+-3.2,-3.2,-2.8,,0
-2.8+-3.4,-3.4,-2.8,,0
-2.8+-3.6,-3.6,-2.8,,0
-2.8+-3.8,-3.8,-2.8,,0
-2.8+-4.0,-4.0,-2.8,,0
-2.8+-4.2,-4.2,-2.8,,0
-2.8+-4.4,-4.4,-2.8,,0
-2.8+-4.6,-4.6,-2.8,,0
-2.8+-4.8,-4.8,-2.8,,0
-2.8+-5.0,-5.0,-2.8,,0
-2.8+-5.2,-5.2,-2.8,,0
-2.8+-5.4,-5.4,-2.8,,0
-2.8+-5.6,-5.6,-2.8,,0
-2.8+-5.8,-5.8,-2.8,,0
-2.8+-6.0,-6.0,-2.8,,0
-2.8+-6.2,-6.2,-2.8,,0
-2.8+-6.4,-6.4,-2.8,,0
-2.8+-6.6,-6.6,-2.8,,0
-2.8+-6.8,-6.8,-2.8,,0
-2.8+-7.0,-7.0,-2.8,,0
-2.8+-7.2,-7.2,-2.8,,0
-2.8+-7.4,-7.4,-2.8,,0
-2.8+-7.6,-7.6,-2.8,,0
-2.8+-7.8,-7.8,-2.8,,0
-2.8+-8.0,-8.0,-2.8,,0
-2.8+0.0,0.0,-2.8,,0
-2.8+0.2,0.2,-2.8,,0
-2.8+0.4,0.4,-2.8,,0
-2.8+0.6,0.6,-2.8,,0
-2.8+0.8,0.8,-2.8,,0
-2.8+1.0,1.0,-2.8,,0
-2.8+1.2,1.2,-2.8,,0
-2.8+1.4,1.4,-2.8,,0
-2.8+1.6,1.6,-2.8,,0
-2.8+1.8,1.8,-2.8,,0
-2.8+2.0,2.0,-2.8,,0
-2.8+2.2,2.2,-2.8,,0
-2.8+2.4,2.4,-2.8,,0
-2.8+2.6,2.6,-2.8,,0
-2.8+2.8,2.8,-2.8,,0
-2.8+3.0,3.0,-2.8,,0
-2.8+3.2,3.2,-2.8,,0
-2.8+3.4,3.4,-2.8,,0
-2.8+3.6,3.6,-2.8,,0
-2.8+3.8,3.8,-2.8,,0
-2.8+4.0,4.0,-2.8,,0
-2.8+4.2,4.2,-2.8,,0
-2.8+4.4,4.4,-2.8,,0
-2.8+4.6,4.6,-2.8,,0
-2.8+4.8,4.8,-2.8,,0
-2.8+5.0,5.0,-2.8,,0
-2.8+5.2,5.2,-2.8,,0
-2.8+5.4,5.4,-2.8,,0
-2.8+5.6,5.6,-2.8,,0
-2.8+5.8,5.8,-2.8,,0
-2.8+6.0,6.0,-2.8,,0
-2.8+6.2,6.2,-2.8,,0
-2.8+6.4,6.4,-2.8,,0
-2.8+6.6,6.6,-2.8,,0
-2.8+6.8,6.8,-2.8,,0
-2.8+7.0,7.0,-2.8,,0
-2.8+7.2,7.2,-2.8,,0
-2.8+7.4,7.4,-2.8,,0
-2.8+7.6,7.6,-2.8,,0
-2.8+7.8,7.8,-2.8,,0
-2.8+8.0,8.0,-2.8,,0
-2.8+8.2,8.2,-2.8,,0
-2.8+8.4,8.4,-2.8,,0
-2.8+8.6,8.6,-2.8,,0
-2.8+8.8,8.8,-2.8,,0
-2.8+9.0,9.0,-2.8,,0
-2.8+9.2,9.2,-2.8,,0
-2.8+9.4,9.4,-2.8,,0
-2.8+9.6,9.6,-2.8,,0
-3.0+-0.2,-0.2,-3.0,-0.055470224,1
-3.0+-0.4,-0.4,-3.0,-0.13290828,3
-3.0+-0.6,-0.6,-3.0,-0.15695116,3
-3.0+-0.8,-0.8,-3.0,-0.22243205,14
-3.0+-1.0,-1.0,-3.0,-0.12059575,37
-3.0+-1.2,-1.2,-3.0,-0.13922718,56
-3.0+-1.4,-1.4,-3.0,-0.13688993,64
-3.0+-1.6,-1.6,-3.0,-0.144909,36
-3.0+-1.8,-1.8,-3.0,-0.105615616,15
-3.0+-2.0,-2.0,-3.0,-0.12589815,5
-3.0+-2.2,-2.2,-3.0,-0.24780546,1
-3.0+-2.4,-2.4,-3.0,,0
-3.0+-2.6,-2.6,-3.0,,0
-3.0+-2.8,-2.8,-3.0,,0
-3.0+-3.0,-3.0,-3.0,,0
-3.0+-3.2,-3.2,-3.0,,0
-3.0+-3.4,-3.4,-3.0,,0
-3.0+-3.6,-3.6,-3.0,,0
-3.0+-3.8,-3.8,-3.0,,0
-3.0+-4.0,-4.0,-3.0,,0
-3.0+-4.2,-4.2,-3.0,,0
-3.0+-4.4,-4.4,-3.0,,0
-3.0+-4.6,-4.6,-3.0,,0
-3.0+-4.8,-4.8,-3.0,,0
-3.0+-5.0,-5.0,-3.0,,0
-3.0+-5.2,-5.2,-3.0,,0
-3.0+-5.4,-5.4,-3.0,,0
-3.0+-5.6,-5.6,-3.0,,0
-3.0+-5.8,-5.8,-3.0,,0
-3.0+-6.0,-6.0,-3.0,,0
-3.0+-6.2,-6.2,-3.0,,0
-3.0+-6.4,-6.4,-3.0,,0
-3.0+-6.6,-6.6,-3.0,,0
-3.0+-6.8,-6.8,-3.0,,0
-3.0+-7.0,-7.0,-3.0,,0
-3.0+-7.2,-7.2,-3.0,,0
-3.0+-7.4,-7.4,-3.0,,0
-3.0+-7.6,-7.6,-3.0,,0
-3.0+-7.8,-7.8,-3.0,,0
-3.0+-8.0,-8.0,-3.0,,0
-3.0+0.0,0.0,-3.0,-0.20352776,1
-3.0+0.2,0.2,-3.0,,0
-3.0+0.4,0.4,-3.0,,0
-3.0+0.6,0.6,-3.0,,0
-3.0+0.8,0.8,-3.0,,0
-3.0+1.0,1.0,-3.0,,0
-3.0+1.2,1.2,-3.0,,0
-3.0+1.4,1.4,-3.0,,0
-3.0+1.6,1.6,-3.0,,0
-3.0+1.8,1.8,-3.0,,0
-3.0+2.0,2.0,-3.0,,0
-3.0+2.2,2.2,-3.0,,0
-3.0+2.4,2.4,-3.0,,0
-3.0+2.6,2.6,-3.0,,0
-3.0+2.8,2.8,-3.0,,0
-3.0+3.0,3.0,-3.0,,0
-3.0+3.2,3.2,-3.0,,0
-3.0+3.4,3.4,-3.0,,0
-3.0+3.6,3.6,-3.0,,0
-3.0+3.8,3.8,-3.0,,0
-3.0+4.0,4.0,-3.0,,0
-3.0+4.2,4.2,-3.0,,0
-3.0+4.4,4.4,-3.0,,0
-3.0+4.6,4.6,-3.0,,0
-3.0+4.8,4.8,-3.0,,0
-3.0+5.0,5.0,-3.0,,0
-3.0+5.2,5.2,-3.0,,0
-3.0+5.4,5.4,-3.0,,0
-3.0+5.6,5.6,-3.0,,0
-3.0+5.8,5.8,-3.0,,0
-3.0+6.0,6.0,-3.0,,0
-3.0+6.2,6.2,-3.0,,0
-3.0+6.4,6.4,-3.0,,0
-3.0+6.6,6.6,-3.0,,0
-3.0+6.8,6.8,-3.0,,0
-3.0+7.0,7.0,-3.0,,0
-3.0+7.2,7.2,-3.0,,0
-3.0+7.4,7.4,-3.0,,0
-3.0+7.6,7.6,-3.0,,0
-3.0+7.8,7.8,-3.0,,0
-3.0+8.0,8.0,-3.0,,0
-3.0+8.2,8.2,-3.0,,0
-3.0+8.4,8.4,-3.0,,0
-3.0+8.6,8.6,-3.0,,0
-3.0+8.8,8.8,-3.0,,0
-3.0+9.0,9.0,-3.0,,0
-3.0+9.2,9.2,-3.0,,0
-3.0+9.4,9.4,-3.0,,0
-3.0+9.6,9.6,-3.0,,0
-3.2+-0.2,-0.2,-3.2,,0
-3.2+-0.4,-0.4,-3.2,-0.13813692,2
-3.2+-0.6,-0.6,-3.2,-0.09585517,4
-3.2+-0.8,-0.8,-3.2,-0.19137445,8
-3.2+-1.0,-1.0,-3.2,-0.10930231,18
-3.2+-1.2,-1.2,-3.2,-0.12630796,41
-3.2+-1.4,-1.4,-3.2,-0.13229501,50
-3.2+-1.6,-1.6,-3.2,-0.18454453,28
-3.2+-1.8,-1.8,-3.2,-0.2181762,10
-3.2+-2.0,-2.0,-3.2,-0.0439077,4
-3.2+-2.2,-2.2,-3.2,-0.111518666,2
-3.2+-2.4,-2.4,-3.2,,0
-3.2+-2.6,-2.6,-3.2,,0
-3.2+-2.8,-2.8,-3.2,,0
-3.2+-3.0,-3.0,-3.2,,0
-3.2+-3.2,-3.2,-3.2,,0
-3.2+-3.4,-3.4,-3.2,,0
-3.2+-3.6,-3.6,-3.2,,0
-3.2+-3.8,-3.8,-3.2,,0
-3.2+-4.0,-4.0,-3.2,,0
-3.2+-4.2,-4.2,-3.2,,0
-3.2+-4.4,-4.4,-3.2,,0
-3.2+-4.6,-4.6,-3.2,,0
-3.2+-4.8,-4.8,-3.2,,0
-3.2+-5.0,-5.0,-3.2,,0
-3.2+-5.2,-5.2,-3.2,,0
-3.2+-5.4,-5.4,-3.2,,0
-3.2+-5.6,-5.6,-3.2,,0
-3.2+-5.8,-5.8,-3.2,,0
-3.2+-6.0,-6.0,-3.2,,0
-3.2+-6.2,-6.2,-3.2,,0
-3.2+-6.4,-6.4,-3.2,,0
-3.2+-6.6,-6.6,-3.2,,0
-3.2+-6.8,-6.8,-3.2,,0
-3.2+-7.0,-7.0,-3.2,,0
-3.2+-7.2,-7.2,-3.2,,0
-3.2+-7.4,-7.4,-3.2,,0
-3.2+-7.6,-7.6,-3.2,,0
-3.2+-7.8,-7.8,-3.2,,0
-3.2+-8.0,-8.0,-3.2,,0
-3.2+0.0,0.0,-3.2,-0.16993314,1
-3.2+0.2,0.2,-3.2,,0
-3.2+0.4,0.4,-3.2,,0
-3.2+0.6,0.6,-3.2,,0
-3.2+0.8,0.8,-3.2,,0
-3.2+1.0,1.0,-3.2,,0
-3.2+1.2,1.2,-3.2,,0
-3.2+1.4,1.4,-3.2,,0
-3.2+1.6,1.6,-3.2,,0
-3.2+1.8,1.8,-3.2,,0
-3.2+2.0,2.0,-3.2,,0
-3.2+2.2,2.2,-3.2,,0
-3.2+2.4,2.4,-3.2,,0
-3.2+2.6,2.6,-3.2,,0
-3.2+2.8,2.8,-3.2,,0
-3.2+3.0,3.0,-3.2,,0
-3.2+3.2,3.2,-3.2,,0
-3.2+3.4,3.4,-3.2,,0
-3.2+3.6,3.6,-3.2,,0
-3.2+3.8,3.8,-3.2,,0
-3.2+4.0,4.0,-3.2,,0
-3.2+4.2,4.2,-3.2,,0
-3.2+4.4,4.4,-3.2,,0
-3.2+4.6,4.6,-3.2,,0
-3.2+4.8,4.8,-3.2,,0
-3.2+5.0,5.0,-3.2,,0
-3.2+5.2,5.2,-3.2,,0
-3.2+5.4,5.4,-3.2,,0
-3.2+5.6,5.6,-3.2,,0
-3.2+5.8,5.8,-3.2,,0
-3.2+6.0,6.0,-3.2,,0
-3.2+6.2,6.2,-3.2,,0
-3.2+6.4,6.4,-3.2,,0
-3.2+6.6,6.6,-3.2,,0
-3.2+6.8,6.8,-3.2,,0
-3.2+7.0,7.0,-3.2,,0
-3.2+7.2,7.2,-3.2,,0
-3.2+7.4,7.4,-3.2,,0
-3.2+7.6,7.6,-3.2,,0
-3.2+7.8,7.8,-3.2,,0
-3.2+8.0,8.0,-3.2,,0
-3.2+8.2,8.2,-3.2,,0
-3.2+8.4,8.4,-3.2,,0
-3.2+8.6,8.6,-3.2,,0
-3.2+8.8,8.8,-3.2,,0
-3.2+9.0,9.0,-3.2,,0
-3.2+9.2,9.2,-3.2,,0
-3.2+9.4,9.4,-3.2,,0
-3.2+9.6,9.6,-3.2,,0
-3.4+-0.2,-0.2,-3.4,-0.16220568,1
-3.4+-0.4,-0.4,-3.4,,0
-3.4+-0.6,-0.6,-3.4,-0.09236482,3
-3.4+-0.8,-0.8,-3.4,-0.18426606,3
-3.4+-1.0,-1.0,-3.4,-0.14417772,11
-3.4+-1.2,-1.2,-3.4,-0.20163187,22
-3.4+-1.4,-1.4,-3.4,-0.13914311,27
-3.4+-1.6,-1.6,-3.4,-0.09660535,21
-3.4+-1.8,-1.8,-3.4,-0.14779577,7
-3.4+-2.0,-2.0,-3.4,-0.08710505,4
-3.4+-2.2,-2.2,-3.4,,0
-3.4+-2.4,-2.4,-3.4,,0
-3.4+-2.6,-2.6,-3.4,,0
-3.4+-2.8,-2.8,-3.4,,0
-3.4+-3.0,-3.0,-3.4,,0
-3.4+-3.2,-3.2,-3.4,,0
-3.4+-3.4,-3.4,-3.4,,0
-3.4+-3.6,-3.6,-3.4,,0
-3.4+-3.8,-3.8,-3.4,,0
-3.4+-4.0,-4.0,-3.4,,0
-3.4+-4.2,-4.2,-3.4,,0
-3.4+-4.4,-4.4,-3.4,,0
-3.4+-4.6,-4.6,-3.4,,0
-3.4+-4.8,-4.8,-3.4,,0
-3.4+-5.0,-5.0,-3.4,,0
-3.4+-5.2,-5.2,-3.4,,0
-3.4+-5.4,-5.4,-3.4,,0
-3.4+-5.6,-5.6,-3.4,,0
-3.4+-5.8,-5.8,-3.4,,0
-3.4+-6.0,-6.0,-3.4,,0
-3.4+-6.2,-6.2,-3.4,,0
-3.4+-6.4,-6.4,-3.4,,0
-3.4+-6.6,-6.6,-3.4,,0
-3.4+-6.8,-6.8,-3.4,,0
-3.4+-7.0,-7.0,-3.4,,0
-3.4+-7.2,-7.2,-3.4,,0
-3.4+-7.4,-7.4,-3.4,,0
-3.4+-7.6,-7.6,-3.4,,0
-3.4+-7.8,-7.8,-3.4,,0
-3.4+-8.0,-8.0,-3.4,,0
-3.4+0.0,0.0,-3.4,,0
-3.4+0.2,0.2,-3.4,,0
-3.4+0.4,0.4,-3.4,,0
-3.4+0.6,0.6,-3.4,,0
-3.4+0.8,0.8,-3.4,,0
-3.4+1.0,1.0,-3.4,,0
-3.4+1.2,1.2,-3.4,,0
-3.4+1.4,1.4,-3.4,,0
-3.4+1.6,1.6,-3.4,,0
-3.4+1.8,1.8,-3.4,,0
-3.4+2.0,2.0,-3.4,,0
-3.4+2.2,2.2,-3.4,,0
-3.4+2.4,2.4,-3.4,,0
-3.4+2.6,2.6,-3.4,,0
-3.4+2.8,2.8,-3.4,,0
-3.4+3.0,3.0,-3.4,,0
-3.4+3.2,3.2,-3.4,,0
-3.4+3.4,3.4,-3.4,,0
-3.4+3.6,3.6,-3.4,,0
-3.4+3.8,3.8,-3.4,,0
-3.4+4.0,4.0,-3.4,,0
-3.4+4.2,4.2,-3.4,,0
-3.4+4.4,4.4,-3.4,,0
-3.4+4.6,4.6,-3.4,,0
-3.4+4.8,4.8,-3.4,,0
-3.4+5.0,5.0,-3.4,,0
-3.4+5.2,5.2,-3.4,,0
-3.4+5.4,5.4,-3.4,,0
-3.4+5.6,5.6,-3.4,,0
-3.4+5.8,5.8,-3.4,,0
-3.4+6.0,6.0,-3.4,,0
-3.4+6.2,6.2,-3.4,,0
-3.4+6.4,6.4,-3.4,,0
-3.4+6.6,6.6,-3.4,,0
-3.4+6.8,6.8,-3.4,,0
-3.4+7.0,7.0,-3.4,,0
-3.4+7.2,7.2,-3.4,,0
-3.4+7.4,7.4,-3.4,,0
-3.4+7.6,7.6,-3.4,,0
-3.4+7.8,7.8,-3.4,,0
-3.4+8.0,8.0,-3.4,,0
-3.4+8.2,8.2,-3.4,,0
-3.4+8.4,8.4,-3.4,,0
-3.4+8.6,8.6,-3.4,,0
-3.4+8.8,8.8,-3.4,,0
-3.4+9.0,9.0,-3.4,,0
-3.4+9.2,9.2,-3.4,,0
-3.4+9.4,9.4,-3.4,,0
-3.4+9.6,9.6,-3.4,,0
-3.6+-0.2,-0.2,-3.6,,0
-3.6+-0.4,-0.4,-3.6,,0
-3.6+-0.6,-0.6,-3.6,,0
-3.6+-0.8,-0.8,-3.6,-0.23830628,2
-3.6+-1.0,-1.0,-3.6,-0.22558416,4
-3.6+-1.2,-1.2,-3.6,-0.12608573,12
-3.6+-1.4,-1.4,-3.6,-0.13414633,17
-3.6+-1.6,-1.6,-3.6,-0.056574475,13
-3.6+-1.8,-1.8,-3.6,0.018653193,7
-3.6+-2.0,-2.0,-3.6,-0.05463907,1
-3.6+-2.2,-2.2,-3.6,,0
-3.6+-2.4,-2.4,-3.6,,0
-3.6+-2.6,-2.6,-3.6,,0
-3.6+-2.8,-2.8,-3.6,,0
-3.6+-3.0,-3.0,-3.6,,0
-3.6+-3.2,-3.2,-3.6,,0
-3.6+-3.4,-3.4,-3.6,,0
-3.6+-3.6,-3.6,-3.6,,0
-3.6+-3.8,-3.8,-3.6,,0
-3.6+-4.0,-4.0,-3.6,,0
-3.6+-4.2,-4.2,-3.6,,0
-3.6+-4.4,-4.4,-3.6,,0
-3.6+-4.6,-4.6,-3.6,,0
-3.6+-4.8,-4.8,-3.6,,0
-3.6+-5.0,-5.0,-3.6,,0
-3.6+-5.2,-5.2,-3.6,,0
-3.6+-5.4,-5.4,-3.6,,0
-3.6+-5.6,-5.6,-3.6,,0
-3.6+-5.8,-5.8,-3.6,,0
-3.6+-6.0,-6.0,-3.6,,0
-3.6+-6.2,-6.2,-3.6,,0
-3.6+-6.4,-6.4,-3.6,,0
-3.6+-6.6,-6.6,-3.6,,0
-3.6+-6.8,-6.8,-3.6,,0
-3.6+-7.0,-7.0,-3.6,,0
-3.6+-7.2,-7.2,-3.6,,0
-3.6+-7.4,-7.4,-3.6,,0
-3.6+-7.6,-7.6,-3.6,,0
-3.6+-7.8,-7.8,-3.6,,0
-3.6+-8.0,-8.0,-3.6,,0
-3.6+0.0,0.0,-3.6,,0
-3.6+0.2,0.2,-3.6,,0
-3.6+0.4,0.4,-3.6,,0
-3.6+0.6,0.6,-3.6,,0
-3.6+0.8,0.8,-3.6,,0
-3.6+1.0,1.0,-3.6,,0
-3.6+1.2,1.2,-3.6,,0
-3.6+1.4,1.4,-3.6,,0
-3.6+1.6,1.6,-3.6,,0
-3.6+1.8,1.8,-3.6,,0
-3.6+2.0,2.0,-3.6,,0
-3.6+2.2,2.2,-3.6,,0
-3.6+2.4,2.4,-3.6,,0
-3.6+2.6,2.6,-3.6,,0
-3.6+2.8,2.8,-3.6,,0
-3.6+3.0,3.0,-3.6,,0
-3.6+3.2,3.2,-3.6,,0
-3.6+3.4,3.4,-3.6,,0
-3.6+3.6,3.6,-3.6,,0
-3.6+3.8,3.8,-3.6,,0
-3.6+4.0,4.0,-3.6,,0
-3.6+4.2,4.2,-3.6,,0
-3.6+4.4,4.4,-3.6,,0
-3.6+4.6,4.6,-3.6,,0
-3.6+4.8,4.8,-3.6,,0
-3.6+5.0,5.0,-3.6,,0
-3.6+5.2,5.2,-3.6,,0
-3.6+5.4,5.4,-3.6,,0
-3.6+5.6,5.6,-3.6,,0
-3.6+5.8,5.8,-3.6,,0
-3.6+6.0,6.0,-3.6,,0
-3.6+6.2,6.2,-3.6,,0
-3.6+6.4,6.4,-3.6,,0
-3.6+6.6,6.6,-3.6,,0
-3.6+6.8,6.8,-3.6,,0
-3.6+7.0,7.0,-3.6,,0
-3.6+7.2,7.2,-3.6,,0
-3.6+7.4,7.4,-3.6,,0
-3.6+7.6,7.6,-3.6,,0
-3.6+7.8,7.8,-3.6,,0
-3.6+8.0,8.0,-3.6,,0
-3.6+8.2,8.2,-3.6,,0
-3.6+8.4,8.4,-3.6,,0
-3.6+8.6,8.6,-3.6,,0
-3.6+8.8,8.8,-3.6,,0
-3.6+9.0,9.0,-3.6,,0
-3.6+9.2,9.2,-3.6,,0
-3.6+9.4,9.4,-3.6,,0
-3.6+9.6,9.6,-3.6,,0
-3.8+-0.2,-0.2,-3.8,,0
-3.8+-0.4,-0.4,-3.8,,0
-3.8+-0.6,-0.6,-3.8,,0
-3.8+-0.8,-0.8,-3.8,-0.40185073,1
-3.8+-1.0,-1.0,-3.8,-0.23364824,3
-3.8+-1.2,-1.2,-3.8,-0.17953852,8
-3.8+-1.4,-1.4,-3.8,-0.20080438,13
-3.8+-1.6,-1.6,-3.8,-0.07554659,10
-3.8+-1.8,-1.8,-3.8,-0.025922813,6
-3.8+-2.0,-2.0,-3.8,0.024421595,1
-3.8+-2.2,-2.2,-3.8,,0
-3.8+-2.4,-2.4,-3.8,,0
-3.8+-2.6,-2.6,-3.8,,0
-3.8+-2.8,-2.8,-3.8,,0
-3.8+-3.0,-3.0,-3.8,,0
-3.8+-3.2,-3.2,-3.8,,0
-3.8+-3.4,-3.4,-3.8,,0
-3.8+-3.6,-3.6,-3.8,,0
-3.8+-3.8,-3.8,-3.8,,0
-3.8+-4.0,-4.0,-3.8,,0
-3.8+-4.2,-4.2,-3.8,,0
-3.8+-4.4,-4.4,-3.8,,0
-3.8+-4.6,-4.6,-3.8,,0
-3.8+-4.8,-4.8,-3.8,,0
-3.8+-5.0,-5.0,-3.8,,0
-3.8+-5.2,-5.2,-3.8,,0
-3.8+-5.4,-5.4,-3.8,,0
-3.8+-5.6,-5.6,-3.8,,0
-3.8+-5.8,-5.8,-3.8,,0
-3.8+-6.0,-6.0,-3.8,,0
-3.8+-6.2,-6.2,-3.8,,0
-3.8+-6.4,-6.4,-3.8,,0
-3.8+-6.6,-6.6,-3.8,,0
-3.8+-6.8,-6.8,-3.8,,0
-3.8+-7.0,-7.0,-3.8,,0
-3.8+-7.2,-7.2,-3.8,,0
-3.8+-7.4,-7.4,-3.8,,0
-3.8+-7.6,-7.6,-3.8,,0
-3.8+-7.8,-7.8,-3.8,,0
-3.8+-8.0,-8.0,-3.8,,0
-3.8+0.0,0.0,-3.8,,0
-3.8+0.2,0.2,-3.8,,0
-3.8+0.4,0.4,-3.8,,0
-3.8+0.6,0.6,-3.8,,0
-3.8+0.8,0.8,-3.8,,0
-3.8+1.0,1.0,-3.8,,0
-3.8+1.2,1.2,-3.8,,0
-3.8+1.4,1.4,-3.8,,0
-3.8+1.6,1.6,-3.8,,0
-3.8+1.8,1.8,-3.8,,0
-3.8+2.0,2.0,-3.8,,0
-3.8+2.2,2.2,-3.8,,0
-3.8+2.4,2.4,-3.8,,0
-3.8+2.6,2.6,-3.8,,0
-3.8+2.8,2.8,-3.8,,0
-3.8+3.0,3.0,-3.8,,0
-3.8+3.2,3.2,-3.8,,0
-3.8+3.4,3.4,-3.8,,0
-3.8+3.6,3.6,-3.8,,0
-3.8+3.8,3.8,-3.8,,0
-3.8+4.0,4.0,-3.8,,0
-3.8+4.2,4.2,-3.8,,0
-3.8+4.4,4.4,-3.8,,0
-3.8+4.6,4.6,-3.8,,0
-3.8+4.8,4.8,-3.8,,0
-3.8+5.0,5.0,-3.8,,0
-3.8+5.2,5.2,-3.8,,0
-3.8+5.4,5.4,-3.8,,0
-3.8+5.6,5.6,-3.8,,0
-3.8+5.8,5.8,-3.8,,0
-3.8+6.0,6.0,-3.8,,0
-3.8+6.2,6.2,-3.8,,0
-3.8+6.4,6.4,-3.8,,0
-3.8+6.6,6.6,-3.8,,0
-3.8+6.8,6.8,-3.8,,0
-3.8+7.0,7.0,-3.8,,0
-3.8+7.2,7.2,-3.8,,0
-3.8+7.4,7.4,-3.8,,0
-3.8+7.6,7.6,-3.8,,0
-3.8+7.8,7.8,-3.8,,0
-3.8+8.0,8.0,-3.8,,0
-3.8+8.2,8.2,-3.8,,0
-3.8+8.4,8.4,-3.8,,0
-3.8+8.6,8.6,-3.8,,0
-3.8+8.8,8.8,-3.8,,0
-3.8+9.0,9.0,-3.8,,0
-3.8+9.2,9.2,-3.8,,0
-3.8+9.4,9.4,-3.8,,0
-3.8+9.6,9.6,-3.8,,0
-4.0+-0.2,-0.2,-4.0,,0
-4.0+-0.4,-0.4,-4.0,,0
-4.0+-0.6,-0.6,-4.0,,0
-4.0+-0.8,-0.8,-4.0,,0
-4.0+-1.0,-1.0,-4.0,-0.23204021,1
-4.0+-1.2,-1.2,-4.0,-0.19549437,4
-4.0+-1.4,-1.4,-4.0,-0.13383944,5
-4.0+-1.6,-1.6,-4.0,-0.13099135,8
-4.0+-1.8,-1.8,-4.0,-0.03672431,4
-4.0+-2.0,-2.0,-4.0,-0.035421018,3
-4.0+-2.2,-2.2,-4.0,,0
-4.0+-2.4,-2.4,-4.0,,0
-4.0+-2.6,-2.6,-4.0,,0
-4.0+-2.8,-2.8,-4.0,,0
-4.0+-3.0,-3.0,-4.0,,0
-4.0+-3.2,-3.2,-4.0,,0
-4.0+-3.4,-3.4,-4.0,,0
-4.0+-3.6,-3.6,-4.0,,0
-4.0+-3.8,-3.8,-4.0,,0
-4.0+-4.0,-4.0,-4.0,,0
-4.0+-4.2,-4.2,-4.0,,0
-4.0+-4.4,-4.4,-4.0,,0
-4.0+-4.6,-4.6,-4.0,,0
-4.0+-4.8,-4.8,-4.0,,0
-4.0+-5.0,-5.0,-4.0,,0
-4.0+-5.2,-5.2,-4.0,,0
-4.0+-5.4,-5.4,-4.0,,0
-4.0+-5.6,-5.6,-4.0,,0
-4.0+-5.8,-5.8,-4.0,,0
-4.0+-6.0,-6.0,-4.0,,0
-4.0+-6.2,-6.2,-4.0,,0
-4.0+-6.4,-6.4,-4.0,,0
-4.0+-6.6,-6.6,-4.0,,0
-4.0+-6.8,-6.8,-4.0,,0
-4.0+-7.0,-7.0,-4.0,,0
-4.0+-7.2,-7.2,-4.0,,0
-4.0+-7.4,-7.4,-4.0,,0
-4.0+-7.6,-7.6,-4.0,,0
-4.0+-7.8,-7.8,-4.0,,0
-4.0+-8.0,-8.0,-4.0,,0
-4.0+0.0,0.0,-4.0,,0
-4.0+0.2,0.2,-4.0,,0
-4.0+0.4,0.4,-4.0,,0
-4.0+0.6,0.6,-4.0,,0
-4.0+0.8,0.8,-4.0,,0
-4.0+1.0,1.0,-4.0,,0
-4.0+1.2,1.2,-4.0,,0
-4.0+1.4,1.4,-4.0,,0
-4.0+1.6,1.6,-4.0,,0
-4.0+1.8,1.8,-4.0,,0
-4.0+2.0,2.0,-4.0,,0
-4.0+2.2,2.2,-4.0,,0
-4.0+2.4,2.4,-4.0,,0
-4.0+2.6,2.6,-4.0,,0
-4.0+2.8,2.8,-4.0,,0
-4.0+3.0,3.0,-4.0,,0
-4.0+3.2,3.2,-4.0,,0
-4.0+3.4,3.4,-4.0,,0
-4.0+3.6,3.6,-4.0,,0
-4.0+3.8,3.8,-4.0,,0
-4.0+4.0,4.0,-4.0,,0
-4.0+4.2,4.2,-4.0,,0
-4.0+4.4,4.4,-4.0,,0
-4.0+4.6,4.6,-4.0,,0
-4.0+4.8,4.8,-4.0,,0
-4.0+5.0,5.0,-4.0,,0
-4.0+5.2,5.2,-4.0,,0
-4.0+5.4,5.4,-4.0,,0
-4.0+5.6,5.6,-4.0,,0
-4.0+5.8,5.8,-4.0,,0
-4.0+6.0,6.0,-4.0,,0
-4.0+6.2,6.2,-4.0,,0
-4.0+6.4,6.4,-4.0,,0
-4.0+6.6,6.6,-4.0,,0
-4.0+6.8,6.8,-4.0,,0
-4.0+7.0,7.0,-4.0,,0
-4.0+7.2,7.2,-4.0,,0
-4.0+7.4,7.4,-4.0,,0
-4.0+7.6,7.6,-4.0,,0
-4.0+7.8,7.8,-4.0,,0
-4.0+8.0,8.0,-4.0,,0
-4.0+8.2,8.2,-4.0,,0
-4.0+8.4,8.4,-4.0,,0
-4.0+8.6,8.6,-4.0,,0
-4.0+8.8,8.8,-4.0,,0
-4.0+9.0,9.0,-4.0,,0
-4.0+9.2,9.2,-4.0,,0
-4.0+9.4,9.4,-4.0,,0
-4.0+9.6,9.6,-4.0,,0
-4.2+-0.2,-0.2,-4.2,,0
-4.2+-0.4,-0.4,-4.2,,0
-4.2+-0.6,-0.6,-4.2,,0
-4.2+-0.8,-0.8,-4.2,,0
-4.2+-1.0,-1.0,-4.2,-0.1588446,1
-4.2+-1.2,-1.2,-4.2,-0.1250895,2
-4.2+-1.4,-1.4,-4.2,-0.17028973,2
-4.2+-1.6,-1.6,-4.2,0.01623158,5
-4.2+-1.8,-1.8,-4.2,0.076636955,1
-4.2+-2.0,-2.0,-4.2,-0.055498403,2
-4.2+-2.2,-2.2,-4.2,,0
-4.2+-2.4,-2.4,-4.2,,0
-4.2+-2.6,-2.6,-4.2,,0
-4.2+-2.8,-2.8,-4.2,,0
-4.2+-3.0,-3.0,-4.2,,0
-4.2+-3.2,-3.2,-4.2,,0
-4.2+-3.4,-3.4,-4.2,,0
-4.2+-3.6,-3.6,-4.2,,0
-4.2+-3.8,-3.8,-4.2,,0
-4.2+-4.0,-4.0,-4.2,,0
-4.2+-4.2,-4.2,-4.2,,0
-4.2+-4.4,-4.4,-4.2,,0
-4.2+-4.6,-4.6,-4.2,,0
-4.2+-4.8,-4.8,-4.2,,0
-4.2+-5.0,-5.0,-4.2,,0
-4.2+-5.2,-5.2,-4.2,,0
-4.2+-5.4,-5.4,-4.2,,0
-4.2+-5.6,-5.6,-4.2,,0
-4.2+-5.8,-5.8,-4.2,,0
-4.2+-6.0,-6.0,-4.2,,0
-4.2+-6.2,-6.2,-4.2,,0
-4.2+-6.4,-6.4,-4.2,,0
-4.2+-6.6,-6.6,-4.2,,0
-4.2+-6.8,-6.8,-4.2,,0
-4.2+-7.0,-7.0,-4.2,,0
-4.2+-7.2,-7.2,-4.2,,0
-4.2+-7.4,-7.4,-4.2,,0
-4.2+-7.6,-7.6,-4.2,,0
-4.2+-7.8,-7.8,-4.2,,0
-4.2+-8.0,-8.0,-4.2,,0
-4.2+0.0,0.0,-4.2,,0
-4.2+0.2,0.2,-4.2,,0
-4.2+0.4,0.4,-4.2,,0
-4.2+0.6,0.6,-4.2,,0
-4.2+0.8,0.8,-4.2,,0
-4.2+1.0,1.0,-4.2,,0
-4.2+1.2,1.2,-4.2,,0
-4.2+1.4,1.4,-4.2,,0
-4.2+1.6,1.6,-4.2,,0
-4.2+1.8,1.8,-4.2,,0
-4.2+2.0,2.0,-4.2,,0
-4.2+2.2,2.2,-4.2,,0
-4.2+2.4,2.4,-4.2,,0
-4.2+2.6,2.6,-4.2,,0
-4.2+2.8,2.8,-4.2,,0
-4.2+3.0,3.0,-4.2,,0
-4.2+3.2,3.2,-4.2,,0
-4.2+3.4,3.4,-4.2,,0
-4.2+3.6,3.6,-4.2,,0
-4.2+3.8,3.8,-4.2,,0
-4.2+4.0,4.0,-4.2,,0
-4.2+4.2,4.2,-4.2,,0
-4.2+4.4,4.4,-4.2,,0
-4.2+4.6,4.6,-4.2,,0
-4.2+4.8,4.8,-4.2,,0
-4.2+5.0,5.0,-4.2,,0
-4.2+5.2,5.2,-4.2,,0
-4.2+5.4,5.4,-4.2,,0
-4.2+5.6,5.6,-4.2,,0
-4.2+5.8,5.8,-4.2,,0
-4.2+6.0,6.0,-4.2,,0
-4.2+6.2,6.2,-4.2,,0
-4.2+6.4,6.4,-4.2,,0
-4.2+6.6,6.6,-4.2,,0
-4.2+6.8,6.8,-4.2,,0
-4.2+7.0,7.0,-4.2,,0
-4.2+7.2,7.2,-4.2,,0
-4.2+7.4,7.4,-4.2,,0
-4.2+7.6,7.6,-4.2,,0
-4.2+7.8,7.8,-4.2,,0
-4.2+8.0,8.0,-4.2,,0
-4.2+8.2,8.2,-4.2,,0
-4.2+8.4,8.4,-4.2,,0
-4.2+8.6,8.6,-4.2,,0
-4.2+8.8,8.8,-4.2,,0
-4.2+9.0,9.0,-4.2,,0
-4.2+9.2,9.2,-4.2,,0
-4.2+9.4,9.4,-4.2,,0
-4.2+9.6,9.6,-4.2,,0
-4.4+-0.2,-0.2,-4.4,,0
-4.4+-0.4,-0.4,-4.4,,0
-4.4+-0.6,-0.6,-4.4,,0
-4.4+-0.8,-0.8,-4.4,,0
-4.4+-1.0,-1.0,-4.4,-0.35002777,1
-4.4+-1.2,-1.2,-4.4,-0.07211519,3
-4.4+-1.4,-1.4,-4.4,-0.14438817,2
-4.4+-1.6,-1.6,-4.4,-0.2291635,1
-4.4+-1.8,-1.8,-4.4,,0
-4.4+-2.0,-2.0,-4.4,,0
-4.4+-2.2,-2.2,-4.4,,0
-4.4+-2.4,-2.4,-4.4,,0
-4.4+-2.6,-2.6,-4.4,,0
-4.4+-2.8,-2.8,-4.4,,0
-4.4+-3.0,-3.0,-4.4,,0
-4.4+-3.2,-3.2,-4.4,,0
-4.4+-3.4,-3.4,-4.4,,0
-4.4+-3.6,-3.6,-4.4,,0
-4.4+-3.8,-3.8,-4.4,,0
-4.4+-4.0,-4.0,-4.4,,0
-4.4+-4.2,-4.2,-4.4,,0
-4.4+-4.4,-4.4,-4.4,,0
-4.4+-4.6,-4.6,-4.4,,0
-4.4+-4.8,-4.8,-4.4,,0
-4.4+-5.0,-5.0,-4.4,,0
-4.4+-5.2,-5.2,-4.4,,0
-4.4+-5.4,-5.4,-4.4,,0
-4.4+-5.6,-5.6,-4.4,,0
-4.4+-5.8,-5.8,-4.4,,0
-4.4+-6.0,-6.0,-4.4,,0
-4.4+-6.2,-6.2,-4.4,,0
-4.4+-6.4,-6.4,-4.4,,0
-4.4+-6.6,-6.6,-4.4,,0
-4.4+-6.8,-6.8,-4.4,,0
-4.4+-7.0,-7.0,-4.4,,0
-4.4+-7.2,-7.2,-4.4,,0
-4.4+-7.4,-7.4,-4.4,,0
-4.4+-7.6,-7.6,-4.4,,0
-4.4+-7.8,-7.8,-4.4,,0
-4.4+-8.0,-8.0,-4.4,,0
-4.4+0.0,0.0,-4.4,,0
-4.4+0.2,0.2,-4.4,,0
-4.4+0.4,0.4,-4.4,,0
-4.4+0.6,0.6,-4.4,,0
-4.4+0.8,0.8,-4.4,,0
-4.4+1.0,1.0,-4.4,,0
-4.4+1.2,1.2,-4.4,,0
-4.4+1.4,1.4,-4.4,,0
-4.4+1.6,1.6,-4.4,,0
-4.4+1.8,1.8,-4.4,,0
-4.4+2.0,2.0,-4.4,,0
-4.4+2.2,2.2,-4.4,,0
-4.4+2.4,2.4,-4.4,,0
-4.4+2.6,2.6,-4.4,,0
-4.4+2.8,2.8,-4.4,,0
-4.4+3.0,3.0,-4.4,,0
-4.4+3.2,3.2,-4.4,,0
-4.4+3.4,3.4,-4.4,,0
-4.4+3.6,3.6,-4.4,,0
-4.4+3.8,3.8,-4.4,,0
-4.4+4.0,4.0,-4.4,,0
-4.4+4.2,4.2,-4.4,,0
-4.4+4.4,4.4,-4.4,,0
-4.4+4.6,4.6,-4.4,,0
-4.4+4.8,4.8,-4.4,,0
-4.4+5.0,5.0,-4.4,,0
-4.4+5.2,5.2,-4.4,,0
-4.4+5.4,5.4,-4.4,,0
-4.4+5.6,5.6,-4.4,,0
-4.4+5.8,5.8,-4.4,,0
-4.4+6.0,6.0,-4.4,,0
-4.4+6.2,6.2,-4.4,,0
-4.4+6.4,6.4,-4.4,,0
-4.4+6.6,6.6,-4.4,,0
-4.4+6.8,6.8,-4.4,,0
-4.4+7.0,7.0,-4.4,,0
-4.4+7.2,7.2,-4.4,,0
-4.4+7.4,7.4,-4.4,,0
-4.4+7.6,7.6,-4.4,,0
-4.4+7.8,7.8,-4.4,,0
-4.4+8.0,8.0,-4.4,,0
-4.4+8.2,8.2,-4.4,,0
-4.4+8.4,8.4,-4.4,,0
-4.4+8.6,8.6,-4.4,,0
-4.4+8.8,8.8,-4.4,,0
-4.4+9.0,9.0,-4.4,,0
-4.4+9.2,9.2,-4.4,,0
-4.4+9.4,9.4,-4.4,,0
-4.4+9.6,9.6,-4.4,,0
-4.6+-0.2,-0.2,-4.6,,0
-4.6+-0.4,-0.4,-4.6,,0
-4.6+-0.6,-0.6,-4.6,,0
-4.6+-0.8,-0.8,-4.6,,0
-4.6+-1.0,-1.0,-4.6,,0
-4.6+-1.2,-1.2,-4.6,,0
-4.6+-1.4,-1.4,-4.6,,0
-4.6+-1.6,-1.6,-4.6,-0.16431743,2
-4.6+-1.8,-1.8,-4.6,,0
-4.6+-2.0,-2.0,-4.6,,0
-4.6+-2.2,-2.2,-4.6,,0
-4.6+-2.4,-2.4,-4.6,,0
-4.6+-2.6,-2.6,-4.6,,0
-4.6+-2.8,-2.8,-4.6,,0
-4.6+-3.0,-3.0,-4.6,,0
-4.6+-3.2,-3.2,-4.6,,0
-4.6+-3.4,-3.4,-4.6,,0
-4.6+-3.6,-3.6,-4.6,,0
-4.6+-3.8,-3.8,-4.6,,0
-4.6+-4.0,-4.0,-4.6,,0
-4.6+-4.2,-4.2,-4.6,,0
-4.6+-4.4,-4.4,-4.6,,0
-4.6+-4.6,-4.6,-4.6,,0
-4.6+-4.8,-4.8,-4.6,,0
-4.6+-5.0,-5.0,-4.6,,0
-4.6+-5.2,-5.2,-4.6,,0
-4.6+-5.4,-5.4,-4.6,,0
-4.6+-5.6,-5.6,-4.6,,0
-4.6+-5.8,-5.8,-4.6,,0
-4.6+-6.0,-6.0,-4.6,,0
-4.6+-6.2,-6.2,-4.6,,0
-4.6+-6.4,-6.4,-4.6,,0
-4.6+-6.6,-6.6,-4.6,,0
-4.6+-6.8,-6.8,-4.6,,0
-4.6+-7.0,-7.0,-4.6,,0
-4.6+-7.2,-7.2,-4.6,,0
-4.6+-7.4,-7.4,-4.6,,0
-4.6+-7.6,-7.6,-4.6,,0
-4.6+-7.8,-7.8,-4.6,,0
-4.6+-8.0,-8.0,-4.6,,0
-4.6+0.0,0.0,-4.6,,0
-4.6+0.2,0.2,-4.6,,0
-4.6+0.4,0.4,-4.6,,0
-4.6+0.6,0.6,-4.6,,0
-4.6+0.8,0.8,-4.6,,0
-4.6+1.0,1.0,-4.6,,0
-4.6+1.2,1.2,-4.6,,0
-4.6+1.4,1.4,-4.6,,0
-4.6+1.6,1.6,-4.6,,0
-4.6+1.8,1.8,-4.6,,0
-4.6+2.0,2.0,-4.6,,0
-4.6+2.2,2.2,-4.6,,0
-4.6+2.4,2.4,-4.6,,0
-4.6+2.6,2.6,-4.6,,0
-4.6+2.8,2.8,-4.6,,0
-4.6+3.0,3.0,-4.6,,0
-4.6+3.2,3.2,-4.6,,0
-4.6+3.4,3.4,-4.6,,0
-4.6+3.6,3.6,-4.6,,0
-4.6+3.8,3.8,-4.6,,0
-4.6+4.0,4.0,-4.6,,0
-4.6+4.2,4.2,-4.6,,0
-4.6+4.4,4.4,-4.6,,0
-4.6+4.6,4.6,-4.6,,0
-4.6+4.8,4.8,-4.6,,0
-4.6+5.0,5.0,-4.6,,0
-4.6+5.2,5.2,-4.6,,0
-4.6+5.4,5.4,-4.6,,0
-4.6+5.6,5.6,-4.6,,0
-4.6+5.8,5.8,-4.6,,0
-4.6+6.0,6.0,-4.6,,0
-4.6+6.2,6.2,-4.6,,0
-4.6+6.4,6.4,-4.6,,0
-4.6+6.6,6.6,-4.6,,0
-4.6+6.8,6.8,-4.6,,0
-4.6+7.0,7.0,-4.6,,0
-4.6+7.2,7.2,-4.6,,0
-4.6+7.4,7.4,-4.6,,0
-4.6+7.6,7.6,-4.6,,0
-4.6+7.8,7.8,-4.6,,0
-4.6+8.0,8.0,-4.6,,0
-4.6+8.2,8.2,-4.6,,0
-4.6+8.4,8.4,-4.6,,0
-4.6+8.6,8.6,-4.6,,0
-4.6+8.8,8.8,-4.6,,0
-4.6+9.0,9.0,-4.6,,0
-4.6+9.2,9.2,-4.6,,0
-4.6+9.4,9.4,-4.6,,0
-4.6+9.6,9.6,-4.6,,0
-4.8+-0.2,-0.2,-4.8,,0
-4.8+-0.4,-0.4,-4.8,,0
-4.8+-0.6,-0.6,-4.8,,0
-4.8+-0.8,-0.8,-4.8,,0
-4.8+-1.0,-1.0,-4.8,,0
-4.8+-1.2,-1.2,-4.8,,0
-4.8+-1.4,-1.4,-4.8,,0
-4.8+-1.6,-1.6,-4.8,-0.13036853,2
-4.8+-1.8,-1.8,-4.8,,0
-4.8+-2.0,-2.0,-4.8,,0
-4.8+-2.2,-2.2,-4.8,,0
-4.8+-2.4,-2.4,-4.8,,0
-4.8+-2.6,-2.6,-4.8,,0
-4.8+-2.8,-2.8,-4.8,,0
-4.8+-3.0,-3.0,-4.8,,0
-4.8+-3.2,-3.2,-4.8,,0
-4.8+-3.4,-3.4,-4.8,,0
-4.8+-3.6,-3.6,-4.8,,0
-4.8+-3.8,-3.8,-4.8,,0
-4.8+-4.0,-4.0,-4.8,,0
-4.8+-4.2,-4.2,-4.8,,0
-4.8+-4.4,-4.4,-4.8,,0
-4.8+-4.6,-4.6,-4.8,,0
-4.8+-4.8,-4.8,-4.8,,0
-4.8+-5.0,-5.0,-4.8,,0
-4.8+-5.2,-5.2,-4.8,,0
-4.8+-5.4,-5.4,-4.8,,0
-4.8+-5.6,-5.6,-4.8,,0
-4.8+-5.8,-5.8,-4.8,,0
-4.8+-6.0,-6.0,-4.8,,0
-4.8+-6.2,-6.2,-4.8,,0
-4.8+-6.4,-6.4,-4.8,,0
-4.8+-6.6,-6.6,-4.8,,0
-4.8+-6.8,-6.8,-4.8,,0
-4.8+-7.0,-7.0,-4.8,,0
-4.8+-7.2,-7.2,-4.8,,0
-4.8+-7.4,-7.4,-4.8,,0
-4.8+-7.6,-7.6,-4.8,,0
-4.8+-7.8,-7.8,-4.8,,0
-4.8+-8.0,-8.0,-4.8,,0
-4.8+0.0,0.0,-4.8,,0
-4.8+0.2,0.2,-4.8,,0
-4.8+0.4,0.4,-4.8,,0
-4.8+0.6,0.6,-4.8,,0
-4.8+0.8,0.8,-4.8,,0
-4.8+1.0,1.0,-4.8,,0
-4.8+1.2,1.2,-4.8,,0
-4.8+1.4,1.4,-4.8,,0
-4.8+1.6,1.6,-4.8,,0
-4.8+1.8,1.8,-4.8,,0
-4.8+2.0,2.0,-4.8,,0
-4.8+2.2,2.2,-4.8,,0
-4.8+2.4,2.4,-4.8,,0
-4.8+2.6,2.6,-4.8,,0
-4.8+2.8,2.8,-4.8,,0
-4.8+3.0,3.0,-4.8,,0
-4.8+3.2,3.2,-4.8,,0
-4.8+3.4,3.4,-4.8,,0
-4.8+3.6,3.6,-4.8,,0
-4.8+3.8,3.8,-4.8,,0
-4.8+4.0,4.0,-4.8,,0
-4.8+4.2,4.2,-4.8,,0
-4.8+4.4,4.4,-4.8,,0
-4.8+4.6,4.6,-4.8,,0
-4.8+4.8,4.8,-4.8,,0
-4.8+5.0,5.0,-4.8,,0
-4.8+5.2,5.2,-4.8,,0
-4.8+5.4,5.4,-4.8,,0
-4.8+5.6,5.6,-4.8,,0
-4.8+5.8,5.8,-4.8,,0
-4.8+6.0,6.0,-4.8,,0
-4.8+6.2,6.2,-4.8,,0
-4.8+6.4,6.4,-4.8,,0
-4.8+6.6,6.6,-4.8,,0
-4.8+6.8,6.8,-4.8,,0
-4.8+7.0,7.0,-4.8,,0
-4.8+7.2,7.2,-4.8,,0
-4.8+7.4,7.4,-4.8,,0
-4.8+7.6,7.6,-4.8,,0
-4.8+7.8,7.8,-4.8,,0
-4.8+8.0,8.0,-4.8,,0
-4.8+8.2,8.2,-4.8,,0
-4.8+8.4,8.4,-4.8,,0
-4.8+8.6,8.6,-4.8,,0
-4.8+8.8,8.8,-4.8,,0
-4.8+9.0,9.0,-4.8,,0
-4.8+9.2,9.2,-4.8,,0
-4.8+9.4,9.4,-4.8,,0
-4.8+9.6,9.6,-4.8,,0
-5.0+-0.2,-0.2,-5.0,,0
-5.0+-0.4,-0.4,-5.0,,0
-5.0+-0.6,-0.6,-5.0,,0
-5.0+-0.8,-0.8,-5.0,,0
-5.0+-1.0,-1.0,-5.0,,0
-5.0+-1.2,-1.2,-5.0,,0
-5.0+-1.4,-1.4,-5.0,,0
-5.0+-1.6,-1.6,-5.0,-0.1372111,2
-5.0+-1.8,-1.8,-5.0,,0
-5.0+-2.0,-2.0,-5.0,0.11472808,1
-5.0+-2.2,-2.2,-5.0,,0
-5.0+-2.4,-2.4,-5.0,,0
-5.0+-2.6,-2.6,-5.0,,0
-5.0+-2.8,-2.8,-5.0,,0
-5.0+-3.0,-3.0,-5.0,,0
-5.0+-3.2,-3.2,-5.0,,0
-5.0+-3.4,-3.4,-5.0,,0
-5.0+-3.6,-3.6,-5.0,,0
-5.0+-3.8,-3.8,-5.0,,0
-5.0+-4.0,-4.0,-5.0,,0
-5.0+-4.2,-4.2,-5.0,,0
-5.0+-4.4,-4.4,-5.0,,0
-5.0+-4.6,-4.6,-5.0,,0
-5.0+-4.8,-4.8,-5.0,,0
-5.0+-5.0,-5.0,-5.0,,0
-5.0+-5.2,-5.2,-5.0,,0
-5.0+-5.4,-5.4,-5.0,,0
-5.0+-5.6,-5.6,-5.0,,0
-5.0+-5.8,-5.8,-5.0,,0
-5.0+-6.0,-6.0,-5.0,,0
-5.0+-6.2,-6.2,-5.0,,0
-5.0+-6.4,-6.4,-5.0,,0
-5.0+-6.6,-6.6,-5.0,,0
-5.0+-6.8,-6.8,-5.0,,0
-5.0+-7.0,-7.0,-5.0,,0
-5.0+-7.2,-7.2,-5.0,,0
-5.0+-7.4,-7.4,-5.0,,0
-5.0+-7.6,-7.6,-5.0,,0
-5.0+-7.8,-7.8,-5.0,,0
-5.0+-8.0,-8.0,-5.0,,0
-5.0+0.0,0.0,-5.0,,0
-5.0+0.2,0.2,-5.0,,0
-5.0+0.4,0.4,-5.0,,0
-5.0+0.6,0.6,-5.0,,0
-5.0+0.8,0.8,-5.0,,0
-5.0+1.0,1.0,-5.0,,0
-5.0+1.2,1.2,-5.0,,0
-5.0+1.4,1.4,-5.0,,0
-5.0+1.6,1.6,-5.0,,0
-5.0+1.8,1.8,-5.0,,0
-5.0+2.0,2.0,-5.0,,0
-5.0+2.2,2.2,-5.0,,0
-5.0+2.4,2.4,-5.0,,0
-5.0+2.6,2.6,-5.0,,0
-5.0+2.8,2.8,-5.0,,0
-5.0+3.0,3.0,-5.0,,0
-5.0+3.2,3.2,-5.0,,0
-5.0+3.4,3.4,-5.0,,0
-5.0+3.6,3.6,-5.0,,0
-5.0+3.8,3.8,-5.0,,0
-5.0+4.0,4.0,-5.0,,0
-5.0+4.2,4.2,-5.0,,0
-5.0+4.4,4.4,-5.0,,0
-5.0+4.6,4.6,-5.0,,0
-5.0+4.8,4.8,-5.0,,0
-5.0+5.0,5.0,-5.0,,0
-5.0+5.2,5.2,-5.0,,0
-5.0+5.4,5.4,-5.0,,0
-5.0+5.6,5.6,-5.0,,0
-5.0+5.8,5.8,-5.0,,0
-5.0+6.0,6.0,-5.0,,0
-5.0+6.2,6.2,-5.0,,0
-5.0+6.4,6.4,-5.0,,0
-5.0+6.6,6.6,-5.0,,0
-5.0+6.8,6.8,-5.0,,0
-5.0+7.0,7.0,-5.0,,0
-5.0+7.2,7.2,-5.0,,0
-5.0+7.4,7.4,-5.0,,0
-5.0+7.6,7.6,-5.0,,0
-5.0+7.8,7.8,-5.0,,0
-5.0+8.0,8.0,-5.0,,0
-5.0+8.2,8.2,-5.0,,0
-5.0+8.4,8.4,-5.0,,0
-5.0+8.6,8.6,-5.0,,0
-5.0+8.8,8.8,-5.0,,0
-5.0+9.0,9.0,-5.0,,0
-5.0+9.2,9.2,-5.0,,0
-5.0+9.4,9.4,-5.0,,0
-5.0+9.6,9.6,-5.0,,0
-5.2+-0.2,-0.2,-5.2,,0
-5.2+-0.4,-0.4,-5.2,,0
-5.2+-0.6,-0.6,-5.2,,0
-5.2+-0.8,-0.8,-5.2,,0
-5.2+-1.0,-1.0,-5.2,,0
-5.2+-1.2,-1.2,-5.2,,0
-5.2+-1.4,-1.4,-5.2,,0
-5.2+-1.6,-1.6,-5.2,,0
-5.2+-1.8,-1.8,-5.2,,0
-5.2+-2.0,-2.0,-5.2,,0
-5.2+-2.2,-2.2,-5.2,,0
-5.2+-2.4,-2.4,-5.2,,0
-5.2+-2.6,-2.6,-5.2,,0
-5.2+-2.8,-2.8,-5.2,,0
-5.2+-3.0,-3.0,-5.2,,0
-5.2+-3.2,-3.2,-5.2,,0
-5.2+-3.4,-3.4,-5.2,,0
-5.2+-3.6,-3.6,-5.2,,0
-5.2+-3.8,-3.8,-5.2,,0
-5.2+-4.0,-4.0,-5.2,,0
-5.2+-4.2,-4.2,-5.2,,0
-5.2+-4.4,-4.4,-5.2,,0
-5.2+-4.6,-4.6,-5.2,,0
-5.2+-4.8,-4.8,-5.2,,0
-5.2+-5.0,-5.0,-5.2,,0
-5.2+-5.2,-5.2,-5.2,,0
-5.2+-5.4,-5.4,-5.2,,0
-5.2+-5.6,-5.6,-5.2,,0
-5.2+-5.8,-5.8,-5.2,,0
-5.2+-6.0,-6.0,-5.2,,0
-5.2+-6.2,-6.2,-5.2,,0
-5.2+-6.4,-6.4,-5.2,,0
-5.2+-6.6,-6.6,-5.2,,0
-5.2+-6.8,-6.8,-5.2,,0
-5.2+-7.0,-7.0,-5.2,,0
-5.2+-7.2,-7.2,-5.2,,0
-5.2+-7.4,-7.4,-5.2,,0
-5.2+-7.6,-7.6,-5.2,,0
-5.2+-7.8,-7.8,-5.2,,0
-5.2+-8.0,-8.0,-5.2,,0
-5.2+0.0,0.0,-5.2,,0
-5.2+0.2,0.2,-5.2,,0
-5.2+0.4,0.4,-5.2,,0
-5.2+0.6,0.6,-5.2,,0
-5.2+0.8,0.8,-5.2,,0
-5.2+1.0,1.0,-5.2,,0
-5.2+1.2,1.2,-5.2,,0
-5.2+1.4,1.4,-5.2,,0
-5.2+1.6,1.6,-5.2,,0
-5.2+1.8,1.8,-5.2,,0
-5.2+2.0,2.0,-5.2,,0
-5.2+2.2,2.2,-5.2,,0
-5.2+2.4,2.4,-5.2,,0
-5.2+2.6,2.6,-5.2,,0
-5.2+2.8,2.8,-5.2,,0
-5.2+3.0,3.0,-5.2,,0
-5.2+3.2,3.2,-5.2,,0
-5.2+3.4,3.4,-5.2,,0
-5.2+3.6,3.6,-5.2,,0
-5.2+3.8,3.8,-5.2,,0
-5.2+4.0,4.0,-5.2,,0
-5.2+4.2,4.2,-5.2,,0
-5.2+4.4,4.4,-5.2,,0
-5.2+4.6,4.6,-5.2,,0
-5.2+4.8,4.8,-5.2,,0
-5.2+5.0,5.0,-5.2,,0
-5.2+5.2,5.2,-5.2,,0
-5.2+5.4,5.4,-5.2,,0
-5.2+5.6,5.6,-5.2,,0
-5.2+5.8,5.8,-5.2,,0
-5.2+6.0,6.0,-5.2,,0
-5.2+6.2,6.2,-5.2,,0
-5.2+6.4,6.4,-5.2,,0
-5.2+6.6,6.6,-5.2,,0
-5.2+6.8,6.8,-5.2,,0
-5.2+7.0,7.0,-5.2,,0
-5.2+7.2,7.2,-5.2,,0
-5.2+7.4,7.4,-5.2,,0
-5.2+7.6,7.6,-5.2,,0
-5.2+7.8,7.8,-5.2,,0
-5.2+8.0,8.0,-5.2,,0
-5.2+8.2,8.2,-5.2,,0
-5.2+8.4,8.4,-5.2,,0
-5.2+8.6,8.6,-5.2,,0
-5.2+8.8,8.8,-5.2,,0
-5.2+9.0,9.0,-5.2,,0
-5.2+9.2,9.2,-5.2,,0
-5.2+9.4,9.4,-5.2,,0
-5.2+9.6,9.6,-5.2,,0
-5.4+-0.2,-0.2,-5.4,,0
-5.4+-0.4,-0.4,-5.4,,0
-5.4+-0.6,-0.6,-5.4,,0
-5.4+-0.8,-0.8,-5.4,,0
-5.4+-1.0,-1.0,-5.4,,0
-5.4+-1.2,-1.2,-5.4,,0
-5.4+-1.4,-1.4,-5.4,,0
-5.4+-1.6,-1.6,-5.4,-0.33249792,1
-5.4+-1.8,-1.8,-5.4,,0
-5.4+-2.0,-2.0,-5.4,,0
-5.4+-2.2,-2.2,-5.4,,0
-5.4+-2.4,-2.4,-5.4,,0
-5.4+-2.6,-2.6,-5.4,,0
-5.4+-2.8,-2.8,-5.4,,0
-5.4+-3.0,-3.0,-5.4,,0
-5.4+-3.2,-3.2,-5.4,,0
-5.4+-3.4,-3.4,-5.4,,0
-5.4+-3.6,-3.6,-5.4,,0
-5.4+-3.8,-3.8,-5.4,,0
-5.4+-4.0,-4.0,-5.4,,0
-5.4+-4.2,-4.2,-5.4,,0
-5.4+-4.4,-4.4,-5.4,,0
-5.4+-4.6,-4.6,-5.4,,0
-5.4+-4.8,-4.8,-5.4,,0
-5.4+-5.0,-5.0,-5.4,,0
-5.4+-5.2,-5.2,-5.4,,0
-5.4+-5.4,-5.4,-5.4,,0
-5.4+-5.6,-5.6,-5.4,,0
-5.4+-5.8,-5.8,-5.4,,0
-5.4+-6.0,-6.0,-5.4,,0
-5.4+-6.2,-6.2,-5.4,,0
-5.4+-6.4,-6.4,-5.4,,0
-5.4+-6.6,-6.6,-5.4,,0
-5.4+-6.8,-6.8,-5.4,,0
-5.4+-7.0,-7.0,-5.4,,0
-5.4+-7.2,-7.2,-5.4,,0
-5.4+-7.4,-7.4,-5.4,,0
-5.4+-7.6,-7.6,-5.4,,0
-5.4+-7.8,-7.8,-5.4,,0
-5.4+-8.0,-8.0,-5.4,,0
-5.4+0.0,0.0,-5.4,,0
-5.4+0.2,0.2,-5.4,,0
-5.4+0.4,0.4,-5.4,,0
-5.4+0.6,0.6,-5.4,,0
-5.4+0.8,0.8,-5.4,,0
-5.4+1.0,1.0,-5.4,,0
-5.4+1.2,1.2,-5.4,,0
-5.4+1.4,1.4,-5.4,,0
-5.4+1.6,1.6,-5.4,,0
-5.4+1.8,1.8,-5.4,,0
-5.4+2.0,2.0,-5.4,,0
-5.4+2.2,2.2,-5.4,,0
-5.4+2.4,2.4,-5.4,,0
-5.4+2.6,2.6,-5.4,,0
-5.4+2.8,2.8,-5.4,,0
-5.4+3.0,3.0,-5.4,,0
-5.4+3.2,3.2,-5.4,,0
-5.4+3.4,3.4,-5.4,,0
-5.4+3.6,3.6,-5.4,,0
-5.4+3.8,3.8,-5.4,,0
-5.4+4.0,4.0,-5.4,,0
-5.4+4.2,4.2,-5.4,,0
-5.4+4.4,4.4,-5.4,,0
-5.4+4.6,4.6,-5.4,,0
-5.4+4.8,4.8,-5.4,,0
-5.4+5.0,5.0,-5.4,,0
-5.4+5.2,5.2,-5.4,,0
-5.4+5.4,5.4,-5.4,,0
-5.4+5.6,5.6,-5.4,,0
-5.4+5.8,5.8,-5.4,,0
-5.4+6.0,6.0,-5.4,,0
-5.4+6.2,6.2,-5.4,,0
-5.4+6.4,6.4,-5.4,,0
-5.4+6.6,6.6,-5.4,,0
-5.4+6.8,6.8,-5.4,,0
-5.4+7.0,7.0,-5.4,,0
-5.4+7.2,7.2,-5.4,,0
-5.4+7.4,7.4,-5.4,,0
-5.4+7.6,7.6,-5.4,,0
-5.4+7.8,7.8,-5.4,,0
-5.4+8.0,8.0,-5.4,,0
-5.4+8.2,8.2,-5.4,,0
-5.4+8.4,8.4,-5.4,,0
-5.4+8.6,8.6,-5.4,,0
-5.4+8.8,8.8,-5.4,,0
-5.4+9.0,9.0,-5.4,,0
-5.4+9.2,9.2,-5.4,,0
-5.4+9.4,9.4,-5.4,,0
-5.4+9.6,9.6,-5.4,,0
-5.6+-0.2,-0.2,-5.6,,0
-5.6+-0.4,-0.4,-5.6,,0
-5.6+-0.6,-0.6,-5.6,,0
-5.6+-0.8,-0.8,-5.6,,0
-5.6+-1.0,-1.0,-5.6,,0
-5.6+-1.2,-1.2,-5.6,,0
-5.6+-1.4,-1.4,-5.6,,0
-5.6+-1.6,-1.6,-5.6,,0
-5.6+-1.8,-1.8,-5.6,,0
-5.6+-2.0,-2.0,-5.6,,0
-5.6+-2.2,-2.2,-5.6,,0
-5.6+-2.4,-2.4,-5.6,,0
-5.6+-2.6,-2.6,-5.6,,0
-5.6+-2.8,-2.8,-5.6,,0
-5.6+-3.0,-3.0,-5.6,,0
-5.6+-3.2,-3.2,-5.6,,0
-5.6+-3.4,-3.4,-5.6,,0
-5.6+-3.6,-3.6,-5.6,,0
-5.6+-3.8,-3.8,-5.6,,0
-5.6+-4.0,-4.0,-5.6,,0
-5.6+-4.2,-4.2,-5.6,,0
-5.6+-4.4,-4.4,-5.6,,0
-5.6+-4.6,-4.6,-5.6,,0
-5.6+-4.8,-4.8,-5.6,,0
-5.6+-5.0,-5.0,-5.6,,0
-5.6+-5.2,-5.2,-5.6,,0
-5.6+-5.4,-5.4,-5.6,,0
-5.6+-5.6,-5.6,-5.6,,0
-5.6+-5.8,-5.8,-5.6,,0
-5.6+-6.0,-6.0,-5.6,,0
-5.6+-6.2,-6.2,-5.6,,0
-5.6+-6.4,-6.4,-5.6,,0
-5.6+-6.6,-6.6,-5.6,,0
-5.6+-6.8,-6.8,-5.6,,0
-5.6+-7.0,-7.0,-5.6,,0
-5.6+-7.2,-7.2,-5.6,,0
-5.6+-7.4,-7.4,-5.6,,0
-5.6+-7.6,-7.6,-5.6,,0
-5.6+-7.8,-7.8,-5.6,,0
-5.6+-8.0,-8.0,-5.6,,0
-5.6+0.0,0.0,-5.6,,0
-5.6+0.2,0.2,-5.6,,0
-5.6+0.4,0.4,-5.6,,0
-5.6+0.6,0.6,-5.6,,0
-5.6+0.8,0.8,-5.6,,0
-5.6+1.0,1.0,-5.6,,0
-5.6+1.2,1.2,-5.6,,0
-5.6+1.4,1.4,-5.6,,0
-5.6+1.6,1.6,-5.6,,0
-5.6+1.8,1.8,-5.6,,0
-5.6+2.0,2.0,-5.6,,0
-5.6+2.2,2.2,-5.6,,0
-5.6+2.4,2.4,-5.6,,0
-5.6+2.6,2.6,-5.6,,0
-5.6+2.8,2.8,-5.6,,0
-5.6+3.0,3.0,-5.6,,0
-5.6+3.2,3.2,-5.6,,0
-5.6+3.4,3.4,-5.6,,0
-5.6+3.6,3.6,-5.6,,0
-5.6+3.8,3.8,-5.6,,0
-5.6+4.0,4.0,-5.6,,0
-5.6+4.2,4.2,-5.6,,0
-5.6+4.4,4.4,-5.6,,0
-5.6+4.6,4.6,-5.6,,0
-5.6+4.8,4.8,-5.6,,0
-5.6+5.0,5.0,-5.6,,0
-5.6+5.2,5.2,-5.6,,0
-5.6+5.4,5.4,-5.6,,0
-5.6+5.6,5.6,-5.6,,0
-5.6+5.8,5.8,-5.6,,0
-5.6+6.0,6.0,-5.6,,0
-5.6+6.2,6.2,-5.6,,0
-5.6+6.4,6.4,-5.6,,0
-5.6+6.6,6.6,-5.6,,0
-5.6+6.8,6.8,-5.6,,0
-5.6+7.0,7.0,-5.6,,0
-5.6+7.2,7.2,-5.6,,0
-5.6+7.4,7.4,-5.6,,0
-5.6+7.6,7.6,-5.6,,0
-5.6+7.8,7.8,-5.6,,0
-5.6+8.0,8.0,-5.6,,0
-5.6+8.2,8.2,-5.6,,0
-5.6+8.4,8.4,-5.6,,0
-5.6+8.6,8.6,-5.6,,0
-5.6+8.8,8.8,-5.6,,0
-5.6+9.0,9.0,-5.6,,0
-5.6+9.2,9.2,-5.6,,0
-5.6+9.4,9.4,-5.6,,0
-5.6+9.6,9.6,-5.6,,0
-5.8+-0.2,-0.2,-5.8,,0
-5.8+-0.4,-0.4,-5.8,,0
-5.8+-0.6,-0.6,-5.8,,0
-5.8+-0.8,-0.8,-5.8,,0
-5.8+-1.0,-1.0,-5.8,,0
-5.8+-1.2,-1.2,-5.8,,0
-5.8+-1.4,-1.4,-5.8,,0
-5.8+-1.6,-1.6,-5.8,,0
-5.8+-1.8,-1.8,-5.8,,0
-5.8+-2.0,-2.0,-5.8,,0
-5.8+-2.2,-2.2,-5.8,,0
-5.8+-2.4,-2.4,-5.8,,0
-5.8+-2.6,-2.6,-5.8,,0
-5.8+-2.8,-2.8,-5.8,,0
-5.8+-3.0,-3.0,-5.8,,0
-5.8+-3.2,-3.2,-5.8,,0
-5.8+-3.4,-3.4,-5.8,,0
-5.8+-3.6,-3.6,-5.8,,0
-5.8+-3.8,-3.8,-5.8,,0
-5.8+-4.0,-4.0,-5.8,,0
-5.8+-4.2,-4.2,-5.8,,0
-5.8+-4.4,-4.4,-5.8,,0
-5.8+-4.6,-4.6,-5.8,,0
-5.8+-4.8,-4.8,-5.8,,0
-5.8+-5.0,-5.0,-5.8,,0
-5.8+-5.2,-5.2,-5.8,,0
-5.8+-5.4,-5.4,-5.8,,0
-5.8+-5.6,-5.6,-5.8,,0
-5.8+-5.8,-5.8,-5.8,,0
-5.8+-6.0,-6.0,-5.8,,0
-5.8+-6.2,-6.2,-5.8,,0
-5.8+-6.4,-6.4,-5.8,,0
-5.8+-6.6,-6.6,-5.8,,0
-5.8+-6.8,-6.8,-5.8,,0
-5.8+-7.0,-7.0,-5.8,,0
-5.8+-7.2,-7.2,-5.8,,0
-5.8+-7.4,-7.4,-5.8,,0
-5.8+-7.6,-7.6,-5.8,,0
-5.8+-7.8,-7.8,-5.8,,0
-5.8+-8.0,-8.0,-5.8,,0
-5.8+0.0,0.0,-5.8,,0
-5.8+0.2,0.2,-5.8,,0
-5.8+0.4,0.4,-5.8,,0
-5.8+0.6,0.6,-5.8,,0
-5.8+0.8,0.8,-5.8,,0
-5.8+1.0,1.0,-5.8,,0
-5.8+1.2,1.2,-5.8,,0
-5.8+1.4,1.4,-5.8,,0
-5.8+1.6,1.6,-5.8,,0
-5.8+1.8,1.8,-5.8,,0
-5.8+2.0,2.0,-5.8,,0
-5.8+2.2,2.2,-5.8,,0
-5.8+2.4,2.4,-5.8,,0
-5.8+2.6,2.6,-5.8,,0
-5.8+2.8,2.8,-5.8,,0
-5.8+3.0,3.0,-5.8,,0
-5.8+3.2,3.2,-5.8,,0
-5.8+3.4,3.4,-5.8,,0
-5.8+3.6,3.6,-5.8,,0
-5.8+3.8,3.8,-5.8,,0
-5.8+4.0,4.0,-5.8,,0
-5.8+4.2,4.2,-5.8,,0
-5.8+4.4,4.4,-5.8,,0
-5.8+4.6,4.6,-5.8,,0
-5.8+4.8,4.8,-5.8,,0
-5.8+5.0,5.0,-5.8,,0
-5.8+5.2,5.2,-5.8,,0
-5.8+5.4,5.4,-5.8,,0
-5.8+5.6,5.6,-5.8,,0
-5.8+5.8,5.8,-5.8,,0
-5.8+6.0,6.0,-5.8,,0
-5.8+6.2,6.2,-5.8,,0
-5.8+6.4,6.4,-5.8,,0
-5.8+6.6,6.6,-5.8,,0
-5.8+6.8,6.8,-5.8,,0
-5.8+7.0,7.0,-5.8,,0
-5.8+7.2,7.2,-5.8,,0
-5.8+7.4,7.4,-5.8,,0
-5.8+7.6,7.6,-5.8,,0
-5.8+7.8,7.8,-5.8,,0
-5.8+8.0,8.0,-5.8,,0
-5.8+8.2,8.2,-5.8,,0
-5.8+8.4,8.4,-5.8,,0
-5.8+8.6,8.6,-5.8,,0
-5.8+8.8,8.8,-5.8,,0
-5.8+9.0,9.0,-5.8,,0
-5.8+9.2,9.2,-5.8,,0
-5.8+9.4,9.4,-5.8,,0
-5.8+9.6,9.6,-5.8,,0
-6.0+-0.2,-0.2,-6.0,,0
-6.0+-0.4,-0.4,-6.0,,0
-6.0+-0.6,-0.6,-6.0,,0
-6.0+-0.8,-0.8,-6.0,,0
-6.0+-1.0,-1.0,-6.0,,0
-6.0+-1.2,-1.2,-6.0,,0
-6.0+-1.4,-1.4,-6.0,,0
-6.0+-1.6,-1.6,-6.0,,0
-6.0+-1.8,-1.8,-6.0,,0
-6.0+-2.0,-2.0,-6.0,,0
-6.0+-2.2,-2.2,-6.0,,0
-6.0+-2.4,-2.4,-6.0,,0
-6.0+-2.6,-2.6,-6.0,,0
-6.0+-2.8,-2.8,-6.0,,0
-6.0+-3.0,-3.0,-6.0,,0
-6.0+-3.2,-3.2,-6.0,,0
-6.0+-3.4,-3.4,-6.0,,0
-6.0+-3.6,-3.6,-6.0,,0
-6.0+-3.8,-3.8,-6.0,,0
-6.0+-4.0,-4.0,-6.0,,0
-6.0+-4.2,-4.2,-6.0,,0
-6.0+-4.4,-4.4,-6.0,,0
-6.0+-4.6,-4.6,-6.0,,0
-6.0+-4.8,-4.8,-6.0,,0
-6.0+-5.0,-5.0,-6.0,,0
-6.0+-5.2,-5.2,-6.0,,0
-6.0+-5.4,-5.4,-6.0,,0
-6.0+-5.6,-5.6,-6.0,,0
-6.0+-5.8,-5.8,-6.0,,0
-6.0+-6.0,-6.0,-6.0,,0
-6.0+-6.2,-6.2,-6.0,,0
-6.0+-6.4,-6.4,-6.0,,0
-6.0+-6.6,-6.6,-6.0,,0
-6.0+-6.8,-6.8,-6.0,,0
-6.0+-7.0,-7.0,-6.0,,0
-6.0+-7.2,-7.2,-6.0,,0
-6.0+-7.4,-7.4,-6.0,,0
-6.0+-7.6,-7.6,-6.0,,0
-6.0+-7.8,-7.8,-6.0,,0
-6.0+-8.0,-8.0,-6.0,,0
-6.0+0.0,0.0,-6.0,,0
-6.0+0.2,0.2,-6.0,,0
-6.0+0.4,0.4,-6.0,,0
-6.0+0.6,0.6,-6.0,,0
-6.0+0.8,0.8,-6.0,,0
-6.0+1.0,1.0,-6.0,,0
-6.0+1.2,1.2,-6.0,,0
-6.0+1.4,1.4,-6.0,,0
-6.0+1.6,1.6,-6.0,,0
-6.0+1.8,1.8,-6.0,,0
-6.0+2.0,2.0,-6.0,,0
-6.0+2.2,2.2,-6.0,,0
-6.0+2.4,2.4,-6.0,,0
-6.0+2.6,2.6,-6.0,,0
-6.0+2.8,2.8,-6.0,,0
-6.0+3.0,3.0,-6.0,,0
-6.0+3.2,3.2,-6.0,,0
-6.0+3.4,3.4,-6.0,,0
-6.0+3.6,3.6,-6.0,,0
-6.0+3.8,3.8,-6.0,,0
-6.0+4.0,4.0,-6.0,,0
-6.0+4.2,4.2,-6.0,,0
-6.0+4.4,4.4,-6.0,,0
-6.0+4.6,4.6,-6.0,,0
-6.0+4.8,4.8,-6.0,,0
-6.0+5.0,5.0,-6.0,,0
-6.0+5.2,5.2,-6.0,,0
-6.0+5.4,5.4,-6.0,,0
-6.0+5.6,5.6,-6.0,,0
-6.0+5.8,5.8,-6.0,,0
-6.0+6.0,6.0,-6.0,,0
-6.0+6.2,6.2,-6.0,,0
-6.0+6.4,6.4,-6.0,,0
-6.0+6.6,6.6,-6.0,,0
-6.0+6.8,6.8,-6.0,,0
-6.0+7.0,7.0,-6.0,,0
-6.0+7.2,7.2,-6.0,,0
-6.0+7.4,7.4,-6.0,,0
-6.0+7.6,7.6,-6.0,,0
-6.0+7.8,7.8,-6.0,,0
-6.0+8.0,8.0,-6.0,,0
-6.0+8.2,8.2,-6.0,,0
-6.0+8.4,8.4,-6.0,,0
-6.0+8.6,8.6,-6.0,,0
-6.0+8.8,8.8,-6.0,,0
-6.0+9.0,9.0,-6.0,,0
-6.0+9.2,9.2,-6.0,,0
-6.0+9.4,9.4,-6.0,,0
-6.0+9.6,9.6,-6.0,,0
-6.2+-0.2,-0.2,-6.2,,0
-6.2+-0.4,-0.4,-6.2,,0
-6.2+-0.6,-0.6,-6.2,,0
-6.2+-0.8,-0.8,-6.2,,0
-6.2+-1.0,-1.0,-6.2,,0
-6.2+-1.2,-1.2,-6.2,,0
-6.2+-1.4,-1.4,-6.2,,0
-6.2+-1.6,-1.6,-6.2,,0
-6.2+-1.8,-1.8,-6.2,,0
-6.2+-2.0,-2.0,-6.2,,0
-6.2+-2.2,-2.2,-6.2,,0
-6.2+-2.4,-2.4,-6.2,,0
-6.2+-2.6,-2.6,-6.2,,0
-6.2+-2.8,-2.8,-6.2,,0
-6.2+-3.0,-3.0,-6.2,,0
-6.2+-3.2,-3.2,-6.2,,0
-6.2+-3.4,-3.4,-6.2,,0
-6.2+-3.6,-3.6,-6.2,,0
-6.2+-3.8,-3.8,-6.2,,0
-6.2+-4.0,-4.0,-6.2,,0
-6.2+-4.2,-4.2,-6.2,,0
-6.2+-4.4,-4.4,-6.2,,0
-6.2+-4.6,-4.6,-6.2,,0
-6.2+-4.8,-4.8,-6.2,,0
-6.2+-5.0,-5.0,-6.2,,0
-6.2+-5.2,-5.2,-6.2,,0
-6.2+-5.4,-5.4,-6.2,,0
-6.2+-5.6,-5.6,-6.2,,0
-6.2+-5.8,-5.8,-6.2,,0
-6.2+-6.0,-6.0,-6.2,,0
-6.2+-6.2,-6.2,-6.2,,0
-6.2+-6.4,-6.4,-6.2,,0
-6.2+-6.6,-6.6,-6.2,,0
-6.2+-6.8,-6.8,-6.2,,0
-6.2+-7.0,-7.0,-6.2,,0
-6.2+-7.2,-7.2,-6.2,,0
-6.2+-7.4,-7.4,-6.2,,0
-6.2+-7.6,-7.6,-6.2,,0
-6.2+-7.8,-7.8,-6.2,,0
-6.2+-8.0,-8.0,-6.2,,0
-6.2+0.0,0.0,-6.2,,0
-6.2+0.2,0.2,-6.2,,0
-6.2+0.4,0.4,-6.2,,0
-6.2+0.6,0.6,-6.2,,0
-6.2+0.8,0.8,-6.2,,0
-6.2+1.0,1.0,-6.2,,0
-6.2+1.2,1.2,-6.2,,0
-6.2+1.4,1.4,-6.2,,0
-6.2+1.6,1.6,-6.2,,0
-6.2+1.8,1.8,-6.2,,0
-6.2+2.0,2.0,-6.2,,0
-6.2+2.2,2.2,-6.2,,0
-6.2+2.4,2.4,-6.2,,0
-6.2+2.6,2.6,-6.2,,0
-6.2+2.8,2.8,-6.2,,0
-6.2+3.0,3.0,-6.2,,0
-6.2+3.2,3.2,-6.2,,0
-6.2+3.4,3.4,-6.2,,0
-6.2+3.6,3.6,-6.2,,0
-6.2+3.8,3.8,-6.2,,0
-6.2+4.0,4.0,-6.2,,0
-6.2+4.2,4.2,-6.2,,0
-6.2+4.4,4.4,-6.2,,0
-6.2+4.6,4.6,-6.2,,0
-6.2+4.8,4.8,-6.2,,0
-6.2+5.0,5.0,-6.2,,0
-6.2+5.2,5.2,-6.2,,0
-6.2+5.4,5.4,-6.2,,0
-6.2+5.6,5.6,-6.2,,0
-6.2+5.8,5.8,-6.2,,0
-6.2+6.0,6.0,-6.2,,0
-6.2+6.2,6.2,-6.2,,0
-6.2+6.4,6.4,-6.2,,0
-6.2+6.6,6.6,-6.2,,0
-6.2+6.8,6.8,-6.2,,0
-6.2+7.0,7.0,-6.2,,0
-6.2+7.2,7.2,-6.2,,0
-6.2+7.4,7.4,-6.2,,0
-6.2+7.6,7.6,-6.2,,0
-6.2+7.8,7.8,-6.2,,0
-6.2+8.0,8.0,-6.2,,0
-6.2+8.2,8.2,-6.2,,0
-6.2+8.4,8.4,-6.2,,0
-6.2+8.6,8.6,-6.2,,0
-6.2+8.8,8.8,-6.2,,0
-6.2+9.0,9.0,-6.2,,0
-6.2+9.2,9.2,-6.2,,0
-6.2+9.4,9.4,-6.2,,0
-6.2+9.6,9.6,-6.2,,0
-6.4+-0.2,-0.2,-6.4,,0
-6.4+-0.4,-0.4,-6.4,,0
-6.4+-0.6,-0.6,-6.4,,0
-6.4+-0.8,-0.8,-6.4,,0
-6.4+-1.0,-1.0,-6.4,,0
-6.4+-1.2,-1.2,-6.4,,0
-6.4+-1.4,-1.4,-6.4,,0
-6.4+-1.6,-1.6,-6.4,,0
-6.4+-1.8,-1.8,-6.4,,0
-6.4+-2.0,-2.0,-6.4,,0
-6.4+-2.2,-2.2,-6.4,,0
-6.4+-2.4,-2.4,-6.4,,0
-6.4+-2.6,-2.6,-6.4,,0
-6.4+-2.8,-2.8,-6.4,,0
-6.4+-3.0,-3.0,-6.4,,0
-6.4+-3.2,-3.2,-6.4,,0
-6.4+-3.4,-3.4,-6.4,,0
-6.4+-3.6,-3.6,-6.4,,0
-6.4+-3.8,-3.8,-6.4,,0
-6.4+-4.0,-4.0,-6.4,,0
-6.4+-4.2,-4.2,-6.4,,0
-6.4+-4.4,-4.4,-6.4,,0
-6.4+-4.6,-4.6,-6.4,,0
-6.4+-4.8,-4.8,-6.4,,0
-6.4+-5.0,-5.0,-6.4,,0
-6.4+-5.2,-5.2,-6.4,,0
-6.4+-5.4,-5.4,-6.4,,0
-6.4+-5.6,-5.6,-6.4,,0
-6.4+-5.8,-5.8,-6.4,,0
-6.4+-6.0,-6.0,-6.4,,0
-6.4+-6.2,-6.2,-6.4,,0
-6.4+-6.4,-6.4,-6.4,,0
-6.4+-6.6,-6.6,-6.4,,0
-6.4+-6.8,-6.8,-6.4,,0
-6.4+-7.0,-7.0,-6.4,,0
-6.4+-7.2,-7.2,-6.4,,0
-6.4+-7.4,-7.4,-6.4,,0
-6.4+-7.6,-7.6,-6.4,,0
-6.4+-7.8,-7.8,-6.4,,0
-6.4+-8.0,-8.0,-6.4,,0
-6.4+0.0,0.0,-6.4,,0
-6.4+0.2,0.2,-6.4,,0
-6.4+0.4,0.4,-6.4,,0
-6.4+0.6,0.6,-6.4,,0
-6.4+0.8,0.8,-6.4,,0
-6.4+1.0,1.0,-6.4,,0
-6.4+1.2,1.2,-6.4,,0
-6.4+1.4,1.4,-6.4,,0
-6.4+1.6,1.6,-6.4,,0
-6.4+1.8,1.8,-6.4,,0
-6.4+2.0,2.0,-6.4,,0
-6.4+2.2,2.2,-6.4,,0
-6.4+2.4,2.4,-6.4,,0
-6.4+2.6,2.6,-6.4,,0
-6.4+2.8,2.8,-6.4,,0
-6.4+3.0,3.0,-6.4,,0
-6.4+3.2,3.2,-6.4,,0
-6.4+3.4,3.4,-6.4,,0
-6.4+3.6,3.6,-6.4,,0
-6.4+3.8,3.8,-6.4,,0
-6.4+4.0,4.0,-6.4,,0
-6.4+4.2,4.2,-6.4,,0
-6.4+4.4,4.4,-6.4,,0
-6.4+4.6,4.6,-6.4,,0
-6.4+4.8,4.8,-6.4,,0
-6.4+5.0,5.0,-6.4,,0
-6.4+5.2,5.2,-6.4,,0
-6.4+5.4,5.4,-6.4,,0
-6.4+5.6,5.6,-6.4,,0
-6.4+5.8,5.8,-6.4,,0
-6.4+6.0,6.0,-6.4,,0
-6.4+6.2,6.2,-6.4,,0
-6.4+6.4,6.4,-6.4,,0
-6.4+6.6,6.6,-6.4,,0
-6.4+6.8,6.8,-6.4,,0
-6.4+7.0,7.0,-6.4,,0
-6.4+7.2,7.2,-6.4,,0
-6.4+7.4,7.4,-6.4,,0
-6.4+7.6,7.6,-6.4,,0
-6.4+7.8,7.8,-6.4,,0
-6.4+8.0,8.0,-6.4,,0
-6.4+8.2,8.2,-6.4,,0
-6.4+8.4,8.4,-6.4,,0
-6.4+8.6,8.6,-6.4,,0
-6.4+8.8,8.8,-6.4,,0
-6.4+9.0,9.0,-6.4,,0
-6.4+9.2,9.2,-6.4,,0
-6.4+9.4,9.4,-6.4,,0
-6.4+9.6,9.6,-6.4,,0
-6.6+-0.2,-0.2,-6.6,,0
-6.6+-0.4,-0.4,-6.6,,0
-6.6+-0.6,-0.6,-6.6,,0
-6.6+-0.8,-0.8,-6.6,,0
-6.6+-1.0,-1.0,-6.6,,0
-6.6+-1.2,-1.2,-6.6,,0
-6.6+-1.4,-1.4,-6.6,,0
-6.6+-1.6,-1.6,-6.6,,0
-6.6+-1.8,-1.8,-6.6,,0
-6.6+-2.0,-2.0,-6.6,,0
-6.6+-2.2,-2.2,-6.6,,0
-6.6+-2.4,-2.4,-6.6,,0
-6.6+-2.6,-2.6,-6.6,,0
-6.6+-2.8,-2.8,-6.6,,0
-6.6+-3.0,-3.0,-6.6,,0
-6.6+-3.2,-3.2,-6.6,,0
-6.6+-3.4,-3.4,-6.6,,0
-6.6+-3.6,-3.6,-6.6,,0
-6.6+-3.8,-3.8,-6.6,,0
-6.6+-4.0,-4.0,-6.6,,0
-6.6+-4.2,-4.2,-6.6,,0
-6.6+-4.4,-4.4,-6.6,,0
-6.6+-4.6,-4.6,-6.6,,0
-6.6+-4.8,-4.8,-6.6,,0
-6.6+-5.0,-5.0,-6.6,,0
-6.6+-5.2,-5.2,-6.6,,0
-6.6+-5.4,-5.4,-6.6,,0
-6.6+-5.6,-5.6,-6.6,,0
-6.6+-5.8,-5.8,-6.6,,0
-6.6+-6.0,-6.0,-6.6,,0
-6.6+-6.2,-6.2,-6.6,,0
-6.6+-6.4,-6.4,-6.6,,0
-6.6+-6.6,-6.6,-6.6,,0
-6.6+-6.8,-6.8,-6.6,,0
-6.6+-7.0,-7.0,-6.6,,0
-6.6+-7.2,-7.2,-6.6,,0
-6.6+-7.4,-7.4,-6.6,,0
-6.6+-7.6,-7.6,-6.6,,0
-6.6+-7.8,-7.8,-6.6,,0
-6.6+-8.0,-8.0,-6.6,,0
-6.6+0.0,0.0,-6.6,,0
-6.6+0.2,0.2,-6.6,,0
-6.6+0.4,0.4,-6.6,,0
-6.6+0.6,0.6,-6.6,,0
-6.6+0.8,0.8,-6.6,,0
-6.6+1.0,1.0,-6.6,,0
-6.6+1.2,1.2,-6.6,,0
-6.6+1.4,1.4,-6.6,,0
-6.6+1.6,1.6,-6.6,,0
-6.6+1.8,1.8,-6.6,,0
-6.6+2.0,2.0,-6.6,,0
-6.6+2.2,2.2,-6.6,,0
-6.6+2.4,2.4,-6.6,,0
-6.6+2.6,2.6,-6.6,,0
-6.6+2.8,2.8,-6.6,,0
-6.6+3.0,3.0,-6.6,,0
-6.6+3.2,3.2,-6.6,,0
-6.6+3.4,3.4,-6.6,,0
-6.6+3.6,3.6,-6.6,,0
-6.6+3.8,3.8,-6.6,,0
-6.6+4.0,4.0,-6.6,,0
-6.6+4.2,4.2,-6.6,,0
-6.6+4.4,4.4,-6.6,,0
-6.6+4.6,4.6,-6.6,,0
-6.6+4.8,4.8,-6.6,,0
-6.6+5.0,5.0,-6.6,,0
-6.6+5.2,5.2,-6.6,,0
-6.6+5.4,5.4,-6.6,,0
-6.6+5.6,5.6,-6.6,,0
-6.6+5.8,5.8,-6.6,,0
-6.6+6.0,6.0,-6.6,,0
-6.6+6.2,6.2,-6.6,,0
-6.6+6.4,6.4,-6.6,,0
-6.6+6.6,6.6,-6.6,,0
-6.6+6.8,6.8,-6.6,,0
-6.6+7.0,7.0,-6.6,,0
-6.6+7.2,7.2,-6.6,,0
-6.6+7.4,7.4,-6.6,,0
-6.6+7.6,7.6,-6.6,,0
-6.6+7.8,7.8,-6.6,,0
-6.6+8.0,8.0,-6.6,,0
-6.6+8.2,8.2,-6.6,,0
-6.6+8.4,8.4,-6.6,,0
-6.6+8.6,8.6,-6.6,,0
-6.6+8.8,8.8,-6.6,,0
-6.6+9.0,9.0,-6.6,,0
-6.6+9.2,9.2,-6.6,,0
-6.6+9.4,9.4,-6.6,,0
-6.6+9.6,9.6,-6.6,,0
-6.8+-0.2,-0.2,-6.8,,0
-6.8+-0.4,-0.4,-6.8,,0
-6.8+-0.6,-0.6,-6.8,,0
-6.8+-0.8,-0.8,-6.8,,0
-6.8+-1.0,-1.0,-6.8,,0
-6.8+-1.2,-1.2,-6.8,,0
-6.8+-1.4,-1.4,-6.8,,0
-6.8+-1.6,-1.6,-6.8,,0
-6.8+-1.8,-1.8,-6.8,,0
-6.8+-2.0,-2.0,-6.8,,0
-6.8+-2.2,-2.2,-6.8,,0
-6.8+-2.4,-2.4,-6.8,,0
-6.8+-2.6,-2.6,-6.8,,0
-6.8+-2.8,-2.8,-6.8,,0
-6.8+-3.0,-3.0,-6.8,,0
-6.8+-3.2,-3.2,-6.8,,0
-6.8+-3.4,-3.4,-6.8,,0
-6.8+-3.6,-3.6,-6.8,,0
-6.8+-3.8,-3.8,-6.8,,0
-6.8+-4.0,-4.0,-6.8,,0
-6.8+-4.2,-4.2,-6.8,,0
-6.8+-4.4,-4.4,-6.8,,0
-6.8+-4.6,-4.6,-6.8,,0
-6.8+-4.8,-4.8,-6.8,,0
-6.8+-5.0,-5.0,-6.8,,0
-6.8+-5.2,-5.2,-6.8,,0
-6.8+-5.4,-5.4,-6.8,,0
-6.8+-5.6,-5.6,-6.8,,0
-6.8+-5.8,-5.8,-6.8,,0
-6.8+-6.0,-6.0,-6.8,,0
-6.8+-6.2,-6.2,-6.8,,0
-6.8+-6.4,-6.4,-6.8,,0
-6.8+-6.6,-6.6,-6.8,,0
-6.8+-6.8,-6.8,-6.8,,0
-6.8+-7.0,-7.0,-6.8,,0
-6.8+-7.2,-7.2,-6.8,,0
-6.8+-7.4,-7.4,-6.8,,0
-6.8+-7.6,-7.6,-6.8,,0
-6.8+-7.8,-7.8,-6.8,,0
-6.8+-8.0,-8.0,-6.8,,0
-6.8+0.0,0.0,-6.8,,0
-6.8+0.2,0.2,-6.8,,0
-6.8+0.4,0.4,-6.8,,0
-6.8+0.6,0.6,-6.8,,0
-6.8+0.8,0.8,-6.8,,0
-6.8+1.0,1.0,-6.8,,0
-6.8+1.2,1.2,-6.8,,0
-6.8+1.4,1.4,-6.8,,0
-6.8+1.6,1.6,-6.8,,0
-6.8+1.8,1.8,-6.8,,0
-6.8+2.0,2.0,-6.8,,0
-6.8+2.2,2.2,-6.8,,0
-6.8+2.4,2.4,-6.8,,0
-6.8+2.6,2.6,-6.8,,0
-6.8+2.8,2.8,-6.8,,0
-6.8+3.0,3.0,-6.8,,0
-6.8+3.2,3.2,-6.8,,0
-6.8+3.4,3.4,-6.8,,0
-6.8+3.6,3.6,-6.8,,0
-6.8+3.8,3.8,-6.8,,0
-6.8+4.0,4.0,-6.8,,0
-6.8+4.2,4.2,-6.8,,0
-6.8+4.4,4.4,-6.8,,0
-6.8+4.6,4.6,-6.8,,0
-6.8+4.8,4.8,-6.8,,0
-6.8+5.0,5.0,-6.8,,0
-6.8+5.2,5.2,-6.8,,0
-6.8+5.4,5.4,-6.8,,0
-6.8+5.6,5.6,-6.8,,0
-6.8+5.8,5.8,-6.8,,0
-6.8+6.0,6.0,-6.8,,0
-6.8+6.2,6.2,-6.8,,0
-6.8+6.4,6.4,-6.8,,0
-6.8+6.6,6.6,-6.8,,0
-6.8+6.8,6.8,-6.8,,0
-6.8+7.0,7.0,-6.8,,0
-6.8+7.2,7.2,-6.8,,0
-6.8+7.4,7.4,-6.8,,0
-6.8+7.6,7.6,-6.8,,0
-6.8+7.8,7.8,-6.8,,0
-6.8+8.0,8.0,-6.8,,0
-6.8+8.2,8.2,-6.8,,0
-6.8+8.4,8.4,-6.8,,0
-6.8+8.6,8.6,-6.8,,0
-6.8+8.8,8.8,-6.8,,0
-6.8+9.0,9.0,-6.8,,0
-6.8+9.2,9.2,-6.8,,0
-6.8+9.4,9.4,-6.8,,0
-6.8+9.6,9.6,-6.8,,0
-7.0+-0.2,-0.2,-7.0,,0
-7.0+-0.4,-0.4,-7.0,,0
-7.0+-0.6,-0.6,-7.0,,0
-7.0+-0.8,-0.8,-7.0,,0
-7.0+-1.0,-1.0,-7.0,,0
-7.0+-1.2,-1.2,-7.0,,0
-7.0+-1.4,-1.4,-7.0,,0
-7.0+-1.6,-1.6,-7.0,,0
-7.0+-1.8,-1.8,-7.0,,0
-7.0+-2.0,-2.0,-7.0,,0
-7.0+-2.2,-2.2,-7.0,,0
-7.0+-2.4,-2.4,-7.0,,0
-7.0+-2.6,-2.6,-7.0,,0
-7.0+-2.8,-2.8,-7.0,,0
-7.0+-3.0,-3.0,-7.0,,0
-7.0+-3.2,-3.2,-7.0,,0
-7.0+-3.4,-3.4,-7.0,,0
-7.0+-3.6,-3.6,-7.0,,0
-7.0+-3.8,-3.8,-7.0,,0
-7.0+-4.0,-4.0,-7.0,,0
-7.0+-4.2,-4.2,-7.0,,0
-7.0+-4.4,-4.4,-7.0,,0
-7.0+-4.6,-4.6,-7.0,,0
-7.0+-4.8,-4.8,-7.0,,0
-7.0+-5.0,-5.0,-7.0,,0
-7.0+-5.2,-5.2,-7.0,,0
-7.0+-5.4,-5.4,-7.0,,0
-7.0+-5.6,-5.6,-7.0,,0
-7.0+-5.8,-5.8,-7.0,,0
-7.0+-6.0,-6.0,-7.0,,0
-7.0+-6.2,-6.2,-7.0,,0
-7.0+-6.4,-6.4,-7.0,,0
-7.0+-6.6,-6.6,-7.0,,0
-7.0+-6.8,-6.8,-7.0,,0
-7.0+-7.0,-7.0,-7.0,,0
-7.0+-7.2,-7.2,-7.0,,0
-7.0+-7.4,-7.4,-7.0,,0
-7.0+-7.6,-7.6,-7.0,,0
-7.0+-7.8,-7.8,-7.0,,0
-7.0+-8.0,-8.0,-7.0,,0
-7.0+0.0,0.0,-7.0,,0
-7.0+0.2,0.2,-7.0,,0
-7.0+0.4,0.4,-7.0,,0
-7.0+0.6,0.6,-7.0,,0
-7.0+0.8,0.8,-7.0,,0
-7.0+1.0,1.0,-7.0,,0
-7.0+1.2,1.2,-7.0,,0
-7.0+1.4,1.4,-7.0,,0
-7.0+1.6,1.6,-7.0,,0
-7.0+1.8,1.8,-7.0,,0
-7.0+2.0,2.0,-7.0,,0
-7.0+2.2,2.2,-7.0,,0
-7.0+2.4,2.4,-7.0,,0
-7.0+2.6,2.6,-7.0,,0
-7.0+2.8,2.8,-7.0,,0
-7.0+3.0,3.0,-7.0,,0
-7.0+3.2,3.2,-7.0,,0
-7.0+3.4,3.4,-7.0,,0
-7.0+3.6,3.6,-7.0,,0
-7.0+3.8,3.8,-7.0,,0
-7.0+4.0,4.0,-7.0,,0
-7.0+4.2,4.2,-7.0,,0
-7.0+4.4,4.4,-7.0,,0
-7.0+4.6,4.6,-7.0,,0
-7.0+4.8,4.8,-7.0,,0
-7.0+5.0,5.0,-7.0,,0
-7.0+5.2,5.2,-7.0,,0
-7.0+5.4,5.4,-7.0,,0
-7.0+5.6,5.6,-7.0,,0
-7.0+5.8,5.8,-7.0,,0
-7.0+6.0,6.0,-7.0,,0
-7.0+6.2,6.2,-7.0,,0
-7.0+6.4,6.4,-7.0,,0
-7.0+6.6,6.6,-7.0,,0
-7.0+6.8,6.8,-7.0,,0
-7.0+7.0,7.0,-7.0,,0
-7.0+7.2,7.2,-7.0,,0
-7.0+7.4,7.4,-7.0,,0
-7.0+7.6,7.6,-7.0,,0
-7.0+7.8,7.8,-7.0,,0
-7.0+8.0,8.0,-7.0,,0
-7.0+8.2,8.2,-7.0,,0
-7.0+8.4,8.4,-7.0,,0
-7.0+8.6,8.6,-7.0,,0
-7.0+8.8,8.8,-7.0,,0
-7.0+9.0,9.0,-7.0,,0
-7.0+9.2,9.2,-7.0,,0
-7.0+9.4,9.4,-7.0,,0
-7.0+9.6,9.6,-7.0,,0
-7.2+-0.2,-0.2,-7.2,,0
-7.2+-0.4,-0.4,-7.2,,0
-7.2+-0.6,-0.6,-7.2,,0
-7.2+-0.8,-0.8,-7.2,,0
-7.2+-1.0,-1.0,-7.2,,0
-7.2+-1.2,-1.2,-7.2,,0
-7.2+-1.4,-1.4,-7.2,,0
-7.2+-1.6,-1.6,-7.2,,0
-7.2+-1.8,-1.8,-7.2,,0
-7.2+-2.0,-2.0,-7.2,,0
-7.2+-2.2,-2.2,-7.2,,0
-7.2+-2.4,-2.4,-7.2,,0
-7.2+-2.6,-2.6,-7.2,,0
-7.2+-2.8,-2.8,-7.2,,0
-7.2+-3.0,-3.0,-7.2,,0
-7.2+-3.2,-3.2,-7.2,,0
-7.2+-3.4,-3.4,-7.2,,0
-7.2+-3.6,-3.6,-7.2,,0
-7.2+-3.8,-3.8,-7.2,,0
-7.2+-4.0,-4.0,-7.2,,0
-7.2+-4.2,-4.2,-7.2,,0
-7.2+-4.4,-4.4,-7.2,,0
-7.2+-4.6,-4.6,-7.2,,0
-7.2+-4.8,-4.8,-7.2,,0
-7.2+-5.0,-5.0,-7.2,,0
-7.2+-5.2,-5.2,-7.2,,0
-7.2+-5.4,-5.4,-7.2,,0
-7.2+-5.6,-5.6,-7.2,,0
-7.2+-5.8,-5.8,-7.2,,0
-7.2+-6.0,-6.0,-7.2,,0
-7.2+-6.2,-6.2,-7.2,,0
-7.2+-6.4,-6.4,-7.2,,0
-7.2+-6.6,-6.6,-7.2,,0
-7.2+-6.8,-6.8,-7.2,,0
-7.2+-7.0,-7.0,-7.2,,0
-7.2+-7.2,-7.2,-7.2,,0
-7.2+-7.4,-7.4,-7.2,,0
-7.2+-7.6,-7.6,-7.2,,0
-7.2+-7.8,-7.8,-7.2,,0
-7.2+-8.0,-8.0,-7.2,,0
-7.2+0.0,0.0,-7.2,,0
-7.2+0.2,0.2,-7.2,,0
-7.2+0.4,0.4,-7.2,,0
-7.2+0.6,0.6,-7.2,,0
-7.2+0.8,0.8,-7.2,,0
-7.2+1.0,1.0,-7.2,,0
-7.2+1.2,1.2,-7.2,,0
-7.2+1.4,1.4,-7.2,,0
-7.2+1.6,1.6,-7.2,,0
-7.2+1.8,1.8,-7.2,,0
-7.2+2.0,2.0,-7.2,,0
-7.2+2.2,2.2,-7.2,,0
-7.2+2.4,2.4,-7.2,,0
-7.2+2.6,2.6,-7.2,,0
-7.2+2.8,2.8,-7.2,,0
-7.2+3.0,3.0,-7.2,,0
-7.2+3.2,3.2,-7.2,,0
-7.2+3.4,3.4,-7.2,,0
-7.2+3.6,3.6,-7.2,,0
-7.2+3.8,3.8,-7.2,,0
-7.2+4.0,4.0,-7.2,,0
-7.2+4.2,4.2,-7.2,,0
-7.2+4.4,4.4,-7.2,,0
-7.2+4.6,4.6,-7.2,,0
-7.2+4.8,4.8,-7.2,,0
-7.2+5.0,5.0,-7.2,,0
-7.2+5.2,5.2,-7.2,,0
-7.2+5.4,5.4,-7.2,,0
-7.2+5.6,5.6,-7.2,,0
-7.2+5.8,5.8,-7.2,,0
-7.2+6.0,6.0,-7.2,,0
-7.2+6.2,6.2,-7.2,,0
-7.2+6.4,6.4,-7.2,,0
-7.2+6.6,6.6,-7.2,,0
-7.2+6.8,6.8,-7.2,,0
-7.2+7.0,7.0,-7.2,,0
-7.2+7.2,7.2,-7.2,,0
-7.2+7.4,7.4,-7.2,,0
-7.2+7.6,7.6,-7.2,,0
-7.2+7.8,7.8,-7.2,,0
-7.2+8.0,8.0,-7.2,,0
-7.2+8.2,8.2,-7.2,,0
-7.2+8.4,8.4,-7.2,,0
-7.2+8.6,8.6,-7.2,,0
-7.2+8.8,8.8,-7.2,,0
-7.2+9.0,9.0,-7.2,,0
-7.2+9.2,9.2,-7.2,,0
-7.2+9.4,9.4,-7.2,,0
-7.2+9.6,9.6,-7.2,,0
-7.4+-0.2,-0.2,-7.4,,0
-7.4+-0.4,-0.4,-7.4,,0
-7.4+-0.6,-0.6,-7.4,,0
-7.4+-0.8,-0.8,-7.4,,0
-7.4+-1.0,-1.0,-7.4,,0
-7.4+-1.2,-1.2,-7.4,,0
-7.4+-1.4,-1.4,-7.4,,0
-7.4+-1.6,-1.6,-7.4,,0
-7.4+-1.8,-1.8,-7.4,,0
-7.4+-2.0,-2.0,-7.4,,0
-7.4+-2.2,-2.2,-7.4,,0
-7.4+-2.4,-2.4,-7.4,,0
-7.4+-2.6,-2.6,-7.4,,0
-7.4+-2.8,-2.8,-7.4,,0
-7.4+-3.0,-3.0,-7.4,,0
-7.4+-3.2,-3.2,-7.4,,0
-7.4+-3.4,-3.4,-7.4,,0
-7.4+-3.6,-3.6,-7.4,,0
-7.4+-3.8,-3.8,-7.4,,0
-7.4+-4.0,-4.0,-7.4,,0
-7.4+-4.2,-4.2,-7.4,,0
-7.4+-4.4,-4.4,-7.4,,0
-7.4+-4.6,-4.6,-7.4,,0
-7.4+-4.8,-4.8,-7.4,,0
-7.4+-5.0,-5.0,-7.4,,0
-7.4+-5.2,-5.2,-7.4,,0
-7.4+-5.4,-5.4,-7.4,,0
-7.4+-5.6,-5.6,-7.4,,0
-7.4+-5.8,-5.8,-7.4,,0
-7.4+-6.0,-6.0,-7.4,,0
-7.4+-6.2,-6.2,-7.4,,0
-7.4+-6.4,-6.4,-7.4,,0
-7.4+-6.6,-6.6,-7.4,,0
-7.4+-6.8,-6.8,-7.4,,0
-7.4+-7.0,-7.0,-7.4,,0
-7.4+-7.2,-7.2,-7.4,,0
-7.4+-7.4,-7.4,-7.4,,0
-7.4+-7.6,-7.6,-7.4,,0
-7.4+-7.8,-7.8,-7.4,,0
-7.4+-8.0,-8.0,-7.4,,0
-7.4+0.0,0.0,-7.4,,0
-7.4+0.2,0.2,-7.4,,0
-7.4+0.4,0.4,-7.4,,0
-7.4+0.6,0.6,-7.4,,0
-7.4+0.8,0.8,-7.4,,0
-7.4+1.0,1.0,-7.4,,0
-7.4+1.2,1.2,-7.4,,0
-7.4+1.4,1.4,-7.4,,0
-7.4+1.6,1.6,-7.4,,0
-7.4+1.8,1.8,-7.4,,0
-7.4+2.0,2.0,-7.4,,0
-7.4+2.2,2.2,-7.4,,0
-7.4+2.4,2.4,-7.4,,0
-7.4+2.6,2.6,-7.4,,0
-7.4+2.8,2.8,-7.4,,0
-7.4+3.0,3.0,-7.4,,0
-7.4+3.2,3.2,-7.4,,0
-7.4+3.4,3.4,-7.4,,0
-7.4+3.6,3.6,-7.4,,0
-7.4+3.8,3.8,-7.4,,0
-7.4+4.0,4.0,-7.4,,0
-7.4+4.2,4.2,-7.4,,0
-7.4+4.4,4.4,-7.4,,0
-7.4+4.6,4.6,-7.4,,0
-7.4+4.8,4.8,-7.4,,0
-7.4+5.0,5.0,-7.4,,0
-7.4+5.2,5.2,-7.4,,0
-7.4+5.4,5.4,-7.4,,0
-7.4+5.6,5.6,-7.4,,0
-7.4+5.8,5.8,-7.4,,0
-7.4+6.0,6.0,-7.4,,0
-7.4+6.2,6.2,-7.4,,0
-7.4+6.4,6.4,-7.4,,0
-7.4+6.6,6.6,-7.4,,0
-7.4+6.8,6.8,-7.4,,0
-7.4+7.0,7.0,-7.4,,0
-7.4+7.2,7.2,-7.4,,0
-7.4+7.4,7.4,-7.4,,0
-7.4+7.6,7.6,-7.4,,0
-7.4+7.8,7.8,-7.4,,0
-7.4+8.0,8.0,-7.4,,0
-7.4+8.2,8.2,-7.4,,0
-7.4+8.4,8.4,-7.4,,0
-7.4+8.6,8.6,-7.4,,0
-7.4+8.8,8.8,-7.4,,0
-7.4+9.0,9.0,-7.4,,0
-7.4+9.2,9.2,-7.4,,0
-7.4+9.4,9.4,-7.4,,0
-7.4+9.6,9.6,-7.4,,0
-7.6+-0.2,-0.2,-7.6,,0
-7.6+-0.4,-0.4,-7.6,,0
-7.6+-0.6,-0.6,-7.6,,0
-7.6+-0.8,-0.8,-7.6,,0
-7.6+-1.0,-1.0,-7.6,,0
-7.6+-1.2,-1.2,-7.6,,0
-7.6+-1.4,-1.4,-7.6,,0
-7.6+-1.6,-1.6,-7.6,,0
-7.6+-1.8,-1.8,-7.6,,0
-7.6+-2.0,-2.0,-7.6,,0
-7.6+-2.2,-2.2,-7.6,,0
-7.6+-2.4,-2.4,-7.6,,0
-7.6+-2.6,-2.6,-7.6,,0
-7.6+-2.8,-2.8,-7.6,,0
-7.6+-3.0,-3.0,-7.6,,0
-7.6+-3.2,-3.2,-7.6,,0
-7.6+-3.4,-3.4,-7.6,,0
-7.6+-3.6,-3.6,-7.6,,0
-7.6+-3.8,-3.8,-7.6,,0
-7.6+-4.0,-4.0,-7.6,,0
-7.6+-4.2,-4.2,-7.6,,0
-7.6+-4.4,-4.4,-7.6,,0
-7.6+-4.6,-4.6,-7.6,,0
-7.6+-4.8,-4.8,-7.6,,0
-7.6+-5.0,-5.0,-7.6,,0
-7.6+-5.2,-5.2,-7.6,,0
-7.6+-5.4,-5.4,-7.6,,0
-7.6+-5.6,-5.6,-7.6,,0
-7.6+-5.8,-5.8,-7.6,,0
-7.6+-6.0,-6.0,-7.6,,0
-7.6+-6.2,-6.2,-7.6,,0
-7.6+-6.4,-6.4,-7.6,,0
-7.6+-6.6,-6.6,-7.6,,0
-7.6+-6.8,-6.8,-7.6,,0
-7.6+-7.0,-7.0,-7.6,,0
-7.6+-7.2,-7.2,-7.6,,0
-7.6+-7.4,-7.4,-7.6,,0
-7.6+-7.6,-7.6,-7.6,,0
-7.6+-7.8,-7.8,-7.6,,0
-7.6+-8.0,-8.0,-7.6,,0
-7.6+0.0,0.0,-7.6,,0
-7.6+0.2,0.2,-7.6,,0
-7.6+0.4,0.4,-7.6,,0
-7.6+0.6,0.6,-7.6,,0
-7.6+0.8,0.8,-7.6,,0
-7.6+1.0,1.0,-7.6,,0
-7.6+1.2,1.2,-7.6,,0
-7.6+1.4,1.4,-7.6,,0
-7.6+1.6,1.6,-7.6,,0
-7.6+1.8,1.8,-7.6,,0
-7.6+2.0,2.0,-7.6,,0
-7.6+2.2,2.2,-7.6,,0
-7.6+2.4,2.4,-7.6,,0
-7.6+2.6,2.6,-7.6,,0
-7.6+2.8,2.8,-7.6,,0
-7.6+3.0,3.0,-7.6,,0
-7.6+3.2,3.2,-7.6,,0
-7.6+3.4,3.4,-7.6,,0
-7.6+3.6,3.6,-7.6,,0
-7.6+3.8,3.8,-7.6,,0
-7.6+4.0,4.0,-7.6,,0
-7.6+4.2,4.2,-7.6,,0
-7.6+4.4,4.4,-7.6,,0
-7.6+4.6,4.6,-7.6,,0
-7.6+4.8,4.8,-7.6,,0
-7.6+5.0,5.0,-7.6,,0
-7.6+5.2,5.2,-7.6,,0
-7.6+5.4,5.4,-7.6,,0
-7.6+5.6,5.6,-7.6,,0
-7.6+5.8,5.8,-7.6,,0
-7.6+6.0,6.0,-7.6,,0
-7.6+6.2,6.2,-7.6,,0
-7.6+6.4,6.4,-7.6,,0
-7.6+6.6,6.6,-7.6,,0
-7.6+6.8,6.8,-7.6,,0
-7.6+7.0,7.0,-7.6,,0
-7.6+7.2,7.2,-7.6,,0
-7.6+7.4,7.4,-7.6,,0
-7.6+7.6,7.6,-7.6,,0
-7.6+7.8,7.8,-7.6,,0
-7.6+8.0,8.0,-7.6,,0
-7.6+8.2,8.2,-7.6,,0
-7.6+8.4,8.4,-7.6,,0
-7.6+8.6,8.6,-7.6,,0
-7.6+8.8,8.8,-7.6,,0
-7.6+9.0,9.0,-7.6,,0
-7.6+9.2,9.2,-7.6,,0
-7.6+9.4,9.4,-7.6,,0
-7.6+9.6,9.6,-7.6,,0
-7.8+-0.2,-0.2,-7.8,,0
-7.8+-0.4,-0.4,-7.8,,0
-7.8+-0.6,-0.6,-7.8,,0
-7.8+-0.8,-0.8,-7.8,,0
-7.8+-1.0,-1.0,-7.8,,0
-7.8+-1.2,-1.2,-7.8,,0
-7.8+-1.4,-1.4,-7.8,,0
-7.8+-1.6,-1.6,-7.8,,0
-7.8+-1.8,-1.8,-7.8,,0
-7.8+-2.0,-2.0,-7.8,,0
-7.8+-2.2,-2.2,-7.8,,0
-7.8+-2.4,-2.4,-7.8,,0
-7.8+-2.6,-2.6,-7.8,,0
-7.8+-2.8,-2.8,-7.8,,0
-7.8+-3.0,-3.0,-7.8,,0
-7.8+-3.2,-3.2,-7.8,,0
-7.8+-3.4,-3.4,-7.8,,0
-7.8+-3.6,-3.6,-7.8,,0
-7.8+-3.8,-3.8,-7.8,,0
-7.8+-4.0,-4.0,-7.8,,0
-7.8+-4.2,-4.2,-7.8,,0
-7.8+-4.4,-4.4,-7.8,,0
-7.8+-4.6,-4.6,-7.8,,0
-7.8+-4.8,-4.8,-7.8,,0
-7.8+-5.0,-5.0,-7.8,,0
-7.8+-5.2,-5.2,-7.8,,0
-7.8+-5.4,-5.4,-7.8,,0
-7.8+-5.6,-5.6,-7.8,,0
-7.8+-5.8,-5.8,-7.8,,0
-7.8+-6.0,-6.0,-7.8,,0
-7.8+-6.2,-6.2,-7.8,,0
-7.8+-6.4,-6.4,-7.8,,0
-7.8+-6.6,-6.6,-7.8,,0
-7.8+-6.8,-6.8,-7.8,,0
-7.8+-7.0,-7.0,-7.8,,0
-7.8+-7.2,-7.2,-7.8,,0
-7.8+-7.4,-7.4,-7.8,,0
-7.8+-7.6,-7.6,-7.8,,0
-7.8+-7.8,-7.8,-7.8,,0
-7.8+-8.0,-8.0,-7.8,,0
-7.8+0.0,0.0,-7.8,,0
-7.8+0.2,0.2,-7.8,,0
-7.8+0.4,0.4,-7.8,,0
-7.8+0.6,0.6,-7.8,,0
-7.8+0.8,0.8,-7.8,,0
-7.8+1.0,1.0,-7.8,,0
-7.8+1.2,1.2,-7.8,,0
-7.8+1.4,1.4,-7.8,,0
-7.8+1.6,1.6,-7.8,,0
-7.8+1.8,1.8,-7.8,,0
-7.8+2.0,2.0,-7.8,,0
-7.8+2.2,2.2,-7.8,,0
-7.8+2.4,2.4,-7.8,,0
-7.8+2.6,2.6,-7.8,,0
-7.8+2.8,2.8,-7.8,,0
-7.8+3.0,3.0,-7.8,,0
-7.8+3.2,3.2,-7.8,,0
-7.8+3.4,3.4,-7.8,,0
-7.8+3.6,3.6,-7.8,,0
-7.8+3.8,3.8,-7.8,,0
-7.8+4.0,4.0,-7.8,,0
-7.8+4.2,4.2,-7.8,,0
-7.8+4.4,4.4,-7.8,,0
-7.8+4.6,4.6,-7.8,,0
-7.8+4.8,4.8,-7.8,,0
-7.8+5.0,5.0,-7.8,,0
-7.8+5.2,5.2,-7.8,,0
-7.8+5.4,5.4,-7.8,,0
-7.8+5.6,5.6,-7.8,,0
-7.8+5.8,5.8,-7.8,,0
-7.8+6.0,6.0,-7.8,,0
-7.8+6.2,6.2,-7.8,,0
-7.8+6.4,6.4,-7.8,,0
-7.8+6.6,6.6,-7.8,,0
-7.8+6.8,6.8,-7.8,,0
-7.8+7.0,7.0,-7.8,,0
-7.8+7.2,7.2,-7.8,,0
-7.8+7.4,7.4,-7.8,,0
-7.8+7.6,7.6,-7.8,,0
-7.8+7.8,7.8,-7.8,,0
-7.8+8.0,8.0,-7.8,,0
-7.8+8.2,8.2,-7.8,,0
-7.8+8.4,8.4,-7.8,,0
-7.8+8.6,8.6,-7.8,,0
-7.8+8.8,8.8,-7.8,,0
-7.8+9.0,9.0,-7.8,,0
-7.8+9.2,9.2,-7.8,,0
-7.8+9.4,9.4,-7.8,,0
-7.8+9.6,9.6,-7.8,,0
-8.0+-0.2,-0.2,-8.0,,0
-8.0+-0.4,-0.4,-8.0,,0
-8.0+-0.6,-0.6,-8.0,,0
-8.0+-0.8,-0.8,-8.0,,0
-8.0+-1.0,-1.0,-8.0,,0
-8.0+-1.2,-1.2,-8.0,,0
-8.0+-1.4,-1.4,-8.0,,0
-8.0+-1.6,-1.6,-8.0,,0
-8.0+-1.8,-1.8,-8.0,,0
-8.0+-2.0,-2.0,-8.0,,0
-8.0+-2.2,-2.2,-8.0,,0
-8.0+-2.4,-2.4,-8.0,,0
-8.0+-2.6,-2.6,-8.0,,0
-8.0+-2.8,-2.8,-8.0,,0
-8.0+-3.0,-3.0,-8.0,,0
-8.0+-3.2,-3.2,-8.0,,0
-8.0+-3.4,-3.4,-8.0,,0
-8.0+-3.6,-3.6,-8.0,,0
-8.0+-3.8,-3.8,-8.0,,0
-8.0+-4.0,-4.0,-8.0,,0
-8.0+-4.2,-4.2,-8.0,,0
-8.0+-4.4,-4.4,-8.0,,0
-8.0+-4.6,-4.6,-8.0,,0
-8.0+-4.8,-4.8,-8.0,,0
-8.0+-5.0,-5.0,-8.0,,0
-8.0+-5.2,-5.2,-8.0,,0
-8.0+-5.4,-5.4,-8.0,,0
-8.0+-5.6,-5.6,-8.0,,0
-8.0+-5.8,-5.8,-8.0,,0
-8.0+-6.0,-6.0,-8.0,,0
-8.0+-6.2,-6.2,-8.0,,0
-8.0+-6.4,-6.4,-8.0,,0
-8.0+-6.6,-6.6,-8.0,,0
-8.0+-6.8,-6.8,-8.0,,0
-8.0+-7.0,-7.0,-8.0,,0
-8.0+-7.2,-7.2,-8.0,,0
-8.0+-7.4,-7.4,-8.0,,0
-8.0+-7.6,-7.6,-8.0,,0
-8.0+-7.8,-7.8,-8.0,,0
-8.0+-8.0,-8.0,-8.0,,0
-8.0+0.0,0.0,-8.0,,0
-8.0+0.2,0.2,-8.0,,0
-8.0+0.4,0.4,-8.0,,0
-8.0+0.6,0.6,-8.0,,0
-8.0+0.8,0.8,-8.0,,0
-8.0+1.0,1.0,-8.0,,0
-8.0+1.2,1.2,-8.0,,0
-8.0+1.4,1.4,-8.0,,0
-8.0+1.6,1.6,-8.0,,0
-8.0+1.8,1.8,-8.0,,0
-8.0+2.0,2.0,-8.0,,0
-8.0+2.2,2.2,-8.0,,0
-8.0+2.4,2.4,-8.0,,0
-8.0+2.6,2.6,-8.0,,0
-8.0+2.8,2.8,-8.0,,0
-8.0+3.0,3.0,-8.0,,0
-8.0+3.2,3.2,-8.0,,0
-8.0+3.4,3.4,-8.0,,0
-8.0+3.6,3.6,-8.0,,0
-8.0+3.8,3.8,-8.0,,0
-8.0+4.0,4.0,-8.0,,0
-8.0+4.2,4.2,-8.0,,0
-8.0+4.4,4.4,-8.0,,0
-8.0+4.6,4.6,-8.0,,0
-8.0+4.8,4.8,-8.0,,0
-8.0+5.0,5.0,-8.0,,0
-8.0+5.2,5.2,-8.0,,0
-8.0+5.4,5.4,-8.0,,0
-8.0+5.6,5.6,-8.0,,0
-8.0+5.8,5.8,-8.0,,0
-8.0+6.0,6.0,-8.0,,0
-8.0+6.2,6.2,-8.0,,0
-8.0+6.4,6.4,-8.0,,0
-8.0+6.6,6.6,-8.0,,0
-8.0+6.8,6.8,-8.0,,0
-8.0+7.0,7.0,-8.0,,0
-8.0+7.2,7.2,-8.0,,0
-8.0+7.4,7.4,-8.0,,0
-8.0+7.6,7.6,-8.0,,0
-8.0+7.8,7.8,-8.0,,0
-8.0+8.0,8.0,-8.0,,0
-8.0+8.2,8.2,-8.0,,0
-8.0+8.4,8.4,-8.0,,0
-8.0+8.6,8.6,-8.0,,0
-8.0+8.8,8.8,-8.0,,0
-8.0+9.0,9.0,-8.0,,0
-8.0+9.2,9.2,-8.0,,0
-8.0+9.4,9.4,-8.0,,0
-8.0+9.6,9.6,-8.0,,0
0.0+-0.2,-0.2,0.0,-0.11450653,116
0.0+-0.4,-0.4,0.0,-0.17369188,118
0.0+-0.6,-0.6,0.0,-0.21616319,118
0.0+-0.8,-0.8,0.0,-0.24012762,112
0.0+-1.0,-1.0,0.0,-0.20515114,111
0.0+-1.2,-1.2,0.0,-0.17107739,107
0.0+-1.4,-1.4,0.0,-0.22864011,82
0.0+-1.6,-1.6,0.0,-0.17234674,42
0.0+-1.8,-1.8,0.0,0.025176879,13
0.0+-2.0,-2.0,0.0,0.111605756,1
0.0+-2.2,-2.2,0.0,,0
0.0+-2.4,-2.4,0.0,,0
0.0+-2.6,-2.6,0.0,,0
0.0+-2.8,-2.8,0.0,,0
0.0+-3.0,-3.0,0.0,,0
0.0+-3.2,-3.2,0.0,,0
0.0+-3.4,-3.4,0.0,,0
0.0+-3.6,-3.6,0.0,,0
0.0+-3.8,-3.8,0.0,,0
0.0+-4.0,-4.0,0.0,,0
0.0+-4.2,-4.2,0.0,,0
0.0+-4.4,-4.4,0.0,,0
0.0+-4.6,-4.6,0.0,,0
0.0+-4.8,-4.8,0.0,,0
0.0+-5.0,-5.0,0.0,,0
0.0+-5.2,-5.2,0.0,,0
0.0+-5.4,-5.4,0.0,,0
0.0+-5.6,-5.6,0.0,,0
0.0+-5.8,-5.8,0.0,,0
0.0+-6.0,-6.0,0.0,,0
0.0+-6.2,-6.2,0.0,,0
0.0+-6.4,-6.4,0.0,,0
0.0+-6.6,-6.6,0.0,,0
0.0+-6.8,-6.8,0.0,,0
0.0+-7.0,-7.0,0.0,,0
0.0+-7.2,-7.2,0.0,,0
0.0+-7.4,-7.4,0.0,,0
0.0+-7.6,-7.6,0.0,,0
0.0+-7.8,-7.8,0.0,,0
0.0+-8.0,-8.0,0.0,,0
0.0+0.0,0.0,0.0,-0.05768651,117
0.0+0.2,0.2,0.0,0.015689395,116
0.0+0.4,0.4,0.0,0.097812116,113
0.0+0.6,0.6,0.0,0.18161859,103
0.0+0.8,0.8,0.0,0.2582732,91
0.0+1.0,1.0,0.0,0.3633736,72
0.0+1.2,1.2,0.0,0.36955446,47
0.0+1.4,1.4,0.0,0.34125453,29
0.0+1.6,1.6,0.0,0.47253212,21
0.0+1.8,1.8,0.0,0.43865415,14
0.0+2.0,2.0,0.0,0.3052513,6
0.0+2.2,2.2,0.0,0.3619407,3
0.0+2.4,2.4,0.0,0.011636138,2
0.0+2.6,2.6,0.0,,0
0.0+2.8,2.8,0.0,,0
0.0+3.0,3.0,0.0,,0
0.0+3.2,3.2,0.0,,0
0.0+3.4,3.4,0.0,,0
0.0+3.6,3.6,0.0,,0
0.0+3.8,3.8,0.0,,0
0.0+4.0,4.0,0.0,,0
0.0+4.2,4.2,0.0,,0
0.0+4.4,4.4,0.0,,0
0.0+4.6,4.6,0.0,,0
0.0+4.8,4.8,0.0,,0
0.0+5.0,5.0,0.0,,0
0.0+5.2,5.2,0.0,,0
0.0+5.4,5.4,0.0,,0
0.0+5.6,5.6,0.0,,0
0.0+5.8,5.8,0.0,,0
0.0+6.0,6.0,0.0,,0
0.0+6.2,6.2,0.0,,0
0.0+6.4,6.4,0.0,,0
0.0+6.6,6.6,0.0,,0
0.0+6.8,6.8,0.0,,0
0.0+7.0,7.0,0.0,,0
0.0+7.2,7.2,0.0,,0
0.0+7.4,7.4,0.0,,0
0.0+7.6,7.6,0.0,,0
0.0+7.8,7.8,0.0,,0
0.0+8.0,8.0,0.0,,0
0.0+8.2,8.2,0.0,,0
0.0+8.4,8.4,0.0,,0
0.0+8.6,8.6,0.0,,0
0.0+8.8,8.8,0.0,,0
0.0+9.0,9.0,0.0,,0
0.0+9.2,9.2,0.0,,0
0.0+9.4,9.4,0.0,,0
0.0+9.6,9.6,0.0,,0
0.2+-0.2,-0.2,0.2,-0.1178957,118
0.2+-0.4,-0.4,0.2,-0.17528772,117
0.2+-0.6,-0.6,0.2,-0.20391229,114
0.2+-0.8,-0.8,0.2,-0.22715919,111
0.2+-1.0,-1.0,0.2,-0.21448672,107
0.2+-1.2,-1.2,0.2,-0.15266569,101
0.2+-1.4,-1.4,0.2,-0.17930739,68
0.2+-1.6,-1.6,0.2,-0.15892103,33
0.2+-1.8,-1.8,0.2,0.0025310053,5
0.2+-2.0,-2.0,0.2,0.059566297,1
0.2+-2.2,-2.2,0.2,,0
0.2+-2.4,-2.4,0.2,,0
0.2+-2.6,-2.6,0.2,,0
0.2+-2.8,-2.8,0.2,,0
0.2+-3.0,-3.0,0.2,,0
0.2+-3.2,-3.2,0.2,,0
0.2+-3.4,-3.4,0.2,,0
0.2+-3.6,-3.6,0.2,,0
0.2+-3.8,-3.8,0.2,,0
0.2+-4.0,-4.0,0.2,,0
0.2+-4.2,-4.2,0.2,,0
0.2+-4.4,-4.4,0.2,,0
0.2+-4.6,-4.6,0.2,,0
0.2+-4.8,-4.8,0.2,,0
0.2+-5.0,-5.0,0.2,,0
0.2+-5.2,-5.2,0.2,,0
0.2+-5.4,-5.4,0.2,,0
0.2+-5.6,-5.6,0.2,,0
0.2+-5.8,-5.8,0.2,,0
0.2+-6.0,-6.0,0.2,,0
0.2+-6.2,-6.2,0.2,,0
0.2+-6.4,-6.4,0.2,,0
0.2+-6.6,-6.6,0.2,,0
0.2+-6.8,-6.8,0.2,,0
0.2+-7.0,-7.0,0.2,,0
0.2+-7.2,-7.2,0.2,,0
0.2+-7.4,-7.4,0.2,,0
0.2+-7.6,-7.6,0.2,,0
0.2+-7.8,-7.8,0.2,,0
0.2+-8.0,-8.0,0.2,,0
0.2+0.0,0.0,0.2,-0.06906688,118
0.2+0.2,0.2,0.2,0.00731466,117
0.2+0.4,0.4,0.2,0.07736389,118
0.2+0.6,0.6,0.2,0.15884788,115
0.2+0.8,0.8,0.2,0.24032342,106
0.2+1.0,1.0,0.2,0.31592956,98
0.2+1.2,1.2,0.2,0.36861977,78
0.2+1.4,1.4,0.2,0.46060008,53
0.2+1.6,1.6,0.2,0.52957886,32
0.2+1.8,1.8,0.2,0.57243687,21
0.2+2.0,2.0,0.2,0.44897652,14
0.2+2.2,2.2,0.2,0.44372037,7
0.2+2.4,2.4,0.2,0.4972124,5
0.2+2.6,2.6,0.2,0.2899146,2
0.2+2.8,2.8,0.2,0.019173183,1
0.2+3.0,3.0,0.2,,0
0.2+3.2,3.2,0.2,,0
0.2+3.4,3.4,0.2,,0
0.2+3.6,3.6,0.2,,0
0.2+3.8,3.8,0.2,,0
0.2+4.0,4.0,0.2,,0
0.2+4.2,4.2,0.2,,0
0.2+4.4,4.4,0.2,,0
0.2+4.6,4.6,0.2,,0
0.2+4.8,4.8,0.2,,0
0.2+5.0,5.0,0.2,,0
0.2+5.2,5.2,0.2,,0
0.2+5.4,5.4,0.2,,0
0.2+5.6,5.6,0.2,,0
0.2+5.8,5.8,0.2,,0
0.2+6.0,6.0,0.2,,0
0.2+6.2,6.2,0.2,,0
0.2+6.4,6.4,0.2,,0
0.2+6.6,6.6,0.2,,0
0.2+6.8,6.8,0.2,,0
0.2+7.0,7.0,0.2,,0
0.2+7.2,7.2,0.2,,0
0.2+7.4,7.4,0.2,,0
0.2+7.6,7.6,0.2,,0
0.2+7.8,7.8,0.2,,0
0.2+8.0,8.0,0.2,,0
0.2+8.2,8.2,0.2,,0
0.2+8.4,8.4,0.2,,0
0.2+8.6,8.6,0.2,,0
0.2+8.8,8.8,0.2,,0
0.2+9.0,9.0,0.2,,0
0.2+9.2,9.2,0.2,,0
0.2+9.4,9.4,0.2,,0
0.2+9.6,9.6,0.2,,0
0.4+-0.2,-0.2,0.4,-0.13165018,118
0.4+-0.4,-0.4,0.4,-0.16995654,113
0.4+-0.6,-0.6,0.4,-0.19606835,112
0.4+-0.8,-0.8,0.4,-0.22075541,110
0.4+-1.0,-1.0,0.4,-0.19540484,98
0.4+-1.2,-1.2,0.4,-0.12865177,81
0.4+-1.4,-1.4,0.4,-0.14671934,45
0.4+-1.6,-1.6,0.4,-0.104120225,16
0.4+-1.8,-1.8,0.4,-0.13196422,3
0.4+-2.0,-2.0,0.4,,0
0.4+-2.2,-2.2,0.4,,0
0.4+-2.4,-2.4,0.4,,0
0.4+-2.6,-2.6,0.4,,0
0.4+-2.8,-2.8,0.4,,0
0.4+-3.0,-3.0,0.4,,0
0.4+-3.2,-3.2,0.4,,0
0.4+-3.4,-3.4,0.4,,0
0.4+-3.6,-3.6,0.4,,0
0.4+-3.8,-3.8,0.4,,0
0.4+-4.0,-4.0,0.4,,0
0.4+-4.2,-4.2,0.4,,0
0.4+-4.4,-4.4,0.4,,0
0.4+-4.6,-4.6,0.4,,0
0.4+-4.8,-4.8,0.4,,0
0.4+-5.0,-5.0,0.4,,0
0.4+-5.2,-5.2,0.4,,0
0.4+-5.4,-5.4,0.4,,0
0.4+-5.6,-5.6,0.4,,0
0.4+-5.8,-5.8,0.4,,0
0.4+-6.0,-6.0,0.4,,0
0.4+-6.2,-6.2,0.4,,0
0.4+-6.4,-6.4,0.4,,0
0.4+-6.6,-6.6,0.4,,0
0.4+-6.8,-6.8,0.4,,0
0.4+-7.0,-7.0,0.4,,0
0.4+-7.2,-7.2,0.4,,0
0.4+-7.4,-7.4,0.4,,0
0.4+-7.6,-7.6,0.4,,0
0.4+-7.8,-7.8,0.4,,0
0.4+-8.0,-8.0,0.4,,0
0.4+0.0,0.0,0.4,-0.07460665,119
0.4+0.2,0.2,0.4,-0.004814974,119
0.4+0.4,0.4,0.4,0.070782,119
0.4+0.6,0.6,0.4,0.15716106,117
0.4+0.8,0.8,0.4,0.22254892,115
0.4+1.0,1.0,0.4,0.3031925,110
0.4+1.2,1.2,0.4,0.37526715,96
0.4+1.4,1.4,0.4,0.4589417,77
0.4+1.6,1.6,0.4,0.50722516,54
0.4+1.8,1.8,0.4,0.5499491,35
0.4+2.0,2.0,0.4,0.62421685,20
0.4+2.2,2.2,0.4,0.5231797,13
0.4+2.4,2.4,0.4,0.56271505,9
0.4+2.6,2.6,0.4,0.36898845,5
0.4+2.8,2.8,0.4,0.3280099,2
0.4+3.0,3.0,0.4,0.39901474,1
0.4+3.2,3.2,0.4,0.3471817,2
0.4+3.4,3.4,0.4,-0.44131044,1
0.4+3.6,3.6,0.4,,0
0.4+3.8,3.8,0.4,,0
0.4+4.0,4.0,0.4,,0
0.4+4.2,4.2,0.4,,0
0.4+4.4,4.4,0.4,,0
0.4+4.6,4.6,0.4,,0
0.4+4.8,4.8,0.4,,0
0.4+5.0,5.0,0.4,,0
0.4+5.2,5.2,0.4,,0
0.4+5.4,5.4,0.4,,0
0.4+5.6,5.6,0.4,,0
0.4+5.8,5.8,0.4,,0
0.4+6.0,6.0,0.4,,0
0.4+6.2,6.2,0.4,,0
0.4+6.4,6.4,0.4,,0
0.4+6.6,6.6,0.4,,0
0.4+6.8,6.8,0.4,,0
0.4+7.0,7.0,0.4,,0
0.4+7.2,7.2,0.4,,0
0.4+7.4,7.4,0.4,,0
0.4+7.6,7.6,0.4,,0
0.4+7.8,7.8,0.4,,0
0.4+8.0,8.0,0.4,,0
0.4+8.2,8.2,0.4,,0
0.4+8.4,8.4,0.4,,0
0.4+8.6,8.6,0.4,,0
0.4+8.8,8.8,0.4,,0
0.4+9.0,9.0,0.4,,0
0.4+9.2,9.2,0.4,,0
0.4+9.4,9.4,0.4,,0
0.4+9.6,9.6,0.4,,0
0.6+-0.2,-0.2,0.6,-0.12740794,112
0.6+-0.4,-0.4,0.6,-0.15953086,115
0.6+-0.6,-0.6,0.6,-0.19861478,105
0.6+-0.8,-0.8,0.6,-0.18014045,94
0.6+-1.0,-1.0,0.6,-0.192983,75
0.6+-1.2,-1.2,0.6,-0.21941209,51
0.6+-1.4,-1.4,0.6,-0.10151925,26
0.6+-1.6,-1.6,0.6,-0.18079096,11
0.6+-1.8,-1.8,0.6,-0.012245139,3
0.6+-2.0,-2.0,0.6,,0
0.6+-2.2,-2.2,0.6,,0
0.6+-2.4,-2.4,0.6,,0
0.6+-2.6,-2.6,0.6,,0
0.6+-2.8,-2.8,0.6,,0
0.6+-3.0,-3.0,0.6,,0
0.6+-3.2,-3.2,0.6,,0
0.6+-3.4,-3.4,0.6,,0
0.6+-3.6,-3.6,0.6,,0
0.6+-3.8,-3.8,0.6,,0
0.6+-4.0,-4.0,0.6,,0
0.6+-4.2,-4.2,0.6,,0
0.6+-4.4,-4.4,0.6,,0
0.6+-4.6,-4.6,0.6,,0
0.6+-4.8,-4.8,0.6,,0
0.6+-5.0,-5.0,0.6,,0
0.6+-5.2,-5.2,0.6,,0
0.6+-5.4,-5.4,0.6,,0
0.6+-5.6,-5.6,0.6,,0
0.6+-5.8,-5.8,0.6,,0
0.6+-6.0,-6.0,0.6,,0
0.6+-6.2,-6.2,0.6,,0
0.6+-6.4,-6.4,0.6,,0
0.6+-6.6,-6.6,0.6,,0
0.6+-6.8,-6.8,0.6,,0
0.6+-7.0,-7.0,0.6,,0
0.6+-7.2,-7.2,0.6,,0
0.6+-7.4,-7.4,0.6,,0
0.6+-7.6,-7.6,0.6,,0
0.6+-7.8,-7.8,0.6,,0
0.6+-8.0,-8.0,0.6,,0
0.6+0.0,0.0,0.6,-0.07336009,118
0.6+0.2,0.2,0.6,-0.015535794,117
0.6+0.4,0.4,0.6,0.060296327,118
0.6+0.6,0.6,0.6,0.13379003,118
0.6+0.8,0.8,0.6,0.21135835,116
0.6+1.0,1.0,0.6,0.2808253,117
0.6+1.2,1.2,0.6,0.35524076,111
0.6+1.4,1.4,0.6,0.4191894,94
0.6+1.6,1.6,0.6,0.5000646,82
0.6+1.8,1.8,0.6,0.52624786,55
0.6+2.0,2.0,0.6,0.6370715,34
0.6+2.2,2.2,0.6,0.6826954,26
0.6+2.4,2.4,0.6,0.68035173,15
0.6+2.6,2.6,0.6,0.6875708,10
0.6+2.8,2.8,0.6,0.7514717,5
0.6+3.0,3.0,0.6,0.44663662,2
0.6+3.2,3.2,0.6,0.3220235,1
0.6+3.4,3.4,0.6,0.16087094,1
0.6+3.6,3.6,0.6,0.19023027,1
0.6+3.8,3.8,0.6,,0
0.6+4.0,4.0,0.6,,0
0.6+4.2,4.2,0.6,,0
0.6+4.4,4.4,0.6,,0
0.6+4.6,4.6,0.6,,0
0.6+4.8,4.8,0.6,,0
0.6+5.0,5.0,0.6,,0
0.6+5.2,5.2,0.6,,0
0.6+5.4,5.4,0.6,,0
0.6+5.6,5.6,0.6,,0
0.6+5.8,5.8,0.6,,0
0.6+6.0,6.0,0.6,,0
0.6+6.2,6.2,0.6,,0
0.6+6.4,6.4,0.6,,0
0.6+6.6,6.6,0.6,,0
0.6+6.8,6.8,0.6,,0
0.6+7.0,7.0,0.6,,0
0.6+7.2,7.2,0.6,,0
0.6+7.4,7.4,0.6,,0
0.6+7.6,7.6,0.6,,0
0.6+7.8,7.8,0.6,,0
0.6+8.0,8.0,0.6,,0
0.6+8.2,8.2,0.6,,0
0.6+8.4,8.4,0.6,,0
0.6+8.6,8.6,0.6,,0
0.6+8.8,8.8,0.6,,0
0.6+9.0,9.0,0.6,,0
0.6+9.2,9.2,0.6,,0
0.6+9.4,9.4,0.6,,0
0.6+9.6,9.6,0.6,,0
0.8+-0.2,-0.2,0.8,-0.1222087,111
0.8+-0.4,-0.4,0.8,-0.1455313,98
0.8+-0.6,-0.6,0.8,-0.1708819,90
0.8+-0.8,-0.8,0.8,-0.17551091,68
0.8+-1.0,-1.0,0.8,-0.12623675,49
0.8+-1.2,-1.2,0.8,-0.15328215,29
0.8+-1.4,-1.4,0.8,-0.089637235,13
0.8+-1.6,-1.6,0.8,0.0367357,6
0.8+-1.8,-1.8,0.8,-0.13454735,1
0.8+-2.0,-2.0,0.8,,0
0.8+-2.2,-2.2,0.8,,0
0.8+-2.4,-2.4,0.8,,0
0.8+-2.6,-2.6,0.8,,0
0.8+-2.8,-2.8,0.8,,0
0.8+-3.0,-3.0,0.8,,0
0.8+-3.2,-3.2,0.8,,0
0.8+-3.4,-3.4,0.8,,0
0.8+-3.6,-3.6,0.8,,0
0.8+-3.8,-3.8,0.8,,0
0.8+-4.0,-4.0,0.8,,0
0.8+-4.2,-4.2,0.8,,0
0.8+-4.4,-4.4,0.8,,0
0.8+-4.6,-4.6,0.8,,0
0.8+-4.8,-4.8,0.8,,0
0.8+-5.0,-5.0,0.8,,0
0.8+-5.2,-5.2,0.8,,0
0.8+-5.4,-5.4,0.8,,0
0.8+-5.6,-5.6,0.8,,0
0.8+-5.8,-5.8,0.8,,0
0.8+-6.0,-6.0,0.8,,0
0.8+-6.2,-6.2,0.8,,0
0.8+-6.4,-6.4,0.8,,0
0.8+-6.6,-6.6,0.8,,0
0.8+-6.8,-6.8,0.8,,0
0.8+-7.0,-7.0,0.8,,0
0.8+-7.2,-7.2,0.8,,0
0.8+-7.4,-7.4,0.8,,0
0.8+-7.6,-7.6,0.8,,0
0.8+-7.8,-7.8,0.8,,0
0.8+-8.0,-8.0,0.8,,0
0.8+0.0,0.0,0.8,-0.07670784,115
0.8+0.2,0.2,0.8,-0.020554395,118
0.8+0.4,0.4,0.8,0.049577564,118
0.8+0.6,0.6,0.8,0.11980578,117
0.8+0.8,0.8,0.8,0.17960276,119
0.8+1.0,1.0,0.8,0.25739098,117
0.8+1.2,1.2,0.8,0.32937133,116
0.8+1.4,1.4,0.8,0.3909971,109
0.8+1.6,1.6,0.8,0.4874158,99
0.8+1.8,1.8,0.8,0.49459055,81
0.8+2.0,2.0,0.8,0.63397384,55
0.8+2.2,2.2,0.8,0.7315675,40
0.8+2.4,2.4,0.8,0.66594887,24
0.8+2.6,2.6,0.8,0.8280802,15
0.8+2.8,2.8,0.8,0.7832708,8
0.8+3.0,3.0,0.8,0.533887,8
0.8+3.2,3.2,0.8,0.47855267,4
0.8+3.4,3.4,0.8,0.41048235,2
0.8+3.6,3.6,0.8,0.32393944,1
0.8+3.8,3.8,0.8,0.29233125,1
0.8+4.0,4.0,0.8,0.46736908,1
0.8+4.2,4.2,0.8,,0
0.8+4.4,4.4,0.8,,0
0.8+4.6,4.6,0.8,,0
0.8+4.8,4.8,0.8,,0
0.8+5.0,5.0,0.8,,0
0.8+5.2,5.2,0.8,,0
0.8+5.4,5.4,0.8,,0
0.8+5.6,5.6,0.8,,0
0.8+5.8,5.8,0.8,,0
0.8+6.0,6.0,0.8,,0
0.8+6.2,6.2,0.8,,0
0.8+6.4,6.4,0.8,,0
0.8+6.6,6.6,0.8,,0
0.8+6.8,6.8,0.8,,0
0.8+7.0,7.0,0.8,,0
0.8+7.2,7.2,0.8,,0
0.8+7.4,7.4,0.8,,0
0.8+7.6,7.6,0.8,,0
0.8+7.8,7.8,0.8,,0
0.8+8.0,8.0,0.8,,0
0.8+8.2,8.2,0.8,,0
0.8+8.4,8.4,0.8,,0
0.8+8.6,8.6,0.8,,0
0.8+8.8,8.8,0.8,,0
0.8+9.0,9.0,0.8,,0
0.8+9.2,9.2,0.8,,0
0.8+9.4,9.4,0.8,,0
0.8+9.6,9.6,0.8,,0
1.0+-0.2,-0.2,1.0,-0.11491862,88
1.0+-0.4,-0.4,1.0,-0.13835847,76
1.0+-0.6,-0.6,1.0,-0.14003536,56
1.0+-0.8,-0.8,1.0,-0.1398208,43
1.0+-1.0,-1.0,1.0,-0.15005246,28
1.0+-1.2,-1.2,1.0,-0.1278384,15
1.0+-1.4,-1.4,1.0,-0.10492842,10
1.0+-1.6,-1.6,1.0,0.0418427,3
1.0+-1.8,-1.8,1.0,,0
1.0+-2.0,-2.0,1.0,,0
1.0+-2.2,-2.2,1.0,,0
1.0+-2.4,-2.4,1.0,,0
1.0+-2.6,-2.6,1.0,,0
1.0+-2.8,-2.8,1.0,,0
1.0+-3.0,-3.0,1.0,,0
1.0+-3.2,-3.2,1.0,,0
1.0+-3.4,-3.4,1.0,,0
1.0+-3.6,-3.6,1.0,,0
1.0+-3.8,-3.8,1.0,,0
1.0+-4.0,-4.0,1.0,,0
1.0+-4.2,-4.2,1.0,,0
1.0+-4.4,-4.4,1.0,,0
1.0+-4.6,-4.6,1.0,,0
1.0+-4.8,-4.8,1.0,,0
1.0+-5.0,-5.0,1.0,,0
1.0+-5.2,-5.2,1.0,,0
1.0+-5.4,-5.4,1.0,,0
1.0+-5.6,-5.6,1.0,,0
1.0+-5.8,-5.8,1.0,,0
1.0+-6.0,-6.0,1.0,,0
1.0+-6.2,-6.2,1.0,,0
1.0+-6.4,-6.4,1.0,,0
1.0+-6.6,-6.6,1.0,,0
1.0+-6.8,-6.8,1.0,,0
1.0+-7.0,-7.0,1.0,,0
1.0+-7.2,-7.2,1.0,,0
1.0+-7.4,-7.4,1.0,,0
1.0+-7.6,-7.6,1.0,,0
1.0+-7.8,-7.8,1.0,,0
1.0+-8.0,-8.0,1.0,,0
1.0+0.0,0.0,1.0,-0.08252877,103
1.0+0.2,0.2,1.0,-0.018710263,113
1.0+0.4,0.4,1.0,0.035786085,116
1.0+0.6,0.6,1.0,0.107492164,116
1.0+0.8,0.8,1.0,0.15597692,118
1.0+1.0,1.0,1.0,0.23656195,119
1.0+1.2,1.2,1.0,0.30898118,118
1.0+1.4,1.4,1.0,0.36712408,117
1.0+1.6,1.6,1.0,0.45374817,109
1.0+1.8,1.8,1.0,0.51420933,101
1.0+2.0,2.0,1.0,0.5526204,84
1.0+2.2,2.2,1.0,0.6628715,60
1.0+2.4,2.4,1.0,0.6892452,37
1.0+2.6,2.6,1.0,0.84524727,31
1.0+2.8,2.8,1.0,0.8746537,21
1.0+3.0,3.0,1.0,0.81410867,13
1.0+3.2,3.2,1.0,0.5464082,6
1.0+3.4,3.4,1.0,0.43701017,5
1.0+3.6,3.6,1.0,0.09473819,5
1.0+3.8,3.8,1.0,0.21020593,1
1.0+4.0,4.0,1.0,0.56706214,1
1.0+4.2,4.2,1.0,0.7170688,1
1.0+4.4,4.4,1.0,,0
1.0+4.6,4.6,1.0,,0
1.0+4.8,4.8,1.0,,0
1.0+5.0,5.0,1.0,,0
1.0+5.2,5.2,1.0,,0
1.0+5.4,5.4,1.0,,0
1.0+5.6,5.6,1.0,,0
1.0+5.8,5.8,1.0,,0
1.0+6.0,6.0,1.0,,0
1.0+6.2,6.2,1.0,,0
1.0+6.4,6.4,1.0,,0
1.0+6.6,6.6,1.0,,0
1.0+6.8,6.8,1.0,,0
1.0+7.0,7.0,1.0,,0
1.0+7.2,7.2,1.0,,0
1.0+7.4,7.4,1.0,,0
1.0+7.6,7.6,1.0,,0
1.0+7.8,7.8,1.0,,0
1.0+8.0,8.0,1.0,,0
1.0+8.2,8.2,1.0,,0
1.0+8.4,8.4,1.0,,0
1.0+8.6,8.6,1.0,,0
1.0+8.8,8.8,1.0,,0
1.0+9.0,9.0,1.0,,0
1.0+9.2,9.2,1.0,,0
1.0+9.4,9.4,1.0,,0
1.0+9.6,9.6,1.0,,0
1.2+-0.2,-0.2,1.2,-0.117559284,60
1.2+-0.4,-0.4,1.2,-0.12209366,42
1.2+-0.6,-0.6,1.2,-0.17911924,35
1.2+-0.8,-0.8,1.2,-0.108750165,23
1.2+-1.0,-1.0,1.2,-0.15355085,12
1.2+-1.2,-1.2,1.2,0.036531355,5
1.2+-1.4,-1.4,1.2,-0.24797015,3
1.2+-1.6,-1.6,1.2,,0
1.2+-1.8,-1.8,1.2,,0
1.2+-2.0,-2.0,1.2,,0
1.2+-2.2,-2.2,1.2,,0
1.2+-2.4,-2.4,1.2,,0
1.2+-2.6,-2.6,1.2,,0
1.2+-2.8,-2.8,1.2,,0
1.2+-3.0,-3.0,1.2,,0
1.2+-3.2,-3.2,1.2,,0
1.2+-3.4,-3.4,1.2,,0
1.2+-3.6,-3.6,1.2,,0
1.2+-3.8,-3.8,1.2,,0
1.2+-4.0,-4.0,1.2,,0
1.2+-4.2,-4.2,1.2,,0
1.2+-4.4,-4.4,1.2,,0
1.2+-4.6,-4.6,1.2,,0
1.2+-4.8,-4.8,1.2,,0
1.2+-5.0,-5.0,1.2,,0
1.2+-5.2,-5.2,1.2,,0
1.2+-5.4,-5.4,1.2,,0
1.2+-5.6,-5.6,1.2,,0
1.2+-5.8,-5.8,1.2,,0
1.2+-6.0,-6.0,1.2,,0
1.2+-6.2,-6.2,1.2,,0
1.2+-6.4,-6.4,1.2,,0
1.2+-6.6,-6.6,1.2,,0
1.2+-6.8,-6.8,1.2,,0
1.2+-7.0,-7.0,1.2,,0
1.2+-7.2,-7.2,1.2,,0
1.2+-7.4,-7.4,1.2,,0
1.2+-7.6,-7.6,1.2,,0
1.2+-7.8,-7.8,1.2,,0
1.2+-8.0,-8.0,1.2,,0
1.2+0.0,0.0,1.2,-0.065035254,72
1.2+0.2,0.2,1.2,-0.031402543,88
1.2+0.4,0.4,1.2,0.02700791,103
1.2+0.6,0.6,1.2,0.10682415,113
1.2+0.8,0.8,1.2,0.17782228,113
1.2+1.0,1.0,1.2,0.23507719,117
1.2+1.2,1.2,1.2,0.29070953,115
1.2+1.4,1.4,1.2,0.3519323,115
1.2+1.6,1.6,1.2,0.4048633,116
1.2+1.8,1.8,1.2,0.5060405,108
1.2+2.0,2.0,1.2,0.5423749,103
1.2+2.2,2.2,1.2,0.61505705,86
1.2+2.4,2.4,1.2,0.6690793,64
1.2+2.6,2.6,1.2,0.77344155,42
1.2+2.8,2.8,1.2,0.8015436,28
1.2+3.0,3.0,1.2,0.73884976,22
1.2+3.2,3.2,1.2,0.70077026,12
1.2+3.4,3.4,1.2,0.76364124,8
1.2+3.6,3.6,1.2,0.69287306,6
1.2+3.8,3.8,1.2,0.78212833,4
1.2+4.0,4.0,1.2,0.7959786,2
1.2+4.2,4.2,1.2,0.31843483,1
1.2+4.4,4.4,1.2,0.38073847,1
1.2+4.6,4.6,1.2,0.49263337,1
1.2+4.8,4.8,1.2,0.43322143,1
1.2+5.0,5.0,1.2,,0
1.2+5.2,5.2,1.2,,0
1.2+5.4,5.4,1.2,,0
1.2+5.6,5.6,1.2,,0
1.2+5.8,5.8,1.2,,0
1.2+6.0,6.0,1.2,,0
1.2+6.2,6.2,1.2,,0
1.2+6.4,6.4,1.2,,0
1.2+6.6,6.6,1.2,,0
1.2+6.8,6.8,1.2,,0
1.2+7.0,7.0,1.2,,0
1.2+7.2,7.2,1.2,,0
1.2+7.4,7.4,1.2,,0
1.2+7.6,7.6,1.2,,0
1.2+7.8,7.8,1.2,,0
1.2+8.0,8.0,1.2,,0
1.2+8.2,8.2,1.2,,0
1.2+8.4,8.4,1.2,,0
1.2+8.6,8.6,1.2,,0
1.2+8.8,8.8,1.2,,0
1.2+9.0,9.0,1.2,,0
1.2+9.2,9.2,1.2,,0
1.2+9.4,9.4,1.2,,0
1.2+9.6,9.6,1.2,,0
1.4+-0.2,-0.2,1.4,-0.109100044,32
1.4+-0.4,-0.4,1.4,-0.088695236,25
1.4+-0.6,-0.6,1.4,-0.021312075,18
1.4+-0.8,-0.8,1.4,-0.109786876,11
1.4+-1.0,-1.0,1.4,0.03621053,5
1.4+-1.2,-1.2,1.4,-0.149923,4
1.4+-1.4,-1.4,1.4,,0
1.4+-1.6,-1.6,1.4,,0
1.4+-1.8,-1.8,1.4,,0
1.4+-2.0,-2.0,1.4,,0
1.4+-2.2,-2.2,1.4,,0
1.4+-2.4,-2.4,1.4,,0
1.4+-2.6,-2.6,1.4,,0
1.4+-2.8,-2.8,1.4,,0
1.4+-3.0,-3.0,1.4,,0
1.4+-3.2,-3.2,1.4,,0
1.4+-3.4,-3.4,1.4,,0
1.4+-3.6,-3.6,1.4,,0
1.4+-3.8,-3.8,1.4,,0
1.4+-4.0,-4.0,1.4,,0
1.4+-4.2,-4.2,1.4,,0
1.4+-4.4,-4.4,1.4,,0
1.4+-4.6,-4.6,1.4,,0
1.4+-4.8,-4.8,1.4,,0
1.4+-5.0,-5.0,1.4,,0
1.4+-5.2,-5.2,1.4,,0
1.4+-5.4,-5.4,1.4,,0
1.4+-5.6,-5.6,1.4,,0
1.4+-5.8,-5.8,1.4,,0
1.4+-6.0,-6.0,1.4,,0
1.4+-6.2,-6.2,1.4,,0
1.4+-6.4,-6.4,1.4,,0
1.4+-6.6,-6.6,1.4,,0
1.4+-6.8,-6.8,1.4,,0
1.4+-7.0,-7.0,1.4,,0
1.4+-7.2,-7.2,1.4,,0
1.4+-7.4,-7.4,1.4,,0
1.4+-7.6,-7.6,1.4,,0
1.4+-7.8,-7.8,1.4,,0
1.4+-8.0,-8.0,1.4,,0
1.4+0.0,0.0,1.4,-0.090400726,41
1.4+0.2,0.2,1.4,-0.03876113,58
1.4+0.4,0.4,1.4,0.016993253,78
1.4+0.6,0.6,1.4,0.09451107,88
1.4+0.8,0.8,1.4,0.16164081,99
1.4+1.0,1.0,1.4,0.22679368,106
1.4+1.2,1.2,1.4,0.2754012,109
1.4+1.4,1.4,1.4,0.33461308,114
1.4+1.6,1.6,1.4,0.40811044,113
1.4+1.8,1.8,1.4,0.47116035,112
1.4+2.0,2.0,1.4,0.49668965,113
1.4+2.2,2.2,1.4,0.55584383,105
1.4+2.4,2.4,1.4,0.66117084,89
1.4+2.6,2.6,1.4,0.7038964,65
1.4+2.8,2.8,1.4,0.7880695,52
1.4+3.0,3.0,1.4,0.76225185,32
1.4+3.2,3.2,1.4,0.77557254,19
1.4+3.4,3.4,1.4,0.7918614,13
1.4+3.6,3.6,1.4,0.7826568,8
1.4+3.8,3.8,1.4,0.71724415,7
1.4+4.0,4.0,1.4,0.23355961,1
1.4+4.2,4.2,1.4,0.40775877,4
1.4+4.4,4.4,1.4,0.47768813,3
1.4+4.6,4.6,1.4,0.59344494,2
1.4+4.8,4.8,1.4,0.499884,1
1.4+5.0,5.0,1.4,0.24715862,1
1.4+5.2,5.2,1.4,,0
1.4+5.4,5.4,1.4,,0
1.4+5.6,5.6,1.4,0.41956058,1
1.4+5.8,5.8,1.4,0.48699698,1
1.4+6.0,6.0,1.4,,0
1.4+6.2,6.2,1.4,,0
1.4+6.4,6.4,1.4,,0
1.4+6.6,6.6,1.4,,0
1.4+6.8,6.8,1.4,,0
1.4+7.0,7.0,1.4,,0
1.4+7.2,7.2,1.4,,0
1.4+7.4,7.4,1.4,,0
1.4+7.6,7.6,1.4,,0
1.4+7.8,7.8,1.4,,0
1.4+8.0,8.0,1.4,,0
1.4+8.2,8.2,1.4,,0
1.4+8.4,8.4,1.4,,0
1.4+8.6,8.6,1.4,,0
1.4+8.8,8.8,1.4,,0
1.4+9.0,9.0,1.4,,0
1.4+9.2,9.2,1.4,,0
1.4+9.4,9.4,1.4,,0
1.4+9.6,9.6,1.4,,0
1.6+-0.2,-0.2,1.6,-0.114821754,11
1.6+-0.4,-0.4,1.6,-0.03779172,10
1.6+-0.6,-0.6,1.6,-0.00944075,9
1.6+-0.8,-0.8,1.6,-0.047559313,7
1.6+-1.0,-1.0,1.6,0.2565955,3
1.6+-1.2,-1.2,1.6,-0.15487286,2
1.6+-1.4,-1.4,1.6,,0
1.6+-1.6,-1.6,1.6,,0
1.6+-1.8,-1.8,1.6,,0
1.6+-2.0,-2.0,1.6,,0
1.6+-2.2,-2.2,1.6,,0
1.6+-2.4,-2.4,1.6,,0
1.6+-2.6,-2.6,1.6,,0
1.6+-2.8,-2.8,1.6,,0
1.6+-3.0,-3.0,1.6,,0
1.6+-3.2,-3.2,1.6,,0
1.6+-3.4,-3.4,1.6,,0
1.6+-3.6,-3.6,1.6,,0
1.6+-3.8,-3.8,1.6,,0
1.6+-4.0,-4.0,1.6,,0
1.6+-4.2,-4.2,1.6,,0
1.6+-4.4,-4.4,1.6,,0
1.6+-4.6,-4.6,1.6,,0
1.6+-4.8,-4.8,1.6,,0
1.6+-5.0,-5.0,1.6,,0
1.6+-5.2,-5.2,1.6,,0
1.6+-5.4,-5.4,1.6,,0
1.6+-5.6,-5.6,1.6,,0
1.6+-5.8,-5.8,1.6,,0
1.6+-6.0,-6.0,1.6,,0
1.6+-6.2,-6.2,1.6,,0
1.6+-6.4,-6.4,1.6,,0
1.6+-6.6,-6.6,1.6,,0
1.6+-6.8,-6.8,1.6,,0
1.6+-7.0,-7.0,1.6,,0
1.6+-7.2,-7.2,1.6,,0
1.6+-7.4,-7.4,1.6,,0
1.6+-7.6,-7.6,1.6,,0
1.6+-7.8,-7.8,1.6,,0
1.6+-8.0,-8.0,1.6,,0
1.6+0.0,0.0,1.6,-0.104512244,21
1.6+0.2,0.2,1.6,-0.023246937,30
1.6+0.4,0.4,1.6,0.035991505,44
1.6+0.6,0.6,1.6,0.11706352,56
1.6+0.8,0.8,1.6,0.12636659,69
1.6+1.0,1.0,1.6,0.253082,77
1.6+1.2,1.2,1.6,0.27548444,89
1.6+1.4,1.4,1.6,0.34800816,94
1.6+1.6,1.6,1.6,0.399475,99
1.6+1.8,1.8,1.6,0.4633937,99
1.6+2.0,2.0,1.6,0.5046035,103
1.6+2.2,2.2,1.6,0.5559419,100
1.6+2.4,2.4,1.6,0.6336038,98
1.6+2.6,2.6,1.6,0.7186912,90
1.6+2.8,2.8,1.6,0.7239076,77
1.6+3.0,3.0,1.6,0.79925394,56
1.6+3.2,3.2,1.6,0.7307227,41
1.6+3.4,3.4,1.6,0.7025894,27
1.6+3.6,3.6,1.6,0.82849926,15
1.6+3.8,3.8,1.6,0.7202218,9
1.6+4.0,4.0,1.6,0.7281507,6
1.6+4.2,4.2,1.6,0.60211277,4
1.6+4.4,4.4,1.6,0.57878536,3
1.6+4.6,4.6,1.6,0.4576799,3
1.6+4.8,4.8,1.6,0.3337701,1
1.6+5.0,5.0,1.6,0.37243396,1
1.6+5.2,5.2,1.6,,0
1.6+5.4,5.4,1.6,0.39220276,1
1.6+5.6,5.6,1.6,,0
1.6+5.8,5.8,1.6,,0
1.6+6.0,6.0,1.6,,0
1.6+6.2,6.2,1.6,,0
1.6+6.4,6.4,1.6,,0
1.6+6.6,6.6,1.6,,0
1.6+6.8,6.8,1.6,,0
1.6+7.0,7.0,1.6,,0
1.6+7.2,7.2,1.6,,0
1.6+7.4,7.4,1.6,,0
1.6+7.6,7.6,1.6,,0
1.6+7.8,7.8,1.6,,0
1.6+8.0,8.0,1.6,,0
1.6+8.2,8.2,1.6,,0
1.6+8.4,8.4,1.6,,0
1.6+8.6,8.6,1.6,,0
1.6+8.8,8.8,1.6,,0
1.6+9.0,9.0,1.6,,0
1.6+9.2,9.2,1.6,,0
1.6+9.4,9.4,1.6,,0
1.6+9.6,9.6,1.6,,0
1.8+-0.2,-0.2,1.8,-0.10202432,6
1.8+-0.4,-0.4,1.8,-0.056081835,5
1.8+-0.6,-0.6,1.8,-0.09142461,6
1.8+-0.8,-0.8,1.8,-0.032916468,7
1.8+-1.0,-1.0,1.8,0.13138244,3
1.8+-1.2,-1.2,1.8,-0.0004943013,2
1.8+-1.4,-1.4,1.8,,0
1.8+-1.6,-1.6,1.8,,0
1.8+-1.8,-1.8,1.8,,0
1.8+-2.0,-2.0,1.8,,0
1.8+-2.2,-2.2,1.8,,0
1.8+-2.4,-2.4,1.8,,0
1.8+-2.6,-2.6,1.8,,0
1.8+-2.8,-2.8,1.8,,0
1.8+-3.0,-3.0,1.8,,0
1.8+-3.2,-3.2,1.8,,0
1.8+-3.4,-3.4,1.8,,0
1.8+-3.6,-3.6,1.8,,0
1.8+-3.8,-3.8,1.8,,0
1.8+-4.0,-4.0,1.8,,0
1.8+-4.2,-4.2,1.8,,0
1.8+-4.4,-4.4,1.8,,0
1.8+-4.6,-4.6,1.8,,0
1.8+-4.8,-4.8,1.8,,0
1.8+-5.0,-5.0,1.8,,0
1.8+-5.2,-5.2,1.8,,0
1.8+-5.4,-5.4,1.8,,0
1.8+-5.6,-5.6,1.8,,0
1.8+-5.8,-5.8,1.8,,0
1.8+-6.0,-6.0,1.8,,0
1.8+-6.2,-6.2,1.8,,0
1.8+-6.4,-6.4,1.8,,0
1.8+-6.6,-6.6,1.8,,0
1.8+-6.8,-6.8,1.8,,0
1.8+-7.0,-7.0,1.8,,0
1.8+-7.2,-7.2,1.8,,0
1.8+-7.4,-7.4,1.8,,0
1.8+-7.6,-7.6,1.8,,0
1.8+-7.8,-7.8,1.8,,0
1.8+-8.0,-8.0,1.8,,0
1.8+0.0,0.0,1.8,0.040615227,8
1.8+0.2,0.2,1.8,0.00065241754,10
1.8+0.4,0.4,1.8,0.066669144,20
1.8+0.6,0.6,1.8,0.08976604,30
1.8+0.8,0.8,1.8,0.15942316,35
1.8+1.0,1.0,1.8,0.23501213,49
1.8+1.2,1.2,1.8,0.29640934,60
1.8+1.4,1.4,1.8,0.33091205,68
1.8+1.6,1.6,1.8,0.38459927,76
1.8+1.8,1.8,1.8,0.44547373,82
1.8+2.0,2.0,1.8,0.50115275,85
1.8+2.2,2.2,1.8,0.56490195,88
1.8+2.4,2.4,1.8,0.6566616,89
1.8+2.6,2.6,1.8,0.6771865,86
1.8+2.8,2.8,1.8,0.74078846,85
1.8+3.0,3.0,1.8,0.7793026,78
1.8+3.2,3.2,1.8,0.8323948,57
1.8+3.4,3.4,1.8,0.8188888,38
1.8+3.6,3.6,1.8,0.7667019,31
1.8+3.8,3.8,1.8,1.0052027,18
1.8+4.0,4.0,1.8,0.860839,9
1.8+4.2,4.2,1.8,0.9976594,5
1.8+4.4,4.4,1.8,0.6901268,4
1.8+4.6,4.6,1.8,0.29065552,1
1.8+4.8,4.8,1.8,0.6341827,2
1.8+5.0,5.0,1.8,0.49335337,2
1.8+5.2,5.2,1.8,0.45715052,1
1.8+5.4,5.4,1.8,0.38919276,1
1.8+5.6,5.6,1.8,0.36413726,1
1.8+5.8,5.8,1.8,,0
1.8+6.0,6.0,1.8,,0
1.8+6.2,6.2,1.8,,0
1.8+6.4,6.4,1.8,0.42599648,1
1.8+6.6,6.6,1.8,,0
1.8+6.8,6.8,1.8,,0
1.8+7.0,7.0,1.8,,0
1.8+7.2,7.2,1.8,,0
1.8+7.4,7.4,1.8,,0
1.8+7.6,7.6,1.8,,0
1.8+7.8,7.8,1.8,,0
1.8+8.0,8.0,1.8,,0
1.8+8.2,8.2,1.8,,0
1.8+8.4,8.4,1.8,,0
1.8+8.6,8.6,1.8,,0
1.8+8.8,8.8,1.8,,0
1.8+9.0,9.0,1.8,,0
1.8+9.2,9.2,1.8,,0
1.8+9.4,9.4,1.8,,0
1.8+9.6,9.6,1.8,,0
2.0+-0.2,-0.2,2.0,-0.07511798,3
2.0+-0.4,-0.4,2.0,-0.13001198,3
2.0+-0.6,-0.6,2.0,0.040667135,4
2.0+-0.8,-0.8,2.0,0.039958242,6
2.0+-1.0,-1.0,2.0,0.13005604,2
2.0+-1.2,-1.2,2.0,,0
2.0+-1.4,-1.4,2.0,,0
2.0+-1.6,-1.6,2.0,,0
2.0+-1.8,-1.8,2.0,,0
2.0+-2.0,-2.0,2.0,,0
2.0+-2.2,-2.2,2.0,,0
2.0+-2.4,-2.4,2.0,,0
2.0+-2.6,-2.6,2.0,,0
2.0+-2.8,-2.8,2.0,,0
2.0+-3.0,-3.0,2.0,,0
2.0+-3.2,-3.2,2.0,,0
2.0+-3.4,-3.4,2.0,,0
2.0+-3.6,-3.6,2.0,,0
2.0+-3.8,-3.8,2.0,,0
2.0+-4.0,-4.0,2.0,,0
2.0+-4.2,-4.2,2.0,,0
2.0+-4.4,-4.4,2.0,,0
2.0+-4.6,-4.6,2.0,,0
2.0+-4.8,-4.8,2.0,,0
2.0+-5.0,-5.0,2.0,,0
2.0+-5.2,-5.2,2.0,,0
2.0+-5.4,-5.4,2.0,,0
2.0+-5.6,-5.6,2.0,,0
2.0+-5.8,-5.8,2.0,,0
2.0+-6.0,-6.0,2.0,,0
2.0+-6.2,-6.2,2.0,,0
2.0+-6.4,-6.4,2.0,,0
2.0+-6.6,-6.6,2.0,,0
2.0+-6.8,-6.8,2.0,,0
2.0+-7.0,-7.0,2.0,,0
2.0+-7.2,-7.2,2.0,,0
2.0+-7.4,-7.4,2.0,,0
2.0+-7.6,-7.6,2.0,,0
2.0+-7.8,-7.8,2.0,,0
2.0+-8.0,-8.0,2.0,,0
2.0+0.0,0.0,2.0,-0.08449024,4
2.0+0.2,0.2,2.0,0.027495574,4
2.0+0.4,0.4,2.0,0.12514739,6
2.0+0.6,0.6,2.0,0.14428532,10
2.0+0.8,0.8,2.0,0.15666994,17
2.0+1.0,1.0,2.0,0.13688186,20
2.0+1.2,1.2,2.0,0.2738288,23
2.0+1.4,1.4,2.0,0.31167382,37
2.0+1.6,1.6,2.0,0.3882722,49
2.0+1.8,1.8,2.0,0.4565542,51
2.0+2.0,2.0,2.0,0.47167653,59
2.0+2.2,2.2,2.0,0.5752007,63
2.0+2.4,2.4,2.0,0.62227327,66
2.0+2.6,2.6,2.0,0.7242268,66
2.0+2.8,2.8,2.0,0.7599789,76
2.0+3.0,3.0,2.0,0.7610221,69
2.0+3.2,3.2,2.0,0.8134902,68
2.0+3.4,3.4,2.0,0.8413704,56
2.0+3.6,3.6,2.0,0.8285824,44
2.0+3.8,3.8,2.0,0.85905504,26
2.0+4.0,4.0,2.0,0.8957349,16
2.0+4.2,4.2,2.0,0.85073185,9
2.0+4.4,4.4,2.0,0.63557386,6
2.0+4.6,4.6,2.0,0.5846834,4
2.0+4.8,4.8,2.0,0.7773583,3
2.0+5.0,5.0,2.0,0.50926733,1
2.0+5.2,5.2,2.0,0.4170888,1
2.0+5.4,5.4,2.0,0.35153395,1
2.0+5.6,5.6,2.0,0.39790216,1
2.0+5.8,5.8,2.0,0.39755726,1
2.0+6.0,6.0,2.0,0.3754292,1
2.0+6.2,6.2,2.0,,0
2.0+6.4,6.4,2.0,,0
2.0+6.6,6.6,2.0,,0
2.0+6.8,6.8,2.0,,0
2.0+7.0,7.0,2.0,,0
2.0+7.2,7.2,2.0,,0
2.0+7.4,7.4,2.0,,0
2.0+7.6,7.6,2.0,,0
2.0+7.8,7.8,2.0,,0
2.0+8.0,8.0,2.0,,0
2.0+8.2,8.2,2.0,,0
2.0+8.4,8.4,2.0,,0
2.0+8.6,8.6,2.0,,0
2.0+8.8,8.8,2.0,,0
2.0+9.0,9.0,2.0,,0
2.0+9.2,9.2,2.0,,0
2.0+9.4,9.4,2.0,,0
2.0+9.6,9.6,2.0,,0
2.2+-0.2,-0.2,2.2,0.044138577,1
2.2+-0.4,-0.4,2.2,0.13382283,1
2.2+-0.6,-0.6,2.2,0.12153612,2
2.2+-0.8,-0.8,2.2,0.12876675,3
2.2+-1.0,-1.0,2.2,-0.061095968,1
2.2+-1.2,-1.2,2.2,0.48900375,1
2.2+-1.4,-1.4,2.2,,0
2.2+-1.6,-1.6,2.2,,0
2.2+-1.8,-1.8,2.2,,0
2.2+-2.0,-2.0,2.2,,0
2.2+-2.2,-2.2,2.2,,0
2.2+-2.4,-2.4,2.2,,0
2.2+-2.6,-2.6,2.2,,0
2.2+-2.8,-2.8,2.2,,0
2.2+-3.0,-3.0,2.2,,0
2.2+-3.2,-3.2,2.2,,0
2.2+-3.4,-3.4,2.2,,0
2.2+-3.6,-3.6,2.2,,0
2.2+-3.8,-3.8,2.2,,0
2.2+-4.0,-4.0,2.2,,0
2.2+-4.2,-4.2,2.2,,0
2.2+-4.4,-4.4,2.2,,0
2.2+-4.6,-4.6,2.2,,0
2.2+-4.8,-4.8,2.2,,0
2.2+-5.0,-5.0,2.2,,0
2.2+-5.2,-5.2,2.2,,0
2.2+-5.4,-5.4,2.2,,0
2.2+-5.6,-5.6,2.2,,0
2.2+-5.8,-5.8,2.2,,0
2.2+-6.0,-6.0,2.2,,0
2.2+-6.2,-6.2,2.2,,0
2.2+-6.4,-6.4,2.2,,0
2.2+-6.6,-6.6,2.2,,0
2.2+-6.8,-6.8,2.2,,0
2.2+-7.0,-7.0,2.2,,0
2.2+-7.2,-7.2,2.2,,0
2.2+-7.4,-7.4,2.2,,0
2.2+-7.6,-7.6,2.2,,0
2.2+-7.8,-7.8,2.2,,0
2.2+-8.0,-8.0,2.2,,0
2.2+0.0,0.0,2.2,0.011431354,3
2.2+0.2,0.2,2.2,-0.17279226,3
2.2+0.4,0.4,2.2,0.1517741,5
2.2+0.6,0.6,2.2,0.12438346,6
2.2+0.8,0.8,2.2,0.25399706,7
2.2+1.0,1.0,2.2,0.25449258,10
2.2+1.2,1.2,2.2,0.24453062,13
2.2+1.4,1.4,2.2,0.24563828,16
2.2+1.6,1.6,2.2,0.35702568,21
2.2+1.8,1.8,2.2,0.44642287,23
2.2+2.0,2.0,2.2,0.48876837,30
2.2+2.2,2.2,2.2,0.5455599,30
2.2+2.4,2.4,2.2,0.59406734,38
2.2+2.6,2.6,2.2,0.6868658,38
2.2+2.8,2.8,2.2,0.72766954,50
2.2+3.0,3.0,2.2,0.71742976,51
2.2+3.2,3.2,2.2,0.8324178,53
2.2+3.4,3.4,2.2,0.8493407,52
2.2+3.6,3.6,2.2,0.8853869,46
2.2+3.8,3.8,2.2,0.91686386,39
2.2+4.0,4.0,2.2,0.89947826,26
2.2+4.2,4.2,2.2,0.84164596,12
2.2+4.4,4.4,2.2,0.7453843,8
2.2+4.6,4.6,2.2,0.6851745,5
2.2+4.8,4.8,2.2,0.82448685,5
2.2+5.0,5.0,2.2,0.9269861,4
2.2+5.2,5.2,2.2,0.65206885,3
2.2+5.4,5.4,2.2,0.8543262,2
2.2+5.6,5.6,2.2,0.20511396,1
2.2+5.8,5.8,2.2,1.4431615,1
2.2+6.0,6.0,2.2,0.24468152,1
2.2+6.2,6.2,2.2,0.27463326,1
2.2+6.4,6.4,2.2,,0
2.2+6.6,6.6,2.2,,0
2.2+6.8,6.8,2.2,,0
2.2+7.0,7.0,2.2,,0
2.2+7.2,7.2,2.2,,0
2.2+7.4,7.4,2.2,0.46330974,1
2.2+7.6,7.6,2.2,,0
2.2+7.8,7.8,2.2,,0
2.2+8.0,8.0,2.2,,0
2.2+8.2,8.2,2.2,,0
2.2+8.4,8.4,2.2,,0
2.2+8.6,8.6,2.2,,0
2.2+8.8,8.8,2.2,,0
2.2+9.0,9.0,2.2,,0
2.2+9.2,9.2,2.2,,0
2.2+9.4,9.4,2.2,,0
2.2+9.6,9.6,2.2,,0
2.4+-0.2,-0.2,2.4,-0.10428632,2
2.4+-0.4,-0.4,2.4,0.038627673,1
2.4+-0.6,-0.6,2.4,0.049552858,1
2.4+-0.8,-0.8,2.4,0.13668509,2
2.4+-1.0,-1.0,2.4,,0
2.4+-1.2,-1.2,2.4,,0
2.4+-1.4,-1.4,2.4,-0.2082484,1
2.4+-1.6,-1.6,2.4,,0
2.4+-1.8,-1.8,2.4,,0
2.4+-2.0,-2.0,2.4,,0
2.4+-2.2,-2.2,2.4,,0
2.4+-2.4,-2.4,2.4,,0
2.4+-2.6,-2.6,2.4,,0
2.4+-2.8,-2.8,2.4,,0
2.4+-3.0,-3.0,2.4,,0
2.4+-3.2,-3.2,2.4,,0
2.4+-3.4,-3.4,2.4,,0
2.4+-3.6,-3.6,2.4,,0
2.4+-3.8,-3.8,2.4,,0
2.4+-4.0,-4.0,2.4,,0
2.4+-4.2,-4.2,2.4,,0
2.4+-4.4,-4.4,2.4,,0
2.4+-4.6,-4.6,2.4,,0
2.4+-4.8,-4.8,2.4,,0
2.4+-5.0,-5.0,2.4,,0
2.4+-5.2,-5.2,2.4,,0
2.4+-5.4,-5.4,2.4,,0
2.4+-5.6,-5.6,2.4,,0
2.4+-5.8,-5.8,2.4,,0
2.4+-6.0,-6.0,2.4,,0
2.4+-6.2,-6.2,2.4,,0
2.4+-6.4,-6.4,2.4,,0
2.4+-6.6,-6.6,2.4,,0
2.4+-6.8,-6.8,2.4,,0
2.4+-7.0,-7.0,2.4,,0
2.4+-7.2,-7.2,2.4,,0
2.4+-7.4,-7.4,2.4,,0
2.4+-7.6,-7.6,2.4,,0
2.4+-7.8,-7.8,2.4,,0
2.4+-8.0,-8.0,2.4,,0
2.4+0.0,0.0,2.4,-0.097065866,1
2.4+0.2,0.2,2.4,-0.12711982,2
2.4+0.4,0.4,2.4,-0.09407126,2
2.4+0.6,0.6,2.4,0.12503108,3
2.4+0.8,0.8,2.4,0.18503375,5
2.4+1.0,1.0,2.4,0.24012518,4
2.4+1.2,1.2,2.4,0.042731497,4
2.4+1.4,1.4,2.4,0.39083296,7
2.4+1.6,1.6,2.4,0.40439528,8
2.4+1.8,1.8,2.4,0.25833642,11
2.4+2.0,2.0,2.4,0.36875165,11
2.4+2.2,2.2,2.4,0.49258688,16
2.4+2.4,2.4,2.4,0.6132151,21
2.4+2.6,2.6,2.4,0.60637367,21
2.4+2.8,2.8,2.4,0.71000874,25
2.4+3.0,3.0,2.4,0.76969934,28
2.4+3.2,3.2,2.4,0.76831615,32
2.4+3.4,3.4,2.4,0.7784704,32
2.4+3.6,3.6,2.4,0.7882054,36
2.4+3.8,3.8,2.4,0.88551605,36
2.4+4.0,4.0,2.4,0.8528111,30
2.4+4.2,4.2,2.4,0.87553686,22
2.4+4.4,4.4,2.4,0.8306824,15
2.4+4.6,4.6,2.4,1.0133128,9
2.4+4.8,4.8,2.4,1.1032794,3
2.4+5.0,5.0,2.4,0.96124285,5
2.4+5.2,5.2,2.4,1.3583333,1
2.4+5.4,5.4,2.4,,0
2.4+5.6,5.6,2.4,0.37696558,1
2.4+5.8,5.8,2.4,1.6751672,1
2.4+6.0,6.0,2.4,0.68776125,1
2.4+6.2,6.2,2.4,0.41294244,1
2.4+6.4,6.4,2.4,0.35087636,1
2.4+6.6,6.6,2.4,0.348974,1
2.4+6.8,6.8,2.4,0.3167648,1
2.4+7.0,7.0,2.4,0.33879417,1
2.4+7.2,7.2,2.4,0.33879417,1
2.4+7.4,7.4,2.4,0.43506873,1
2.4+7.6,7.6,2.4,,0
2.4+7.8,7.8,2.4,,0
2.4+8.0,8.0,2.4,,0
2.4+8.2,8.2,2.4,,0
2.4+8.4,8.4,2.4,,0
2.4+8.6,8.6,2.4,,0
2.4+8.8,8.8,2.4,,0
2.4+9.0,9.0,2.4,,0
2.4+9.2,9.2,2.4,,0
2.4+9.4,9.4,2.4,,0
2.4+9.6,9.6,2.4,,0
2.6+-0.2,-0.2,2.6,0.030164484,1
2.6+-0.4,-0.4,2.6,,0
2.6+-0.6,-0.6,2.6,,0
2.6+-0.8,-0.8,2.6,,0
2.6+-1.0,-1.0,2.6,,0
2.6+-1.2,-1.2,2.6,,0
2.6+-1.4,-1.4,2.6,,0
2.6+-1.6,-1.6,2.6,,0
2.6+-1.8,-1.8,2.6,,0
2.6+-2.0,-2.0,2.6,,0
2.6+-2.2,-2.2,2.6,,0
2.6+-2.4,-2.4,2.6,,0
2.6+-2.6,-2.6,2.6,,0
2.6+-2.8,-2.8,2.6,,0
2.6+-3.0,-3.0,2.6,,0
2.6+-3.2,-3.2,2.6,,0
2.6+-3.4,-3.4,2.6,,0
2.6+-3.6,-3.6,2.6,,0
2.6+-3.8,-3.8,2.6,,0
2.6+-4.0,-4.0,2.6,,0
2.6+-4.2,-4.2,2.6,,0
2.6+-4.4,-4.4,2.6,,0
2.6+-4.6,-4.6,2.6,,0
2.6+-4.8,-4.8,2.6,,0
2.6+-5.0,-5.0,2.6,,0
2.6+-5.2,-5.2,2.6,,0
2.6+-5.4,-5.4,2.6,,0
2.6+-5.6,-5.6,2.6,,0
2.6+-5.8,-5.8,2.6,,0
2.6+-6.0,-6.0,2.6,,0
2.6+-6.2,-6.2,2.6,,0
2.6+-6.4,-6.4,2.6,,0
2.6+-6.6,-6.6,2.6,,0
2.6+-6.8,-6.8,2.6,,0
2.6+-7.0,-7.0,2.6,,0
2.6+-7.2,-7.2,2.6,,0
2.6+-7.4,-7.4,2.6,,0
2.6+-7.6,-7.6,2.6,,0
2.6+-7.8,-7.8,2.6,,0
2.6+-8.0,-8.0,2.6,,0
2.6+0.0,0.0,2.6,-0.22878888,1
2.6+0.2,0.2,2.6,-0.19412567,1
2.6+0.4,0.4,2.6,-0.18934721,1
2.6+0.6,0.6,2.6,-0.03500306,1
2.6+0.8,0.8,2.6,-0.206027,1
2.6+1.0,1.0,2.6,0.30314726,1
2.6+1.2,1.2,2.6,0.25855714,1
2.6+1.4,1.4,2.6,0.17209928,4
2.6+1.6,1.6,2.6,0.4955523,5
2.6+1.8,1.8,2.6,0.57652223,4
2.6+2.0,2.0,2.6,0.4008083,6
2.6+2.2,2.2,2.6,0.5435338,7
2.6+2.4,2.4,2.6,0.5294051,11
2.6+2.6,2.6,2.6,0.5748596,10
2.6+2.8,2.8,2.6,0.62178326,12
2.6+3.0,3.0,2.6,0.63412046,12
2.6+3.2,3.2,2.6,0.86977684,18
2.6+3.4,3.4,2.6,0.8755187,19
2.6+3.6,3.6,2.6,0.7626996,20
2.6+3.8,3.8,2.6,0.8109504,21
2.6+4.0,4.0,2.6,0.8783425,22
2.6+4.2,4.2,2.6,0.9063429,24
2.6+4.4,4.4,2.6,0.8629888,17
2.6+4.6,4.6,2.6,0.9757937,11
2.6+4.8,4.8,2.6,0.7212924,6
2.6+5.0,5.0,2.6,0.8437729,4
2.6+5.2,5.2,2.6,0.8542023,2
2.6+5.4,5.4,2.6,1.4807297,1
2.6+5.6,5.6,2.6,1.4286885,1
2.6+5.8,5.8,2.6,,0
2.6+6.0,6.0,2.6,0.6539763,1
2.6+6.2,6.2,2.6,0.7335667,1
2.6+6.4,6.4,2.6,,0
2.6+6.6,6.6,2.6,,0
2.6+6.8,6.8,2.6,,0
2.6+7.0,7.0,2.6,,0
2.6+7.2,7.2,2.6,,0
2.6+7.4,7.4,2.6,,0
2.6+7.6,7.6,2.6,,0
2.6+7.8,7.8,2.6,,0
2.6+8.0,8.0,2.6,,0
2.6+8.2,8.2,2.6,,0
2.6+8.4,8.4,2.6,,0
2.6+8.6,8.6,2.6,,0
2.6+8.8,8.8,2.6,,0
2.6+9.0,9.0,2.6,,0
2.6+9.2,9.2,2.6,,0
2.6+9.4,9.4,2.6,,0
2.6+9.6,9.6,2.6,,0
2.8+-0.2,-0.2,2.8,,0
2.8+-0.4,-0.4,2.8,,0
2.8+-0.6,-0.6,2.8,,0
2.8+-0.8,-0.8,2.8,,0
2.8+-1.0,-1.0,2.8,,0
2.8+-1.2,-1.2,2.8,-0.3931875,1
2.8+-1.4,-1.4,2.8,,0
2.8+-1.6,-1.6,2.8,,0
2.8+-1.8,-1.8,2.8,,0
2.8+-2.0,-2.0,2.8,,0
2.8+-2.2,-2.2,2.8,,0
2.8+-2.4,-2.4,2.8,,0
2.8+-2.6,-2.6,2.8,,0
2.8+-2.8,-2.8,2.8,,0
2.8+-3.0,-3.0,2.8,,0
2.8+-3.2,-3.2,2.8,,0
2.8+-3.4,-3.4,2.8,,0
2.8+-3.6,-3.6,2.8,,0
2.8+-3.8,-3.8,2.8,,0
2.8+-4.0,-4.0,2.8,,0
2.8+-4.2,-4.2,2.8,,0
2.8+-4.4,-4.4,2.8,,0
2.8+-4.6,-4.6,2.8,,0
2.8+-4.8,-4.8,2.8,,0
2.8+-5.0,-5.0,2.8,,0
2.8+-5.2,-5.2,2.8,,0
2.8+-5.4,-5.4,2.8,,0
2.8+-5.6,-5.6,2.8,,0
2.8+-5.8,-5.8,2.8,,0
2.8+-6.0,-6.0,2.8,,0
2.8+-6.2,-6.2,2.8,,0
2.8+-6.4,-6.4,2.8,,0
2.8+-6.6,-6.6,2.8,,0
2.8+-6.8,-6.8,2.8,,0
2.8+-7.0,-7.0,2.8,,0
2.8+-7.2,-7.2,2.8,,0
2.8+-7.4,-7.4,2.8,,0
2.8+-7.6,-7.6,2.8,,0
2.8+-7.8,-7.8,2.8,,0
2.8+-8.0,-8.0,2.8,,0
2.8+0.0,0.0,2.8,,0
2.8+0.2,0.2,2.8,,0
2.8+0.4,0.4,2.8,,0
2.8+0.6,0.6,2.8,-0.086355746,1
2.8+0.8,0.8,2.8,,0
2.8+1.0,1.0,2.8,,0
2.8+1.2,1.2,2.8,,0
2.8+1.4,1.4,2.8,,0
2.8+1.6,1.6,2.8,0.17947745,1
2.8+1.8,1.8,2.8,0.42879444,3
2.8+2.0,2.0,2.8,0.70068365,1
2.8+2.2,2.2,2.8,0.46005484,1
2.8+2.4,2.4,2.8,0.43230608,2
2.8+2.6,2.6,2.8,0.753473,4
2.8+2.8,2.8,2.8,0.6523807,6
2.8+3.0,3.0,2.8,0.6065622,7
2.8+3.2,3.2,2.8,0.6836841,9
2.8+3.4,3.4,2.8,0.68802553,11
2.8+3.6,3.6,2.8,0.729625,12
2.8+3.8,3.8,2.8,0.8679545,11
2.8+4.0,4.0,2.8,0.9357858,15
2.8+4.2,4.2,2.8,0.8752219,16
2.8+4.4,4.4,2.8,1.0070713,13
2.8+4.6,4.6,2.8,1.0399597,11
2.8+4.8,4.8,2.8,0.98999614,9
2.8+5.0,5.0,2.8,0.9684548,7
2.8+5.2,5.2,2.8,0.7790133,6
2.8+5.4,5.4,2.8,0.6128365,3
2.8+5.6,5.6,2.8,0.4462539,1
2.8+5.8,5.8,2.8,1.0868278,2
2.8+6.0,6.0,2.8,1.1245062,2
2.8+6.2,6.2,2.8,,0
2.8+6.4,6.4,2.8,,0
2.8+6.6,6.6,2.8,,0
2.8+6.8,6.8,2.8,,0
2.8+7.0,7.0,2.8,,0
2.8+7.2,7.2,2.8,,0
2.8+7.4,7.4,2.8,,0
2.8+7.6,7.6,2.8,,0
2.8+7.8,7.8,2.8,,0
2.8+8.0,8.0,2.8,,0
2.8+8.2,8.2,2.8,,0
2.8+8.4,8.4,2.8,,0
2.8+8.6,8.6,2.8,,0
2.8+8.8,8.8,2.8,,0
2.8+9.0,9.0,2.8,,0
2.8+9.2,9.2,2.8,,0
2.8+9.4,9.4,2.8,,0
2.8+9.6,9.6,2.8,,0
3.0+-0.2,-0.2,3.0,,0
3.0+-0.4,-0.4,3.0,,0
3.0+-0.6,-0.6,3.0,,0
3.0+-0.8,-0.8,3.0,,0
3.0+-1.0,-1.0,3.0,,0
3.0+-1.2,-1.2,3.0,,0
3.0+-1.4,-1.4,3.0,,0
3.0+-1.6,-1.6,3.0,,0
3.0+-1.8,-1.8,3.0,,0
3.0+-2.0,-2.0,3.0,,0
3.0+-2.2,-2.2,3.0,,0
3.0+-2.4,-2.4,3.0,,0
3.0+-2.6,-2.6,3.0,,0
3.0+-2.8,-2.8,3.0,,0
3.0+-3.0,-3.0,3.0,,0
3.0+-3.2,-3.2,3.0,,0
3.0+-3.4,-3.4,3.0,,0
3.0+-3.6,-3.6,3.0,,0
3.0+-3.8,-3.8,3.0,,0
3.0+-4.0,-4.0,3.0,,0
3.0+-4.2,-4.2,3.0,,0
3.0+-4.4,-4.4,3.0,,0
3.0+-4.6,-4.6,3.0,,0
3.0+-4.8,-4.8,3.0,,0
3.0+-5.0,-5.0,3.0,,0
3.0+-5.2,-5.2,3.0,,0
3.0+-5.4,-5.4,3.0,,0
3.0+-5.6,-5.6,3.0,,0
3.0+-5.8,-5.8,3.0,,0
3.0+-6.0,-6.0,3.0,,0
3.0+-6.2,-6.2,3.0,,0
3.0+-6.4,-6.4,3.0,,0
3.0+-6.6,-6.6,3.0,,0
3.0+-6.8,-6.8,3.0,,0
3.0+-7.0,-7.0,3.0,,0
3.0+-7.2,-7.2,3.0,,0
3.0+-7.4,-7.4,3.0,,0
3.0+-7.6,-7.6,3.0,,0
3.0+-7.8,-7.8,3.0,,0
3.0+-8.0,-8.0,3.0,,0
3.0+0.0,0.0,3.0,,0
3.0+0.2,0.2,3.0,,0
3.0+0.4,0.4,3.0,,0
3.0+0.6,0.6,3.0,,0
3.0+0.8,0.8,3.0,,0
3.0+1.0,1.0,3.0,,0
3.0+1.2,1.2,3.0,,0
3.0+1.4,1.4,3.0,-0.074545816,1
3.0+1.6,1.6,3.0,0.39506042,1
3.0+1.8,1.8,3.0,0.58500755,1
3.0+2.0,2.0,3.0,0.2838995,2
3.0+2.2,2.2,3.0,0.3904705,1
3.0+2.4,2.4,3.0,,0
3.0+2.6,2.6,3.0,0.6633389,1
3.0+2.8,2.8,3.0,,0
3.0+3.0,3.0,3.0,0.35883805,1
3.0+3.2,3.2,3.0,0.6465433,3
3.0+3.4,3.4,3.0,0.7305551,1
3.0+3.6,3.6,3.0,0.94934696,3
3.0+3.8,3.8,3.0,0.6023737,9
3.0+4.0,4.0,3.0,0.69745934,6
3.0+4.2,4.2,3.0,0.7463851,7
3.0+4.4,4.4,3.0,0.70464844,10
3.0+4.6,4.6,3.0,1.0753652,11
3.0+4.8,4.8,3.0,1.0159147,11
3.0+5.0,5.0,3.0,0.98019063,9
3.0+5.2,5.2,3.0,1.021673,6
3.0+5.4,5.4,3.0,1.2474983,2
3.0+5.6,5.6,3.0,1.039981,1
3.0+5.8,5.8,3.0,0.9059272,4
3.0+6.0,6.0,3.0,,0
3.0+6.2,6.2,3.0,0.72984076,2
3.0+6.4,6.4,3.0,0.48090616,1
3.0+6.6,6.6,3.0,0.4643297,1
3.0+6.8,6.8,3.0,,0
3.0+7.0,7.0,3.0,,0
3.0+7.2,7.2,3.0,,0
3.0+7.4,7.4,3.0,,0
3.0+7.6,7.6,3.0,,0
3.0+7.8,7.8,3.0,,0
3.0+8.0,8.0,3.0,,0
3.0+8.2,8.2,3.0,,0
3.0+8.4,8.4,3.0,,0
3.0+8.6,8.6,3.0,,0
3.0+8.8,8.8,3.0,,0
3.0+9.0,9.0,3.0,,0
3.0+9.2,9.2,3.0,,0
3.0+9.4,9.4,3.0,,0
3.0+9.6,9.6,3.0,,0
3.2+-0.2,-0.2,3.2,,0
3.2+-0.4,-0.4,3.2,,0
3.2+-0.6,-0.6,3.2,,0
3.2+-0.8,-0.8,3.2,,0
3.2+-1.0,-1.0,3.2,,0
3.2+-1.2,-1.2,3.2,,0
3.2+-1.4,-1.4,3.2,,0
3.2+-1.6,-1.6,3.2,,0
3.2+-1.8,-1.8,3.2,,0
3.2+-2.0,-2.0,3.2,,0
3.2+-2.2,-2.2,3.2,,0
3.2+-2.4,-2.4,3.2,,0
3.2+-2.6,-2.6,3.2,,0
3.2+-2.8,-2.8,3.2,,0
3.2+-3.0,-3.0,3.2,,0
3.2+-3.2,-3.2,3.2,,0
3.2+-3.4,-3.4,3.2,,0
3.2+-3.6,-3.6,3.2,,0
3.2+-3.8,-3.8,3.2,,0
3.2+-4.0,-4.0,3.2,,0
3.2+-4.2,-4.2,3.2,,0
3.2+-4.4,-4.4,3.2,,0
3.2+-4.6,-4.6,3.2,,0
3.2+-4.8,-4.8,3.2,,0
3.2+-5.0,-5.0,3.2,,0
3.2+-5.2,-5.2,3.2,,0
3.2+-5.4,-5.4,3.2,,0
3.2+-5.6,-5.6,3.2,,0
3.2+-5.8,-5.8,3.2,,0
3.2+-6.0,-6.0,3.2,,0
3.2+-6.2,-6.2,3.2,,0
3.2+-6.4,-6.4,3.2,,0
3.2+-6.6,-6.6,3.2,,0
3.2+-6.8,-6.8,3.2,,0
3.2+-7.0,-7.0,3.2,,0
3.2+-7.2,-7.2,3.2,,0
3.2+-7.4,-7.4,3.2,,0
3.2+-7.6,-7.6,3.2,,0
3.2+-7.8,-7.8,3.2,,0
3.2+-8.0,-8.0,3.2,,0
3.2+0.0,0.0,3.2,,0
3.2+0.2,0.2,3.2,,0
3.2+0.4,0.4,3.2,,0
3.2+0.6,0.6,3.2,,0
3.2+0.8,0.8,3.2,,0
3.2+1.0,1.0,3.2,,0
3.2+1.2,1.2,3.2,,0
3.2+1.4,1.4,3.2,,0
3.2+1.6,1.6,3.2,,0
3.2+1.8,1.8,3.2,,0
3.2+2.0,2.0,3.2,,0
3.2+2.2,2.2,3.2,0.6014201,1
3.2+2.4,2.4,3.2,,0
3.2+2.6,2.6,3.2,0.6565431,1
3.2+2.8,2.8,3.2,,0
3.2+3.0,3.0,3.2,,0
3.2+3.2,3.2,3.2,,0
3.2+3.4,3.4,3.2,,0
3.2+3.6,3.6,3.2,0.2408778,1
3.2+3.8,3.8,3.2,,0
3.2+4.0,4.0,3.2,0.7187492,1
3.2+4.2,4.2,3.2,0.68607134,2
3.2+4.4,4.4,3.2,1.0259253,2
3.2+4.6,4.6,3.2,0.6941978,6
3.2+4.8,4.8,3.2,0.7861899,7
3.2+5.0,5.0,3.2,1.274776,4
3.2+5.2,5.2,3.2,0.98745567,5
3.2+5.4,5.4,3.2,1.2960784,5
3.2+5.6,5.6,3.2,1.0022261,3
3.2+5.8,5.8,3.2,1.2748225,3
3.2+6.0,6.0,3.2,0.6214715,1
3.2+6.2,6.2,3.2,0.2721806,1
3.2+6.4,6.4,3.2,,0
3.2+6.6,6.6,3.2,1.140654,1
3.2+6.8,6.8,3.2,,0
3.2+7.0,7.0,3.2,,0
3.2+7.2,7.2,3.2,,0
3.2+7.4,7.4,3.2,,0
3.2+7.6,7.6,3.2,,0
3.2+7.8,7.8,3.2,,0
3.2+8.0,8.0,3.2,,0
3.2+8.2,8.2,3.2,,0
3.2+8.4,8.4,3.2,,0
3.2+8.6,8.6,3.2,,0
3.2+8.8,8.8,3.2,,0
3.2+9.0,9.0,3.2,,0
3.2+9.2,9.2,3.2,,0
3.2+9.4,9.4,3.2,,0
3.2+9.6,9.6,3.2,,0
3.4+-0.2,-0.2,3.4,,0
3.4+-0.4,-0.4,3.4,,0
3.4+-0.6,-0.6,3.4,,0
3.4+-0.8,-0.8,3.4,,0
3.4+-1.0,-1.0,3.4,,0
3.4+-1.2,-1.2,3.4,,0
3.4+-1.4,-1.4,3.4,,0
3.4+-1.6,-1.6,3.4,,0
3.4+-1.8,-1.8,3.4,,0
3.4+-2.0,-2.0,3.4,,0
3.4+-2.2,-2.2,3.4,,0
3.4+-2.4,-2.4,3.4,,0
3.4+-2.6,-2.6,3.4,,0
3.4+-2.8,-2.8,3.4,,0
3.4+-3.0,-3.0,3.4,,0
3.4+-3.2,-3.2,3.4,,0
3.4+-3.4,-3.4,3.4,,0
3.4+-3.6,-3.6,3.4,,0
3.4+-3.8,-3.8,3.4,,0
3.4+-4.0,-4.0,3.4,,0
3.4+-4.2,-4.2,3.4,,0
3.4+-4.4,-4.4,3.4,,0
3.4+-4.6,-4.6,3.4,,0
3.4+-4.8,-4.8,3.4,,0
3.4+-5.0,-5.0,3.4,,0
3.4+-5.2,-5.2,3.4,,0
3.4+-5.4,-5.4,3.4,,0
3.4+-5.6,-5.6,3.4,,0
3.4+-5.8,-5.8,3.4,,0
3.4+-6.0,-6.0,3.4,,0
3.4+-6.2,-6.2,3.4,,0
3.4+-6.4,-6.4,3.4,,0
3.4+-6.6,-6.6,3.4,,0
3.4+-6.8,-6.8,3.4,,0
3.4+-7.0,-7.0,3.4,,0
3.4+-7.2,-7.2,3.4,,0
3.4+-7.4,-7.4,3.4,,0
3.4+-7.6,-7.6,3.4,,0
3.4+-7.8,-7.8,3.4,,0
3.4+-8.0,-8.0,3.4,,0
3.4+0.0,0.0,3.4,,0
3.4+0.2,0.2,3.4,,0
3.4+0.4,0.4,3.4,,0
3.4+0.6,0.6,3.4,,0
3.4+0.8,0.8,3.4,,0
3.4+1.0,1.0,3.4,,0
3.4+1.2,1.2,3.4,,0
3.4+1.4,1.4,3.4,,0
3.4+1.6,1.6,3.4,,0
3.4+1.8,1.8,3.4,,0
3.4+2.0,2.0,3.4,,0
3.4+2.2,2.2,3.4,,0
3.4+2.4,2.4,3.4,,0
3.4+2.6,2.6,3.4,,0
3.4+2.8,2.8,3.4,,0
3.4+3.0,3.0,3.4,,0
3.4+3.2,3.2,3.4,,0
3.4+3.4,3.4,3.4,,0
3.4+3.6,3.6,3.4,,0
3.4+3.8,3.8,3.4,,0
3.4+4.0,4.0,3.4,,0
3.4+4.2,4.2,3.4,,0
3.4+4.4,4.4,3.4,,0
3.4+4.6,4.6,3.4,,0
3.4+4.8,4.8,3.4,,0
3.4+5.0,5.0,3.4,0.44051892,1
3.4+5.2,5.2,3.4,0.8744061,3
3.4+5.4,5.4,3.4,0.9736608,4
3.4+5.6,5.6,3.4,0.5232162,3
3.4+5.8,5.8,3.4,0.58430845,1
3.4+6.0,6.0,3.4,0.5917415,1
3.4+6.2,6.2,3.4,0.80876577,2
3.4+6.4,6.4,3.4,,0
3.4+6.6,6.6,3.4,,0
3.4+6.8,6.8,3.4,,0
3.4+7.0,7.0,3.4,,0
3.4+7.2,7.2,3.4,,0
3.4+7.4,7.4,3.4,,0
3.4+7.6,7.6,3.4,,0
3.4+7.8,7.8,3.4,,0
3.4+8.0,8.0,3.4,,0
3.4+8.2,8.2,3.4,,0
3.4+8.4,8.4,3.4,,0
3.4+8.6,8.6,3.4,,0
3.4+8.8,8.8,3.4,,0
3.4+9.0,9.0,3.4,,0
3.4+9.2,9.2,3.4,,0
3.4+9.4,9.4,3.4,,0
3.4+9.6,9.6,3.4,,0
3.6+-0.2,-0.2,3.6,,0
3.6+-0.4,-0.4,3.6,,0
3.6+-0.6,-0.6,3.6,,0
3.6+-0.8,-0.8,3.6,,0
3.6+-1.0,-1.0,3.6,,0
3.6+-1.2,-1.2,3.6,,0
3.6+-1.4,-1.4,3.6,,0
3.6+-1.6,-1.6,3.6,,0
3.6+-1.8,-1.8,3.6,,0
3.6+-2.0,-2.0,3.6,,0
3.6+-2.2,-2.2,3.6,,0
3.6+-2.4,-2.4,3.6,,0
3.6+-2.6,-2.6,3.6,,0
3.6+-2.8,-2.8,3.6,,0
3.6+-3.0,-3.0,3.6,,0
3.6+-3.2,-3.2,3.6,,0
3.6+-3.4,-3.4,3.6,,0
3.6+-3.6,-3.6,3.6,,0
3.6+-3.8,-3.8,3.6,,0
3.6+-4.0,-4.0,3.6,,0
3.6+-4.2,-4.2,3.6,,0
3.6+-4.4,-4.4,3.6,,0
3.6+-4.6,-4.6,3.6,,0
3.6+-4.8,-4.8,3.6,,0
3.6+-5.0,-5.0,3.6,,0
3.6+-5.2,-5.2,3.6,,0
3.6+-5.4,-5.4,3.6,,0
3.6+-5.6,-5.6,3.6,,0
3.6+-5.8,-5.8,3.6,,0
3.6+-6.0,-6.0,3.6,,0
3.6+-6.2,-6.2,3.6,,0
3.6+-6.4,-6.4,3.6,,0
3.6+-6.6,-6.6,3.6,,0
3.6+-6.8,-6.8,3.6,,0
3.6+-7.0,-7.0,3.6,,0
3.6+-7.2,-7.2,3.6,,0
3.6+-7.4,-7.4,3.6,,0
3.6+-7.6,-7.6,3.6,,0
3.6+-7.8,-7.8,3.6,,0
3.6+-8.0,-8.0,3.6,,0
3.6+0.0,0.0,3.6,,0
3.6+0.2,0.2,3.6,,0
3.6+0.4,0.4,3.6,,0
3.6+0.6,0.6,3.6,,0
3.6+0.8,0.8,3.6,,0
3.6+1.0,1.0,3.6,,0
3.6+1.2,1.2,3.6,,0
3.6+1.4,1.4,3.6,,0
3.6+1.6,1.6,3.6,,0
3.6+1.8,1.8,3.6,,0
3.6+2.0,2.0,3.6,,0
3.6+2.2,2.2,3.6,,0
3.6+2.4,2.4,3.6,,0
3.6+2.6,2.6,3.6,,0
3.6+2.8,2.8,3.6,,0
3.6+3.0,3.0,3.6,,0
3.6+3.2,3.2,3.6,,0
3.6+3.4,3.4,3.6,,0
3.6+3.6,3.6,3.6,,0
3.6+3.8,3.8,3.6,,0
3.6+4.0,4.0,3.6,,0
3.6+4.2,4.2,3.6,,0
3.6+4.4,4.4,3.6,,0
3.6+4.6,4.6,3.6,,0
3.6+4.8,4.8,3.6,,0
3.6+5.0,5.0,3.6,,0
3.6+5.2,5.2,3.6,,0
3.6+5.4,5.4,3.6,,0
3.6+5.6,5.6,3.6,,0
3.6+5.8,5.8,3.6,0.8110245,1
3.6+6.0,6.0,3.6,1.1681473,1
3.6+6.2,6.2,3.6,,0
3.6+6.4,6.4,3.6,,0
3.6+6.6,6.6,3.6,,0
3.6+6.8,6.8,3.6,1.1080744,1
3.6+7.0,7.0,3.6,,0
3.6+7.2,7.2,3.6,,0
3.6+7.4,7.4,3.6,,0
3.6+7.6,7.6,3.6,,0
3.6+7.8,7.8,3.6,0.46322522,1
3.6+8.0,8.0,3.6,,0
3.6+8.2,8.2,3.6,,0
3.6+8.4,8.4,3.6,,0
3.6+8.6,8.6,3.6,,0
3.6+8.8,8.8,3.6,,0
3.6+9.0,9.0,3.6,,0
3.6+9.2,9.2,3.6,,0
3.6+9.4,9.4,3.6,,0
3.6+9.6,9.6,3.6,,0
3.8+-0.2,-0.2,3.8,,0
3.8+-0.4,-0.4,3.8,,0
3.8+-0.6,-0.6,3.8,,0
3.8+-0.8,-0.8,3.8,,0
3.8+-1.0,-1.0,3.8,,0
3.8+-1.2,-1.2,3.8,,0
3.8+-1.4,-1.4,3.8,,0
3.8+-1.6,-1.6,3.8,,0
3.8+-1.8,-1.8,3.8,,0
3.8+-2.0,-2.0,3.8,,0
3.8+-2.2,-2.2,3.8,,0
3.8+-2.4,-2.4,3.8,,0
3.8+-2.6,-2.6,3.8,,0
3.8+-2.8,-2.8,3.8,,0
3.8+-3.0,-3.0,3.8,,0
3.8+-3.2,-3.2,3.8,,0
3.8+-3.4,-3.4,3.8,,0
3.8+-3.6,-3.6,3.8,,0
3.8+-3.8,-3.8,3.8,,0
3.8+-4.0,-4.0,3.8,,0
3.8+-4.2,-4.2,3.8,,0
3.8+-4.4,-4.4,3.8,,0
3.8+-4.6,-4.6,3.8,,0
3.8+-4.8,-4.8,3.8,,0
3.8+-5.0,-5.0,3.8,,0
3.8+-5.2,-5.2,3.8,,0
3.8+-5.4,-5.4,3.8,,0
3.8+-5.6,-5.6,3.8,,0
3.8+-5.8,-5.8,3.8,,0
3.8+-6.0,-6.0,3.8,,0
3.8+-6.2,-6.2,3.8,,0
3.8+-6.4,-6.4,3.8,,0
3.8+-6.6,-6.6,3.8,,0
3.8+-6.8,-6.8,3.8,,0
3.8+-7.0,-7.0,3.8,,0
3.8+-7.2,-7.2,3.8,,0
3.8+-7.4,-7.4,3.8,,0
3.8+-7.6,-7.6,3.8,,0
3.8+-7.8,-7.8,3.8,,0
3.8+-8.0,-8.0,3.8,,0
3.8+0.0,0.0,3.8,,0
3.8+0.2,0.2,3.8,,0
3.8+0.4,0.4,3.8,,0
3.8+0.6,0.6,3.8,,0
3.8+0.8,0.8,3.8,,0
3.8+1.0,1.0,3.8,,0
3.8+1.2,1.2,3.8,,0
3.8+1.4,1.4,3.8,,0
3.8+1.6,1.6,3.8,,0
3.8+1.8,1.8,3.8,,0
3.8+2.0,2.0,3.8,,0
3.8+2.2,2.2,3.8,,0
3.8+2.4,2.4,3.8,,0
3.8+2.6,2.6,3.8,,0
3.8+2.8,2.8,3.8,,0
3.8+3.0,3.0,3.8,,0
3.8+3.2,3.2,3.8,,0
3.8+3.4,3.4,3.8,,0
3.8+3.6,3.6,3.8,,0
3.8+3.8,3.8,3.8,,0
3.8+4.0,4.0,3.8,,0
3.8+4.2,4.2,3.8,,0
3.8+4.4,4.4,3.8,,0
3.8+4.6,4.6,3.8,,0
3.8+4.8,4.8,3.8,,0
3.8+5.0,5.0,3.8,,0
3.8+5.2,5.2,3.8,,0
3.8+5.4,5.4,3.8,,0
3.8+5.6,5.6,3.8,0.42118633,1
3.8+5.8,5.8,3.8,,0
3.8+6.0,6.0,3.8,1.4707612,1
3.8+6.2,6.2,3.8,,0
3.8+6.4,6.4,3.8,,0
3.8+6.6,6.6,3.8,,0
3.8+6.8,6.8,3.8,,0
3.8+7.0,7.0,3.8,,0
3.8+7.2,7.2,3.8,,0
3.8+7.4,7.4,3.8,,0
3.8+7.6,7.6,3.8,,0
3.8+7.8,7.8,3.8,,0
3.8+8.0,8.0,3.8,,0
3.8+8.2,8.2,3.8,,0
3.8+8.4,8.4,3.8,,0
3.8+8.6,8.6,3.8,,0
3.8+8.8,8.8,3.8,,0
3.8+9.0,9.0,3.8,,0
3.8+9.2,9.2,3.8,,0
3.8+9.4,9.4,3.8,,0
3.8+9.6,9.6,3.8,,0
4.0+-0.2,-0.2,4.0,,0
4.0+-0.4,-0.4,4.0,,0
4.0+-0.6,-0.6,4.0,,0
4.0+-0.8,-0.8,4.0,,0
4.0+-1.0,-1.0,4.0,,0
4.0+-1.2,-1.2,4.0,,0
4.0+-1.4,-1.4,4.0,,0
4.0+-1.6,-1.6,4.0,,0
4.0+-1.8,-1.8,4.0,,0
4.0+-2.0,-2.0,4.0,,0
4.0+-2.2,-2.2,4.0,,0
4.0+-2.4,-2.4,4.0,,0
4.0+-2.6,-2.6,4.0,,0
4.0+-2.8,-2.8,4.0,,0
4.0+-3.0,-3.0,4.0,,0
4.0+-3.2,-3.2,4.0,,0
4.0+-3.4,-3.4,4.0,,0
4.0+-3.6,-3.6,4.0,,0
4.0+-3.8,-3.8,4.0,,0
4.0+-4.0,-4.0,4.0,,0
4.0+-4.2,-4.2,4.0,,0
4.0+-4.4,-4.4,4.0,,0
4.0+-4.6,-4.6,4.0,,0
4.0+-4.8,-4.8,4.0,,0
4.0+-5.0,-5.0,4.0,,0
4.0+-5.2,-5.2,4.0,,0
4.0+-5.4,-5.4,4.0,,0
4.0+-5.6,-5.6,4.0,,0
4.0+-5.8,-5.8,4.0,,0
4.0+-6.0,-6.0,4.0,,0
4.0+-6.2,-6.2,4.0,,0
4.0+-6.4,-6.4,4.0,,0
4.0+-6.6,-6.6,4.0,,0
4.0+-6.8,-6.8,4.0,,0
4.0+-7.0,-7.0,4.0,,0
4.0+-7.2,-7.2,4.0,,0
4.0+-7.4,-7.4,4.0,,0
4.0+-7.6,-7.6,4.0,,0
4.0+-7.8,-7.8,4.0,,0
4.0+-8.0,-8.0,4.0,,0
4.0+0.0,0.0,4.0,,0
4.0+0.2,0.2,4.0,,0
4.0+0.4,0.4,4.0,,0
4.0+0.6,0.6,4.0,,0
4.0+0.8,0.8,4.0,,0
4.0+1.0,1.0,4.0,,0
4.0+1.2,1.2,4.0,,0
4.0+1.4,1.4,4.0,,0
4.0+1.6,1.6,4.0,,0
4.0+1.8,1.8,4.0,,0
4.0+2.0,2.0,4.0,,0
4.0+2.2,2.2,4.0,,0
4.0+2.4,2.4,4.0,,0
4.0+2.6,2.6,4.0,,0
4.0+2.8,2.8,4.0,,0
4.0+3.0,3.0,4.0,,0
4.0+3.2,3.2,4.0,,0
4.0+3.4,3.4,4.0,,0
4.0+3.6,3.6,4.0,0.7496268,1
4.0+3.8,3.8,4.0,,0
4.0+4.0,4.0,4.0,,0
4.0+4.2,4.2,4.0,,0
4.0+4.4,4.4,4.0,,0
4.0+4.6,4.6,4.0,,0
4.0+4.8,4.8,4.0,,0
4.0+5.0,5.0,4.0,,0
4.0+5.2,5.2,4.0,,0
4.0+5.4,5.4,4.0,,0
4.0+5.6,5.6,4.0,,0
4.0+5.8,5.8,4.0,,0
4.0+6.0,6.0,4.0,,0
4.0+6.2,6.2,4.0,,0
4.0+6.4,6.4,4.0,,0
4.0+6.6,6.6,4.0,,0
4.0+6.8,6.8,4.0,,0
4.0+7.0,7.0,4.0,,0
4.0+7.2,7.2,4.0,,0
4.0+7.4,7.4,4.0,0.5091903,1
4.0+7.6,7.6,4.0,,0
4.0+7.8,7.8,4.0,,0
4.0+8.0,8.0,4.0,,0
4.0+8.2,8.2,4.0,,0
4.0+8.4,8.4,4.0,,0
4.0+8.6,8.6,4.0,,0
4.0+8.8,8.8,4.0,,0
4.0+9.0,9.0,4.0,,0
4.0+9.2,9.2,4.0,,0
4.0+9.4,9.4,4.0,,0
4.0+9.6,9.6,4.0,,0
4.2+-0.2,-0.2,4.2,,0
4.2+-0.4,-0.4,4.2,,0
4.2+-0.6,-0.6,4.2,,0
4.2+-0.8,-0.8,4.2,,0
4.2+-1.0,-1.0,4.2,,0
4.2+-1.2,-1.2,4.2,,0
4.2+-1.4,-1.4,4.2,,0
4.2+-1.6,-1.6,4.2,,0
4.2+-1.8,-1.8,4.2,,0
4.2+-2.0,-2.0,4.2,,0
4.2+-2.2,-2.2,4.2,,0
4.2+-2.4,-2.4,4.2,,0
4.2+-2.6,-2.6,4.2,,0
4.2+-2.8,-2.8,4.2,,0
4.2+-3.0,-3.0,4.2,,0
4.2+-3.2,-3.2,4.2,,0
4.2+-3.4,-3.4,4.2,,0
4.2+-3.6,-3.6,4.2,,0
4.2+-3.8,-3.8,4.2,,0
4.2+-4.0,-4.0,4.2,,0
4.2+-4.2,-4.2,4.2,,0
4.2+-4.4,-4.4,4.2,,0
4.2+-4.6,-4.6,4.2,,0
4.2+-4.8,-4.8,4.2,,0
4.2+-5.0,-5.0,4.2,,0
4.2+-5.2,-5.2,4.2,,0
4.2+-5.4,-5.4,4.2,,0
4.2+-5.6,-5.6,4.2,,0
4.2+-5.8,-5.8,4.2,,0
4.2+-6.0,-6.0,4.2,,0
4.2+-6.2,-6.2,4.2,,0
4.2+-6.4,-6.4,4.2,,0
4.2+-6.6,-6.6,4.2,,0
4.2+-6.8,-6.8,4.2,,0
4.2+-7.0,-7.0,4.2,,0
4.2+-7.2,-7.2,4.2,,0
4.2+-7.4,-7.4,4.2,,0
4.2+-7.6,-7.6,4.2,,0
4.2+-7.8,-7.8,4.2,,0
4.2+-8.0,-8.0,4.2,,0
4.2+0.0,0.0,4.2,,0
4.2+0.2,0.2,4.2,,0
4.2+0.4,0.4,4.2,,0
4.2+0.6,0.6,4.2,,0
4.2+0.8,0.8,4.2,,0
4.2+1.0,1.0,4.2,,0
4.2+1.2,1.2,4.2,,0
4.2+1.4,1.4,4.2,,0
4.2+1.6,1.6,4.2,,0
4.2+1.8,1.8,4.2,,0
4.2+2.0,2.0,4.2,,0
4.2+2.2,2.2,4.2,,0
4.2+2.4,2.4,4.2,,0
4.2+2.6,2.6,4.2,,0
4.2+2.8,2.8,4.2,,0
4.2+3.0,3.0,4.2,,0
4.2+3.2,3.2,4.2,,0
4.2+3.4,3.4,4.2,,0
4.2+3.6,3.6,4.2,,0
4.2+3.8,3.8,4.2,,0
4.2+4.0,4.0,4.2,,0
4.2+4.2,4.2,4.2,,0
4.2+4.4,4.4,4.2,,0
4.2+4.6,4.6,4.2,,0
4.2+4.8,4.8,4.2,,0
4.2+5.0,5.0,4.2,,0
4.2+5.2,5.2,4.2,,0
4.2+5.4,5.4,4.2,,0
4.2+5.6,5.6,4.2,,0
4.2+5.8,5.8,4.2,,0
4.2+6.0,6.0,4.2,,0
4.2+6.2,6.2,4.2,,0
4.2+6.4,6.4,4.2,,0
4.2+6.6,6.6,4.2,0.11595166,1
4.2+6.8,6.8,4.2,,0
4.2+7.0,7.0,4.2,,0
4.2+7.2,7.2,4.2,,0
4.2+7.4,7.4,4.2,,0
4.2+7.6,7.6,4.2,,0
4.2+7.8,7.8,4.2,,0
4.2+8.0,8.0,4.2,,0
4.2+8.2,8.2,4.2,,0
4.2+8.4,8.4,4.2,,0
4.2+8.6,8.6,4.2,,0
4.2+8.8,8.8,4.2,,0
4.2+9.0,9.0,4.2,,0
4.2+9.2,9.2,4.2,,0
4.2+9.4,9.4,4.2,,0
4.2+9.6,9.6,4.2,,0
4.4+-0.2,-0.2,4.4,,0
4.4+-0.4,-0.4,4.4,,0
4.4+-0.6,-0.6,4.4,,0
4.4+-0.8,-0.8,4.4,,0
4.4+-1.0,-1.0,4.4,,0
4.4+-1.2,-1.2,4.4,,0
4.4+-1.4,-1.4,4.4,,0
4.4+-1.6,-1.6,4.4,,0
4.4+-1.8,-1.8,4.4,,0
4.4+-2.0,-2.0,4.4,,0
4.4+-2.2,-2.2,4.4,,0
4.4+-2.4,-2.4,4.4,,0
4.4+-2.6,-2.6,4.4,,0
4.4+-2.8,-2.8,4.4,,0
4.4+-3.0,-3.0,4.4,,0
4.4+-3.2,-3.2,4.4,,0
4.4+-3.4,-3.4,4.4,,0
4.4+-3.6,-3.6,4.4,,0
4.4+-3.8,-3.8,4.4,,0
4.4+-4.0,-4.0,4.4,,0
4.4+-4.2,-4.2,4.4,,0
4.4+-4.4,-4.4,4.4,,0
4.4+-4.6,-4.6,4.4,,0
4.4+-4.8,-4.8,4.4,,0
4.4+-5.0,-5.0,4.4,,0
4.4+-5.2,-5.2,4.4,,0
4.4+-5.4,-5.4,4.4,,0
4.4+-5.6,-5.6,4.4,,0
4.4+-5.8,-5.8,4.4,,0
4.4+-6.0,-6.0,4.4,,0
4.4+-6.2,-6.2,4.4,,0
4.4+-6.4,-6.4,4.4,,0
4.4+-6.6,-6.6,4.4,,0
4.4+-6.8,-6.8,4.4,,0
4.4+-7.0,-7.0,4.4,,0
4.4+-7.2,-7.2,4.4,,0
4.4+-7.4,-7.4,4.4,,0
4.4+-7.6,-7.6,4.4,,0
4.4+-7.8,-7.8,4.4,,0
4.4+-8.0,-8.0,4.4,,0
4.4+0.0,0.0,4.4,,0
4.4+0.2,0.2,4.4,,0
4.4+0.4,0.4,4.4,,0
4.4+0.6,0.6,4.4,,0
4.4+0.8,0.8,4.4,,0
4.4+1.0,1.0,4.4,,0
4.4+1.2,1.2,4.4,,0
4.4+1.4,1.4,4.4,,0
4.4+1.6,1.6,4.4,,0
4.4+1.8,1.8,4.4,,0
4.4+2.0,2.0,4.4,,0
4.4+2.2,2.2,4.4,,0
4.4+2.4,2.4,4.4,,0
4.4+2.6,2.6,4.4,,0
4.4+2.8,2.8,4.4,,0
4.4+3.0,3.0,4.4,,0
4.4+3.2,3.2,4.4,,0
4.4+3.4,3.4,4.4,,0
4.4+3.6,3.6,4.4,,0
4.4+3.8,3.8,4.4,,0
4.4+4.0,4.0,4.4,,0
4.4+4.2,4.2,4.4,,0
4.4+4.4,4.4,4.4,,0
4.4+4.6,4.6,4.4,,0
4.4+4.8,4.8,4.4,,0
4.4+5.0,5.0,4.4,,0
4.4+5.2,5.2,4.4,,0
4.4+5.4,5.4,4.4,,0
4.4+5.6,5.6,4.4,,0
4.4+5.8,5.8,4.4,,0
4.4+6.0,6.0,4.4,,0
4.4+6.2,6.2,4.4,,0
4.4+6.4,6.4,4.4,,0
4.4+6.6,6.6,4.4,,0
4.4+6.8,6.8,4.4,,0
4.4+7.0,7.0,4.4,,0
4.4+7.2,7.2,4.4,,0
4.4+7.4,7.4,4.4,,0
4.4+7.6,7.6,4.4,,0
4.4+7.8,7.8,4.4,,0
4.4+8.0,8.0,4.4,,0
4.4+8.2,8.2,4.4,,0
4.4+8.4,8.4,4.4,,0
4.4+8.6,8.6,4.4,,0
4.4+8.8,8.8,4.4,,0
4.4+9.0,9.0,4.4,,0
4.4+9.2,9.2,4.4,,0
4.4+9.4,9.4,4.4,,0
4.4+9.6,9.6,4.4,,0
4.6+-0.2,-0.2,4.6,,0
4.6+-0.4,-0.4,4.6,,0
4.6+-0.6,-0.6,4.6,,0
4.6+-0.8,-0.8,4.6,,0
4.6+-1.0,-1.0,4.6,,0
4.6+-1.2,-1.2,4.6,,0
4.6+-1.4,-1.4,4.6,,0
4.6+-1.6,-1.6,4.6,,0
4.6+-1.8,-1.8,4.6,,0
4.6+-2.0,-2.0,4.6,,0
4.6+-2.2,-2.2,4.6,,0
4.6+-2.4,-2.4,4.6,,0
4.6+-2.6,-2.6,4.6,,0
4.6+-2.8,-2.8,4.6,,0
4.6+-3.0,-3.0,4.6,,0
4.6+-3.2,-3.2,4.6,,0
4.6+-3.4,-3.4,4.6,,0
4.6+-3.6,-3.6,4.6,,0
4.6+-3.8,-3.8,4.6,,0
4.6+-4.0,-4.0,4.6,,0
4.6+-4.2,-4.2,4.6,,0
4.6+-4.4,-4.4,4.6,,0
4.6+-4.6,-4.6,4.6,,0
4.6+-4.8,-4.8,4.6,,0
4.6+-5.0,-5.0,4.6,,0
4.6+-5.2,-5.2,4.6,,0
4.6+-5.4,-5.4,4.6,,0
4.6+-5.6,-5.6,4.6,,0
4.6+-5.8,-5.8,4.6,,0
4.6+-6.0,-6.0,4.6,,0
4.6+-6.2,-6.2,4.6,,0
4.6+-6.4,-6.4,4.6,,0
4.6+-6.6,-6.6,4.6,,0
4.6+-6.8,-6.8,4.6,,0
4.6+-7.0,-7.0,4.6,,0
4.6+-7.2,-7.2,4.6,,0
4.6+-7.4,-7.4,4.6,,0
4.6+-7.6,-7.6,4.6,,0
4.6+-7.8,-7.8,4.6,,0
4.6+-8.0,-8.0,4.6,,0
4.6+0.0,0.0,4.6,,0
4.6+0.2,0.2,4.6,,0
4.6+0.4,0.4,4.6,,0
4.6+0.6,0.6,4.6,,0
4.6+0.8,0.8,4.6,,0
4.6+1.0,1.0,4.6,,0
4.6+1.2,1.2,4.6,,0
4.6+1.4,1.4,4.6,,0
4.6+1.6,1.6,4.6,,0
4.6+1.8,1.8,4.6,,0
4.6+2.0,2.0,4.6,,0
4.6+2.2,2.2,4.6,,0
4.6+2.4,2.4,4.6,,0
4.6+2.6,2.6,4.6,,0
4.6+2.8,2.8,4.6,,0
4.6+3.0,3.0,4.6,,0
4.6+3.2,3.2,4.6,,0
4.6+3.4,3.4,4.6,,0
4.6+3.6,3.6,4.6,,0
4.6+3.8,3.8,4.6,,0
4.6+4.0,4.0,4.6,,0
4.6+4.2,4.2,4.6,,0
4.6+4.4,4.4,4.6,,0
4.6+4.6,4.6,4.6,,0
4.6+4.8,4.8,4.6,,0
4.6+5.0,5.0,4.6,,0
4.6+5.2,5.2,4.6,,0
4.6+5.4,5.4,4.6,,0
4.6+5.6,5.6,4.6,,0
4.6+5.8,5.8,4.6,,0
4.6+6.0,6.0,4.6,,0
4.6+6.2,6.2,4.6,,0
4.6+6.4,6.4,4.6,,0
4.6+6.6,6.6,4.6,,0
4.6+6.8,6.8,4.6,,0
4.6+7.0,7.0,4.6,,0
4.6+7.2,7.2,4.6,,0
4.6+7.4,7.4,4.6,,0
4.6+7.6,7.6,4.6,,0
4.6+7.8,7.8,4.6,,0
4.6+8.0,8.0,4.6,,0
4.6+8.2,8.2,4.6,,0
4.6+8.4,8.4,4.6,,0
4.6+8.6,8.6,4.6,,0
4.6+8.8,8.8,4.6,,0
4.6+9.0,9.0,4.6,,0
4.6+9.2,9.2,4.6,,0
4.6+9.4,9.4,4.6,,0
4.6+9.6,9.6,4.6,,0
4.8+-0.2,-0.2,4.8,,0
4.8+-0.4,-0.4,4.8,,0
4.8+-0.6,-0.6,4.8,,0
4.8+-0.8,-0.8,4.8,,0
4.8+-1.0,-1.0,4.8,,0
4.8+-1.2,-1.2,4.8,,0
4.8+-1.4,-1.4,4.8,,0
4.8+-1.6,-1.6,4.8,,0
4.8+-1.8,-1.8,4.8,,0
4.8+-2.0,-2.0,4.8,,0
4.8+-2.2,-2.2,4.8,,0
4.8+-2.4,-2.4,4.8,,0
4.8+-2.6,-2.6,4.8,,0
4.8+-2.8,-2.8,4.8,,0
4.8+-3.0,-3.0,4.8,,0
4.8+-3.2,-3.2,4.8,,0
4.8+-3.4,-3.4,4.8,,0
4.8+-3.6,-3.6,4.8,,0
4.8+-3.8,-3.8,4.8,,0
4.8+-4.0,-4.0,4.8,,0
4.8+-4.2,-4.2,4.8,,0
4.8+-4.4,-4.4,4.8,,0
4.8+-4.6,-4.6,4.8,,0
4.8+-4.8,-4.8,4.8,,0
4.8+-5.0,-5.0,4.8,,0
4.8+-5.2,-5.2,4.8,,0
4.8+-5.4,-5.4,4.8,,0
4.8+-5.6,-5.6,4.8,,0
4.8+-5.8,-5.8,4.8,,0
4.8+-6.0,-6.0,4.8,,0
4.8+-6.2,-6.2,4.8,,0
4.8+-6.4,-6.4,4.8,,0
4.8+-6.6,-6.6,4.8,,0
4.8+-6.8,-6.8,4.8,,0
4.8+-7.0,-7.0,4.8,,0
4.8+-7.2,-7.2,4.8,,0
4.8+-7.4,-7.4,4.8,,0
4.8+-7.6,-7.6,4.8,,0
4.8+-7.8,-7.8,4.8,,0
4.8+-8.0,-8.0,4.8,,0
4.8+0.0,0.0,4.8,,0
4.8+0.2,0.2,4.8,,0
4.8+0.4,0.4,4.8,,0
4.8+0.6,0.6,4.8,,0
4.8+0.8,0.8,4.8,,0
4.8+1.0,1.0,4.8,,0
4.8+1.2,1.2,4.8,,0
4.8+1.4,1.4,4.8,,0
4.8+1.6,1.6,4.8,,0
4.8+1.8,1.8,4.8,,0
4.8+2.0,2.0,4.8,,0
4.8+2.2,2.2,4.8,,0
4.8+2.4,2.4,4.8,,0
4.8+2.6,2.6,4.8,,0
4.8+2.8,2.8,4.8,,0
4.8+3.0,3.0,4.8,,0
4.8+3.2,3.2,4.8,,0
4.8+3.4,3.4,4.8,,0
4.8+3.6,3.6,4.8,,0
4.8+3.8,3.8,4.8,,0
4.8+4.0,4.0,4.8,,0
4.8+4.2,4.2,4.8,,0
4.8+4.4,4.4,4.8,,0
4.8+4.6,4.6,4.8,,0
4.8+4.8,4.8,4.8,,0
4.8+5.0,5.0,4.8,,0
4.8+5.2,5.2,4.8,,0
4.8+5.4,5.4,4.8,,0
4.8+5.6,5.6,4.8,,0
4.8+5.8,5.8,4.8,,0
4.8+6.0,6.0,4.8,,0
4.8+6.2,6.2,4.8,,0
4.8+6.4,6.4,4.8,,0
4.8+6.6,6.6,4.8,,0
4.8+6.8,6.8,4.8,,0
4.8+7.0,7.0,4.8,,0
4.8+7.2,7.2,4.8,,0
4.8+7.4,7.4,4.8,,0
4.8+7.6,7.6,4.8,,0
4.8+7.8,7.8,4.8,,0
4.8+8.0,8.0,4.8,,0
4.8+8.2,8.2,4.8,,0
4.8+8.4,8.4,4.8,,0
4.8+8.6,8.6,4.8,,0
4.8+8.8,8.8,4.8,,0
4.8+9.0,9.0,4.8,,0
4.8+9.2,9.2,4.8,,0
4.8+9.4,9.4,4.8,,0
4.8+9.6,9.6,4.8,,0
5.0+-0.2,-0.2,5.0,,0
5.0+-0.4,-0.4,5.0,,0
5.0+-0.6,-0.6,5.0,,0
5.0+-0.8,-0.8,5.0,,0
5.0+-1.0,-1.0,5.0,,0
5.0+-1.2,-1.2,5.0,,0
5.0+-1.4,-1.4,5.0,,0
5.0+-1.6,-1.6,5.0,,0
5.0+-1.8,-1.8,5.0,,0
5.0+-2.0,-2.0,5.0,,0
5.0+-2.2,-2.2,5.0,,0
5.0+-2.4,-2.4,5.0,,0
5.0+-2.6,-2.6,5.0,,0
5.0+-2.8,-2.8,5.0,,0
5.0+-3.0,-3.0,5.0,,0
5.0+-3.2,-3.2,5.0,,0
5.0+-3.4,-3.4,5.0,,0
5.0+-3.6,-3.6,5.0,,0
5.0+-3.8,-3.8,5.0,,0
5.0+-4.0,-4.0,5.0,,0
5.0+-4.2,-4.2,5.0,,0
5.0+-4.4,-4.4,5.0,,0
5.0+-4.6,-4.6,5.0,,0
5.0+-4.8,-4.8,5.0,,0
5.0+-5.0,-5.0,5.0,,0
5.0+-5.2,-5.2,5.0,,0
5.0+-5.4,-5.4,5.0,,0
5.0+-5.6,-5.6,5.0,,0
5.0+-5.8,-5.8,5.0,,0
5.0+-6.0,-6.0,5.0,,0
5.0+-6.2,-6.2,5.0,,0
5.0+-6.4,-6.4,5.0,,0
5.0+-6.6,-6.6,5.0,,0
5.0+-6.8,-6.8,5.0,,0
5.0+-7.0,-7.0,5.0,,0
5.0+-7.2,-7.2,5.0,,0
5.0+-7.4,-7.4,5.0,,0
5.0+-7.6,-7.6,5.0,,0
5.0+-7.8,-7.8,5.0,,0
5.0+-8.0,-8.0,5.0,,0
5.0+0.0,0.0,5.0,,0
5.0+0.2,0.2,5.0,,0
5.0+0.4,0.4,5.0,,0
5.0+0.6,0.6,5.0,,0
5.0+0.8,0.8,5.0,,0
5.0+1.0,1.0,5.0,,0
5.0+1.2,1.2,5.0,,0
5.0+1.4,1.4,5.0,,0
5.0+1.6,1.6,5.0,,0
5.0+1.8,1.8,5.0,,0
5.0+2.0,2.0,5.0,,0
5.0+2.2,2.2,5.0,,0
5.0+2.4,2.4,5.0,,0
5.0+2.6,2.6,5.0,,0
5.0+2.8,2.8,5.0,,0
5.0+3.0,3.0,5.0,,0
5.0+3.2,3.2,5.0,,0
5.0+3.4,3.4,5.0,,0
5.0+3.6,3.6,5.0,,0
5.0+3.8,3.8,5.0,,0
5.0+4.0,4.0,5.0,,0
5.0+4.2,4.2,5.0,,0
5.0+4.4,4.4,5.0,,0
5.0+4.6,4.6,5.0,,0
5.0+4.8,4.8,5.0,,0
5.0+5.0,5.0,5.0,,0
5.0+5.2,5.2,5.0,,0
5.0+5.4,5.4,5.0,,0
5.0+5.6,5.6,5.0,,0
5.0+5.8,5.8,5.0,,0
5.0+6.0,6.0,5.0,,0
5.0+6.2,6.2,5.0,,0
5.0+6.4,6.4,5.0,,0
5.0+6.6,6.6,5.0,,0
5.0+6.8,6.8,5.0,,0
5.0+7.0,7.0,5.0,,0
5.0+7.2,7.2,5.0,,0
5.0+7.4,7.4,5.0,,0
5.0+7.6,7.6,5.0,,0
5.0+7.8,7.8,5.0,,0
5.0+8.0,8.0,5.0,,0
5.0+8.2,8.2,5.0,,0
5.0+8.4,8.4,5.0,,0
5.0+8.6,8.6,5.0,,0
5.0+8.8,8.8,5.0,,0
5.0+9.0,9.0,5.0,,0
5.0+9.2,9.2,5.0,,0
5.0+9.4,9.4,5.0,,0
5.0+9.6,9.6,5.0,,0
5.2+-0.2,-0.2,5.2,,0
5.2+-0.4,-0.4,5.2,,0
5.2+-0.6,-0.6,5.2,,0
5.2+-0.8,-0.8,5.2,,0
5.2+-1.0,-1.0,5.2,,0
5.2+-1.2,-1.2,5.2,,0
5.2+-1.4,-1.4,5.2,,0
5.2+-1.6,-1.6,5.2,,0
5.2+-1.8,-1.8,5.2,,0
5.2+-2.0,-2.0,5.2,,0
5.2+-2.2,-2.2,5.2,,0
5.2+-2.4,-2.4,5.2,,0
5.2+-2.6,-2.6,5.2,,0
5.2+-2.8,-2.8,5.2,,0
5.2+-3.0,-3.0,5.2,,0
5.2+-3.2,-3.2,5.2,,0
5.2+-3.4,-3.4,5.2,,0
5.2+-3.6,-3.6,5.2,,0
5.2+-3.8,-3.8,5.2,,0
5.2+-4.0,-4.0,5.2,,0
5.2+-4.2,-4.2,5.2,,0
5.2+-4.4,-4.4,5.2,,0
5.2+-4.6,-4.6,5.2,,0
5.2+-4.8,-4.8,5.2,,0
5.2+-5.0,-5.0,5.2,,0
5.2+-5.2,-5.2,5.2,,0
5.2+-5.4,-5.4,5.2,,0
5.2+-5.6,-5.6,5.2,,0
5.2+-5.8,-5.8,5.2,,0
5.2+-6.0,-6.0,5.2,,0
5.2+-6.2,-6.2,5.2,,0
5.2+-6.4,-6.4,5.2,,0
5.2+-6.6,-6.6,5.2,,0
5.2+-6.8,-6.8,5.2,,0
5.2+-7.0,-7.0,5.2,,0
5.2+-7.2,-7.2,5.2,,0
5.2+-7.4,-7.4,5.2,,0
5.2+-7.6,-7.6,5.2,,0
5.2+-7.8,-7.8,5.2,,0
5.2+-8.0,-8.0,5.2,,0
5.2+0.0,0.0,5.2,,0
5.2+0.2,0.2,5.2,,0
5.2+0.4,0.4,5.2,,0
5.2+0.6,0.6,5.2,,0
5.2+0.8,0.8,5.2,,0
5.2+1.0,1.0,5.2,,0
5.2+1.2,1.2,5.2,,0
5.2+1.4,1.4,5.2,,0
5.2+1.6,1.6,5.2,,0
5.2+1.8,1.8,5.2,,0
5.2+2.0,2.0,5.2,,0
5.2+2.2,2.2,5.2,,0
5.2+2.4,2.4,5.2,,0
5.2+2.6,2.6,5.2,,0
5.2+2.8,2.8,5.2,,0
5.2+3.0,3.0,5.2,,0
5.2+3.2,3.2,5.2,,0
5.2+3.4,3.4,5.2,,0
5.2+3.6,3.6,5.2,,0
5.2+3.8,3.8,5.2,,0
5.2+4.0,4.0,5.2,,0
5.2+4.2,4.2,5.2,,0
5.2+4.4,4.4,5.2,,0
5.2+4.6,4.6,5.2,,0
5.2+4.8,4.8,5.2,,0
5.2+5.0,5.0,5.2,,0
5.2+5.2,5.2,5.2,,0
5.2+5.4,5.4,5.2,,0
5.2+5.6,5.6,5.2,,0
5.2+5.8,5.8,5.2,,0
5.2+6.0,6.0,5.2,,0
5.2+6.2,6.2,5.2,,0
5.2+6.4,6.4,5.2,,0
5.2+6.6,6.6,5.2,,0
5.2+6.8,6.8,5.2,,0
5.2+7.0,7.0,5.2,,0
5.2+7.2,7.2,5.2,,0
5.2+7.4,7.4,5.2,,0
5.2+7.6,7.6,5.2,,0
5.2+7.8,7.8,5.2,,0
5.2+8.0,8.0,5.2,,0
5.2+8.2,8.2,5.2,,0
5.2+8.4,8.4,5.2,,0
5.2+8.6,8.6,5.2,,0
5.2+8.8,8.8,5.2,,0
5.2+9.0,9.0,5.2,,0
5.2+9.2,9.2,5.2,,0
5.2+9.4,9.4,5.2,,0
5.2+9.6,9.6,5.2,,0
5.4+-0.2,-0.2,5.4,,0
5.4+-0.4,-0.4,5.4,,0
5.4+-0.6,-0.6,5.4,,0
5.4+-0.8,-0.8,5.4,,0
5.4+-1.0,-1.0,5.4,,0
5.4+-1.2,-1.2,5.4,,0
5.4+-1.4,-1.4,5.4,,0
5.4+-1.6,-1.6,5.4,,0
5.4+-1.8,-1.8,5.4,,0
5.4+-2.0,-2.0,5.4,,0
5.4+-2.2,-2.2,5.4,,0
5.4+-2.4,-2.4,5.4,,0
5.4+-2.6,-2.6,5.4,,0
5.4+-2.8,-2.8,5.4,,0
5.4+-3.0,-3.0,5.4,,0
5.4+-3.2,-3.2,5.4,,0
5.4+-3.4,-3.4,5.4,,0
5.4+-3.6,-3.6,5.4,,0
5.4+-3.8,-3.8,5.4,,0
5.4+-4.0,-4.0,5.4,,0
5.4+-4.2,-4.2,5.4,,0
5.4+-4.4,-4.4,5.4,,0
5.4+-4.6,-4.6,5.4,,0
5.4+-4.8,-4.8,5.4,,0
5.4+-5.0,-5.0,5.4,,0
5.4+-5.2,-5.2,5.4,,0
5.4+-5.4,-5.4,5.4,,0
5.4+-5.6,-5.6,5.4,,0
5.4+-5.8,-5.8,5.4,,0
5.4+-6.0,-6.0,5.4,,0
5.4+-6.2,-6.2,5.4,,0
5.4+-6.4,-6.4,5.4,,0
5.4+-6.6,-6.6,5.4,,0
5.4+-6.8,-6.8,5.4,,0
5.4+-7.0,-7.0,5.4,,0
5.4+-7.2,-7.2,5.4,,0
5.4+-7.4,-7.4,5.4,,0
5.4+-7.6,-7.6,5.4,,0
5.4+-7.8,-7.8,5.4,,0
5.4+-8.0,-8.0,5.4,,0
5.4+0.0,0.0,5.4,,0
5.4+0.2,0.2,5.4,,0
5.4+0.4,0.4,5.4,,0
5.4+0.6,0.6,5.4,,0
5.4+0.8,0.8,5.4,,0
5.4+1.0,1.0,5.4,,0
5.4+1.2,1.2,5.4,,0
5.4+1.4,1.4,5.4,,0
5.4+1.6,1.6,5.4,,0
5.4+1.8,1.8,5.4,,0
5.4+2.0,2.0,5.4,,0
5.4+2.2,2.2,5.4,,0
5.4+2.4,2.4,5.4,,0
5.4+2.6,2.6,5.4,,0
5.4+2.8,2.8,5.4,,0
5.4+3.0,3.0,5.4,,0
5.4+3.2,3.2,5.4,,0
5.4+3.4,3.4,5.4,,0
5.4+3.6,3.6,5.4,,0
5.4+3.8,3.8,5.4,,0
5.4+4.0,4.0,5.4,,0
5.4+4.2,4.2,5.4,,0
5.4+4.4,4.4,5.4,,0
5.4+4.6,4.6,5.4,,0
5.4+4.8,4.8,5.4,,0
5.4+5.0,5.0,5.4,,0
5.4+5.2,5.2,5.4,,0
5.4+5.4,5.4,5.4,,0
5.4+5.6,5.6,5.4,,0
5.4+5.8,5.8,5.4,,0
5.4+6.0,6.0,5.4,,0
5.4+6.2,6.2,5.4,,0
5.4+6.4,6.4,5.4,,0
5.4+6.6,6.6,5.4,,0
5.4+6.8,6.8,5.4,,0
5.4+7.0,7.0,5.4,,0
5.4+7.2,7.2,5.4,,0
5.4+7.4,7.4,5.4,,0
5.4+7.6,7.6,5.4,,0
5.4+7.8,7.8,5.4,,0
5.4+8.0,8.0,5.4,,0
5.4+8.2,8.2,5.4,,0
5.4+8.4,8.4,5.4,,0
5.4+8.6,8.6,5.4,,0
5.4+8.8,8.8,5.4,,0
5.4+9.0,9.0,5.4,,0
5.4+9.2,9.2,5.4,,0
5.4+9.4,9.4,5.4,,0
5.4+9.6,9.6,5.4,,0
5.6+-0.2,-0.2,5.6,,0
5.6+-0.4,-0.4,5.6,,0
5.6+-0.6,-0.6,5.6,,0
5.6+-0.8,-0.8,5.6,,0
5.6+-1.0,-1.0,5.6,,0
5.6+-1.2,-1.2,5.6,,0
5.6+-1.4,-1.4,5.6,,0
5.6+-1.6,-1.6,5.6,,0
5.6+-1.8,-1.8,5.6,,0
5.6+-2.0,-2.0,5.6,,0
5.6+-2.2,-2.2,5.6,,0
5.6+-2.4,-2.4,5.6,,0
5.6+-2.6,-2.6,5.6,,0
5.6+-2.8,-2.8,5.6,,0
5.6+-3.0,-3.0,5.6,,0
5.6+-3.2,-3.2,5.6,,0
5.6+-3.4,-3.4,5.6,,0
5.6+-3.6,-3.6,5.6,,0
5.6+-3.8,-3.8,5.6,,0
5.6+-4.0,-4.0,5.6,,0
5.6+-4.2,-4.2,5.6,,0
5.6+-4.4,-4.4,5.6,,0
5.6+-4.6,-4.6,5.6,,0
5.6+-4.8,-4.8,5.6,,0
5.6+-5.0,-5.0,5.6,,0
5.6+-5.2,-5.2,5.6,,0
5.6+-5.4,-5.4,5.6,,0
5.6+-5.6,-5.6,5.6,,0
5.6+-5.8,-5.8,5.6,,0
5.6+-6.0,-6.0,5.6,,0
5.6+-6.2,-6.2,5.6,,0
5.6+-6.4,-6.4,5.6,,0
5.6+-6.6,-6.6,5.6,,0
5.6+-6.8,-6.8,5.6,,0
5.6+-7.0,-7.0,5.6,,0
5.6+-7.2,-7.2,5.6,,0
5.6+-7.4,-7.4,5.6,,0
5.6+-7.6,-7.6,5.6,,0
5.6+-7.8,-7.8,5.6,,0
5.6+-8.0,-8.0,5.6,,0
5.6+0.0,0.0,5.6,,0
5.6+0.2,0.2,5.6,,0
5.6+0.4,0.4,5.6,,0
5.6+0.6,0.6,5.6,,0
5.6+0.8,0.8,5.6,,0
5.6+1.0,1.0,5.6,,0
5.6+1.2,1.2,5.6,,0
5.6+1.4,1.4,5.6,,0
5.6+1.6,1.6,5.6,,0
5.6+1.8,1.8,5.6,,0
5.6+2.0,2.0,5.6,,0
5.6+2.2,2.2,5.6,,0
5.6+2.4,2.4,5.6,,0
5.6+2.6,2.6,5.6,,0
5.6+2.8,2.8,5.6,,0
5.6+3.0,3.0,5.6,,0
5.6+3.2,3.2,5.6,,0
5.6+3.4,3.4,5.6,,0
5.6+3.6,3.6,5.6,,0
5.6+3.8,3.8,5.6,,0
5.6+4.0,4.0,5.6,,0
5.6+4.2,4.2,5.6,,0
5.6+4.4,4.4,5.6,,0
5.6+4.6,4.6,5.6,,0
5.6+4.8,4.8,5.6,,0
5.6+5.0,5.0,5.6,,0
5.6+5.2,5.2,5.6,,0
5.6+5.4,5.4,5.6,,0
5.6+5.6,5.6,5.6,,0
5.6+5.8,5.8,5.6,,0
5.6+6.0,6.0,5.6,,0
5.6+6.2,6.2,5.6,,0
5.6+6.4,6.4,5.6,,0
5.6+6.6,6.6,5.6,,0
5.6+6.8,6.8,5.6,,0
5.6+7.0,7.0,5.6,,0
5.6+7.2,7.2,5.6,,0
5.6+7.4,7.4,5.6,,0
5.6+7.6,7.6,5.6,,0
5.6+7.8,7.8,5.6,,0
5.6+8.0,8.0,5.6,,0
5.6+8.2,8.2,5.6,,0
5.6+8.4,8.4,5.6,,0
5.6+8.6,8.6,5.6,1.28049,1
5.6+8.8,8.8,5.6,,0
5.6+9.0,9.0,5.6,,0
5.6+9.2,9.2,5.6,,0
5.6+9.4,9.4,5.6,,0
5.6+9.6,9.6,5.6,,0
5.8+-0.2,-0.2,5.8,,0
5.8+-0.4,-0.4,5.8,,0
5.8+-0.6,-0.6,5.8,,0
5.8+-0.8,-0.8,5.8,,0
5.8+-1.0,-1.0,5.8,,0
5.8+-1.2,-1.2,5.8,,0
5.8+-1.4,-1.4,5.8,,0
5.8+-1.6,-1.6,5.8,,0
5.8+-1.8,-1.8,5.8,,0
5.8+-2.0,-2.0,5.8,,0
5.8+-2.2,-2.2,5.8,,0
5.8+-2.4,-2.4,5.8,,0
5.8+-2.6,-2.6,5.8,,0
5.8+-2.8,-2.8,5.8,,0
5.8+-3.0,-3.0,5.8,,0
5.8+-3.2,-3.2,5.8,,0
5.8+-3.4,-3.4,5.8,,0
5.8+-3.6,-3.6,5.8,,0
5.8+-3.8,-3.8,5.8,,0
5.8+-4.0,-4.0,5.8,,0
5.8+-4.2,-4.2,5.8,,0
5.8+-4.4,-4.4,5.8,,0
5.8+-4.6,-4.6,5.8,,0
5.8+-4.8,-4.8,5.8,,0
5.8+-5.0,-5.0,5.8,,0
5.8+-5.2,-5.2,5.8,,0
5.8+-5.4,-5.4,5.8,,0
5.8+-5.6,-5.6,5.8,,0
5.8+-5.8,-5.8,5.8,,0
5.8+-6.0,-6.0,5.8,,0
5.8+-6.2,-6.2,5.8,,0
5.8+-6.4,-6.4,5.8,,0
5.8+-6.6,-6.6,5.8,,0
5.8+-6.8,-6.8,5.8,,0
5.8+-7.0,-7.0,5.8,,0
5.8+-7.2,-7.2,5.8,,0
5.8+-7.4,-7.4,5.8,,0
5.8+-7.6,-7.6,5.8,,0
5.8+-7.8,-7.8,5.8,,0
5.8+-8.0,-8.0,5.8,,0
5.8+0.0,0.0,5.8,,0
5.8+0.2,0.2,5.8,,0
5.8+0.4,0.4,5.8,,0
5.8+0.6,0.6,5.8,,0
5.8+0.8,0.8,5.8,,0
5.8+1.0,1.0,5.8,,0
5.8+1.2,1.2,5.8,,0
5.8+1.4,1.4,5.8,,0
5.8+1.6,1.6,5.8,,0
5.8+1.8,1.8,5.8,,0
5.8+2.0,2.0,5.8,,0
5.8+2.2,2.2,5.8,,0
5.8+2.4,2.4,5.8,,0
5.8+2.6,2.6,5.8,,0
5.8+2.8,2.8,5.8,,0
5.8+3.0,3.0,5.8,,0
5.8+3.2,3.2,5.8,,0
5.8+3.4,3.4,5.8,,0
5.8+3.6,3.6,5.8,,0
5.8+3.8,3.8,5.8,,0
5.8+4.0,4.0,5.8,,0
5.8+4.2,4.2,5.8,,0
5.8+4.4,4.4,5.8,,0
5.8+4.6,4.6,5.8,,0
5.8+4.8,4.8,5.8,,0
5.8+5.0,5.0,5.8,,0
5.8+5.2,5.2,5.8,,0
5.8+5.4,5.4,5.8,,0
5.8+5.6,5.6,5.8,,0
5.8+5.8,5.8,5.8,,0
5.8+6.0,6.0,5.8,,0
5.8+6.2,6.2,5.8,,0
5.8+6.4,6.4,5.8,,0
5.8+6.6,6.6,5.8,,0
5.8+6.8,6.8,5.8,,0
5.8+7.0,7.0,5.8,,0
5.8+7.2,7.2,5.8,,0
5.8+7.4,7.4,5.8,,0
5.8+7.6,7.6,5.8,,0
5.8+7.8,7.8,5.8,,0
5.8+8.0,8.0,5.8,,0
5.8+8.2,8.2,5.8,,0
5.8+8.4,8.4,5.8,,0
5.8+8.6,8.6,5.8,,0
5.8+8.8,8.8,5.8,,0
5.8+9.0,9.0,5.8,,0
5.8+9.2,9.2,5.8,,0
5.8+9.4,9.4,5.8,,0
5.8+9.6,9.6,5.8,,0
6.0+-0.2,-0.2,6.0,,0
6.0+-0.4,-0.4,6.0,,0
6.0+-0.6,-0.6,6.0,,0
6.0+-0.8,-0.8,6.0,,0
6.0+-1.0,-1.0,6.0,,0
6.0+-1.2,-1.2,6.0,,0
6.0+-1.4,-1.4,6.0,,0
6.0+-1.6,-1.6,6.0,,0
6.0+-1.8,-1.8,6.0,,0
6.0+-2.0,-2.0,6.0,,0
6.0+-2.2,-2.2,6.0,,0
6.0+-2.4,-2.4,6.0,,0
6.0+-2.6,-2.6,6.0,,0
6.0+-2.8,-2.8,6.0,,0
6.0+-3.0,-3.0,6.0,,0
6.0+-3.2,-3.2,6.0,,0
6.0+-3.4,-3.4,6.0,,0
6.0+-3.6,-3.6,6.0,,0
6.0+-3.8,-3.8,6.0,,0
6.0+-4.0,-4.0,6.0,,0
6.0+-4.2,-4.2,6.0,,0
6.0+-4.4,-4.4,6.0,,0
6.0+-4.6,-4.6,6.0,,0
6.0+-4.8,-4.8,6.0,,0
6.0+-5.0,-5.0,6.0,,0
6.0+-5.2,-5.2,6.0,,0
6.0+-5.4,-5.4,6.0,,0
6.0+-5.6,-5.6,6.0,,0
6.0+-5.8,-5.8,6.0,,0
6.0+-6.0,-6.0,6.0,,0
6.0+-6.2,-6.2,6.0,,0
6.0+-6.4,-6.4,6.0,,0
6.0+-6.6,-6.6,6.0,,0
6.0+-6.8,-6.8,6.0,,0
6.0+-7.0,-7.0,6.0,,0
6.0+-7.2,-7.2,6.0,,0
6.0+-7.4,-7.4,6.0,,0
6.0+-7.6,-7.6,6.0,,0
6.0+-7.8,-7.8,6.0,,0
6.0+-8.0,-8.0,6.0,,0
6.0+0.0,0.0,6.0,,0
6.0+0.2,0.2,6.0,,0
6.0+0.4,0.4,6.0,,0
6.0+0.6,0.6,6.0,,0
6.0+0.8,0.8,6.0,,0
6.0+1.0,1.0,6.0,,0
6.0+1.2,1.2,6.0,,0
6.0+1.4,1.4,6.0,,0
6.0+1.6,1.6,6.0,,0
6.0+1.8,1.8,6.0,,0
6.0+2.0,2.0,6.0,,0
6.0+2.2,2.2,6.0,,0
6.0+2.4,2.4,6.0,,0
6.0+2.6,2.6,6.0,,0
6.0+2.8,2.8,6.0,,0
6.0+3.0,3.0,6.0,,0
6.0+3.2,3.2,6.0,,0
6.0+3.4,3.4,6.0,,0
6.0+3.6,3.6,6.0,,0
6.0+3.8,3.8,6.0,,0
6.0+4.0,4.0,6.0,,0
6.0+4.2,4.2,6.0,,0
6.0+4.4,4.4,6.0,,0
6.0+4.6,4.6,6.0,,0
6.0+4.8,4.8,6.0,,0
6.0+5.0,5.0,6.0,,0
6.0+5.2,5.2,6.0,,0
6.0+5.4,5.4,6.0,,0
6.0+5.6,5.6,6.0,,0
6.0+5.8,5.8,6.0,,0
6.0+6.0,6.0,6.0,,0
6.0+6.2,6.2,6.0,,0
6.0+6.4,6.4,6.0,,0
6.0+6.6,6.6,6.0,,0
6.0+6.8,6.8,6.0,,0
6.0+7.0,7.0,6.0,,0
6.0+7.2,7.2,6.0,,0
6.0+7.4,7.4,6.0,,0
6.0+7.6,7.6,6.0,,0
6.0+7.8,7.8,6.0,,0
6.0+8.0,8.0,6.0,,0
6.0+8.2,8.2,6.0,,0
6.0+8.4,8.4,6.0,,0
6.0+8.6,8.6,6.0,,0
6.0+8.8,8.8,6.0,,0
6.0+9.0,9.0,6.0,,0
6.0+9.2,9.2,6.0,,0
6.0+9.4,9.4,6.0,,0
6.0+9.6,9.6,6.0,,0
6.2+-0.2,-0.2,6.2,,0
6.2+-0.4,-0.4,6.2,,0
6.2+-0.6,-0.6,6.2,,0
6.2+-0.8,-0.8,6.2,,0
6.2+-1.0,-1.0,6.2,,0
6.2+-1.2,-1.2,6.2,,0
6.2+-1.4,-1.4,6.2,,0
6.2+-1.6,-1.6,6.2,,0
6.2+-1.8,-1.8,6.2,,0
6.2+-2.0,-2.0,6.2,,0
6.2+-2.2,-2.2,6.2,,0
6.2+-2.4,-2.4,6.2,,0
6.2+-2.6,-2.6,6.2,,0
6.2+-2.8,-2.8,6.2,,0
6.2+-3.0,-3.0,6.2,,0
6.2+-3.2,-3.2,6.2,,0
6.2+-3.4,-3.4,6.2,,0
6.2+-3.6,-3.6,6.2,,0
6.2+-3.8,-3.8,6.2,,0
6.2+-4.0,-4.0,6.2,,0
6.2+-4.2,-4.2,6.2,,0
6.2+-4.4,-4.4,6.2,,0
6.2+-4.6,-4.6,6.2,,0
6.2+-4.8,-4.8,6.2,,0
6.2+-5.0,-5.0,6.2,,0
6.2+-5.2,-5.2,6.2,,0
6.2+-5.4,-5.4,6.2,,0
6.2+-5.6,-5.6,6.2,,0
6.2+-5.8,-5.8,6.2,,0
6.2+-6.0,-6.0,6.2,,0
6.2+-6.2,-6.2,6.2,,0
6.2+-6.4,-6.4,6.2,,0
6.2+-6.6,-6.6,6.2,,0
6.2+-6.8,-6.8,6.2,,0
6.2+-7.0,-7.0,6.2,,0
6.2+-7.2,-7.2,6.2,,0
6.2+-7.4,-7.4,6.2,,0
6.2+-7.6,-7.6,6.2,,0
6.2+-7.8,-7.8,6.2,,0
6.2+-8.0,-8.0,6.2,,0
6.2+0.0,0.0,6.2,,0
6.2+0.2,0.2,6.2,,0
6.2+0.4,0.4,6.2,,0
6.2+0.6,0.6,6.2,,0
6.2+0.8,0.8,6.2,,0
6.2+1.0,1.0,6.2,,0
6.2+1.2,1.2,6.2,,0
6.2+1.4,1.4,6.2,,0
6.2+1.6,1.6,6.2,,0
6.2+1.8,1.8,6.2,,0
6.2+2.0,2.0,6.2,,0
6.2+2.2,2.2,6.2,,0
6.2+2.4,2.4,6.2,,0
6.2+2.6,2.6,6.2,,0
6.2+2.8,2.8,6.2,,0
6.2+3.0,3.0,6.2,,0
6.2+3.2,3.2,6.2,,0
6.2+3.4,3.4,6.2,,0
6.2+3.6,3.6,6.2,,0
6.2+3.8,3.8,6.2,,0
6.2+4.0,4.0,6.2,,0
6.2+4.2,4.2,6.2,,0
6.2+4.4,4.4,6.2,,0
6.2+4.6,4.6,6.2,,0
6.2+4.8,4.8,6.2,,0
6.2+5.0,5.0,6.2,,0
6.2+5.2,5.2,6.2,,0
6.2+5.4,5.4,6.2,,0
6.2+5.6,5.6,6.2,,0
6.2+5.8,5.8,6.2,,0
6.2+6.0,6.0,6.2,,0
6.2+6.2,6.2,6.2,,0
6.2+6.4,6.4,6.2,,0
6.2+6.6,6.6,6.2,,0
6.2+6.8,6.8,6.2,,0
6.2+7.0,7.0,6.2,,0
6.2+7.2,7.2,6.2,,0
6.2+7.4,7.4,6.2,,0
6.2+7.6,7.6,6.2,,0
6.2+7.8,7.8,6.2,,0
6.2+8.0,8.0,6.2,,0
6.2+8.2,8.2,6.2,,0
6.2+8.4,8.4,6.2,,0
6.2+8.6,8.6,6.2,,0
6.2+8.8,8.8,6.2,,0
6.2+9.0,9.0,6.2,,0
6.2+9.2,9.2,6.2,,0
6.2+9.4,9.4,6.2,,0
6.2+9.6,9.6,6.2,,0
6.4+-0.2,-0.2,6.4,,0
6.4+-0.4,-0.4,6.4,,0
6.4+-0.6,-0.6,6.4,,0
6.4+-0.8,-0.8,6.4,,0
6.4+-1.0,-1.0,6.4,,0
6.4+-1.2,-1.2,6.4,,0
6.4+-1.4,-1.4,6.4,,0
6.4+-1.6,-1.6,6.4,,0
6.4+-1.8,-1.8,6.4,,0
6.4+-2.0,-2.0,6.4,,0
6.4+-2.2,-2.2,6.4,,0
6.4+-2.4,-2.4,6.4,,0
6.4+-2.6,-2.6,6.4,,0
6.4+-2.8,-2.8,6.4,,0
6.4+-3.0,-3.0,6.4,,0
6.4+-3.2,-3.2,6.4,,0
6.4+-3.4,-3.4,6.4,,0
6.4+-3.6,-3.6,6.4,,0
6.4+-3.8,-3.8,6.4,,0
6.4+-4.0,-4.0,6.4,,0
6.4+-4.2,-4.2,6.4,,0
6.4+-4.4,-4.4,6.4,,0
6.4+-4.6,-4.6,6.4,,0
6.4+-4.8,-4.8,6.4,,0
6.4+-5.0,-5.0,6.4,,0
6.4+-5.2,-5.2,6.4,,0
6.4+-5.4,-5.4,6.4,,0
6.4+-5.6,-5.6,6.4,,0
6.4+-5.8,-5.8,6.4,,0
6.4+-6.0,-6.0,6.4,,0
6.4+-6.2,-6.2,6.4,,0
6.4+-6.4,-6.4,6.4,,0
6.4+-6.6,-6.6,6.4,,0
6.4+-6.8,-6.8,6.4,,0
6.4+-7.0,-7.0,6.4,,0
6.4+-7.2,-7.2,6.4,,0
6.4+-7.4,-7.4,6.4,,0
6.4+-7.6,-7.6,6.4,,0
6.4+-7.8,-7.8,6.4,,0
6.4+-8.0,-8.0,6.4,,0
6.4+0.0,0.0,6.4,,0
6.4+0.2,0.2,6.4,,0
6.4+0.4,0.4,6.4,,0
6.4+0.6,0.6,6.4,,0
6.4+0.8,0.8,6.4,,0
6.4+1.0,1.0,6.4,,0
6.4+1.2,1.2,6.4,,0
6.4+1.4,1.4,6.4,,0
6.4+1.6,1.6,6.4,,0
6.4+1.8,1.8,6.4,,0
6.4+2.0,2.0,6.4,,0
6.4+2.2,2.2,6.4,,0
6.4+2.4,2.4,6.4,,0
6.4+2.6,2.6,6.4,,0
6.4+2.8,2.8,6.4,,0
6.4+3.0,3.0,6.4,,0
6.4+3.2,3.2,6.4,,0
6.4+3.4,3.4,6.4,,0
6.4+3.6,3.6,6.4,,0
6.4+3.8,3.8,6.4,,0
6.4+4.0,4.0,6.4,,0
6.4+4.2,4.2,6.4,,0
6.4+4.4,4.4,6.4,,0
6.4+4.6,4.6,6.4,,0
6.4+4.8,4.8,6.4,,0
6.4+5.0,5.0,6.4,,0
6.4+5.2,5.2,6.4,,0
6.4+5.4,5.4,6.4,,0
6.4+5.6,5.6,6.4,,0
6.4+5.8,5.8,6.4,,0
6.4+6.0,6.0,6.4,,0
6.4+6.2,6.2,6.4,,0
6.4+6.4,6.4,6.4,,0
6.4+6.6,6.6,6.4,,0
6.4+6.8,6.8,6.4,,0
6.4+7.0,7.0,6.4,,0
6.4+7.2,7.2,6.4,,0
6.4+7.4,7.4,6.4,,0
6.4+7.6,7.6,6.4,,0
6.4+7.8,7.8,6.4,,0
6.4+8.0,8.0,6.4,,0
6.4+8.2,8.2,6.4,,0
6.4+8.4,8.4,6.4,,0
6.4+8.6,8.6,6.4,,0
6.4+8.8,8.8,6.4,,0
6.4+9.0,9.0,6.4,,0
6.4+9.2,9.2,6.4,,0
6.4+9.4,9.4,6.4,,0
6.4+9.6,9.6,6.4,,0
6.6+-0.2,-0.2,6.6,,0
6.6+-0.4,-0.4,6.6,,0
6.6+-0.6,-0.6,6.6,,0
6.6+-0.8,-0.8,6.6,,0
6.6+-1.0,-1.0,6.6,,0
6.6+-1.2,-1.2,6.6,,0
6.6+-1.4,-1.4,6.6,,0
6.6+-1.6,-1.6,6.6,,0
6.6+-1.8,-1.8,6.6,,0
6.6+-2.0,-2.0,6.6,,0
6.6+-2.2,-2.2,6.6,,0
6.6+-2.4,-2.4,6.6,,0
6.6+-2.6,-2.6,6.6,,0
6.6+-2.8,-2.8,6.6,,0
6.6+-3.0,-3.0,6.6,,0
6.6+-3.2,-3.2,6.6,,0
6.6+-3.4,-3.4,6.6,,0
6.6+-3.6,-3.6,6.6,,0
6.6+-3.8,-3.8,6.6,,0
6.6+-4.0,-4.0,6.6,,0
6.6+-4.2,-4.2,6.6,,0
6.6+-4.4,-4.4,6.6,,0
6.6+-4.6,-4.6,6.6,,0
6.6+-4.8,-4.8,6.6,,0
6.6+-5.0,-5.0,6.6,,0
6.6+-5.2,-5.2,6.6,,0
6.6+-5.4,-5.4,6.6,,0
6.6+-5.6,-5.6,6.6,,0
6.6+-5.8,-5.8,6.6,,0
6.6+-6.0,-6.0,6.6,,0
6.6+-6.2,-6.2,6.6,,0
6.6+-6.4,-6.4,6.6,,0
6.6+-6.6,-6.6,6.6,,0
6.6+-6.8,-6.8,6.6,,0
6.6+-7.0,-7.0,6.6,,0
6.6+-7.2,-7.2,6.6,,0
6.6+-7.4,-7.4,6.6,,0
6.6+-7.6,-7.6,6.6,,0
6.6+-7.8,-7.8,6.6,,0
6.6+-8.0,-8.0,6.6,,0
6.6+0.0,0.0,6.6,,0
6.6+0.2,0.2,6.6,,0
6.6+0.4,0.4,6.6,,0
6.6+0.6,0.6,6.6,,0
6.6+0.8,0.8,6.6,,0
6.6+1.0,1.0,6.6,,0
6.6+1.2,1.2,6.6,,0
6.6+1.4,1.4,6.6,,0
6.6+1.6,1.6,6.6,,0
6.6+1.8,1.8,6.6,,0
6.6+2.0,2.0,6.6,,0
6.6+2.2,2.2,6.6,,0
6.6+2.4,2.4,6.6,,0
6.6+2.6,2.6,6.6,,0
6.6+2.8,2.8,6.6,,0
6.6+3.0,3.0,6.6,,0
6.6+3.2,3.2,6.6,,0
6.6+3.4,3.4,6.6,,0
6.6+3.6,3.6,6.6,,0
6.6+3.8,3.8,6.6,,0
6.6+4.0,4.0,6.6,,0
6.6+4.2,4.2,6.6,,0
6.6+4.4,4.4,6.6,,0
6.6+4.6,4.6,6.6,,0
6.6+4.8,4.8,6.6,,0
6.6+5.0,5.0,6.6,,0
6.6+5.2,5.2,6.6,,0
6.6+5.4,5.4,6.6,,0
6.6+5.6,5.6,6.6,,0
6.6+5.8,5.8,6.6,,0
6.6+6.0,6.0,6.6,,0
6.6+6.2,6.2,6.6,,0
6.6+6.4,6.4,6.6,,0
6.6+6.6,6.6,6.6,,0
6.6+6.8,6.8,6.6,,0
6.6+7.0,7.0,6.6,,0
6.6+7.2,7.2,6.6,,0
6.6+7.4,7.4,6.6,,0
6.6+7.6,7.6,6.6,,0
6.6+7.8,7.8,6.6,,0
6.6+8.0,8.0,6.6,,0
6.6+8.2,8.2,6.6,,0
6.6+8.4,8.4,6.6,,0
6.6+8.6,8.6,6.6,,0
6.6+8.8,8.8,6.6,,0
6.6+9.0,9.0,6.6,,0
6.6+9.2,9.2,6.6,,0
6.6+9.4,9.4,6.6,,0
6.6+9.6,9.6,6.6,,0
6.8+-0.2,-0.2,6.8,,0
6.8+-0.4,-0.4,6.8,,0
6.8+-0.6,-0.6,6.8,,0
6.8+-0.8,-0.8,6.8,,0
6.8+-1.0,-1.0,6.8,,0
6.8+-1.2,-1.2,6.8,,0
6.8+-1.4,-1.4,6.8,,0
6.8+-1.6,-1.6,6.8,,0
6.8+-1.8,-1.8,6.8,,0
6.8+-2.0,-2.0,6.8,,0
6.8+-2.2,-2.2,6.8,,0
6.8+-2.4,-2.4,6.8,,0
6.8+-2.6,-2.6,6.8,,0
6.8+-2.8,-2.8,6.8,,0
6.8+-3.0,-3.0,6.8,,0
6.8+-3.2,-3.2,6.8,,0
6.8+-3.4,-3.4,6.8,,0
6.8+-3.6,-3.6,6.8,,0
6.8+-3.8,-3.8,6.8,,0
6.8+-4.0,-4.0,6.8,,0
6.8+-4.2,-4.2,6.8,,0
6.8+-4.4,-4.4,6.8,,0
6.8+-4.6,-4.6,6.8,,0
6.8+-4.8,-4.8,6.8,,0
6.8+-5.0,-5.0,6.8,,0
6.8+-5.2,-5.2,6.8,,0
6.8+-5.4,-5.4,6.8,,0
6.8+-5.6,-5.6,6.8,,0
6.8+-5.8,-5.8,6.8,,0
6.8+-6.0,-6.0,6.8,,0
6.8+-6.2,-6.2,6.8,,0
6.8+-6.4,-6.4,6.8,,0
6.8+-6.6,-6.6,6.8,,0
6.8+-6.8,-6.8,6.8,,0
6.8+-7.0,-7.0,6.8,,0
6.8+-7.2,-7.2,6.8,,0
6.8+-7.4,-7.4,6.8,,0
6.8+-7.6,-7.6,6.8,,0
6.8+-7.8,-7.8,6.8,,0
6.8+-8.0,-8.0,6.8,,0
6.8+0.0,0.0,6.8,,0
6.8+0.2,0.2,6.8,,0
6.8+0.4,0.4,6.8,,0
6.8+0.6,0.6,6.8,,0
6.8+0.8,0.8,6.8,,0
6.8+1.0,1.0,6.8,,0
6.8+1.2,1.2,6.8,,0
6.8+1.4,1.4,6.8,,0
6.8+1.6,1.6,6.8,,0
6.8+1.8,1.8,6.8,,0
6.8+2.0,2.0,6.8,,0
6.8+2.2,2.2,6.8,,0
6.8+2.4,2.4,6.8,,0
6.8+2.6,2.6,6.8,,0
6.8+2.8,2.8,6.8,,0
6.8+3.0,3.0,6.8,,0
6.8+3.2,3.2,6.8,,0
6.8+3.4,3.4,6.8,,0
6.8+3.6,3.6,6.8,,0
6.8+3.8,3.8,6.8,,0
6.8+4.0,4.0,6.8,,0
6.8+4.2,4.2,6.8,,0
6.8+4.4,4.4,6.8,,0
6.8+4.6,4.6,6.8,,0
6.8+4.8,4.8,6.8,,0
6.8+5.0,5.0,6.8,,0
6.8+5.2,5.2,6.8,,0
6.8+5.4,5.4,6.8,,0
6.8+5.6,5.6,6.8,,0
6.8+5.8,5.8,6.8,,0
6.8+6.0,6.0,6.8,,0
6.8+6.2,6.2,6.8,,0
6.8+6.4,6.4,6.8,,0
6.8+6.6,6.6,6.8,,0
6.8+6.8,6.8,6.8,,0
6.8+7.0,7.0,6.8,,0
6.8+7.2,7.2,6.8,,0
6.8+7.4,7.4,6.8,,0
6.8+7.6,7.6,6.8,,0
6.8+7.8,7.8,6.8,,0
6.8+8.0,8.0,6.8,,0
6.8+8.2,8.2,6.8,,0
6.8+8.4,8.4,6.8,,0
6.8+8.6,8.6,6.8,,0
6.8+8.8,8.8,6.8,,0
6.8+9.0,9.0,6.8,,0
6.8+9.2,9.2,6.8,,0
6.8+9.4,9.4,6.8,,0
6.8+9.6,9.6,6.8,,0
7.0+-0.2,-0.2,7.0,,0
7.0+-0.4,-0.4,7.0,,0
7.0+-0.6,-0.6,7.0,,0
7.0+-0.8,-0.8,7.0,,0
7.0+-1.0,-1.0,7.0,,0
7.0+-1.2,-1.2,7.0,,0
7.0+-1.4,-1.4,7.0,,0
7.0+-1.6,-1.6,7.0,,0
7.0+-1.8,-1.8,7.0,,0
7.0+-2.0,-2.0,7.0,,0
7.0+-2.2,-2.2,7.0,,0
7.0+-2.4,-2.4,7.0,,0
7.0+-2.6,-2.6,7.0,,0
7.0+-2.8,-2.8,7.0,,0
7.0+-3.0,-3.0,7.0,,0
7.0+-3.2,-3.2,7.0,,0
7.0+-3.4,-3.4,7.0,,0
7.0+-3.6,-3.6,7.0,,0
7.0+-3.8,-3.8,7.0,,0
7.0+-4.0,-4.0,7.0,,0
7.0+-4.2,-4.2,7.0,,0
7.0+-4.4,-4.4,7.0,,0
7.0+-4.6,-4.6,7.0,,0
7.0+-4.8,-4.8,7.0,,0
7.0+-5.0,-5.0,7.0,,0
7.0+-5.2,-5.2,7.0,,0
7.0+-5.4,-5.4,7.0,,0
7.0+-5.6,-5.6,7.0,,0
7.0+-5.8,-5.8,7.0,,0
7.0+-6.0,-6.0,7.0,,0
7.0+-6.2,-6.2,7.0,,0
7.0+-6.4,-6.4,7.0,,0
7.0+-6.6,-6.6,7.0,,0
7.0+-6.8,-6.8,7.0,,0
7.0+-7.0,-7.0,7.0,,0
7.0+-7.2,-7.2,7.0,,0
7.0+-7.4,-7.4,7.0,,0
7.0+-7.6,-7.6,7.0,,0
7.0+-7.8,-7.8,7.0,,0
7.0+-8.0,-8.0,7.0,,0
7.0+0.0,0.0,7.0,,0
7.0+0.2,0.2,7.0,,0
7.0+0.4,0.4,7.0,,0
7.0+0.6,0.6,7.0,,0
7.0+0.8,0.8,7.0,,0
7.0+1.0,1.0,7.0,,0
7.0+1.2,1.2,7.0,,0
7.0+1.4,1.4,7.0,,0
7.0+1.6,1.6,7.0,,0
7.0+1.8,1.8,7.0,,0
7.0+2.0,2.0,7.0,,0
7.0+2.2,2.2,7.0,,0
7.0+2.4,2.4,7.0,,0
7.0+2.6,2.6,7.0,,0
7.0+2.8,2.8,7.0,,0
7.0+3.0,3.0,7.0,,0
7.0+3.2,3.2,7.0,,0
7.0+3.4,3.4,7.0,,0
7.0+3.6,3.6,7.0,,0
7.0+3.8,3.8,7.0,,0
7.0+4.0,4.0,7.0,,0
7.0+4.2,4.2,7.0,,0
7.0+4.4,4.4,7.0,,0
7.0+4.6,4.6,7.0,,0
7.0+4.8,4.8,7.0,,0
7.0+5.0,5.0,7.0,,0
7.0+5.2,5.2,7.0,,0
7.0+5.4,5.4,7.0,,0
7.0+5.6,5.6,7.0,,0
7.0+5.8,5.8,7.0,,0
7.0+6.0,6.0,7.0,,0
7.0+6.2,6.2,7.0,,0
7.0+6.4,6.4,7.0,,0
7.0+6.6,6.6,7.0,,0
7.0+6.8,6.8,7.0,,0
7.0+7.0,7.0,7.0,,0
7.0+7.2,7.2,7.0,,0
7.0+7.4,7.4,7.0,,0
7.0+7.6,7.6,7.0,,0
7.0+7.8,7.8,7.0,,0
7.0+8.0,8.0,7.0,,0
7.0+8.2,8.2,7.0,,0
7.0+8.4,8.4,7.0,,0
7.0+8.6,8.6,7.0,,0
7.0+8.8,8.8,7.0,,0
7.0+9.0,9.0,7.0,,0
7.0+9.2,9.2,7.0,,0
7.0+9.4,9.4,7.0,,0
7.0+9.6,9.6,7.0,,0
7.2+-0.2,-0.2,7.2,,0
7.2+-0.4,-0.4,7.2,,0
7.2+-0.6,-0.6,7.2,,0
7.2+-0.8,-0.8,7.2,,0
7.2+-1.0,-1.0,7.2,,0
7.2+-1.2,-1.2,7.2,,0
7.2+-1.4,-1.4,7.2,,0
7.2+-1.6,-1.6,7.2,,0
7.2+-1.8,-1.8,7.2,,0
7.2+-2.0,-2.0,7.2,,0
7.2+-2.2,-2.2,7.2,,0
7.2+-2.4,-2.4,7.2,,0
7.2+-2.6,-2.6,7.2,,0
7.2+-2.8,-2.8,7.2,,0
7.2+-3.0,-3.0,7.2,,0
7.2+-3.2,-3.2,7.2,,0
7.2+-3.4,-3.4,7.2,,0
7.2+-3.6,-3.6,7.2,,0
7.2+-3.8,-3.8,7.2,,0
7.2+-4.0,-4.0,7.2,,0
7.2+-4.2,-4.2,7.2,,0
7.2+-4.4,-4.4,7.2,,0
7.2+-4.6,-4.6,7.2,,0
7.2+-4.8,-4.8,7.2,,0
7.2+-5.0,-5.0,7.2,,0
7.2+-5.2,-5.2,7.2,,0
7.2+-5.4,-5.4,7.2,,0
7.2+-5.6,-5.6,7.2,,0
7.2+-5.8,-5.8,7.2,,0
7.2+-6.0,-6.0,7.2,,0
7.2+-6.2,-6.2,7.2,,0
7.2+-6.4,-6.4,7.2,,0
7.2+-6.6,-6.6,7.2,,0
7.2+-6.8,-6.8,7.2,,0
7.2+-7.0,-7.0,7.2,,0
7.2+-7.2,-7.2,7.2,,0
7.2+-7.4,-7.4,7.2,,0
7.2+-7.6,-7.6,7.2,,0
7.2+-7.8,-7.8,7.2,,0
7.2+-8.0,-8.0,7.2,,0
7.2+0.0,0.0,7.2,,0
7.2+0.2,0.2,7.2,,0
7.2+0.4,0.4,7.2,,0
7.2+0.6,0.6,7.2,,0
7.2+0.8,0.8,7.2,,0
7.2+1.0,1.0,7.2,,0
7.2+1.2,1.2,7.2,,0
7.2+1.4,1.4,7.2,,0
7.2+1.6,1.6,7.2,,0
7.2+1.8,1.8,7.2,,0
7.2+2.0,2.0,7.2,,0
7.2+2.2,2.2,7.2,,0
7.2+2.4,2.4,7.2,,0
7.2+2.6,2.6,7.2,,0
7.2+2.8,2.8,7.2,,0
7.2+3.0,3.0,7.2,,0
7.2+3.2,3.2,7.2,,0
7.2+3.4,3.4,7.2,,0
7.2+3.6,3.6,7.2,,0
7.2+3.8,3.8,7.2,,0
7.2+4.0,4.0,7.2,,0
7.2+4.2,4.2,7.2,,0
7.2+4.4,4.4,7.2,,0
7.2+4.6,4.6,7.2,,0
7.2+4.8,4.8,7.2,,0
7.2+5.0,5.0,7.2,,0
7.2+5.2,5.2,7.2,,0
7.2+5.4,5.4,7.2,,0
7.2+5.6,5.6,7.2,,0
7.2+5.8,5.8,7.2,,0
7.2+6.0,6.0,7.2,,0
7.2+6.2,6.2,7.2,,0
7.2+6.4,6.4,7.2,,0
7.2+6.6,6.6,7.2,,0
7.2+6.8,6.8,7.2,,0
7.2+7.0,7.0,7.2,,0
7.2+7.2,7.2,7.2,,0
7.2+7.4,7.4,7.2,,0
7.2+7.6,7.6,7.2,,0
7.2+7.8,7.8,7.2,,0
7.2+8.0,8.0,7.2,,0
7.2+8.2,8.2,7.2,,0
7.2+8.4,8.4,7.2,,0
7.2+8.6,8.6,7.2,,0
7.2+8.8,8.8,7.2,,0
7.2+9.0,9.0,7.2,,0
7.2+9.2,9.2,7.2,,0
7.2+9.4,9.4,7.2,,0
7.2+9.6,9.6,7.2,,0
7.4+-0.2,-0.2,7.4,,0
7.4+-0.4,-0.4,7.4,,0
7.4+-0.6,-0.6,7.4,,0
7.4+-0.8,-0.8,7.4,,0
7.4+-1.0,-1.0,7.4,,0
7.4+-1.2,-1.2,7.4,,0
7.4+-1.4,-1.4,7.4,,0
7.4+-1.6,-1.6,7.4,,0
7.4+-1.8,-1.8,7.4,,0
7.4+-2.0,-2.0,7.4,,0
7.4+-2.2,-2.2,7.4,,0
7.4+-2.4,-2.4,7.4,,0
7.4+-2.6,-2.6,7.4,,0
7.4+-2.8,-2.8,7.4,,0
7.4+-3.0,-3.0,7.4,,0
7.4+-3.2,-3.2,7.4,,0
7.4+-3.4,-3.4,7.4,,0
7.4+-3.6,-3.6,7.4,,0
7.4+-3.8,-3.8,7.4,,0
7.4+-4.0,-4.0,7.4,,0
7.4+-4.2,-4.2,7.4,,0
7.4+-4.4,-4.4,7.4,,0
7.4+-4.6,-4.6,7.4,,0
7.4+-4.8,-4.8,7.4,,0
7.4+-5.0,-5.0,7.4,,0
7.4+-5.2,-5.2,7.4,,0
7.4+-5.4,-5.4,7.4,,0
7.4+-5.6,-5.6,7.4,,0
7.4+-5.8,-5.8,7.4,,0
7.4+-6.0,-6.0,7.4,,0
7.4+-6.2,-6.2,7.4,,0
7.4+-6.4,-6.4,7.4,,0
7.4+-6.6,-6.6,7.4,,0
7.4+-6.8,-6.8,7.4,,0
7.4+-7.0,-7.0,7.4,,0
7.4+-7.2,-7.2,7.4,,0
7.4+-7.4,-7.4,7.4,,0
7.4+-7.6,-7.6,7.4,,0
7.4+-7.8,-7.8,7.4,,0
7.4+-8.0,-8.0,7.4,,0
7.4+0.0,0.0,7.4,,0
7.4+0.2,0.2,7.4,,0
7.4+0.4,0.4,7.4,,0
7.4+0.6,0.6,7.4,,0
7.4+0.8,0.8,7.4,,0
7.4+1.0,1.0,7.4,,0
7.4+1.2,1.2,7.4,,0
7.4+1.4,1.4,7.4,,0
7.4+1.6,1.6,7.4,,0
7.4+1.8,1.8,7.4,,0
7.4+2.0,2.0,7.4,,0
7.4+2.2,2.2,7.4,,0
7.4+2.4,2.4,7.4,,0
7.4+2.6,2.6,7.4,,0
7.4+2.8,2.8,7.4,,0
7.4+3.0,3.0,7.4,,0
7.4+3.2,3.2,7.4,,0
7.4+3.4,3.4,7.4,,0
7.4+3.6,3.6,7.4,,0
7.4+3.8,3.8,7.4,,0
7.4+4.0,4.0,7.4,,0
7.4+4.2,4.2,7.4,,0
7.4+4.4,4.4,7.4,,0
7.4+4.6,4.6,7.4,,0
7.4+4.8,4.8,7.4,,0
7.4+5.0,5.0,7.4,,0
7.4+5.2,5.2,7.4,,0
7.4+5.4,5.4,7.4,,0
7.4+5.6,5.6,7.4,,0
7.4+5.8,5.8,7.4,,0
7.4+6.0,6.0,7.4,,0
7.4+6.2,6.2,7.4,,0
7.4+6.4,6.4,7.4,,0
7.4+6.6,6.6,7.4,,0
7.4+6.8,6.8,7.4,,0
7.4+7.0,7.0,7.4,,0
7.4+7.2,7.2,7.4,,0
7.4+7.4,7.4,7.4,,0
7.4+7.6,7.6,7.4,,0
7.4+7.8,7.8,7.4,,0
7.4+8.0,8.0,7.4,,0
7.4+8.2,8.2,7.4,,0
7.4+8.4,8.4,7.4,,0
7.4+8.6,8.6,7.4,,0
7.4+8.8,8.8,7.4,,0
7.4+9.0,9.0,7.4,,0
7.4+9.2,9.2,7.4,,0
7.4+9.4,9.4,7.4,,0
7.4+9.6,9.6,7.4,,0
7.6+-0.2,-0.2,7.6,,0
7.6+-0.4,-0.4,7.6,,0
7.6+-0.6,-0.6,7.6,,0
7.6+-0.8,-0.8,7.6,,0
7.6+-1.0,-1.0,7.6,,0
7.6+-1.2,-1.2,7.6,,0
7.6+-1.4,-1.4,7.6,,0
7.6+-1.6,-1.6,7.6,,0
7.6+-1.8,-1.8,7.6,,0
7.6+-2.0,-2.0,7.6,,0
7.6+-2.2,-2.2,7.6,,0
7.6+-2.4,-2.4,7.6,,0
7.6+-2.6,-2.6,7.6,,0
7.6+-2.8,-2.8,7.6,,0
7.6+-3.0,-3.0,7.6,,0
7.6+-3.2,-3.2,7.6,,0
7.6+-3.4,-3.4,7.6,,0
7.6+-3.6,-3.6,7.6,,0
7.6+-3.8,-3.8,7.6,,0
7.6+-4.0,-4.0,7.6,,0
7.6+-4.2,-4.2,7.6,,0
7.6+-4.4,-4.4,7.6,,0
7.6+-4.6,-4.6,7.6,,0
7.6+-4.8,-4.8,7.6,,0
7.6+-5.0,-5.0,7.6,,0
7.6+-5.2,-5.2,7.6,,0
7.6+-5.4,-5.4,7.6,,0
7.6+-5.6,-5.6,7.6,,0
7.6+-5.8,-5.8,7.6,,0
7.6+-6.0,-6.0,7.6,,0
7.6+-6.2,-6.2,7.6,,0
7.6+-6.4,-6.4,7.6,,0
7.6+-6.6,-6.6,7.6,,0
7.6+-6.8,-6.8,7.6,,0
7.6+-7.0,-7.0,7.6,,0
7.6+-7.2,-7.2,7.6,,0
7.6+-7.4,-7.4,7.6,,0
7.6+-7.6,-7.6,7.6,,0
7.6+-7.8,-7.8,7.6,,0
7.6+-8.0,-8.0,7.6,,0
7.6+0.0,0.0,7.6,,0
7.6+0.2,0.2,7.6,,0
7.6+0.4,0.4,7.6,,0
7.6+0.6,0.6,7.6,,0
7.6+0.8,0.8,7.6,,0
7.6+1.0,1.0,7.6,,0
7.6+1.2,1.2,7.6,,0
7.6+1.4,1.4,7.6,,0
7.6+1.6,1.6,7.6,,0
7.6+1.8,1.8,7.6,,0
7.6+2.0,2.0,7.6,,0
7.6+2.2,2.2,7.6,,0
7.6+2.4,2.4,7.6,,0
7.6+2.6,2.6,7.6,,0
7.6+2.8,2.8,7.6,,0
7.6+3.0,3.0,7.6,,0
7.6+3.2,3.2,7.6,,0
7.6+3.4,3.4,7.6,,0
7.6+3.6,3.6,7.6,,0
7.6+3.8,3.8,7.6,,0
7.6+4.0,4.0,7.6,,0
7.6+4.2,4.2,7.6,,0
7.6+4.4,4.4,7.6,,0
7.6+4.6,4.6,7.6,,0
7.6+4.8,4.8,7.6,,0
7.6+5.0,5.0,7.6,,0
7.6+5.2,5.2,7.6,,0
7.6+5.4,5.4,7.6,,0
7.6+5.6,5.6,7.6,,0
7.6+5.8,5.8,7.6,,0
7.6+6.0,6.0,7.6,,0
7.6+6.2,6.2,7.6,,0
7.6+6.4,6.4,7.6,,0
7.6+6.6,6.6,7.6,,0
7.6+6.8,6.8,7.6,,0
7.6+7.0,7.0,7.6,,0
7.6+7.2,7.2,7.6,,0
7.6+7.4,7.4,7.6,,0
7.6+7.6,7.6,7.6,,0
7.6+7.8,7.8,7.6,,0
7.6+8.0,8.0,7.6,,0
7.6+8.2,8.2,7.6,,0
7.6+8.4,8.4,7.6,,0
7.6+8.6,8.6,7.6,,0
7.6+8.8,8.8,7.6,,0
7.6+9.0,9.0,7.6,,0
7.6+9.2,9.2,7.6,,0
7.6+9.4,9.4,7.6,,0
7.6+9.6,9.6,7.6,,0
7.8+-0.2,-0.2,7.8,,0
7.8+-0.4,-0.4,7.8,,0
7.8+-0.6,-0.6,7.8,,0
7.8+-0.8,-0.8,7.8,,0
7.8+-1.0,-1.0,7.8,,0
7.8+-1.2,-1.2,7.8,,0
7.8+-1.4,-1.4,7.8,,0
7.8+-1.6,-1.6,7.8,,0
7.8+-1.8,-1.8,7.8,,0
7.8+-2.0,-2.0,7.8,,0
7.8+-2.2,-2.2,7.8,,0
7.8+-2.4,-2.4,7.8,,0
7.8+-2.6,-2.6,7.8,,0
7.8+-2.8,-2.8,7.8,,0
7.8+-3.0,-3.0,7.8,,0
7.8+-3.2,-3.2,7.8,,0
7.8+-3.4,-3.4,7.8,,0
7.8+-3.6,-3.6,7.8,,0
7.8+-3.8,-3.8,7.8,,0
7.8+-4.0,-4.0,7.8,,0
7.8+-4.2,-4.2,7.8,,0
7.8+-4.4,-4.4,7.8,,0
7.8+-4.6,-4.6,7.8,,0
7.8+-4.8,-4.8,7.8,,0
7.8+-5.0,-5.0,7.8,,0
7.8+-5.2,-5.2,7.8,,0
7.8+-5.4,-5.4,7.8,,0
7.8+-5.6,-5.6,7.8,,0
7.8+-5.8,-5.8,7.8,,0
7.8+-6.0,-6.0,7.8,,0
7.8+-6.2,-6.2,7.8,,0
7.8+-6.4,-6.4,7.8,,0
7.8+-6.6,-6.6,7.8,,0
7.8+-6.8,-6.8,7.8,,0
7.8+-7.0,-7.0,7.8,,0
7.8+-7.2,-7.2,7.8,,0
7.8+-7.4,-7.4,7.8,,0
7.8+-7.6,-7.6,7.8,,0
7.8+-7.8,-7.8,7.8,,0
7.8+-8.0,-8.0,7.8,,0
7.8+0.0,0.0,7.8,,0
7.8+0.2,0.2,7.8,,0
7.8+0.4,0.4,7.8,,0
7.8+0.6,0.6,7.8,,0
7.8+0.8,0.8,7.8,,0
7.8+1.0,1.0,7.8,,0
7.8+1.2,1.2,7.8,,0
7.8+1.4,1.4,7.8,,0
7.8+1.6,1.6,7.8,,0
7.8+1.8,1.8,7.8,,0
7.8+2.0,2.0,7.8,,0
7.8+2.2,2.2,7.8,,0
7.8+2.4,2.4,7.8,,0
7.8+2.6,2.6,7.8,,0
7.8+2.8,2.8,7.8,,0
7.8+3.0,3.0,7.8,,0
7.8+3.2,3.2,7.8,,0
7.8+3.4,3.4,7.8,,0
7.8+3.6,3.6,7.8,,0
7.8+3.8,3.8,7.8,,0
7.8+4.0,4.0,7.8,,0
7.8+4.2,4.2,7.8,,0
7.8+4.4,4.4,7.8,,0
7.8+4.6,4.6,7.8,,0
7.8+4.8,4.8,7.8,,0
7.8+5.0,5.0,7.8,,0
7.8+5.2,5.2,7.8,,0
7.8+5.4,5.4,7.8,,0
7.8+5.6,5.6,7.8,,0
7.8+5.8,5.8,7.8,,0
7.8+6.0,6.0,7.8,,0
7.8+6.2,6.2,7.8,,0
7.8+6.4,6.4,7.8,,0
7.8+6.6,6.6,7.8,,0
7.8+6.8,6.8,7.8,,0
7.8+7.0,7.0,7.8,,0
7.8+7.2,7.2,7.8,,0
7.8+7.4,7.4,7.8,,0
7.8+7.6,7.6,7.8,,0
7.8+7.8,7.8,7.8,,0
7.8+8.0,8.0,7.8,,0
7.8+8.2,8.2,7.8,,0
7.8+8.4,8.4,7.8,,0
7.8+8.6,8.6,7.8,,0
7.8+8.8,8.8,7.8,,0
7.8+9.0,9.0,7.8,,0
7.8+9.2,9.2,7.8,,0
7.8+9.4,9.4,7.8,,0
7.8+9.6,9.6,7.8,,0
8.0+-0.2,-0.2,8.0,,0
8.0+-0.4,-0.4,8.0,,0
8.0+-0.6,-0.6,8.0,,0
8.0+-0.8,-0.8,8.0,,0
8.0+-1.0,-1.0,8.0,,0
8.0+-1.2,-1.2,8.0,,0
8.0+-1.4,-1.4,8.0,,0
8.0+-1.6,-1.6,8.0,,0
8.0+-1.8,-1.8,8.0,,0
8.0+-2.0,-2.0,8.0,,0
8.0+-2.2,-2.2,8.0,,0
8.0+-2.4,-2.4,8.0,,0
8.0+-2.6,-2.6,8.0,,0
8.0+-2.8,-2.8,8.0,,0
8.0+-3.0,-3.0,8.0,,0
8.0+-3.2,-3.2,8.0,,0
8.0+-3.4,-3.4,8.0,,0
8.0+-3.6,-3.6,8.0,,0
8.0+-3.8,-3.8,8.0,,0
8.0+-4.0,-4.0,8.0,,0
8.0+-4.2,-4.2,8.0,,0
8.0+-4.4,-4.4,8.0,,0
8.0+-4.6,-4.6,8.0,,0
8.0+-4.8,-4.8,8.0,,0
8.0+-5.0,-5.0,8.0,,0
8.0+-5.2,-5.2,8.0,,0
8.0+-5.4,-5.4,8.0,,0
8.0+-5.6,-5.6,8.0,,0
8.0+-5.8,-5.8,8.0,,0
8.0+-6.0,-6.0,8.0,,0
8.0+-6.2,-6.2,8.0,,0
8.0+-6.4,-6.4,8.0,,0
8.0+-6.6,-6.6,8.0,,0
8.0+-6.8,-6.8,8.0,,0
8.0+-7.0,-7.0,8.0,,0
8.0+-7.2,-7.2,8.0,,0
8.0+-7.4,-7.4,8.0,,0
8.0+-7.6,-7.6,8.0,,0
8.0+-7.8,-7.8,8.0,,0
8.0+-8.0,-8.0,8.0,,0
8.0+0.0,0.0,8.0,,0
8.0+0.2,0.2,8.0,,0
8.0+0.4,0.4,8.0,,0
8.0+0.6,0.6,8.0,,0
8.0+0.8,0.8,8.0,,0
8.0+1.0,1.0,8.0,,0
8.0+1.2,1.2,8.0,,0
8.0+1.4,1.4,8.0,,0
8.0+1.6,1.6,8.0,,0
8.0+1.8,1.8,8.0,,0
8.0+2.0,2.0,8.0,,0
8.0+2.2,2.2,8.0,,0
8.0+2.4,2.4,8.0,,0
8.0+2.6,2.6,8.0,,0
8.0+2.8,2.8,8.0,,0
8.0+3.0,3.0,8.0,,0
8.0+3.2,3.2,8.0,,0
8.0+3.4,3.4,8.0,,0
8.0+3.6,3.6,8.0,,0
8.0+3.8,3.8,8.0,,0
8.0+4.0,4.0,8.0,,0
8.0+4.2,4.2,8.0,,0
8.0+4.4,4.4,8.0,,0
8.0+4.6,4.6,8.0,,0
8.0+4.8,4.8,8.0,,0
8.0+5.0,5.0,8.0,,0
8.0+5.2,5.2,8.0,,0
8.0+5.4,5.4,8.0,,0
8.0+5.6,5.6,8.0,,0
8.0+5.8,5.8,8.0,,0
8.0+6.0,6.0,8.0,,0
8.0+6.2,6.2,8.0,,0
8.0+6.4,6.4,8.0,,0
8.0+6.6,6.6,8.0,,0
8.0+6.8,6.8,8.0,,0
8.0+7.0,7.0,8.0,,0
8.0+7.2,7.2,8.0,,0
8.0+7.4,7.4,8.0,,0
8.0+7.6,7.6,8.0,,0
8.0+7.8,7.8,8.0,,0
8.0+8.0,8.0,8.0,,0
8.0+8.2,8.2,8.0,,0
8.0+8.4,8.4,8.0,,0
8.0+8.6,8.6,8.0,,0
8.0+8.8,8.8,8.0,,0
8.0+9.0,9.0,8.0,,0
8.0+9.2,9.2,8.0,,0
8.0+9.4,9.4,8.0,,0
8.0+9.6,9.6,8.0,,0
8.2+-0.2,-0.2,8.2,,0
8.2+-0.4,-0.4,8.2,,0
8.2+-0.6,-0.6,8.2,,0
8.2+-0.8,-0.8,8.2,,0
8.2+-1.0,-1.0,8.2,,0
8.2+-1.2,-1.2,8.2,,0
8.2+-1.4,-1.4,8.2,,0
8.2+-1.6,-1.6,8.2,,0
8.2+-1.8,-1.8,8.2,,0
8.2+-2.0,-2.0,8.2,,0
8.2+-2.2,-2.2,8.2,,0
8.2+-2.4,-2.4,8.2,,0
8.2+-2.6,-2.6,8.2,,0
8.2+-2.8,-2.8,8.2,,0
8.2+-3.0,-3.0,8.2,,0
8.2+-3.2,-3.2,8.2,,0
8.2+-3.4,-3.4,8.2,,0
8.2+-3.6,-3.6,8.2,,0
8.2+-3.8,-3.8,8.2,,0
8.2+-4.0,-4.0,8.2,,0
8.2+-4.2,-4.2,8.2,,0
8.2+-4.4,-4.4,8.2,,0
8.2+-4.6,-4.6,8.2,,0
8.2+-4.8,-4.8,8.2,,0
8.2+-5.0,-5.0,8.2,,0
8.2+-5.2,-5.2,8.2,,0
8.2+-5.4,-5.4,8.2,,0
8.2+-5.6,-5.6,8.2,,0
8.2+-5.8,-5.8,8.2,,0
8.2+-6.0,-6.0,8.2,,0
8.2+-6.2,-6.2,8.2,,0
8.2+-6.4,-6.4,8.2,,0
8.2+-6.6,-6.6,8.2,,0
8.2+-6.8,-6.8,8.2,,0
8.2+-7.0,-7.0,8.2,,0
8.2+-7.2,-7.2,8.2,,0
8.2+-7.4,-7.4,8.2,,0
8.2+-7.6,-7.6,8.2,,0
8.2+-7.8,-7.8,8.2,,0
8.2+-8.0,-8.0,8.2,,0
8.2+0.0,0.0,8.2,,0
8.2+0.2,0.2,8.2,,0
8.2+0.4,0.4,8.2,,0
8.2+0.6,0.6,8.2,,0
8.2+0.8,0.8,8.2,,0
8.2+1.0,1.0,8.2,,0
8.2+1.2,1.2,8.2,,0
8.2+1.4,1.4,8.2,,0
8.2+1.6,1.6,8.2,,0
8.2+1.8,1.8,8.2,,0
8.2+2.0,2.0,8.2,,0
8.2+2.2,2.2,8.2,,0
8.2+2.4,2.4,8.2,,0
8.2+2.6,2.6,8.2,,0
8.2+2.8,2.8,8.2,,0
8.2+3.0,3.0,8.2,,0
8.2+3.2,3.2,8.2,,0
8.2+3.4,3.4,8.2,,0
8.2+3.6,3.6,8.2,,0
8.2+3.8,3.8,8.2,,0
8.2+4.0,4.0,8.2,,0
8.2+4.2,4.2,8.2,,0
8.2+4.4,4.4,8.2,,0
8.2+4.6,4.6,8.2,,0
8.2+4.8,4.8,8.2,,0
8.2+5.0,5.0,8.2,,0
8.2+5.2,5.2,8.2,,0
8.2+5.4,5.4,8.2,,0
8.2+5.6,5.6,8.2,,0
8.2+5.8,5.8,8.2,,0
8.2+6.0,6.0,8.2,,0
8.2+6.2,6.2,8.2,,0
8.2+6.4,6.4,8.2,,0
8.2+6.6,6.6,8.2,,0
8.2+6.8,6.8,8.2,,0
8.2+7.0,7.0,8.2,,0
8.2+7.2,7.2,8.2,,0
8.2+7.4,7.4,8.2,,0
8.2+7.6,7.6,8.2,,0
8.2+7.8,7.8,8.2,,0
8.2+8.0,8.0,8.2,,0
8.2+8.2,8.2,8.2,,0
8.2+8.4,8.4,8.2,,0
8.2+8.6,8.6,8.2,,0
8.2+8.8,8.8,8.2,,0
8.2+9.0,9.0,8.2,,0
8.2+9.2,9.2,8.2,,0
8.2+9.4,9.4,8.2,,0
8.2+9.6,9.6,8.2,,0
8.4+-0.2,-0.2,8.4,,0
8.4+-0.4,-0.4,8.4,,0
8.4+-0.6,-0.6,8.4,,0
8.4+-0.8,-0.8,8.4,,0
8.4+-1.0,-1.0,8.4,,0
8.4+-1.2,-1.2,8.4,,0
8.4+-1.4,-1.4,8.4,,0
8.4+-1.6,-1.6,8.4,,0
8.4+-1.8,-1.8,8.4,,0
8.4+-2.0,-2.0,8.4,,0
8.4+-2.2,-2.2,8.4,,0
8.4+-2.4,-2.4,8.4,,0
8.4+-2.6,-2.6,8.4,,0
8.4+-2.8,-2.8,8.4,,0
8.4+-3.0,-3.0,8.4,,0
8.4+-3.2,-3.2,8.4,,0
8.4+-3.4,-3.4,8.4,,0
8.4+-3.6,-3.6,8.4,,0
8.4+-3.8,-3.8,8.4,,0
8.4+-4.0,-4.0,8.4,,0
8.4+-4.2,-4.2,8.4,,0
8.4+-4.4,-4.4,8.4,,0
8.4+-4.6,-4.6,8.4,,0
8.4+-4.8,-4.8,8.4,,0
8.4+-5.0,-5.0,8.4,,0
8.4+-5.2,-5.2,8.4,,0
8.4+-5.4,-5.4,8.4,,0
8.4+-5.6,-5.6,8.4,,0
8.4+-5.8,-5.8,8.4,,0
8.4+-6.0,-6.0,8.4,,0
8.4+-6.2,-6.2,8.4,,0
8.4+-6.4,-6.4,8.4,,0
8.4+-6.6,-6.6,8.4,,0
8.4+-6.8,-6.8,8.4,,0
8.4+-7.0,-7.0,8.4,,0
8.4+-7.2,-7.2,8.4,,0
8.4+-7.4,-7.4,8.4,,0
8.4+-7.6,-7.6,8.4,,0
8.4+-7.8,-7.8,8.4,,0
8.4+-8.0,-8.0,8.4,,0
8.4+0.0,0.0,8.4,,0
8.4+0.2,0.2,8.4,,0
8.4+0.4,0.4,8.4,,0
8.4+0.6,0.6,8.4,,0
8.4+0.8,0.8,8.4,,0
8.4+1.0,1.0,8.4,,0
8.4+1.2,1.2,8.4,,0
8.4+1.4,1.4,8.4,,0
8.4+1.6,1.6,8.4,,0
8.4+1.8,1.8,8.4,,0
8.4+2.0,2.0,8.4,,0
8.4+2.2,2.2,8.4,,0
8.4+2.4,2.4,8.4,,0
8.4+2.6,2.6,8.4,,0
8.4+2.8,2.8,8.4,,0
8.4+3.0,3.0,8.4,,0
8.4+3.2,3.2,8.4,,0
8.4+3.4,3.4,8.4,,0
8.4+3.6,3.6,8.4,,0
8.4+3.8,3.8,8.4,,0
8.4+4.0,4.0,8.4,,0
8.4+4.2,4.2,8.4,,0
8.4+4.4,4.4,8.4,,0
8.4+4.6,4.6,8.4,,0
8.4+4.8,4.8,8.4,,0
8.4+5.0,5.0,8.4,,0
8.4+5.2,5.2,8.4,,0
8.4+5.4,5.4,8.4,,0
8.4+5.6,5.6,8.4,,0
8.4+5.8,5.8,8.4,,0
8.4+6.0,6.0,8.4,,0
8.4+6.2,6.2,8.4,,0
8.4+6.4,6.4,8.4,,0
8.4+6.6,6.6,8.4,,0
8.4+6.8,6.8,8.4,,0
8.4+7.0,7.0,8.4,,0
8.4+7.2,7.2,8.4,,0
8.4+7.4,7.4,8.4,,0
8.4+7.6,7.6,8.4,,0
8.4+7.8,7.8,8.4,,0
8.4+8.0,8.0,8.4,,0
8.4+8.2,8.2,8.4,,0
8.4+8.4,8.4,8.4,,0
8.4+8.6,8.6,8.4,,0
8.4+8.8,8.8,8.4,,0
8.4+9.0,9.0,8.4,,0
8.4+9.2,9.2,8.4,,0
8.4+9.4,9.4,8.4,,0
8.4+9.6,9.6,8.4,,0
8.6+-0.2,-0.2,8.6,,0
8.6+-0.4,-0.4,8.6,,0
8.6+-0.6,-0.6,8.6,,0
8.6+-0.8,-0.8,8.6,,0
8.6+-1.0,-1.0,8.6,,0
8.6+-1.2,-1.2,8.6,,0
8.6+-1.4,-1.4,8.6,,0
8.6+-1.6,-1.6,8.6,,0
8.6+-1.8,-1.8,8.6,,0
8.6+-2.0,-2.0,8.6,,0
8.6+-2.2,-2.2,8.6,,0
8.6+-2.4,-2.4,8.6,,0
8.6+-2.6,-2.6,8.6,,0
8.6+-2.8,-2.8,8.6,,0
8.6+-3.0,-3.0,8.6,,0
8.6+-3.2,-3.2,8.6,,0
8.6+-3.4,-3.4,8.6,,0
8.6+-3.6,-3.6,8.6,,0
8.6+-3.8,-3.8,8.6,,0
8.6+-4.0,-4.0,8.6,,0
8.6+-4.2,-4.2,8.6,,0
8.6+-4.4,-4.4,8.6,,0
8.6+-4.6,-4.6,8.6,,0
8.6+-4.8,-4.8,8.6,,0
8.6+-5.0,-5.0,8.6,,0
8.6+-5.2,-5.2,8.6,,0
8.6+-5.4,-5.4,8.6,,0
8.6+-5.6,-5.6,8.6,,0
8.6+-5.8,-5.8,8.6,,0
8.6+-6.0,-6.0,8.6,,0
8.6+-6.2,-6.2,8.6,,0
8.6+-6.4,-6.4,8.6,,0
8.6+-6.6,-6.6,8.6,,0
8.6+-6.8,-6.8,8.6,,0
8.6+-7.0,-7.0,8.6,,0
8.6+-7.2,-7.2,8.6,,0
8.6+-7.4,-7.4,8.6,,0
8.6+-7.6,-7.6,8.6,,0
8.6+-7.8,-7.8,8.6,,0
8.6+-8.0,-8.0,8.6,,0
8.6+0.0,0.0,8.6,,0
8.6+0.2,0.2,8.6,,0
8.6+0.4,0.4,8.6,,0
8.6+0.6,0.6,8.6,,0
8.6+0.8,0.8,8.6,,0
8.6+1.0,1.0,8.6,,0
8.6+1.2,1.2,8.6,,0
8.6+1.4,1.4,8.6,,0
8.6+1.6,1.6,8.6,,0
8.6+1.8,1.8,8.6,,0
8.6+2.0,2.0,8.6,,0
8.6+2.2,2.2,8.6,,0
8.6+2.4,2.4,8.6,,0
8.6+2.6,2.6,8.6,,0
8.6+2.8,2.8,8.6,,0
8.6+3.0,3.0,8.6,,0
8.6+3.2,3.2,8.6,,0
8.6+3.4,3.4,8.6,,0
8.6+3.6,3.6,8.6,,0
8.6+3.8,3.8,8.6,,0
8.6+4.0,4.0,8.6,,0
8.6+4.2,4.2,8.6,,0
8.6+4.4,4.4,8.6,,0
8.6+4.6,4.6,8.6,,0
8.6+4.8,4.8,8.6,,0
8.6+5.0,5.0,8.6,,0
8.6+5.2,5.2,8.6,,0
8.6+5.4,5.4,8.6,,0
8.6+5.6,5.6,8.6,,0
8.6+5.8,5.8,8.6,,0
8.6+6.0,6.0,8.6,,0
8.6+6.2,6.2,8.6,,0
8.6+6.4,6.4,8.6,,0
8.6+6.6,6.6,8.6,,0
8.6+6.8,6.8,8.6,,0
8.6+7.0,7.0,8.6,,0
8.6+7.2,7.2,8.6,,0
8.6+7.4,7.4,8.6,,0
8.6+7.6,7.6,8.6,,0
8.6+7.8,7.8,8.6,,0
8.6+8.0,8.0,8.6,,0
8.6+8.2,8.2,8.6,,0
8.6+8.4,8.4,8.6,,0
8.6+8.6,8.6,8.6,,0
8.6+8.8,8.8,8.6,,0
8.6+9.0,9.0,8.6,,0
8.6+9.2,9.2,8.6,,0
8.6+9.4,9.4,8.6,,0
8.6+9.6,9.6,8.6,,0
8.8+-0.2,-0.2,8.8,,0
8.8+-0.4,-0.4,8.8,,0
8.8+-0.6,-0.6,8.8,,0
8.8+-0.8,-0.8,8.8,,0
8.8+-1.0,-1.0,8.8,,0
8.8+-1.2,-1.2,8.8,,0
8.8+-1.4,-1.4,8.8,,0
8.8+-1.6,-1.6,8.8,,0
8.8+-1.8,-1.8,8.8,,0
8.8+-2.0,-2.0,8.8,,0
8.8+-2.2,-2.2,8.8,,0
8.8+-2.4,-2.4,8.8,,0
8.8+-2.6,-2.6,8.8,,0
8.8+-2.8,-2.8,8.8,,0
8.8+-3.0,-3.0,8.8,,0
8.8+-3.2,-3.2,8.8,,0
8.8+-3.4,-3.4,8.8,,0
8.8+-3.6,-3.6,8.8,,0
8.8+-3.8,-3.8,8.8,,0
8.8+-4.0,-4.0,8.8,,0
8.8+-4.2,-4.2,8.8,,0
8.8+-4.4,-4.4,8.8,,0
8.8+-4.6,-4.6,8.8,,0
8.8+-4.8,-4.8,8.8,,0
8.8+-5.0,-5.0,8.8,,0
8.8+-5.2,-5.2,8.8,,0
8.8+-5.4,-5.4,8.8,,0
8.8+-5.6,-5.6,8.8,,0
8.8+-5.8,-5.8,8.8,,0
8.8+-6.0,-6.0,8.8,,0
8.8+-6.2,-6.2,8.8,,0
8.8+-6.4,-6.4,8.8,,0
8.8+-6.6,-6.6,8.8,,0
8.8+-6.8,-6.8,8.8,,0
8.8+-7.0,-7.0,8.8,,0
8.8+-7.2,-7.2,8.8,,0
8.8+-7.4,-7.4,8.8,,0
8.8+-7.6,-7.6,8.8,,0
8.8+-7.8,-7.8,8.8,,0
8.8+-8.0,-8.0,8.8,,0
8.8+0.0,0.0,8.8,,0
8.8+0.2,0.2,8.8,,0
8.8+0.4,0.4,8.8,,0
8.8+0.6,0.6,8.8,,0
8.8+0.8,0.8,8.8,,0
8.8+1.0,1.0,8.8,,0
8.8+1.2,1.2,8.8,,0
8.8+1.4,1.4,8.8,,0
8.8+1.6,1.6,8.8,,0
8.8+1.8,1.8,8.8,,0
8.8+2.0,2.0,8.8,,0
8.8+2.2,2.2,8.8,,0
8.8+2.4,2.4,8.8,,0
8.8+2.6,2.6,8.8,,0
8.8+2.8,2.8,8.8,,0
8.8+3.0,3.0,8.8,,0
8.8+3.2,3.2,8.8,,0
8.8+3.4,3.4,8.8,,0
8.8+3.6,3.6,8.8,,0
8.8+3.8,3.8,8.8,,0
8.8+4.0,4.0,8.8,,0
8.8+4.2,4.2,8.8,,0
8.8+4.4,4.4,8.8,,0
8.8+4.6,4.6,8.8,,0
8.8+4.8,4.8,8.8,,0
8.8+5.0,5.0,8.8,,0
8.8+5.2,5.2,8.8,,0
8.8+5.4,5.4,8.8,,0
8.8+5.6,5.6,8.8,,0
8.8+5.8,5.8,8.8,,0
8.8+6.0,6.0,8.8,,0
8.8+6.2,6.2,8.8,,0
8.8+6.4,6.4,8.8,,0
8.8+6.6,6.6,8.8,,0
8.8+6.8,6.8,8.8,,0
8.8+7.0,7.0,8.8,,0
8.8+7.2,7.2,8.8,,0
8.8+7.4,7.4,8.8,,0
8.8+7.6,7.6,8.8,,0
8.8+7.8,7.8,8.8,,0
8.8+8.0,8.0,8.8,,0
8.8+8.2,8.2,8.8,,0
8.8+8.4,8.4,8.8,,0
8.8+8.6,8.6,8.8,,0
8.8+8.8,8.8,8.8,,0
8.8+9.0,9.0,8.8,,0
8.8+9.2,9.2,8.8,,0
8.8+9.4,9.4,8.8,,0
8.8+9.6,9.6,8.8,,0
9.0+-0.2,-0.2,9.0,,0
9.0+-0.4,-0.4,9.0,,0
9.0+-0.6,-0.6,9.0,,0
9.0+-0.8,-0.8,9.0,,0
9.0+-1.0,-1.0,9.0,,0
9.0+-1.2,-1.2,9.0,,0
9.0+-1.4,-1.4,9.0,,0
9.0+-1.6,-1.6,9.0,,0
9.0+-1.8,-1.8,9.0,,0
9.0+-2.0,-2.0,9.0,,0
9.0+-2.2,-2.2,9.0,,0
9.0+-2.4,-2.4,9.0,,0
9.0+-2.6,-2.6,9.0,,0
9.0+-2.8,-2.8,9.0,,0
9.0+-3.0,-3.0,9.0,,0
9.0+-3.2,-3.2,9.0,,0
9.0+-3.4,-3.4,9.0,,0
9.0+-3.6,-3.6,9.0,,0
9.0+-3.8,-3.8,9.0,,0
9.0+-4.0,-4.0,9.0,,0
9.0+-4.2,-4.2,9.0,,0
9.0+-4.4,-4.4,9.0,,0
9.0+-4.6,-4.6,9.0,,0
9.0+-4.8,-4.8,9.0,,0
9.0+-5.0,-5.0,9.0,,0
9.0+-5.2,-5.2,9.0,,0
9.0+-5.4,-5.4,9.0,,0
9.0+-5.6,-5.6,9.0,,0
9.0+-5.8,-5.8,9.0,,0
9.0+-6.0,-6.0,9.0,,0
9.0+-6.2,-6.2,9.0,,0
9.0+-6.4,-6.4,9.0,,0
9.0+-6.6,-6.6,9.0,,0
9.0+-6.8,-6.8,9.0,,0
9.0+-7.0,-7.0,9.0,,0
9.0+-7.2,-7.2,9.0,,0
9.0+-7.4,-7.4,9.0,,0
9.0+-7.6,-7.6,9.0,,0
9.0+-7.8,-7.8,9.0,,0
9.0+-8.0,-8.0,9.0,,0
9.0+0.0,0.0,9.0,,0
9.0+0.2,0.2,9.0,,0
9.0+0.4,0.4,9.0,,0
9.0+0.6,0.6,9.0,,0
9.0+0.8,0.8,9.0,,0
9.0+1.0,1.0,9.0,,0
9.0+1.2,1.2,9.0,,0
9.0+1.4,1.4,9.0,,0
9.0+1.6,1.6,9.0,,0
9.0+1.8,1.8,9.0,,0
9.0+2.0,2.0,9.0,,0
9.0+2.2,2.2,9.0,,0
9.0+2.4,2.4,9.0,,0
9.0+2.6,2.6,9.0,,0
9.0+2.8,2.8,9.0,,0
9.0+3.0,3.0,9.0,,0
9.0+3.2,3.2,9.0,,0
9.0+3.4,3.4,9.0,,0
9.0+3.6,3.6,9.0,,0
9.0+3.8,3.8,9.0,,0
9.0+4.0,4.0,9.0,,0
9.0+4.2,4.2,9.0,,0
9.0+4.4,4.4,9.0,,0
9.0+4.6,4.6,9.0,,0
9.0+4.8,4.8,9.0,,0
9.0+5.0,5.0,9.0,,0
9.0+5.2,5.2,9.0,,0
9.0+5.4,5.4,9.0,,0
9.0+5.6,5.6,9.0,,0
9.0+5.8,5.8,9.0,,0
9.0+6.0,6.0,9.0,,0
9.0+6.2,6.2,9.0,,0
9.0+6.4,6.4,9.0,,0
9.0+6.6,6.6,9.0,,0
9.0+6.8,6.8,9.0,,0
9.0+7.0,7.0,9.0,,0
9.0+7.2,7.2,9.0,,0
9.0+7.4,7.4,9.0,,0
9.0+7.6,7.6,9.0,,0
9.0+7.8,7.8,9.0,,0
9.0+8.0,8.0,9.0,,0
9.0+8.2,8.2,9.0,,0
9.0+8.4,8.4,9.0,,0
9.0+8.6,8.6,9.0,,0
9.0+8.8,8.8,9.0,,0
9.0+9.0,9.0,9.0,,0
9.0+9.2,9.2,9.0,,0
9.0+9.4,9.4,9.0,,0
9.0+9.6,9.6,9.0,,0
9.2+-0.2,-0.2,9.2,,0
9.2+-0.4,-0.4,9.2,,0
9.2+-0.6,-0.6,9.2,,0
9.2+-0.8,-0.8,9.2,,0
9.2+-1.0,-1.0,9.2,,0
9.2+-1.2,-1.2,9.2,,0
9.2+-1.4,-1.4,9.2,,0
9.2+-1.6,-1.6,9.2,,0
9.2+-1.8,-1.8,9.2,,0
9.2+-2.0,-2.0,9.2,,0
9.2+-2.2,-2.2,9.2,,0
9.2+-2.4,-2.4,9.2,,0
9.2+-2.6,-2.6,9.2,,0
9.2+-2.8,-2.8,9.2,,0
9.2+-3.0,-3.0,9.2,,0
9.2+-3.2,-3.2,9.2,,0
9.2+-3.4,-3.4,9.2,,0
9.2+-3.6,-3.6,9.2,,0
9.2+-3.8,-3.8,9.2,,0
9.2+-4.0,-4.0,9.2,,0
9.2+-4.2,-4.2,9.2,,0
9.2+-4.4,-4.4,9.2,,0
9.2+-4.6,-4.6,9.2,,0
9.2+-4.8,-4.8,9.2,,0
9.2+-5.0,-5.0,9.2,,0
9.2+-5.2,-5.2,9.2,,0
9.2+-5.4,-5.4,9.2,,0
9.2+-5.6,-5.6,9.2,,0
9.2+-5.8,-5.8,9.2,,0
9.2+-6.0,-6.0,9.2,,0
9.2+-6.2,-6.2,9.2,,0
9.2+-6.4,-6.4,9.2,,0
9.2+-6.6,-6.6,9.2,,0
9.2+-6.8,-6.8,9.2,,0
9.2+-7.0,-7.0,9.2,,0
9.2+-7.2,-7.2,9.2,,0
9.2+-7.4,-7.4,9.2,,0
9.2+-7.6,-7.6,9.2,,0
9.2+-7.8,-7.8,9.2,,0
9.2+-8.0,-8.0,9.2,,0
9.2+0.0,0.0,9.2,,0
9.2+0.2,0.2,9.2,,0
9.2+0.4,0.4,9.2,,0
9.2+0.6,0.6,9.2,,0
9.2+0.8,0.8,9.2,,0
9.2+1.0,1.0,9.2,,0
9.2+1.2,1.2,9.2,,0
9.2+1.4,1.4,9.2,,0
9.2+1.6,1.6,9.2,,0
9.2+1.8,1.8,9.2,,0
9.2+2.0,2.0,9.2,,0
9.2+2.2,2.2,9.2,,0
9.2+2.4,2.4,9.2,,0
9.2+2.6,2.6,9.2,,0
9.2+2.8,2.8,9.2,,0
9.2+3.0,3.0,9.2,,0
9.2+3.2,3.2,9.2,,0
9.2+3.4,3.4,9.2,,0
9.2+3.6,3.6,9.2,,0
9.2+3.8,3.8,9.2,,0
9.2+4.0,4.0,9.2,,0
9.2+4.2,4.2,9.2,,0
9.2+4.4,4.4,9.2,,0
9.2+4.6,4.6,9.2,,0
9.2+4.8,4.8,9.2,,0
9.2+5.0,5.0,9.2,,0
9.2+5.2,5.2,9.2,,0
9.2+5.4,5.4,9.2,,0
9.2+5.6,5.6,9.2,,0
9.2+5.8,5.8,9.2,,0
9.2+6.0,6.0,9.2,,0
9.2+6.2,6.2,9.2,,0
9.2+6.4,6.4,9.2,,0
9.2+6.6,6.6,9.2,,0
9.2+6.8,6.8,9.2,,0
9.2+7.0,7.0,9.2,,0
9.2+7.2,7.2,9.2,,0
9.2+7.4,7.4,9.2,,0
9.2+7.6,7.6,9.2,,0
9.2+7.8,7.8,9.2,,0
9.2+8.0,8.0,9.2,,0
9.2+8.2,8.2,9.2,,0
9.2+8.4,8.4,9.2,,0
9.2+8.6,8.6,9.2,,0
9.2+8.8,8.8,9.2,,0
9.2+9.0,9.0,9.2,,0
9.2+9.2,9.2,9.2,,0
9.2+9.4,9.4,9.2,,0
9.2+9.6,9.6,9.2,,0
9.4+-0.2,-0.2,9.4,,0
9.4+-0.4,-0.4,9.4,,0
9.4+-0.6,-0.6,9.4,,0
9.4+-0.8,-0.8,9.4,,0
9.4+-1.0,-1.0,9.4,,0
9.4+-1.2,-1.2,9.4,,0
9.4+-1.4,-1.4,9.4,,0
9.4+-1.6,-1.6,9.4,,0
9.4+-1.8,-1.8,9.4,,0
9.4+-2.0,-2.0,9.4,,0
9.4+-2.2,-2.2,9.4,,0
9.4+-2.4,-2.4,9.4,,0
9.4+-2.6,-2.6,9.4,,0
9.4+-2.8,-2.8,9.4,,0
9.4+-3.0,-3.0,9.4,,0
9.4+-3.2,-3.2,9.4,,0
9.4+-3.4,-3.4,9.4,,0
9.4+-3.6,-3.6,9.4,,0
9.4+-3.8,-3.8,9.4,,0
9.4+-4.0,-4.0,9.4,,0
9.4+-4.2,-4.2,9.4,,0
9.4+-4.4,-4.4,9.4,,0
9.4+-4.6,-4.6,9.4,,0
9.4+-4.8,-4.8,9.4,,0
9.4+-5.0,-5.0,9.4,,0
9.4+-5.2,-5.2,9.4,,0
9.4+-5.4,-5.4,9.4,,0
9.4+-5.6,-5.6,9.4,,0
9.4+-5.8,-5.8,9.4,,0
9.4+-6.0,-6.0,9.4,,0
9.4+-6.2,-6.2,9.4,,0
9.4+-6.4,-6.4,9.4,,0
9.4+-6.6,-6.6,9.4,,0
9.4+-6.8,-6.8,9.4,,0
9.4+-7.0,-7.0,9.4,,0
9.4+-7.2,-7.2,9.4,,0
9.4+-7.4,-7.4,9.4,,0
9.4+-7.6,-7.6,9.4,,0
9.4+-7.8,-7.8,9.4,,0
9.4+-8.0,-8.0,9.4,,0
9.4+0.0,0.0,9.4,,0
9.4+0.2,0.2,9.4,,0
9.4+0.4,0.4,9.4,,0
9.4+0.6,0.6,9.4,,0
9.4+0.8,0.8,9.4,,0
9.4+1.0,1.0,9.4,,0
9.4+1.2,1.2,9.4,,0
9.4+1.4,1.4,9.4,,0
9.4+1.6,1.6,9.4,,0
9.4+1.8,1.8,9.4,,0
9.4+2.0,2.0,9.4,,0
9.4+2.2,2.2,9.4,,0
9.4+2.4,2.4,9.4,,0
9.4+2.6,2.6,9.4,,0
9.4+2.8,2.8,9.4,,0
9.4+3.0,3.0,9.4,,0
9.4+3.2,3.2,9.4,,0
9.4+3.4,3.4,9.4,,0
9.4+3.6,3.6,9.4,,0
9.4+3.8,3.8,9.4,,0
9.4+4.0,4.0,9.4,,0
9.4+4.2,4.2,9.4,,0
9.4+4.4,4.4,9.4,,0
9.4+4.6,4.6,9.4,,0
9.4+4.8,4.8,9.4,,0
9.4+5.0,5.0,9.4,,0
9.4+5.2,5.2,9.4,,0
9.4+5.4,5.4,9.4,,0
9.4+5.6,5.6,9.4,,0
9.4+5.8,5.8,9.4,,0
9.4+6.0,6.0,9.4,,0
9.4+6.2,6.2,9.4,,0
9.4+6.4,6.4,9.4,,0
9.4+6.6,6.6,9.4,,0
9.4+6.8,6.8,9.4,,0
9.4+7.0,7.0,9.4,,0
9.4+7.2,7.2,9.4,,0
9.4+7.4,7.4,9.4,,0
9.4+7.6,7.6,9.4,,0
9.4+7.8,7.8,9.4,,0
9.4+8.0,8.0,9.4,,0
9.4+8.2,8.2,9.4,,0
9.4+8.4,8.4,9.4,,0
9.4+8.6,8.6,9.4,,0
9.4+8.8,8.8,9.4,,0
9.4+9.0,9.0,9.4,,0
9.4+9.2,9.2,9.4,,0
9.4+9.4,9.4,9.4,,0
9.4+9.6,9.6,9.4,,0
9.6+-0.2,-0.2,9.6,,0
9.6+-0.4,-0.4,9.6,,0
9.6+-0.6,-0.6,9.6,,0
9.6+-0.8,-0.8,9.6,,0
9.6+-1.0,-1.0,9.6,,0
9.6+-1.2,-1.2,9.6,,0
9.6+-1.4,-1.4,9.6,,0
9.6+-1.6,-1.6,9.6,,0
9.6+-1.8,-1.8,9.6,,0
9.6+-2.0,-2.0,9.6,,0
9.6+-2.2,-2.2,9.6,,0
9.6+-2.4,-2.4,9.6,,0
9.6+-2.6,-2.6,9.6,,0
9.6+-2.8,-2.8,9.6,,0
9.6+-3.0,-3.0,9.6,,0
9.6+-3.2,-3.2,9.6,,0
9.6+-3.4,-3.4,9.6,,0
9.6+-3.6,-3.6,9.6,,0
9.6+-3.8,-3.8,9.6,,0
9.6+-4.0,-4.0,9.6,,0
9.6+-4.2,-4.2,9.6,,0
9.6+-4.4,-4.4,9.6,,0
9.6+-4.6,-4.6,9.6,,0
9.6+-4.8,-4.8,9.6,,0
9.6+-5.0,-5.0,9.6,,0
9.6+-5.2,-5.2,9.6,,0
9.6+-5.4,-5.4,9.6,,0
9.6+-5.6,-5.6,9.6,,0
9.6+-5.8,-5.8,9.6,,0
9.6+-6.0,-6.0,9.6,,0
9.6+-6.2,-6.2,9.6,,0
9.6+-6.4,-6.4,9.6,,0
9.6+-6.6,-6.6,9.6,,0
9.6+-6.8,-6.8,9.6,,0
9.6+-7.0,-7.0,9.6,,0
9.6+-7.2,-7.2,9.6,,0
9.6+-7.4,-7.4,9.6,,0
9.6+-7.6,-7.6,9.6,,0
9.6+-7.8,-7.8,9.6,,0
9.6+-8.0,-8.0,9.6,,0
9.6+0.0,0.0,9.6,,0
9.6+0.2,0.2,9.6,,0
9.6+0.4,0.4,9.6,,0
9.6+0.6,0.6,9.6,,0
9.6+0.8,0.8,9.6,,0
9.6+1.0,1.0,9.6,,0
9.6+1.2,1.2,9.6,,0
9.6+1.4,1.4,9.6,,0
9.6+1.6,1.6,9.6,,0
9.6+1.8,1.8,9.6,,0
9.6+2.0,2.0,9.6,,0
9.6+2.2,2.2,9.6,,0
9.6+2.4,2.4,9.6,,0
9.6+2.6,2.6,9.6,,0
9.6+2.8,2.8,9.6,,0
9.6+3.0,3.0,9.6,,0
9.6+3.2,3.2,9.6,,0
9.6+3.4,3.4,9.6,,0
9.6+3.6,3.6,9.6,,0
9.6+3.8,3.8,9.6,,0
9.6+4.0,4.0,9.6,,0
9.6+4.2,4.2,9.6,,0
9.6+4.4,4.4,9.6,,0
9.6+4.6,4.6,9.6,,0
9.6+4.8,4.8,9.6,,0
9.6+5.0,5.0,9.6,,0
9.6+5.2,5.2,9.6,,0
9.6+5.4,5.4,9.6,,0
9.6+5.6,5.6,9.6,,0
9.6+5.8,5.8,9.6,,0
9.6+6.0,6.0,9.6,,0
9.6+6.2,6.2,9.6,,0
9.6+6.4,6.4,9.6,,0
9.6+6.6,6.6,9.6,,0
9.6+6.8,6.8,9.6,,0
9.6+7.0,7.0,9.6,,0
9.6+7.2,7.2,9.6,,0
9.6+7.4,7.4,9.6,,0
9.6+7.6,7.6,9.6,,0
9.6+7.8,7.8,9.6,,0
9.6+8.0,8.0,9.6,,0
9.6+8.2,8.2,9.6,,0
9.6+8.4,8.4,9.6,,0
9.6+8.6,8.6,9.6,,0
9.6+8.8,8.8,9.6,,0
9.6+9.0,9.0,9.6,,0
9.6+9.2,9.2,9.6,,0
9.6+9.4,9.4,9.6,,0
9.6+9.6,9.6,9.6,,0
