BIN_COMBINED_STR,BIN_VPD_F,BIN_TA_F,VPD_F_SHAPVALS,VPD_F_SHAPVALS_COUNTS,VPD_F_SHAPVALS_P25,VPD_F_SHAPVALS_P75
-0.2+-0.2,-0.2,-0.2,-0.106571354,119,-0.15893199294805527,-0.05058174021542072
-0.2+-0.4,-0.4,-0.2,-0.16181558,119,-0.2129722312092781,-0.09157509729266167
-0.2+-0.6,-0.6,-0.2,-0.21173829,119,-0.27055059373378754,-0.13582538068294525
-0.2+-0.8,-0.8,-0.2,-0.24008763,118,-0.31890755146741867,-0.14470578357577324
-0.2+-1.0,-1.0,-0.2,-0.22750928,118,-0.3284069746732712,-0.10638234950602055
-0.2+-1.2,-1.2,-0.2,-0.19041102,111,-0.31008362770080566,-0.06329258345067501
-0.2+-1.4,-1.4,-0.2,-0.2023575,95,-0.3376796245574951,0.005583446240052581
-0.2+-1.6,-1.6,-0.2,-0.17802578,55,-0.33471062779426575,-0.012085965368896723
-0.2+-1.8,-1.8,-0.2,-0.10960218,26,-0.21883965283632278,0.07061031181365252
-0.2+-2.0,-2.0,-0.2,-0.17405964,5,-0.2775874137878418,0.21597447991371155
-0.2+-2.2,-2.2,-0.2,,0,,
-0.2+-2.4,-2.4,-0.2,,0,,
-0.2+-2.6,-2.6,-0.2,,0,,
-0.2+-2.8,-2.8,-0.2,,0,,
-0.2+-3.0,-3.0,-0.2,,0,,
-0.2+-3.2,-3.2,-0.2,,0,,
-0.2+-3.4,-3.4,-0.2,,0,,
-0.2+-3.6,-3.6,-0.2,,0,,
-0.2+-3.8,-3.8,-0.2,,0,,
-0.2+-4.0,-4.0,-0.2,,0,,
-0.2+-4.2,-4.2,-0.2,,0,,
-0.2+-4.4,-4.4,-0.2,,0,,
-0.2+-4.6,-4.6,-0.2,,0,,
-0.2+-4.8,-4.8,-0.2,,0,,
-0.2+-5.0,-5.0,-0.2,,0,,
-0.2+-5.2,-5.2,-0.2,,0,,
-0.2+-5.4,-5.4,-0.2,,0,,
-0.2+-5.6,-5.6,-0.2,,0,,
-0.2+-5.8,-5.8,-0.2,,0,,
-0.2+-6.0,-6.0,-0.2,,0,,
-0.2+-6.2,-6.2,-0.2,,0,,
-0.2+-6.4,-6.4,-0.2,,0,,
-0.2+-6.6,-6.6,-0.2,,0,,
-0.2+-6.8,-6.8,-0.2,,0,,
-0.2+-7.0,-7.0,-0.2,,0,,
-0.2+-7.2,-7.2,-0.2,,0,,
-0.2+-7.4,-7.4,-0.2,,0,,
-0.2+-7.6,-7.6,-0.2,,0,,
-0.2+-7.8,-7.8,-0.2,,0,,
-0.2+-8.0,-8.0,-0.2,,0,,
-0.2+0.0,0.0,-0.2,-0.032110985,119,-0.09155105799436569,0.03721156157553196
-0.2+0.2,0.2,-0.2,0.03743486,117,-0.023095324635505676,0.09745316952466965
-0.2+0.4,0.4,-0.2,0.117373645,109,0.03009766899049282,0.2052106112241745
-0.2+0.6,0.6,-0.2,0.19153672,102,0.11375017836689949,0.30104807019233704
-0.2+0.8,0.8,-0.2,0.23756397,85,0.15853407979011536,0.3891253173351288
-0.2+1.0,1.0,-0.2,0.29687113,62,0.16677110269665718,0.4348998889327049
-0.2+1.2,1.2,-0.2,0.35721776,43,0.20866627991199493,0.5468825101852417
-0.2+1.4,1.4,-0.2,0.26641846,31,0.0983574390411377,0.44150203466415405
-0.2+1.6,1.6,-0.2,0.5955608,22,0.2780953124165535,0.7087654024362564
-0.2+1.8,1.8,-0.2,0.3003987,12,0.1453218273818493,0.5454643666744232
-0.2+2.0,2.0,-0.2,0.40849805,4,0.37152139842510223,0.4724578484892845
-0.2+2.2,2.2,-0.2,0.4873678,4,0.3055497072637081,0.5720124840736389
-0.2+2.4,2.4,-0.2,0.18903428,2,-0.12000530958175659,0.49807387590408325
-0.2+2.6,2.6,-0.2,,0,,
-0.2+2.8,2.8,-0.2,,0,,
-0.2+3.0,3.0,-0.2,-0.12263088,1,-0.12263087928295135,-0.12263087928295135
-0.2+3.2,3.2,-0.2,,0,,
-0.2+3.4,3.4,-0.2,,0,,
-0.2+3.6,3.6,-0.2,,0,,
-0.2+3.8,3.8,-0.2,,0,,
-0.2+4.0,4.0,-0.2,,0,,
-0.2+4.2,4.2,-0.2,,0,,
-0.2+4.4,4.4,-0.2,,0,,
-0.2+4.6,4.6,-0.2,,0,,
-0.2+4.8,4.8,-0.2,,0,,
-0.2+5.0,5.0,-0.2,,0,,
-0.2+5.2,5.2,-0.2,,0,,
-0.2+5.4,5.4,-0.2,,0,,
-0.2+5.6,5.6,-0.2,,0,,
-0.2+5.8,5.8,-0.2,,0,,
-0.2+6.0,6.0,-0.2,,0,,
-0.2+6.2,6.2,-0.2,,0,,
-0.2+6.4,6.4,-0.2,,0,,
-0.2+6.6,6.6,-0.2,,0,,
-0.2+6.8,6.8,-0.2,,0,,
-0.2+7.0,7.0,-0.2,,0,,
-0.2+7.2,7.2,-0.2,,0,,
-0.2+7.4,7.4,-0.2,,0,,
-0.2+7.6,7.6,-0.2,,0,,
-0.2+7.8,7.8,-0.2,,0,,
-0.2+8.0,8.0,-0.2,,0,,
-0.2+8.2,8.2,-0.2,,0,,
-0.2+8.4,8.4,-0.2,,0,,
-0.2+8.6,8.6,-0.2,,0,,
-0.2+8.8,8.8,-0.2,,0,,
-0.2+9.0,9.0,-0.2,,0,,
-0.2+9.2,9.2,-0.2,,0,,
-0.2+9.4,9.4,-0.2,,0,,
-0.2+9.6,9.6,-0.2,,0,,
-0.4+-0.2,-0.2,-0.4,-0.10916646,119,-0.14485930651426315,-0.036652250215411186
-0.4+-0.4,-0.4,-0.4,-0.15318592,119,-0.2108369767665863,-0.08349929004907608
-0.4+-0.6,-0.6,-0.4,-0.21012841,119,-0.26116763055324554,-0.10983256995677948
-0.4+-0.8,-0.8,-0.4,-0.22424582,119,-0.30910761654376984,-0.12056254968047142
-0.4+-1.0,-1.0,-0.4,-0.22029391,119,-0.3271344304084778,-0.11264295876026154
-0.4+-1.2,-1.2,-0.4,-0.17272553,117,-0.3164651393890381,-0.03549331799149513
-0.4+-1.4,-1.4,-0.4,-0.17640893,101,-0.3263380527496338,-0.04191917926073074
-0.4+-1.6,-1.6,-0.4,-0.12872045,65,-0.2750425934791565,0.024060897529125214
-0.4+-1.8,-1.8,-0.4,-0.047228403,30,-0.3283877968788147,0.046449583023786545
-0.4+-2.0,-2.0,-0.4,-0.116024025,8,-0.2943756431341171,0.18780011869966984
-0.4+-2.2,-2.2,-0.4,,0,,
-0.4+-2.4,-2.4,-0.4,,0,,
-0.4+-2.6,-2.6,-0.4,,0,,
-0.4+-2.8,-2.8,-0.4,,0,,
-0.4+-3.0,-3.0,-0.4,,0,,
-0.4+-3.2,-3.2,-0.4,,0,,
-0.4+-3.4,-3.4,-0.4,,0,,
-0.4+-3.6,-3.6,-0.4,,0,,
-0.4+-3.8,-3.8,-0.4,,0,,
-0.4+-4.0,-4.0,-0.4,,0,,
-0.4+-4.2,-4.2,-0.4,,0,,
-0.4+-4.4,-4.4,-0.4,,0,,
-0.4+-4.6,-4.6,-0.4,,0,,
-0.4+-4.8,-4.8,-0.4,,0,,
-0.4+-5.0,-5.0,-0.4,,0,,
-0.4+-5.2,-5.2,-0.4,,0,,
-0.4+-5.4,-5.4,-0.4,,0,,
-0.4+-5.6,-5.6,-0.4,,0,,
-0.4+-5.8,-5.8,-0.4,,0,,
-0.4+-6.0,-6.0,-0.4,,0,,
-0.4+-6.2,-6.2,-0.4,,0,,
-0.4+-6.4,-6.4,-0.4,,0,,
-0.4+-6.6,-6.6,-0.4,,0,,
-0.4+-6.8,-6.8,-0.4,,0,,
-0.4+-7.0,-7.0,-0.4,,0,,
-0.4+-7.2,-7.2,-0.4,,0,,
-0.4+-7.4,-7.4,-0.4,,0,,
-0.4+-7.6,-7.6,-0.4,,0,,
-0.4+-7.8,-7.8,-0.4,,0,,
-0.4+-8.0,-8.0,-0.4,,0,,
-0.4+0.0,0.0,-0.4,-0.02330716,118,-0.09430653229355812,0.050530401058495045
-0.4+0.2,0.2,-0.4,0.056386583,109,-0.007611732929944992,0.15456068515777588
-0.4+0.4,0.4,-0.4,0.14106327,100,0.037642816081643105,0.22718551009893417
-0.4+0.6,0.6,-0.4,0.21366398,90,0.09689600579440594,0.3296266496181488
-0.4+0.8,0.8,-0.4,0.24213333,66,0.11788851208984852,0.384274460375309
-0.4+1.0,1.0,-0.4,0.23080145,47,0.1113850511610508,0.40272049605846405
-0.4+1.2,1.2,-0.4,0.30578142,30,0.19059423729777336,0.4397655948996544
-0.4+1.4,1.4,-0.4,0.23262675,20,0.13436492905020714,0.45784661173820496
-0.4+1.6,1.6,-0.4,0.20902357,10,0.18355143815279007,0.38668886199593544
-0.4+1.8,1.8,-0.4,0.27278435,6,0.17320755869150162,0.43796198815107346
-0.4+2.0,2.0,-0.4,0.3338947,3,0.26285701990127563,0.48060445487499237
-0.4+2.2,2.2,-0.4,0.42478168,1,0.4247816801071167,0.4247816801071167
-0.4+2.4,2.4,-0.4,-0.59528905,1,-0.5952890515327454,-0.5952890515327454
-0.4+2.6,2.6,-0.4,-0.10082316,1,-0.10082315653562546,-0.10082315653562546
-0.4+2.8,2.8,-0.4,-0.23863408,1,-0.23863407969474792,-0.23863407969474792
-0.4+3.0,3.0,-0.4,,0,,
-0.4+3.2,3.2,-0.4,,0,,
-0.4+3.4,3.4,-0.4,-0.11589875,1,-0.1158987507224083,-0.1158987507224083
-0.4+3.6,3.6,-0.4,,0,,
-0.4+3.8,3.8,-0.4,,0,,
-0.4+4.0,4.0,-0.4,,0,,
-0.4+4.2,4.2,-0.4,,0,,
-0.4+4.4,4.4,-0.4,,0,,
-0.4+4.6,4.6,-0.4,,0,,
-0.4+4.8,4.8,-0.4,,0,,
-0.4+5.0,5.0,-0.4,,0,,
-0.4+5.2,5.2,-0.4,,0,,
-0.4+5.4,5.4,-0.4,,0,,
-0.4+5.6,5.6,-0.4,,0,,
-0.4+5.8,5.8,-0.4,,0,,
-0.4+6.0,6.0,-0.4,,0,,
-0.4+6.2,6.2,-0.4,,0,,
-0.4+6.4,6.4,-0.4,,0,,
-0.4+6.6,6.6,-0.4,,0,,
-0.4+6.8,6.8,-0.4,,0,,
-0.4+7.0,7.0,-0.4,,0,,
-0.4+7.2,7.2,-0.4,,0,,
-0.4+7.4,7.4,-0.4,,0,,
-0.4+7.6,7.6,-0.4,,0,,
-0.4+7.8,7.8,-0.4,,0,,
-0.4+8.0,8.0,-0.4,,0,,
-0.4+8.2,8.2,-0.4,,0,,
-0.4+8.4,8.4,-0.4,,0,,
-0.4+8.6,8.6,-0.4,,0,,
-0.4+8.8,8.8,-0.4,,0,,
-0.4+9.0,9.0,-0.4,,0,,
-0.4+9.2,9.2,-0.4,,0,,
-0.4+9.4,9.4,-0.4,,0,,
-0.4+9.6,9.6,-0.4,,0,,
-0.6+-0.2,-0.2,-0.6,-0.0629861,117,-0.14318422973155975,-0.009233107790350914
-0.6+-0.4,-0.4,-0.6,-0.13653064,119,-0.19468587636947632,-0.06545823439955711
-0.6+-0.6,-0.6,-0.6,-0.18342996,119,-0.255571573972702,-0.11303027719259262
-0.6+-0.8,-0.8,-0.6,-0.20384508,119,-0.3030189126729965,-0.13802305608987808
-0.6+-1.0,-1.0,-0.6,-0.21901499,119,-0.30753283202648163,-0.1178990863263607
-0.6+-1.2,-1.2,-0.6,-0.20279798,118,-0.3204403817653656,-0.0555674284696579
-0.6+-1.4,-1.4,-0.6,-0.18529172,100,-0.2970133647322655,-0.015153663232922554
-0.6+-1.6,-1.6,-0.6,-0.11826376,67,-0.26732322573661804,0.0890824943780899
-0.6+-1.8,-1.8,-0.6,-0.10709326,30,-0.2686443626880646,0.07994374632835388
-0.6+-2.0,-2.0,-0.6,-0.11307338,11,-0.17558510601520538,0.060794143471866846
-0.6+-2.2,-2.2,-0.6,-1.1981578,1,-1.198157787322998,-1.198157787322998
-0.6+-2.4,-2.4,-0.6,,0,,
-0.6+-2.6,-2.6,-0.6,,0,,
-0.6+-2.8,-2.8,-0.6,,0,,
-0.6+-3.0,-3.0,-0.6,,0,,
-0.6+-3.2,-3.2,-0.6,,0,,
-0.6+-3.4,-3.4,-0.6,,0,,
-0.6+-3.6,-3.6,-0.6,,0,,
-0.6+-3.8,-3.8,-0.6,,0,,
-0.6+-4.0,-4.0,-0.6,,0,,
-0.6+-4.2,-4.2,-0.6,,0,,
-0.6+-4.4,-4.4,-0.6,,0,,
-0.6+-4.6,-4.6,-0.6,,0,,
-0.6+-4.8,-4.8,-0.6,,0,,
-0.6+-5.0,-5.0,-0.6,,0,,
-0.6+-5.2,-5.2,-0.6,,0,,
-0.6+-5.4,-5.4,-0.6,,0,,
-0.6+-5.6,-5.6,-0.6,,0,,
-0.6+-5.8,-5.8,-0.6,,0,,
-0.6+-6.0,-6.0,-0.6,,0,,
-0.6+-6.2,-6.2,-0.6,,0,,
-0.6+-6.4,-6.4,-0.6,,0,,
-0.6+-6.6,-6.6,-0.6,,0,,
-0.6+-6.8,-6.8,-0.6,,0,,
-0.6+-7.0,-7.0,-0.6,,0,,
-0.6+-7.2,-7.2,-0.6,,0,,
-0.6+-7.4,-7.4,-0.6,,0,,
-0.6+-7.6,-7.6,-0.6,,0,,
-0.6+-7.8,-7.8,-0.6,,0,,
-0.6+-8.0,-8.0,-0.6,,0,,
-0.6+0.0,0.0,-0.6,-0.0051223147,112,-0.06588571704924107,0.08159018494188786
-0.6+0.2,0.2,-0.6,0.06977989,103,-0.014073798898607492,0.15433380007743835
-0.6+0.4,0.4,-0.6,0.15701944,88,0.0680177565664053,0.25746622681617737
-0.6+0.6,0.6,-0.6,0.1934445,75,0.10920410975813866,0.30037565529346466
-0.6+0.8,0.8,-0.6,0.20998749,43,0.1320408508181572,0.33894361555576324
-0.6+1.0,1.0,-0.6,0.16918589,29,0.06045345589518547,0.3525879979133606
-0.6+1.2,1.2,-0.6,0.28083396,20,0.16768600046634674,0.3644361346960068
-0.6+1.4,1.4,-0.6,0.30888695,14,0.05190539566683583,0.40496108680963516
-0.6+1.6,1.6,-0.6,0.30002213,5,0.20194825530052185,0.3105393350124359
-0.6+1.8,1.8,-0.6,0.40003002,3,0.3404868543148041,0.44450846314430237
-0.6+2.0,2.0,-0.6,-0.0822472,2,-0.2519152909517288,0.08742089569568634
-0.6+2.2,2.2,-0.6,-0.18731084,1,-0.1873108446598053,-0.1873108446598053
-0.6+2.4,2.4,-0.6,,0,,
-0.6+2.6,2.6,-0.6,,0,,
-0.6+2.8,2.8,-0.6,,0,,
-0.6+3.0,3.0,-0.6,,0,,
-0.6+3.2,3.2,-0.6,,0,,
-0.6+3.4,3.4,-0.6,,0,,
-0.6+3.6,3.6,-0.6,,0,,
-0.6+3.8,3.8,-0.6,,0,,
-0.6+4.0,4.0,-0.6,,0,,
-0.6+4.2,4.2,-0.6,,0,,
-0.6+4.4,4.4,-0.6,,0,,
-0.6+4.6,4.6,-0.6,,0,,
-0.6+4.8,4.8,-0.6,,0,,
-0.6+5.0,5.0,-0.6,,0,,
-0.6+5.2,5.2,-0.6,,0,,
-0.6+5.4,5.4,-0.6,,0,,
-0.6+5.6,5.6,-0.6,,0,,
-0.6+5.8,5.8,-0.6,,0,,
-0.6+6.0,6.0,-0.6,,0,,
-0.6+6.2,6.2,-0.6,,0,,
-0.6+6.4,6.4,-0.6,,0,,
-0.6+6.6,6.6,-0.6,,0,,
-0.6+6.8,6.8,-0.6,,0,,
-0.6+7.0,7.0,-0.6,,0,,
-0.6+7.2,7.2,-0.6,,0,,
-0.6+7.4,7.4,-0.6,,0,,
-0.6+7.6,7.6,-0.6,,0,,
-0.6+7.8,7.8,-0.6,,0,,
-0.6+8.0,8.0,-0.6,,0,,
-0.6+8.2,8.2,-0.6,,0,,
-0.6+8.4,8.4,-0.6,,0,,
-0.6+8.6,8.6,-0.6,,0,,
-0.6+8.8,8.8,-0.6,,0,,
-0.6+9.0,9.0,-0.6,,0,,
-0.6+9.2,9.2,-0.6,,0,,
-0.6+9.4,9.4,-0.6,,0,,
-0.6+9.6,9.6,-0.6,,0,,
-0.8+-0.2,-0.2,-0.8,-0.052113056,112,-0.1232396811246872,0.033640289679169655
-0.8+-0.4,-0.4,-0.8,-0.109863184,118,-0.17150578275322914,-0.0480919573456049
-0.8+-0.6,-0.6,-0.8,-0.15193179,119,-0.23365064710378647,-0.09439954534173012
-0.8+-0.8,-0.8,-0.8,-0.20684423,119,-0.2825854420661926,-0.14195703715085983
-0.8+-1.0,-1.0,-0.8,-0.21295165,118,-0.29149290174245834,-0.10610790364444256
-0.8+-1.2,-1.2,-0.8,-0.20044984,118,-0.2942349389195442,-0.07352589070796967
-0.8+-1.4,-1.4,-0.8,-0.17386058,104,-0.30164165049791336,-0.011530817369930446
-0.8+-1.6,-1.6,-0.8,-0.12752122,69,-0.2688266634941101,0.03319443389773369
-0.8+-1.8,-1.8,-0.8,-0.12092181,31,-0.3366205096244812,0.05166745372116566
-0.8+-2.0,-2.0,-0.8,-0.15599751,11,-0.232930526137352,-0.049092010129243135
-0.8+-2.2,-2.2,-0.8,-0.30841705,2,-0.4901668019592762,-0.1266673170030117
-0.8+-2.4,-2.4,-0.8,-0.8794774,1,-0.8794773817062378,-0.8794773817062378
-0.8+-2.6,-2.6,-0.8,,0,,
-0.8+-2.8,-2.8,-0.8,,0,,
-0.8+-3.0,-3.0,-0.8,,0,,
-0.8+-3.2,-3.2,-0.8,,0,,
-0.8+-3.4,-3.4,-0.8,,0,,
-0.8+-3.6,-3.6,-0.8,,0,,
-0.8+-3.8,-3.8,-0.8,,0,,
-0.8+-4.0,-4.0,-0.8,,0,,
-0.8+-4.2,-4.2,-0.8,,0,,
-0.8+-4.4,-4.4,-0.8,,0,,
-0.8+-4.6,-4.6,-0.8,,0,,
-0.8+-4.8,-4.8,-0.8,,0,,
-0.8+-5.0,-5.0,-0.8,,0,,
-0.8+-5.2,-5.2,-0.8,,0,,
-0.8+-5.4,-5.4,-0.8,,0,,
-0.8+-5.6,-5.6,-0.8,,0,,
-0.8+-5.8,-5.8,-0.8,,0,,
-0.8+-6.0,-6.0,-0.8,,0,,
-0.8+-6.2,-6.2,-0.8,,0,,
-0.8+-6.4,-6.4,-0.8,,0,,
-0.8+-6.6,-6.6,-0.8,,0,,
-0.8+-6.8,-6.8,-0.8,,0,,
-0.8+-7.0,-7.0,-0.8,,0,,
-0.8+-7.2,-7.2,-0.8,,0,,
-0.8+-7.4,-7.4,-0.8,,0,,
-0.8+-7.6,-7.6,-0.8,,0,,
-0.8+-7.8,-7.8,-0.8,,0,,
-0.8+-8.0,-8.0,-0.8,,0,,
-0.8+0.0,0.0,-0.8,0.033639215,106,-0.04848296381533146,0.11747298017144203
-0.8+0.2,0.2,-0.8,0.084818766,92,-0.011340969009324908,0.16768349707126617
-0.8+0.4,0.4,-0.8,0.13655835,74,0.035720011219382286,0.2606303319334984
-0.8+0.6,0.6,-0.8,0.16076726,48,0.0765294749289751,0.2730199992656708
-0.8+0.8,0.8,-0.8,0.18600607,31,0.008553048595786095,0.28009702265262604
-0.8+1.0,1.0,-0.8,0.21118045,19,0.12583137676119804,0.3396793305873871
-0.8+1.2,1.2,-0.8,0.1302869,9,-0.03741516172885895,0.21073487401008606
-0.8+1.4,1.4,-0.8,0.25078502,5,0.20194649696350098,0.2994593679904938
-0.8+1.6,1.6,-0.8,0.40275148,3,0.3764856904745102,0.5772679299116135
-0.8+1.8,1.8,-0.8,0.23107778,1,0.23107777535915375,0.23107777535915375
-0.8+2.0,2.0,-0.8,0.13519162,2,-0.2375231683254242,0.5079064071178436
-0.8+2.2,2.2,-0.8,,0,,
-0.8+2.4,2.4,-0.8,,0,,
-0.8+2.6,2.6,-0.8,,0,,
-0.8+2.8,2.8,-0.8,,0,,
-0.8+3.0,3.0,-0.8,,0,,
-0.8+3.2,3.2,-0.8,,0,,
-0.8+3.4,3.4,-0.8,,0,,
-0.8+3.6,3.6,-0.8,,0,,
-0.8+3.8,3.8,-0.8,,0,,
-0.8+4.0,4.0,-0.8,,0,,
-0.8+4.2,4.2,-0.8,,0,,
-0.8+4.4,4.4,-0.8,,0,,
-0.8+4.6,4.6,-0.8,,0,,
-0.8+4.8,4.8,-0.8,,0,,
-0.8+5.0,5.0,-0.8,,0,,
-0.8+5.2,5.2,-0.8,,0,,
-0.8+5.4,5.4,-0.8,,0,,
-0.8+5.6,5.6,-0.8,,0,,
-0.8+5.8,5.8,-0.8,,0,,
-0.8+6.0,6.0,-0.8,,0,,
-0.8+6.2,6.2,-0.8,,0,,
-0.8+6.4,6.4,-0.8,,0,,
-0.8+6.6,6.6,-0.8,,0,,
-0.8+6.8,6.8,-0.8,,0,,
-0.8+7.0,7.0,-0.8,,0,,
-0.8+7.2,7.2,-0.8,,0,,
-0.8+7.4,7.4,-0.8,,0,,
-0.8+7.6,7.6,-0.8,,0,,
-0.8+7.8,7.8,-0.8,,0,,
-0.8+8.0,8.0,-0.8,,0,,
-0.8+8.2,8.2,-0.8,,0,,
-0.8+8.4,8.4,-0.8,,0,,
-0.8+8.6,8.6,-0.8,,0,,
-0.8+8.8,8.8,-0.8,,0,,
-0.8+9.0,9.0,-0.8,,0,,
-0.8+9.2,9.2,-0.8,,0,,
-0.8+9.4,9.4,-0.8,,0,,
-0.8+9.6,9.6,-0.8,,0,,
-1.0+-0.2,-0.2,-1.0,-0.031003136,107,-0.11737657338380814,0.03667196445167065
-1.0+-0.4,-0.4,-1.0,-0.10574947,114,-0.15069756656885147,-0.041341736912727356
-1.0+-0.6,-0.6,-1.0,-0.16329819,118,-0.21562109887599945,-0.08527947776019573
-1.0+-0.8,-0.8,-1.0,-0.19694467,119,-0.2529638260602951,-0.1239687018096447
-1.0+-1.0,-1.0,-1.0,-0.18878692,119,-0.2918308973312378,-0.12510045245289803
-1.0+-1.2,-1.2,-1.0,-0.20186135,118,-0.29314879328012466,-0.06273501832038164
-1.0+-1.4,-1.4,-1.0,-0.1849259,104,-0.2988193929195404,-0.0519796758890152
-1.0+-1.6,-1.6,-1.0,-0.1398733,70,-0.27988311648368835,0.013856061501428485
-1.0+-1.8,-1.8,-1.0,-0.1290336,33,-0.31773072481155396,0.11217916011810303
-1.0+-2.0,-2.0,-1.0,-0.18331763,12,-0.2894965633749962,-0.07646395079791546
-1.0+-2.2,-2.2,-1.0,-0.40271607,3,-0.5738254934549332,-0.11193376779556274
-1.0+-2.4,-2.4,-1.0,,0,,
-1.0+-2.6,-2.6,-1.0,,0,,
-1.0+-2.8,-2.8,-1.0,,0,,
-1.0+-3.0,-3.0,-1.0,,0,,
-1.0+-3.2,-3.2,-1.0,,0,,
-1.0+-3.4,-3.4,-1.0,,0,,
-1.0+-3.6,-3.6,-1.0,,0,,
-1.0+-3.8,-3.8,-1.0,,0,,
-1.0+-4.0,-4.0,-1.0,,0,,
-1.0+-4.2,-4.2,-1.0,,0,,
-1.0+-4.4,-4.4,-1.0,,0,,
-1.0+-4.6,-4.6,-1.0,,0,,
-1.0+-4.8,-4.8,-1.0,,0,,
-1.0+-5.0,-5.0,-1.0,,0,,
-1.0+-5.2,-5.2,-1.0,,0,,
-1.0+-5.4,-5.4,-1.0,,0,,
-1.0+-5.6,-5.6,-1.0,,0,,
-1.0+-5.8,-5.8,-1.0,,0,,
-1.0+-6.0,-6.0,-1.0,,0,,
-1.0+-6.2,-6.2,-1.0,,0,,
-1.0+-6.4,-6.4,-1.0,,0,,
-1.0+-6.6,-6.6,-1.0,,0,,
-1.0+-6.8,-6.8,-1.0,,0,,
-1.0+-7.0,-7.0,-1.0,,0,,
-1.0+-7.2,-7.2,-1.0,,0,,
-1.0+-7.4,-7.4,-1.0,,0,,
-1.0+-7.6,-7.6,-1.0,,0,,
-1.0+-7.8,-7.8,-1.0,,0,,
-1.0+-8.0,-8.0,-1.0,,0,,
-1.0+0.0,0.0,-1.0,0.026022729,93,-0.061084993183612823,0.1257236897945404
-1.0+0.2,0.2,-1.0,0.09813238,80,0.02017597376834601,0.19860633090138435
-1.0+0.4,0.4,-1.0,0.10833025,52,0.016382576897740364,0.20774264633655548
-1.0+0.6,0.6,-1.0,0.14895591,36,0.018082502530887723,0.2346462421119213
-1.0+0.8,0.8,-1.0,0.17121226,20,0.08668230473995209,0.2756620720028877
-1.0+1.0,1.0,-1.0,0.24919286,16,0.07083947397768497,0.2942443713545799
-1.0+1.2,1.2,-1.0,0.19538552,8,-0.0728987455368042,0.2807690054178238
-1.0+1.4,1.4,-1.0,0.39361382,3,0.3214307650923729,0.4175413250923157
-1.0+1.6,1.6,-1.0,0.3707877,3,0.2200443148612976,0.46449263393878937
-1.0+1.8,1.8,-1.0,,0,,
-1.0+2.0,2.0,-1.0,,0,,
-1.0+2.2,2.2,-1.0,,0,,
-1.0+2.4,2.4,-1.0,,0,,
-1.0+2.6,2.6,-1.0,,0,,
-1.0+2.8,2.8,-1.0,,0,,
-1.0+3.0,3.0,-1.0,,0,,
-1.0+3.2,3.2,-1.0,,0,,
-1.0+3.4,3.4,-1.0,,0,,
-1.0+3.6,3.6,-1.0,,0,,
-1.0+3.8,3.8,-1.0,,0,,
-1.0+4.0,4.0,-1.0,,0,,
-1.0+4.2,4.2,-1.0,,0,,
-1.0+4.4,4.4,-1.0,,0,,
-1.0+4.6,4.6,-1.0,,0,,
-1.0+4.8,4.8,-1.0,,0,,
-1.0+5.0,5.0,-1.0,,0,,
-1.0+5.2,5.2,-1.0,,0,,
-1.0+5.4,5.4,-1.0,,0,,
-1.0+5.6,5.6,-1.0,,0,,
-1.0+5.8,5.8,-1.0,,0,,
-1.0+6.0,6.0,-1.0,,0,,
-1.0+6.2,6.2,-1.0,,0,,
-1.0+6.4,6.4,-1.0,,0,,
-1.0+6.6,6.6,-1.0,,0,,
-1.0+6.8,6.8,-1.0,,0,,
-1.0+7.0,7.0,-1.0,,0,,
-1.0+7.2,7.2,-1.0,,0,,
-1.0+7.4,7.4,-1.0,,0,,
-1.0+7.6,7.6,-1.0,,0,,
-1.0+7.8,7.8,-1.0,,0,,
-1.0+8.0,8.0,-1.0,,0,,
-1.0+8.2,8.2,-1.0,,0,,
-1.0+8.4,8.4,-1.0,,0,,
-1.0+8.6,8.6,-1.0,,0,,
-1.0+8.8,8.8,-1.0,,0,,
-1.0+9.0,9.0,-1.0,,0,,
-1.0+9.2,9.2,-1.0,,0,,
-1.0+9.4,9.4,-1.0,,0,,
-1.0+9.6,9.6,-1.0,,0,,
-1.2+-0.2,-0.2,-1.2,-0.030574966,98,-0.106635557487607,0.06373050436377525
-1.2+-0.4,-0.4,-1.2,-0.07332973,110,-0.15773385018110275,-0.01105351047590375
-1.2+-0.6,-0.6,-1.2,-0.15312383,117,-0.20504210889339447,-0.05353225767612457
-1.2+-0.8,-0.8,-1.2,-0.19663903,119,-0.25922590494155884,-0.1119232289493084
-1.2+-1.0,-1.0,-1.2,-0.20246649,119,-0.28069350123405457,-0.11162754148244858
-1.2+-1.2,-1.2,-1.2,-0.17669104,118,-0.2781200259923935,-0.05870772246271372
-1.2+-1.4,-1.4,-1.2,-0.18999764,104,-0.30064377188682556,-0.03753624577075243
-1.2+-1.6,-1.6,-1.2,-0.13249525,74,-0.2702285870909691,0.09127395041286945
-1.2+-1.8,-1.8,-1.2,-0.16093747,33,-0.30805107951164246,0.022947203367948532
-1.2+-2.0,-2.0,-1.2,0.022003105,13,-0.15315935015678406,0.10444435477256775
-1.2+-2.2,-2.2,-1.2,-0.42375448,3,-0.7123876363039017,-0.08930324018001556
-1.2+-2.4,-2.4,-1.2,,0,,
-1.2+-2.6,-2.6,-1.2,-0.35992837,1,-0.3599283695220947,-0.3599283695220947
-1.2+-2.8,-2.8,-1.2,,0,,
-1.2+-3.0,-3.0,-1.2,,0,,
-1.2+-3.2,-3.2,-1.2,,0,,
-1.2+-3.4,-3.4,-1.2,,0,,
-1.2+-3.6,-3.6,-1.2,,0,,
-1.2+-3.8,-3.8,-1.2,,0,,
-1.2+-4.0,-4.0,-1.2,,0,,
-1.2+-4.2,-4.2,-1.2,,0,,
-1.2+-4.4,-4.4,-1.2,,0,,
-1.2+-4.6,-4.6,-1.2,,0,,
-1.2+-4.8,-4.8,-1.2,,0,,
-1.2+-5.0,-5.0,-1.2,,0,,
-1.2+-5.2,-5.2,-1.2,,0,,
-1.2+-5.4,-5.4,-1.2,,0,,
-1.2+-5.6,-5.6,-1.2,,0,,
-1.2+-5.8,-5.8,-1.2,,0,,
-1.2+-6.0,-6.0,-1.2,,0,,
-1.2+-6.2,-6.2,-1.2,,0,,
-1.2+-6.4,-6.4,-1.2,,0,,
-1.2+-6.6,-6.6,-1.2,,0,,
-1.2+-6.8,-6.8,-1.2,,0,,
-1.2+-7.0,-7.0,-1.2,,0,,
-1.2+-7.2,-7.2,-1.2,,0,,
-1.2+-7.4,-7.4,-1.2,,0,,
-1.2+-7.6,-7.6,-1.2,,0,,
-1.2+-7.8,-7.8,-1.2,,0,,
-1.2+-8.0,-8.0,-1.2,,0,,
-1.2+0.0,0.0,-1.2,0.04438471,79,-0.07658035308122635,0.1722768023610115
-1.2+0.2,0.2,-1.2,0.061934374,58,-0.04760747216641903,0.1696450151503086
-1.2+0.4,0.4,-1.2,0.08051702,37,-0.008148145861923695,0.20680943131446838
-1.2+0.6,0.6,-1.2,0.097083226,26,0.0422943951562047,0.1920335404574871
-1.2+0.8,0.8,-1.2,0.16622134,20,0.0880174096673727,0.3322042226791382
-1.2+1.0,1.0,-1.2,0.13393673,10,-0.023437649942934513,0.17904964834451675
-1.2+1.2,1.2,-1.2,0.12662831,7,0.06919517368078232,0.37719498574733734
-1.2+1.4,1.4,-1.2,0.21794006,2,0.14818548783659935,0.28769465163350105
-1.2+1.6,1.6,-1.2,,0,,
-1.2+1.8,1.8,-1.2,,0,,
-1.2+2.0,2.0,-1.2,,0,,
-1.2+2.2,2.2,-1.2,,0,,
-1.2+2.4,2.4,-1.2,,0,,
-1.2+2.6,2.6,-1.2,,0,,
-1.2+2.8,2.8,-1.2,,0,,
-1.2+3.0,3.0,-1.2,,0,,
-1.2+3.2,3.2,-1.2,,0,,
-1.2+3.4,3.4,-1.2,,0,,
-1.2+3.6,3.6,-1.2,,0,,
-1.2+3.8,3.8,-1.2,,0,,
-1.2+4.0,4.0,-1.2,,0,,
-1.2+4.2,4.2,-1.2,,0,,
-1.2+4.4,4.4,-1.2,,0,,
-1.2+4.6,4.6,-1.2,,0,,
-1.2+4.8,4.8,-1.2,,0,,
-1.2+5.0,5.0,-1.2,,0,,
-1.2+5.2,5.2,-1.2,,0,,
-1.2+5.4,5.4,-1.2,,0,,
-1.2+5.6,5.6,-1.2,,0,,
-1.2+5.8,5.8,-1.2,,0,,
-1.2+6.0,6.0,-1.2,,0,,
-1.2+6.2,6.2,-1.2,,0,,
-1.2+6.4,6.4,-1.2,,0,,
-1.2+6.6,6.6,-1.2,,0,,
-1.2+6.8,6.8,-1.2,,0,,
-1.2+7.0,7.0,-1.2,,0,,
-1.2+7.2,7.2,-1.2,,0,,
-1.2+7.4,7.4,-1.2,,0,,
-1.2+7.6,7.6,-1.2,,0,,
-1.2+7.8,7.8,-1.2,,0,,
-1.2+8.0,8.0,-1.2,,0,,
-1.2+8.2,8.2,-1.2,,0,,
-1.2+8.4,8.4,-1.2,,0,,
-1.2+8.6,8.6,-1.2,,0,,
-1.2+8.8,8.8,-1.2,,0,,
-1.2+9.0,9.0,-1.2,,0,,
-1.2+9.2,9.2,-1.2,,0,,
-1.2+9.4,9.4,-1.2,,0,,
-1.2+9.6,9.6,-1.2,,0,,
-1.4+-0.2,-0.2,-1.4,-0.025084915,85,-0.10445921123027802,0.058053046464920044
-1.4+-0.4,-0.4,-1.4,-0.05872442,104,-0.13549630716443062,0.0026042706158477813
-1.4+-0.6,-0.6,-1.4,-0.13123488,113,-0.1868572235107422,-0.048479240387678146
-1.4+-0.8,-0.8,-1.4,-0.16555782,119,-0.23475343734025955,-0.09611344337463379
-1.4+-1.0,-1.0,-1.4,-0.19653586,118,-0.26006409525871277,-0.10462823696434498
-1.4+-1.2,-1.2,-1.4,-0.17943782,118,-0.2824714332818985,-0.0579387778416276
-1.4+-1.4,-1.4,-1.4,-0.17147271,105,-0.3005836009979248,-0.0001390729594277218
-1.4+-1.6,-1.6,-1.4,-0.14274126,72,-0.2672928050160408,0.015925672370940447
-1.4+-1.8,-1.8,-1.4,-0.1296173,35,-0.33322036266326904,0.0841913390904665
-1.4+-2.0,-2.0,-1.4,-0.1147434,12,-0.3405132591724396,0.00020285649225115776
-1.4+-2.2,-2.2,-1.4,-0.30157337,3,-0.48551587760448456,-0.06324362009763718
-1.4+-2.4,-2.4,-1.4,,0,,
-1.4+-2.6,-2.6,-1.4,,0,,
-1.4+-2.8,-2.8,-1.4,,0,,
-1.4+-3.0,-3.0,-1.4,,0,,
-1.4+-3.2,-3.2,-1.4,,0,,
-1.4+-3.4,-3.4,-1.4,,0,,
-1.4+-3.6,-3.6,-1.4,,0,,
-1.4+-3.8,-3.8,-1.4,,0,,
-1.4+-4.0,-4.0,-1.4,,0,,
-1.4+-4.2,-4.2,-1.4,,0,,
-1.4+-4.4,-4.4,-1.4,,0,,
-1.4+-4.6,-4.6,-1.4,,0,,
-1.4+-4.8,-4.8,-1.4,,0,,
-1.4+-5.0,-5.0,-1.4,,0,,
-1.4+-5.2,-5.2,-1.4,,0,,
-1.4+-5.4,-5.4,-1.4,,0,,
-1.4+-5.6,-5.6,-1.4,,0,,
-1.4+-5.8,-5.8,-1.4,,0,,
-1.4+-6.0,-6.0,-1.4,,0,,
-1.4+-6.2,-6.2,-1.4,,0,,
-1.4+-6.4,-6.4,-1.4,,0,,
-1.4+-6.6,-6.6,-1.4,,0,,
-1.4+-6.8,-6.8,-1.4,,0,,
-1.4+-7.0,-7.0,-1.4,,0,,
-1.4+-7.2,-7.2,-1.4,,0,,
-1.4+-7.4,-7.4,-1.4,,0,,
-1.4+-7.6,-7.6,-1.4,,0,,
-1.4+-7.8,-7.8,-1.4,,0,,
-1.4+-8.0,-8.0,-1.4,,0,,
-1.4+0.0,0.0,-1.4,-0.018214807,64,-0.10500455647706985,0.11627623438835144
-1.4+0.2,0.2,-1.4,0.021405384,39,-0.04671620577573776,0.1314864456653595
-1.4+0.4,0.4,-1.4,0.07082227,26,-0.025559606961905956,0.1574828140437603
-1.4+0.6,0.6,-1.4,0.067499846,20,0.013967850478366017,0.13690676912665367
-1.4+0.8,0.8,-1.4,0.100016974,9,-0.25399473309516907,0.1849212348461151
-1.4+1.0,1.0,-1.4,0.16356084,7,-0.030930552631616592,0.24140256643295288
-1.4+1.2,1.2,-1.4,0.24483448,3,0.013825461268424988,0.3144920766353607
-1.4+1.4,1.4,-1.4,,0,,
-1.4+1.6,1.6,-1.4,,0,,
-1.4+1.8,1.8,-1.4,,0,,
-1.4+2.0,2.0,-1.4,,0,,
-1.4+2.2,2.2,-1.4,,0,,
-1.4+2.4,2.4,-1.4,,0,,
-1.4+2.6,2.6,-1.4,,0,,
-1.4+2.8,2.8,-1.4,,0,,
-1.4+3.0,3.0,-1.4,,0,,
-1.4+3.2,3.2,-1.4,,0,,
-1.4+3.4,3.4,-1.4,,0,,
-1.4+3.6,3.6,-1.4,,0,,
-1.4+3.8,3.8,-1.4,,0,,
-1.4+4.0,4.0,-1.4,,0,,
-1.4+4.2,4.2,-1.4,,0,,
-1.4+4.4,4.4,-1.4,,0,,
-1.4+4.6,4.6,-1.4,,0,,
-1.4+4.8,4.8,-1.4,,0,,
-1.4+5.0,5.0,-1.4,,0,,
-1.4+5.2,5.2,-1.4,,0,,
-1.4+5.4,5.4,-1.4,,0,,
-1.4+5.6,5.6,-1.4,,0,,
-1.4+5.8,5.8,-1.4,,0,,
-1.4+6.0,6.0,-1.4,,0,,
-1.4+6.2,6.2,-1.4,,0,,
-1.4+6.4,6.4,-1.4,,0,,
-1.4+6.6,6.6,-1.4,,0,,
-1.4+6.8,6.8,-1.4,,0,,
-1.4+7.0,7.0,-1.4,,0,,
-1.4+7.2,7.2,-1.4,,0,,
-1.4+7.4,7.4,-1.4,,0,,
-1.4+7.6,7.6,-1.4,,0,,
-1.4+7.8,7.8,-1.4,,0,,
-1.4+8.0,8.0,-1.4,,0,,
-1.4+8.2,8.2,-1.4,,0,,
-1.4+8.4,8.4,-1.4,,0,,
-1.4+8.6,8.6,-1.4,,0,,
-1.4+8.8,8.8,-1.4,,0,,
-1.4+9.0,9.0,-1.4,,0,,
-1.4+9.2,9.2,-1.4,,0,,
-1.4+9.4,9.4,-1.4,,0,,
-1.4+9.6,9.6,-1.4,,0,,
-1.6+-0.2,-0.2,-1.6,-0.055163354,67,-0.128617525100708,0.019974916242063046
-1.6+-0.4,-0.4,-1.6,-0.084266745,89,-0.160070538520813,-0.012031013146042824
-1.6+-0.6,-0.6,-1.6,-0.12235135,105,-0.18599919974803925,-0.06179465353488922
-1.6+-0.8,-0.8,-1.6,-0.19226801,112,-0.25107841193675995,-0.11150886118412018
-1.6+-1.0,-1.0,-1.6,-0.17918724,119,-0.2594466358423233,-0.09292689710855484
-1.6+-1.2,-1.2,-1.6,-0.17361455,117,-0.28287065029144287,-0.051825687289237976
-1.6+-1.4,-1.4,-1.6,-0.15598866,104,-0.27492187172174454,0.015300371451303363
-1.6+-1.6,-1.6,-1.6,-0.094750024,73,-0.26273036003112793,0.053586430847644806
-1.6+-1.8,-1.8,-1.6,-0.1221956,34,-0.3496674597263336,0.07095520757138729
-1.6+-2.0,-2.0,-1.6,-0.16175961,14,-0.23539457842707634,-0.041741699911653996
-1.6+-2.2,-2.2,-1.6,,0,,
-1.6+-2.4,-2.4,-1.6,,0,,
-1.6+-2.6,-2.6,-1.6,,0,,
-1.6+-2.8,-2.8,-1.6,,0,,
-1.6+-3.0,-3.0,-1.6,,0,,
-1.6+-3.2,-3.2,-1.6,,0,,
-1.6+-3.4,-3.4,-1.6,,0,,
-1.6+-3.6,-3.6,-1.6,,0,,
-1.6+-3.8,-3.8,-1.6,,0,,
-1.6+-4.0,-4.0,-1.6,,0,,
-1.6+-4.2,-4.2,-1.6,,0,,
-1.6+-4.4,-4.4,-1.6,,0,,
-1.6+-4.6,-4.6,-1.6,,0,,
-1.6+-4.8,-4.8,-1.6,,0,,
-1.6+-5.0,-5.0,-1.6,,0,,
-1.6+-5.2,-5.2,-1.6,,0,,
-1.6+-5.4,-5.4,-1.6,,0,,
-1.6+-5.6,-5.6,-1.6,,0,,
-1.6+-5.8,-5.8,-1.6,,0,,
-1.6+-6.0,-6.0,-1.6,,0,,
-1.6+-6.2,-6.2,-1.6,,0,,
-1.6+-6.4,-6.4,-1.6,,0,,
-1.6+-6.6,-6.6,-1.6,,0,,
-1.6+-6.8,-6.8,-1.6,,0,,
-1.6+-7.0,-7.0,-1.6,,0,,
-1.6+-7.2,-7.2,-1.6,,0,,
-1.6+-7.4,-7.4,-1.6,,0,,
-1.6+-7.6,-7.6,-1.6,,0,,
-1.6+-7.8,-7.8,-1.6,,0,,
-1.6+-8.0,-8.0,-1.6,,0,,
-1.6+0.0,0.0,-1.6,-0.0049121715,44,-0.10526837594807148,0.0918649435043335
-1.6+0.2,0.2,-1.6,0.029535392,19,-0.03174476884305477,0.1649431735277176
-1.6+0.4,0.4,-1.6,0.08062197,17,-0.0007416404550895095,0.13778182864189148
-1.6+0.6,0.6,-1.6,0.10635274,11,0.017183113610371947,0.15667720884084702
-1.6+0.8,0.8,-1.6,-0.0057701394,7,-0.12792137637734413,0.13086345046758652
-1.6+1.0,1.0,-1.6,0.021787465,4,-0.19108804687857628,0.22841228172183037
-1.6+1.2,1.2,-1.6,-0.08429107,1,-0.08429107069969177,-0.08429107069969177
-1.6+1.4,1.4,-1.6,,0,,
-1.6+1.6,1.6,-1.6,,0,,
-1.6+1.8,1.8,-1.6,,0,,
-1.6+2.0,2.0,-1.6,,0,,
-1.6+2.2,2.2,-1.6,,0,,
-1.6+2.4,2.4,-1.6,,0,,
-1.6+2.6,2.6,-1.6,,0,,
-1.6+2.8,2.8,-1.6,,0,,
-1.6+3.0,3.0,-1.6,,0,,
-1.6+3.2,3.2,-1.6,,0,,
-1.6+3.4,3.4,-1.6,,0,,
-1.6+3.6,3.6,-1.6,,0,,
-1.6+3.8,3.8,-1.6,,0,,
-1.6+4.0,4.0,-1.6,,0,,
-1.6+4.2,4.2,-1.6,,0,,
-1.6+4.4,4.4,-1.6,,0,,
-1.6+4.6,4.6,-1.6,,0,,
-1.6+4.8,4.8,-1.6,,0,,
-1.6+5.0,5.0,-1.6,,0,,
-1.6+5.2,5.2,-1.6,,0,,
-1.6+5.4,5.4,-1.6,,0,,
-1.6+5.6,5.6,-1.6,,0,,
-1.6+5.8,5.8,-1.6,,0,,
-1.6+6.0,6.0,-1.6,,0,,
-1.6+6.2,6.2,-1.6,,0,,
-1.6+6.4,6.4,-1.6,,0,,
-1.6+6.6,6.6,-1.6,,0,,
-1.6+6.8,6.8,-1.6,,0,,
-1.6+7.0,7.0,-1.6,,0,,
-1.6+7.2,7.2,-1.6,,0,,
-1.6+7.4,7.4,-1.6,,0,,
-1.6+7.6,7.6,-1.6,,0,,
-1.6+7.8,7.8,-1.6,,0,,
-1.6+8.0,8.0,-1.6,,0,,
-1.6+8.2,8.2,-1.6,,0,,
-1.6+8.4,8.4,-1.6,,0,,
-1.6+8.6,8.6,-1.6,,0,,
-1.6+8.8,8.8,-1.6,,0,,
-1.6+9.0,9.0,-1.6,,0,,
-1.6+9.2,9.2,-1.6,,0,,
-1.6+9.4,9.4,-1.6,,0,,
-1.6+9.6,9.6,-1.6,,0,,
-1.8+-0.2,-0.2,-1.8,-0.080967575,47,-0.13384239375591278,0.0010463662329129875
-1.8+-0.4,-0.4,-1.8,-0.08107211,81,-0.1422729641199112,-0.016691645607352257
-1.8+-0.6,-0.6,-1.8,-0.122564256,96,-0.20633859559893608,-0.04944513365626335
-1.8+-0.8,-0.8,-1.8,-0.16934554,112,-0.25058702751994133,-0.10256358236074448
-1.8+-1.0,-1.0,-1.8,-0.18101722,114,-0.25564031302928925,-0.08145870640873909
-1.8+-1.2,-1.2,-1.8,-0.17538136,115,-0.27458004653453827,-0.07931680604815483
-1.8+-1.4,-1.4,-1.8,-0.14726137,105,-0.28909894824028015,0.014246594160795212
-1.8+-1.6,-1.6,-1.8,-0.15042485,73,-0.30258709192276,0.026331042870879173
-1.8+-1.8,-1.8,-1.8,-0.16072538,32,-0.31711495667696,0.06591987144201994
-1.8+-2.0,-2.0,-1.8,-0.09675618,12,-0.27561047673225403,-0.002784555312246084
-1.8+-2.2,-2.2,-1.8,-0.21922779,2,-0.28265469148755074,-0.15580090507864952
-1.8+-2.4,-2.4,-1.8,-0.71854407,1,-0.718544065952301,-0.718544065952301
-1.8+-2.6,-2.6,-1.8,,0,,
-1.8+-2.8,-2.8,-1.8,,0,,
-1.8+-3.0,-3.0,-1.8,,0,,
-1.8+-3.2,-3.2,-1.8,,0,,
-1.8+-3.4,-3.4,-1.8,,0,,
-1.8+-3.6,-3.6,-1.8,,0,,
-1.8+-3.8,-3.8,-1.8,,0,,
-1.8+-4.0,-4.0,-1.8,,0,,
-1.8+-4.2,-4.2,-1.8,,0,,
-1.8+-4.4,-4.4,-1.8,,0,,
-1.8+-4.6,-4.6,-1.8,,0,,
-1.8+-4.8,-4.8,-1.8,,0,,
-1.8+-5.0,-5.0,-1.8,,0,,
-1.8+-5.2,-5.2,-1.8,,0,,
-1.8+-5.4,-5.4,-1.8,,0,,
-1.8+-5.6,-5.6,-1.8,,0,,
-1.8+-5.8,-5.8,-1.8,,0,,
-1.8+-6.0,-6.0,-1.8,,0,,
-1.8+-6.2,-6.2,-1.8,,0,,
-1.8+-6.4,-6.4,-1.8,,0,,
-1.8+-6.6,-6.6,-1.8,,0,,
-1.8+-6.8,-6.8,-1.8,,0,,
-1.8+-7.0,-7.0,-1.8,,0,,
-1.8+-7.2,-7.2,-1.8,,0,,
-1.8+-7.4,-7.4,-1.8,,0,,
-1.8+-7.6,-7.6,-1.8,,0,,
-1.8+-7.8,-7.8,-1.8,,0,,
-1.8+-8.0,-8.0,-1.8,,0,,
-1.8+0.0,0.0,-1.8,-0.024092644,27,-0.060221582651138306,0.036762350238859653
-1.8+0.2,0.2,-1.8,0.07327584,16,0.017994752386584878,0.11180904321372509
-1.8+0.4,0.4,-1.8,0.06866379,12,-0.10479978285729885,0.15538236498832703
-1.8+0.6,0.6,-1.8,-0.0030777985,9,-0.03427288308739662,0.08607884496450424
-1.8+0.8,0.8,-1.8,0.027608939,6,-0.09826075099408627,0.08202765323221684
-1.8+1.0,1.0,-1.8,-0.13208416,1,-0.13208416104316711,-0.13208416104316711
-1.8+1.2,1.2,-1.8,,0,,
-1.8+1.4,1.4,-1.8,,0,,
-1.8+1.6,1.6,-1.8,,0,,
-1.8+1.8,1.8,-1.8,,0,,
-1.8+2.0,2.0,-1.8,,0,,
-1.8+2.2,2.2,-1.8,,0,,
-1.8+2.4,2.4,-1.8,,0,,
-1.8+2.6,2.6,-1.8,,0,,
-1.8+2.8,2.8,-1.8,,0,,
-1.8+3.0,3.0,-1.8,,0,,
-1.8+3.2,3.2,-1.8,,0,,
-1.8+3.4,3.4,-1.8,,0,,
-1.8+3.6,3.6,-1.8,,0,,
-1.8+3.8,3.8,-1.8,,0,,
-1.8+4.0,4.0,-1.8,,0,,
-1.8+4.2,4.2,-1.8,,0,,
-1.8+4.4,4.4,-1.8,,0,,
-1.8+4.6,4.6,-1.8,,0,,
-1.8+4.8,4.8,-1.8,,0,,
-1.8+5.0,5.0,-1.8,,0,,
-1.8+5.2,5.2,-1.8,,0,,
-1.8+5.4,5.4,-1.8,,0,,
-1.8+5.6,5.6,-1.8,,0,,
-1.8+5.8,5.8,-1.8,,0,,
-1.8+6.0,6.0,-1.8,,0,,
-1.8+6.2,6.2,-1.8,,0,,
-1.8+6.4,6.4,-1.8,,0,,
-1.8+6.6,6.6,-1.8,,0,,
-1.8+6.8,6.8,-1.8,,0,,
-1.8+7.0,7.0,-1.8,,0,,
-1.8+7.2,7.2,-1.8,,0,,
-1.8+7.4,7.4,-1.8,,0,,
-1.8+7.6,7.6,-1.8,,0,,
-1.8+7.8,7.8,-1.8,,0,,
-1.8+8.0,8.0,-1.8,,0,,
-1.8+8.2,8.2,-1.8,,0,,
-1.8+8.4,8.4,-1.8,,0,,
-1.8+8.6,8.6,-1.8,,0,,
-1.8+8.8,8.8,-1.8,,0,,
-1.8+9.0,9.0,-1.8,,0,,
-1.8+9.2,9.2,-1.8,,0,,
-1.8+9.4,9.4,-1.8,,0,,
-1.8+9.6,9.6,-1.8,,0,,
-2.0+-0.2,-0.2,-2.0,-0.055963434,33,-0.13096430897712708,0.022981202229857445
-2.0+-0.4,-0.4,-2.0,-0.114694886,51,-0.17577191442251205,-0.02682974562048912
-2.0+-0.6,-0.6,-2.0,-0.13173695,87,-0.19681168347597122,-0.046732986345887184
-2.0+-0.8,-0.8,-2.0,-0.16356263,102,-0.24979623779654503,-0.07987232133746147
-2.0+-1.0,-1.0,-2.0,-0.1625521,110,-0.2578772306442261,-0.09322859719395638
-2.0+-1.2,-1.2,-2.0,-0.1638436,114,-0.25643768161535263,-0.041238402016460896
-2.0+-1.4,-1.4,-2.0,-0.15325004,105,-0.2940056025981903,0.008236103691160679
-2.0+-1.6,-1.6,-2.0,-0.14579594,74,-0.29071564972400665,0.03957080468535423
-2.0+-1.8,-1.8,-2.0,-0.20419657,34,-0.3377905488014221,-0.019362515304237604
-2.0+-2.0,-2.0,-2.0,-0.19842975,11,-0.33924154937267303,-0.12246201932430267
-2.0+-2.2,-2.2,-2.0,-0.18151057,3,-0.19873206317424774,-0.1444851979613304
-2.0+-2.4,-2.4,-2.0,-0.75096667,1,-0.7509666681289673,-0.7509666681289673
-2.0+-2.6,-2.6,-2.0,,0,,
-2.0+-2.8,-2.8,-2.0,,0,,
-2.0+-3.0,-3.0,-2.0,,0,,
-2.0+-3.2,-3.2,-2.0,,0,,
-2.0+-3.4,-3.4,-2.0,,0,,
-2.0+-3.6,-3.6,-2.0,,0,,
-2.0+-3.8,-3.8,-2.0,,0,,
-2.0+-4.0,-4.0,-2.0,,0,,
-2.0+-4.2,-4.2,-2.0,,0,,
-2.0+-4.4,-4.4,-2.0,,0,,
-2.0+-4.6,-4.6,-2.0,,0,,
-2.0+-4.8,-4.8,-2.0,,0,,
-2.0+-5.0,-5.0,-2.0,,0,,
-2.0+-5.2,-5.2,-2.0,,0,,
-2.0+-5.4,-5.4,-2.0,,0,,
-2.0+-5.6,-5.6,-2.0,,0,,
-2.0+-5.8,-5.8,-2.0,,0,,
-2.0+-6.0,-6.0,-2.0,,0,,
-2.0+-6.2,-6.2,-2.0,,0,,
-2.0+-6.4,-6.4,-2.0,,0,,
-2.0+-6.6,-6.6,-2.0,,0,,
-2.0+-6.8,-6.8,-2.0,,0,,
-2.0+-7.0,-7.0,-2.0,,0,,
-2.0+-7.2,-7.2,-2.0,,0,,
-2.0+-7.4,-7.4,-2.0,,0,,
-2.0+-7.6,-7.6,-2.0,,0,,
-2.0+-7.8,-7.8,-2.0,,0,,
-2.0+-8.0,-8.0,-2.0,,0,,
-2.0+0.0,0.0,-2.0,-0.013894104,20,-0.08441447652876377,0.051336370408535004
-2.0+0.2,0.2,-2.0,-0.017268619,9,-0.08581545203924179,0.06824691593647003
-2.0+0.4,0.4,-2.0,0.06299107,6,-0.0014891272876411676,0.13061446323990822
-2.0+0.6,0.6,-2.0,0.11355549,4,-0.06563001777976751,0.193997323513031
-2.0+0.8,0.8,-2.0,-0.05949766,1,-0.0594976581633091,-0.0594976581633091
-2.0+1.0,1.0,-2.0,,0,,
-2.0+1.2,1.2,-2.0,,0,,
-2.0+1.4,1.4,-2.0,,0,,
-2.0+1.6,1.6,-2.0,,0,,
-2.0+1.8,1.8,-2.0,,0,,
-2.0+2.0,2.0,-2.0,,0,,
-2.0+2.2,2.2,-2.0,,0,,
-2.0+2.4,2.4,-2.0,,0,,
-2.0+2.6,2.6,-2.0,,0,,
-2.0+2.8,2.8,-2.0,,0,,
-2.0+3.0,3.0,-2.0,,0,,
-2.0+3.2,3.2,-2.0,,0,,
-2.0+3.4,3.4,-2.0,,0,,
-2.0+3.6,3.6,-2.0,,0,,
-2.0+3.8,3.8,-2.0,,0,,
-2.0+4.0,4.0,-2.0,,0,,
-2.0+4.2,4.2,-2.0,,0,,
-2.0+4.4,4.4,-2.0,,0,,
-2.0+4.6,4.6,-2.0,,0,,
-2.0+4.8,4.8,-2.0,,0,,
-2.0+5.0,5.0,-2.0,,0,,
-2.0+5.2,5.2,-2.0,,0,,
-2.0+5.4,5.4,-2.0,,0,,
-2.0+5.6,5.6,-2.0,,0,,
-2.0+5.8,5.8,-2.0,,0,,
-2.0+6.0,6.0,-2.0,,0,,
-2.0+6.2,6.2,-2.0,,0,,
-2.0+6.4,6.4,-2.0,,0,,
-2.0+6.6,6.6,-2.0,,0,,
-2.0+6.8,6.8,-2.0,,0,,
-2.0+7.0,7.0,-2.0,,0,,
-2.0+7.2,7.2,-2.0,,0,,
-2.0+7.4,7.4,-2.0,,0,,
-2.0+7.6,7.6,-2.0,,0,,
-2.0+7.8,7.8,-2.0,,0,,
-2.0+8.0,8.0,-2.0,,0,,
-2.0+8.2,8.2,-2.0,,0,,
-2.0+8.4,8.4,-2.0,,0,,
-2.0+8.6,8.6,-2.0,,0,,
-2.0+8.8,8.8,-2.0,,0,,
-2.0+9.0,9.0,-2.0,,0,,
-2.0+9.2,9.2,-2.0,,0,,
-2.0+9.4,9.4,-2.0,,0,,
-2.0+9.6,9.6,-2.0,,0,,
-2.2+-0.2,-0.2,-2.2,-0.075932786,21,-0.13710704445838928,-0.03638334572315216
-2.2+-0.4,-0.4,-2.2,-0.08934511,41,-0.15978363156318665,-0.046850841492414474
-2.2+-0.6,-0.6,-2.2,-0.10310675,58,-0.19321389123797417,-0.030040519777685404
-2.2+-0.8,-0.8,-2.2,-0.15696156,91,-0.21738209575414658,-0.0863112211227417
-2.2+-1.0,-1.0,-2.2,-0.16241303,108,-0.23296063393354416,-0.06562945060431957
-2.2+-1.2,-1.2,-2.2,-0.1564115,109,-0.24756428599357605,-0.009795882739126682
-2.2+-1.4,-1.4,-2.2,-0.13973804,102,-0.2820403724908829,-0.003997294697910547
-2.2+-1.6,-1.6,-2.2,-0.086943075,71,-0.26745493710041046,0.08071083202958107
-2.2+-1.8,-1.8,-2.2,-0.13371547,30,-0.3717203512787819,0.03303820639848709
-2.2+-2.0,-2.0,-2.2,-0.18094122,14,-0.39753273129463196,-0.11410785093903542
-2.2+-2.2,-2.2,-2.2,-0.09913215,5,-0.1166006326675415,-0.09877286851406097
-2.2+-2.4,-2.4,-2.2,-0.5409179,1,-0.5409178733825684,-0.5409178733825684
-2.2+-2.6,-2.6,-2.2,,0,,
-2.2+-2.8,-2.8,-2.2,,0,,
-2.2+-3.0,-3.0,-2.2,,0,,
-2.2+-3.2,-3.2,-2.2,,0,,
-2.2+-3.4,-3.4,-2.2,,0,,
-2.2+-3.6,-3.6,-2.2,,0,,
-2.2+-3.8,-3.8,-2.2,,0,,
-2.2+-4.0,-4.0,-2.2,,0,,
-2.2+-4.2,-4.2,-2.2,,0,,
-2.2+-4.4,-4.4,-2.2,,0,,
-2.2+-4.6,-4.6,-2.2,,0,,
-2.2+-4.8,-4.8,-2.2,,0,,
-2.2+-5.0,-5.0,-2.2,,0,,
-2.2+-5.2,-5.2,-2.2,,0,,
-2.2+-5.4,-5.4,-2.2,,0,,
-2.2+-5.6,-5.6,-2.2,,0,,
-2.2+-5.8,-5.8,-2.2,,0,,
-2.2+-6.0,-6.0,-2.2,,0,,
-2.2+-6.2,-6.2,-2.2,,0,,
-2.2+-6.4,-6.4,-2.2,,0,,
-2.2+-6.6,-6.6,-2.2,,0,,
-2.2+-6.8,-6.8,-2.2,,0,,
-2.2+-7.0,-7.0,-2.2,,0,,
-2.2+-7.2,-7.2,-2.2,,0,,
-2.2+-7.4,-7.4,-2.2,,0,,
-2.2+-7.6,-7.6,-2.2,,0,,
-2.2+-7.8,-7.8,-2.2,,0,,
-2.2+-8.0,-8.0,-2.2,,0,,
-2.2+0.0,0.0,-2.2,-0.02318978,13,-0.1003461554646492,-0.005552280694246292
-2.2+0.2,0.2,-2.2,-0.0008892,9,-0.01482786051928997,0.07935425639152527
-2.2+0.4,0.4,-2.2,0.1507874,4,0.12734085321426392,0.17439189180731773
-2.2+0.6,0.6,-2.2,-0.050848115,2,-0.0826678411103785,-0.01902839122340083
-2.2+0.8,0.8,-2.2,,0,,
-2.2+1.0,1.0,-2.2,,0,,
-2.2+1.2,1.2,-2.2,,0,,
-2.2+1.4,1.4,-2.2,,0,,
-2.2+1.6,1.6,-2.2,,0,,
-2.2+1.8,1.8,-2.2,,0,,
-2.2+2.0,2.0,-2.2,,0,,
-2.2+2.2,2.2,-2.2,,0,,
-2.2+2.4,2.4,-2.2,,0,,
-2.2+2.6,2.6,-2.2,,0,,
-2.2+2.8,2.8,-2.2,,0,,
-2.2+3.0,3.0,-2.2,,0,,
-2.2+3.2,3.2,-2.2,,0,,
-2.2+3.4,3.4,-2.2,,0,,
-2.2+3.6,3.6,-2.2,,0,,
-2.2+3.8,3.8,-2.2,,0,,
-2.2+4.0,4.0,-2.2,,0,,
-2.2+4.2,4.2,-2.2,,0,,
-2.2+4.4,4.4,-2.2,,0,,
-2.2+4.6,4.6,-2.2,,0,,
-2.2+4.8,4.8,-2.2,,0,,
-2.2+5.0,5.0,-2.2,,0,,
-2.2+5.2,5.2,-2.2,,0,,
-2.2+5.4,5.4,-2.2,,0,,
-2.2+5.6,5.6,-2.2,,0,,
-2.2+5.8,5.8,-2.2,,0,,
-2.2+6.0,6.0,-2.2,,0,,
-2.2+6.2,6.2,-2.2,,0,,
-2.2+6.4,6.4,-2.2,,0,,
-2.2+6.6,6.6,-2.2,,0,,
-2.2+6.8,6.8,-2.2,,0,,
-2.2+7.0,7.0,-2.2,,0,,
-2.2+7.2,7.2,-2.2,,0,,
-2.2+7.4,7.4,-2.2,,0,,
-2.2+7.6,7.6,-2.2,,0,,
-2.2+7.8,7.8,-2.2,,0,,
-2.2+8.0,8.0,-2.2,,0,,
-2.2+8.2,8.2,-2.2,,0,,
-2.2+8.4,8.4,-2.2,,0,,
-2.2+8.6,8.6,-2.2,,0,,
-2.2+8.8,8.8,-2.2,,0,,
-2.2+9.0,9.0,-2.2,,0,,
-2.2+9.2,9.2,-2.2,,0,,
-2.2+9.4,9.4,-2.2,,0,,
-2.2+9.6,9.6,-2.2,,0,,
-2.4+-0.2,-0.2,-2.4,-0.13953534,10,-0.1793133169412613,-0.07373858150094748
-2.4+-0.4,-0.4,-2.4,-0.16233048,23,-0.2603551894426346,-0.05861562862992287
-2.4+-0.6,-0.6,-2.4,-0.10414667,45,-0.17321231961250305,-0.03527141734957695
-2.4+-0.8,-0.8,-2.4,-0.14580296,72,-0.22056812047958374,-0.052193804644048214
-2.4+-1.0,-1.0,-2.4,-0.14974986,103,-0.24767834693193436,-0.058572929352521896
-2.4+-1.2,-1.2,-2.4,-0.12590578,108,-0.2614605277776718,-0.04189870785921812
-2.4+-1.4,-1.4,-2.4,-0.1682972,95,-0.2812959849834442,-0.010313509730622172
-2.4+-1.6,-1.6,-2.4,-0.08205539,68,-0.27073410898447037,0.10077712498605251
-2.4+-1.8,-1.8,-2.4,-0.20447765,29,-0.4274521470069885,0.00792032852768898
-2.4+-2.0,-2.0,-2.4,-0.18003479,12,-0.3100273609161377,-0.06832750700414181
-2.4+-2.2,-2.2,-2.4,-0.15499094,6,-0.27844395861029625,-0.11736276745796204
-2.4+-2.4,-2.4,-2.4,-0.67569834,1,-0.6756983399391174,-0.6756983399391174
-2.4+-2.6,-2.6,-2.4,,0,,
-2.4+-2.8,-2.8,-2.4,,0,,
-2.4+-3.0,-3.0,-2.4,,0,,
-2.4+-3.2,-3.2,-2.4,,0,,
-2.4+-3.4,-3.4,-2.4,,0,,
-2.4+-3.6,-3.6,-2.4,,0,,
-2.4+-3.8,-3.8,-2.4,,0,,
-2.4+-4.0,-4.0,-2.4,,0,,
-2.4+-4.2,-4.2,-2.4,,0,,
-2.4+-4.4,-4.4,-2.4,,0,,
-2.4+-4.6,-4.6,-2.4,,0,,
-2.4+-4.8,-4.8,-2.4,,0,,
-2.4+-5.0,-5.0,-2.4,,0,,
-2.4+-5.2,-5.2,-2.4,,0,,
-2.4+-5.4,-5.4,-2.4,,0,,
-2.4+-5.6,-5.6,-2.4,,0,,
-2.4+-5.8,-5.8,-2.4,,0,,
-2.4+-6.0,-6.0,-2.4,,0,,
-2.4+-6.2,-6.2,-2.4,,0,,
-2.4+-6.4,-6.4,-2.4,,0,,
-2.4+-6.6,-6.6,-2.4,,0,,
-2.4+-6.8,-6.8,-2.4,,0,,
-2.4+-7.0,-7.0,-2.4,,0,,
-2.4+-7.2,-7.2,-2.4,,0,,
-2.4+-7.4,-7.4,-2.4,,0,,
-2.4+-7.6,-7.6,-2.4,,0,,
-2.4+-7.8,-7.8,-2.4,,0,,
-2.4+-8.0,-8.0,-2.4,,0,,
-2.4+0.0,0.0,-2.4,-0.035792023,10,-0.1323238220065832,0.10470525815617293
-2.4+0.2,0.2,-2.4,-0.051815093,6,-0.14570819959044456,0.023327084258198738
-2.4+0.4,0.4,-2.4,-0.06011024,1,-0.060110241174697876,-0.060110241174697876
-2.4+0.6,0.6,-2.4,,0,,
-2.4+0.8,0.8,-2.4,,0,,
-2.4+1.0,1.0,-2.4,,0,,
-2.4+1.2,1.2,-2.4,,0,,
-2.4+1.4,1.4,-2.4,,0,,
-2.4+1.6,1.6,-2.4,,0,,
-2.4+1.8,1.8,-2.4,,0,,
-2.4+2.0,2.0,-2.4,,0,,
-2.4+2.2,2.2,-2.4,,0,,
-2.4+2.4,2.4,-2.4,,0,,
-2.4+2.6,2.6,-2.4,,0,,
-2.4+2.8,2.8,-2.4,,0,,
-2.4+3.0,3.0,-2.4,,0,,
-2.4+3.2,3.2,-2.4,,0,,
-2.4+3.4,3.4,-2.4,,0,,
-2.4+3.6,3.6,-2.4,,0,,
-2.4+3.8,3.8,-2.4,,0,,
-2.4+4.0,4.0,-2.4,,0,,
-2.4+4.2,4.2,-2.4,,0,,
-2.4+4.4,4.4,-2.4,,0,,
-2.4+4.6,4.6,-2.4,,0,,
-2.4+4.8,4.8,-2.4,,0,,
-2.4+5.0,5.0,-2.4,,0,,
-2.4+5.2,5.2,-2.4,,0,,
-2.4+5.4,5.4,-2.4,,0,,
-2.4+5.6,5.6,-2.4,,0,,
-2.4+5.8,5.8,-2.4,,0,,
-2.4+6.0,6.0,-2.4,,0,,
-2.4+6.2,6.2,-2.4,,0,,
-2.4+6.4,6.4,-2.4,,0,,
-2.4+6.6,6.6,-2.4,,0,,
-2.4+6.8,6.8,-2.4,,0,,
-2.4+7.0,7.0,-2.4,,0,,
-2.4+7.2,7.2,-2.4,,0,,
-2.4+7.4,7.4,-2.4,,0,,
-2.4+7.6,7.6,-2.4,,0,,
-2.4+7.8,7.8,-2.4,,0,,
-2.4+8.0,8.0,-2.4,,0,,
-2.4+8.2,8.2,-2.4,,0,,
-2.4+8.4,8.4,-2.4,,0,,
-2.4+8.6,8.6,-2.4,,0,,
-2.4+8.8,8.8,-2.4,,0,,
-2.4+9.0,9.0,-2.4,,0,,
-2.4+9.2,9.2,-2.4,,0,,
-2.4+9.4,9.4,-2.4,,0,,
-2.4+9.6,9.6,-2.4,,0,,
-2.6+-0.2,-0.2,-2.6,-0.038448337,8,-0.059732530266046524,-0.010276130997226574
-2.6+-0.4,-0.4,-2.6,-0.08644369,13,-0.1905321478843689,-0.05280383676290512
-2.6+-0.6,-0.6,-2.6,-0.123578444,29,-0.18668833374977112,-0.03505929559469223
-2.6+-0.8,-0.8,-2.6,-0.15221745,55,-0.29394516348838806,-0.08574627339839935
-2.6+-1.0,-1.0,-2.6,-0.15575811,84,-0.2080247439444065,-0.06718544103205204
-2.6+-1.2,-1.2,-2.6,-0.13990216,103,-0.23985739052295685,-0.03063202742487192
-2.6+-1.4,-1.4,-2.6,-0.16272323,91,-0.2632940858602524,-0.024933509528636932
-2.6+-1.6,-1.6,-2.6,-0.11868438,64,-0.2676598057150841,0.02217033877968788
-2.6+-1.8,-1.8,-2.6,-0.19569384,27,-0.3696034550666809,0.06482598930597305
-2.6+-2.0,-2.0,-2.6,-0.17290717,12,-0.29972220212221146,-0.10165023989975452
-2.6+-2.2,-2.2,-2.6,-0.13291188,5,-0.45332276821136475,-0.08247913420200348
-2.6+-2.4,-2.4,-2.6,-0.4394698,2,-0.6581001336453483,-0.22083951684180647
-2.6+-2.6,-2.6,-2.6,,0,,
-2.6+-2.8,-2.8,-2.6,,0,,
-2.6+-3.0,-3.0,-2.6,,0,,
-2.6+-3.2,-3.2,-2.6,,0,,
-2.6+-3.4,-3.4,-2.6,,0,,
-2.6+-3.6,-3.6,-2.6,,0,,
-2.6+-3.8,-3.8,-2.6,,0,,
-2.6+-4.0,-4.0,-2.6,,0,,
-2.6+-4.2,-4.2,-2.6,,0,,
-2.6+-4.4,-4.4,-2.6,,0,,
-2.6+-4.6,-4.6,-2.6,,0,,
-2.6+-4.8,-4.8,-2.6,,0,,
-2.6+-5.0,-5.0,-2.6,,0,,
-2.6+-5.2,-5.2,-2.6,,0,,
-2.6+-5.4,-5.4,-2.6,,0,,
-2.6+-5.6,-5.6,-2.6,,0,,
-2.6+-5.8,-5.8,-2.6,,0,,
-2.6+-6.0,-6.0,-2.6,,0,,
-2.6+-6.2,-6.2,-2.6,,0,,
-2.6+-6.4,-6.4,-2.6,,0,,
-2.6+-6.6,-6.6,-2.6,,0,,
-2.6+-6.8,-6.8,-2.6,,0,,
-2.6+-7.0,-7.0,-2.6,,0,,
-2.6+-7.2,-7.2,-2.6,,0,,
-2.6+-7.4,-7.4,-2.6,,0,,
-2.6+-7.6,-7.6,-2.6,,0,,
-2.6+-7.8,-7.8,-2.6,,0,,
-2.6+-8.0,-8.0,-2.6,,0,,
-2.6+0.0,0.0,-2.6,-0.049741965,7,-0.1259811669588089,0.0001912470906972885
-2.6+0.2,0.2,-2.6,-0.14475513,1,-0.14475512504577637,-0.14475512504577637
-2.6+0.4,0.4,-2.6,-0.06973082,1,-0.06973081827163696,-0.06973081827163696
-2.6+0.6,0.6,-2.6,,0,,
-2.6+0.8,0.8,-2.6,,0,,
-2.6+1.0,1.0,-2.6,,0,,
-2.6+1.2,1.2,-2.6,,0,,
-2.6+1.4,1.4,-2.6,,0,,
-2.6+1.6,1.6,-2.6,,0,,
-2.6+1.8,1.8,-2.6,,0,,
-2.6+2.0,2.0,-2.6,,0,,
-2.6+2.2,2.2,-2.6,,0,,
-2.6+2.4,2.4,-2.6,,0,,
-2.6+2.6,2.6,-2.6,,0,,
-2.6+2.8,2.8,-2.6,,0,,
-2.6+3.0,3.0,-2.6,,0,,
-2.6+3.2,3.2,-2.6,,0,,
-2.6+3.4,3.4,-2.6,,0,,
-2.6+3.6,3.6,-2.6,,0,,
-2.6+3.8,3.8,-2.6,,0,,
-2.6+4.0,4.0,-2.6,,0,,
-2.6+4.2,4.2,-2.6,,0,,
-2.6+4.4,4.4,-2.6,,0,,
-2.6+4.6,4.6,-2.6,,0,,
-2.6+4.8,4.8,-2.6,,0,,
-2.6+5.0,5.0,-2.6,,0,,
-2.6+5.2,5.2,-2.6,,0,,
-2.6+5.4,5.4,-2.6,,0,,
-2.6+5.6,5.6,-2.6,,0,,
-2.6+5.8,5.8,-2.6,,0,,
-2.6+6.0,6.0,-2.6,,0,,
-2.6+6.2,6.2,-2.6,,0,,
-2.6+6.4,6.4,-2.6,,0,,
-2.6+6.6,6.6,-2.6,,0,,
-2.6+6.8,6.8,-2.6,,0,,
-2.6+7.0,7.0,-2.6,,0,,
-2.6+7.2,7.2,-2.6,,0,,
-2.6+7.4,7.4,-2.6,,0,,
-2.6+7.6,7.6,-2.6,,0,,
-2.6+7.8,7.8,-2.6,,0,,
-2.6+8.0,8.0,-2.6,,0,,
-2.6+8.2,8.2,-2.6,,0,,
-2.6+8.4,8.4,-2.6,,0,,
-2.6+8.6,8.6,-2.6,,0,,
-2.6+8.8,8.8,-2.6,,0,,
-2.6+9.0,9.0,-2.6,,0,,
-2.6+9.2,9.2,-2.6,,0,,
-2.6+9.4,9.4,-2.6,,0,,
-2.6+9.6,9.6,-2.6,,0,,
-2.8+-0.2,-0.2,-2.8,-0.0007154569,6,-0.07978451484814286,0.09040350327268243
-2.8+-0.4,-0.4,-2.8,-0.115394615,11,-0.15737371891736984,-0.09238900989294052
-2.8+-0.6,-0.6,-2.8,-0.16073647,18,-0.19202662259340286,-0.07258081808686256
-2.8+-0.8,-0.8,-2.8,-0.12210553,33,-0.21414467692375183,-0.022976480424404144
-2.8+-1.0,-1.0,-2.8,-0.1573044,70,-0.2714635357260704,-0.0691809430718422
-2.8+-1.2,-1.2,-2.8,-0.12634017,95,-0.24400582164525986,-0.02285399939864874
-2.8+-1.4,-1.4,-2.8,-0.12041743,92,-0.23588398844003677,0.018669636454433203
-2.8+-1.6,-1.6,-2.8,-0.12812665,60,-0.23850622028112411,0.05759694706648588
-2.8+-1.8,-1.8,-2.8,-0.110054,27,-0.3005620315670967,0.07623448222875595
-2.8+-2.0,-2.0,-2.8,-0.17742169,8,-0.33383094519376755,-0.03099198918789625
-2.8+-2.2,-2.2,-2.8,,0,,
-2.8+-2.4,-2.4,-2.8,-0.5878551,1,-0.5878551006317139,-0.5878551006317139
-2.8+-2.6,-2.6,-2.8,,0,,
-2.8+-2.8,-2.8,-2.8,,0,,
-2.8+-3.0,-3.0,-2.8,,0,,
-2.8+-3.2,-3.2,-2.8,,0,,
-2.8+-3.4,-3.4,-2.8,,0,,
-2.8+-3.6,-3.6,-2.8,,0,,
-2.8+-3.8,-3.8,-2.8,,0,,
-2.8+-4.0,-4.0,-2.8,,0,,
-2.8+-4.2,-4.2,-2.8,,0,,
-2.8+-4.4,-4.4,-2.8,,0,,
-2.8+-4.6,-4.6,-2.8,,0,,
-2.8+-4.8,-4.8,-2.8,,0,,
-2.8+-5.0,-5.0,-2.8,,0,,
-2.8+-5.2,-5.2,-2.8,,0,,
-2.8+-5.4,-5.4,-2.8,,0,,
-2.8+-5.6,-5.6,-2.8,,0,,
-2.8+-5.8,-5.8,-2.8,,0,,
-2.8+-6.0,-6.0,-2.8,,0,,
-2.8+-6.2,-6.2,-2.8,,0,,
-2.8+-6.4,-6.4,-2.8,,0,,
-2.8+-6.6,-6.6,-2.8,,0,,
-2.8+-6.8,-6.8,-2.8,,0,,
-2.8+-7.0,-7.0,-2.8,,0,,
-2.8+-7.2,-7.2,-2.8,,0,,
-2.8+-7.4,-7.4,-2.8,,0,,
-2.8+-7.6,-7.6,-2.8,,0,,
-2.8+-7.8,-7.8,-2.8,,0,,
-2.8+-8.0,-8.0,-2.8,,0,,
-2.8+0.0,0.0,-2.8,-0.19844402,2,-0.24411175213754177,-0.15277628786861897
-2.8+0.2,0.2,-2.8,-0.14973505,1,-0.14973504841327667,-0.14973504841327667
-2.8+0.4,0.4,-2.8,,0,,
-2.8+0.6,0.6,-2.8,,0,,
-2.8+0.8,0.8,-2.8,,0,,
-2.8+1.0,1.0,-2.8,,0,,
-2.8+1.2,1.2,-2.8,,0,,
-2.8+1.4,1.4,-2.8,,0,,
-2.8+1.6,1.6,-2.8,,0,,
-2.8+1.8,1.8,-2.8,,0,,
-2.8+2.0,2.0,-2.8,,0,,
-2.8+2.2,2.2,-2.8,,0,,
-2.8+2.4,2.4,-2.8,,0,,
-2.8+2.6,2.6,-2.8,,0,,
-2.8+2.8,2.8,-2.8,,0,,
-2.8+3.0,3.0,-2.8,,0,,
-2.8+3.2,3.2,-2.8,,0,,
-2.8+3.4,3.4,-2.8,,0,,
-2.8+3.6,3.6,-2.8,,0,,
-2.8+3.8,3.8,-2.8,,0,,
-2.8+4.0,4.0,-2.8,,0,,
-2.8+4.2,4.2,-2.8,,0,,
-2.8+4.4,4.4,-2.8,,0,,
-2.8+4.6,4.6,-2.8,,0,,
-2.8+4.8,4.8,-2.8,,0,,
-2.8+5.0,5.0,-2.8,,0,,
-2.8+5.2,5.2,-2.8,,0,,
-2.8+5.4,5.4,-2.8,,0,,
-2.8+5.6,5.6,-2.8,,0,,
-2.8+5.8,5.8,-2.8,,0,,
-2.8+6.0,6.0,-2.8,,0,,
-2.8+6.2,6.2,-2.8,,0,,
-2.8+6.4,6.4,-2.8,,0,,
-2.8+6.6,6.6,-2.8,,0,,
-2.8+6.8,6.8,-2.8,,0,,
-2.8+7.0,7.0,-2.8,,0,,
-2.8+7.2,7.2,-2.8,,0,,
-2.8+7.4,7.4,-2.8,,0,,
-2.8+7.6,7.6,-2.8,,0,,
-2.8+7.8,7.8,-2.8,,0,,
-2.8+8.0,8.0,-2.8,,0,,
-2.8+8.2,8.2,-2.8,,0,,
-2.8+8.4,8.4,-2.8,,0,,
-2.8+8.6,8.6,-2.8,,0,,
-2.8+8.8,8.8,-2.8,,0,,
-2.8+9.0,9.0,-2.8,,0,,
-2.8+9.2,9.2,-2.8,,0,,
-2.8+9.4,9.4,-2.8,,0,,
-2.8+9.6,9.6,-2.8,,0,,
-3.0+-0.2,-0.2,-3.0,-0.0842011,3,-0.08931488171219826,-0.07490894198417664
-3.0+-0.4,-0.4,-3.0,-0.0532187,7,-0.13371456414461136,0.028168013785034418
-3.0+-0.6,-0.6,-3.0,-0.09393975,9,-0.15964153409004211,0.044993385672569275
-3.0+-0.8,-0.8,-3.0,-0.18326706,24,-0.3186023235321045,-0.11761432886123657
-3.0+-1.0,-1.0,-3.0,-0.15605633,47,-0.24503350257873535,-0.061154408380389214
-3.0+-1.2,-1.2,-3.0,-0.12750208,74,-0.2290286086499691,-0.024719290900975466
-3.0+-1.4,-1.4,-3.0,-0.16712287,77,-0.26367729902267456,0.002678979653865099
-3.0+-1.6,-1.6,-3.0,-0.084091194,53,-0.23835569620132446,0.09651125967502594
-3.0+-1.8,-1.8,-3.0,-0.1305523,21,-0.22463463246822357,0.15208253264427185
-3.0+-2.0,-2.0,-3.0,-0.1568511,7,-0.17344363033771515,-0.02741738874465227
-3.0+-2.2,-2.2,-3.0,-0.034822326,1,-0.03482232615351677,-0.03482232615351677
-3.0+-2.4,-2.4,-3.0,,0,,
-3.0+-2.6,-2.6,-3.0,,0,,
-3.0+-2.8,-2.8,-3.0,,0,,
-3.0+-3.0,-3.0,-3.0,,0,,
-3.0+-3.2,-3.2,-3.0,,0,,
-3.0+-3.4,-3.4,-3.0,,0,,
-3.0+-3.6,-3.6,-3.0,,0,,
-3.0+-3.8,-3.8,-3.0,,0,,
-3.0+-4.0,-4.0,-3.0,,0,,
-3.0+-4.2,-4.2,-3.0,,0,,
-3.0+-4.4,-4.4,-3.0,,0,,
-3.0+-4.6,-4.6,-3.0,,0,,
-3.0+-4.8,-4.8,-3.0,,0,,
-3.0+-5.0,-5.0,-3.0,,0,,
-3.0+-5.2,-5.2,-3.0,,0,,
-3.0+-5.4,-5.4,-3.0,,0,,
-3.0+-5.6,-5.6,-3.0,,0,,
-3.0+-5.8,-5.8,-3.0,,0,,
-3.0+-6.0,-6.0,-3.0,,0,,
-3.0+-6.2,-6.2,-3.0,,0,,
-3.0+-6.4,-6.4,-3.0,,0,,
-3.0+-6.6,-6.6,-3.0,,0,,
-3.0+-6.8,-6.8,-3.0,,0,,
-3.0+-7.0,-7.0,-3.0,,0,,
-3.0+-7.2,-7.2,-3.0,,0,,
-3.0+-7.4,-7.4,-3.0,,0,,
-3.0+-7.6,-7.6,-3.0,,0,,
-3.0+-7.8,-7.8,-3.0,,0,,
-3.0+-8.0,-8.0,-3.0,,0,,
-3.0+0.0,0.0,-3.0,-0.18436807,1,-0.1843680739402771,-0.1843680739402771
-3.0+0.2,0.2,-3.0,-0.11418155,1,-0.11418154835700989,-0.11418154835700989
-3.0+0.4,0.4,-3.0,,0,,
-3.0+0.6,0.6,-3.0,,0,,
-3.0+0.8,0.8,-3.0,,0,,
-3.0+1.0,1.0,-3.0,,0,,
-3.0+1.2,1.2,-3.0,,0,,
-3.0+1.4,1.4,-3.0,,0,,
-3.0+1.6,1.6,-3.0,,0,,
-3.0+1.8,1.8,-3.0,,0,,
-3.0+2.0,2.0,-3.0,,0,,
-3.0+2.2,2.2,-3.0,,0,,
-3.0+2.4,2.4,-3.0,,0,,
-3.0+2.6,2.6,-3.0,,0,,
-3.0+2.8,2.8,-3.0,,0,,
-3.0+3.0,3.0,-3.0,,0,,
-3.0+3.2,3.2,-3.0,,0,,
-3.0+3.4,3.4,-3.0,,0,,
-3.0+3.6,3.6,-3.0,,0,,
-3.0+3.8,3.8,-3.0,,0,,
-3.0+4.0,4.0,-3.0,,0,,
-3.0+4.2,4.2,-3.0,,0,,
-3.0+4.4,4.4,-3.0,,0,,
-3.0+4.6,4.6,-3.0,,0,,
-3.0+4.8,4.8,-3.0,,0,,
-3.0+5.0,5.0,-3.0,,0,,
-3.0+5.2,5.2,-3.0,,0,,
-3.0+5.4,5.4,-3.0,,0,,
-3.0+5.6,5.6,-3.0,,0,,
-3.0+5.8,5.8,-3.0,,0,,
-3.0+6.0,6.0,-3.0,,0,,
-3.0+6.2,6.2,-3.0,,0,,
-3.0+6.4,6.4,-3.0,,0,,
-3.0+6.6,6.6,-3.0,,0,,
-3.0+6.8,6.8,-3.0,,0,,
-3.0+7.0,7.0,-3.0,,0,,
-3.0+7.2,7.2,-3.0,,0,,
-3.0+7.4,7.4,-3.0,,0,,
-3.0+7.6,7.6,-3.0,,0,,
-3.0+7.8,7.8,-3.0,,0,,
-3.0+8.0,8.0,-3.0,,0,,
-3.0+8.2,8.2,-3.0,,0,,
-3.0+8.4,8.4,-3.0,,0,,
-3.0+8.6,8.6,-3.0,,0,,
-3.0+8.8,8.8,-3.0,,0,,
-3.0+9.0,9.0,-3.0,,0,,
-3.0+9.2,9.2,-3.0,,0,,
-3.0+9.4,9.4,-3.0,,0,,
-3.0+9.6,9.6,-3.0,,0,,
-3.2+-0.2,-0.2,-3.2,-0.1590767,2,-0.18252612091600895,-0.13562729768455029
-3.2+-0.4,-0.4,-3.2,-0.099761926,3,-0.2092229686677456,-0.05655191373080015
-3.2+-0.6,-0.6,-3.2,-0.031178076,7,-0.08531278371810913,0.18731999397277832
-3.2+-0.8,-0.8,-3.2,-0.17322639,12,-0.24407515302300453,-0.13016201369464397
-3.2+-1.0,-1.0,-3.2,-0.16180873,34,-0.22579676657915115,-0.06656251288950443
-3.2+-1.2,-1.2,-3.2,-0.12225389,60,-0.2340504489839077,-0.03987494856119156
-3.2+-1.4,-1.4,-3.2,-0.10908985,67,-0.23814264684915543,-0.01538778655230999
-3.2+-1.6,-1.6,-3.2,-0.16972087,35,-0.2849638760089874,0.02204888081178069
-3.2+-1.8,-1.8,-3.2,-0.20731491,21,-0.3968948721885681,-0.022435883060097694
-3.2+-2.0,-2.0,-3.2,-0.10814852,7,-0.18877793475985527,-0.0031140735372900963
-3.2+-2.2,-2.2,-3.2,-0.13728745,2,-0.18815550208091736,-0.08641940355300903
-3.2+-2.4,-2.4,-3.2,,0,,
-3.2+-2.6,-2.6,-3.2,,0,,
-3.2+-2.8,-2.8,-3.2,,0,,
-3.2+-3.0,-3.0,-3.2,,0,,
-3.2+-3.2,-3.2,-3.2,,0,,
-3.2+-3.4,-3.4,-3.2,,0,,
-3.2+-3.6,-3.6,-3.2,,0,,
-3.2+-3.8,-3.8,-3.2,,0,,
-3.2+-4.0,-4.0,-3.2,,0,,
-3.2+-4.2,-4.2,-3.2,,0,,
-3.2+-4.4,-4.4,-3.2,,0,,
-3.2+-4.6,-4.6,-3.2,,0,,
-3.2+-4.8,-4.8,-3.2,,0,,
-3.2+-5.0,-5.0,-3.2,,0,,
-3.2+-5.2,-5.2,-3.2,,0,,
-3.2+-5.4,-5.4,-3.2,,0,,
-3.2+-5.6,-5.6,-3.2,,0,,
-3.2+-5.8,-5.8,-3.2,,0,,
-3.2+-6.0,-6.0,-3.2,,0,,
-3.2+-6.2,-6.2,-3.2,,0,,
-3.2+-6.4,-6.4,-3.2,,0,,
-3.2+-6.6,-6.6,-3.2,,0,,
-3.2+-6.8,-6.8,-3.2,,0,,
-3.2+-7.0,-7.0,-3.2,,0,,
-3.2+-7.2,-7.2,-3.2,,0,,
-3.2+-7.4,-7.4,-3.2,,0,,
-3.2+-7.6,-7.6,-3.2,,0,,
-3.2+-7.8,-7.8,-3.2,,0,,
-3.2+-8.0,-8.0,-3.2,,0,,
-3.2+0.0,0.0,-3.2,-0.17325673,1,-0.17325672507286072,-0.17325672507286072
-3.2+0.2,0.2,-3.2,,0,,
-3.2+0.4,0.4,-3.2,,0,,
-3.2+0.6,0.6,-3.2,,0,,
-3.2+0.8,0.8,-3.2,,0,,
-3.2+1.0,1.0,-3.2,,0,,
-3.2+1.2,1.2,-3.2,,0,,
-3.2+1.4,1.4,-3.2,,0,,
-3.2+1.6,1.6,-3.2,,0,,
-3.2+1.8,1.8,-3.2,,0,,
-3.2+2.0,2.0,-3.2,,0,,
-3.2+2.2,2.2,-3.2,,0,,
-3.2+2.4,2.4,-3.2,,0,,
-3.2+2.6,2.6,-3.2,,0,,
-3.2+2.8,2.8,-3.2,,0,,
-3.2+3.0,3.0,-3.2,,0,,
-3.2+3.2,3.2,-3.2,,0,,
-3.2+3.4,3.4,-3.2,,0,,
-3.2+3.6,3.6,-3.2,,0,,
-3.2+3.8,3.8,-3.2,,0,,
-3.2+4.0,4.0,-3.2,,0,,
-3.2+4.2,4.2,-3.2,,0,,
-3.2+4.4,4.4,-3.2,,0,,
-3.2+4.6,4.6,-3.2,,0,,
-3.2+4.8,4.8,-3.2,,0,,
-3.2+5.0,5.0,-3.2,,0,,
-3.2+5.2,5.2,-3.2,,0,,
-3.2+5.4,5.4,-3.2,,0,,
-3.2+5.6,5.6,-3.2,,0,,
-3.2+5.8,5.8,-3.2,,0,,
-3.2+6.0,6.0,-3.2,,0,,
-3.2+6.2,6.2,-3.2,,0,,
-3.2+6.4,6.4,-3.2,,0,,
-3.2+6.6,6.6,-3.2,,0,,
-3.2+6.8,6.8,-3.2,,0,,
-3.2+7.0,7.0,-3.2,,0,,
-3.2+7.2,7.2,-3.2,,0,,
-3.2+7.4,7.4,-3.2,,0,,
-3.2+7.6,7.6,-3.2,,0,,
-3.2+7.8,7.8,-3.2,,0,,
-3.2+8.0,8.0,-3.2,,0,,
-3.2+8.2,8.2,-3.2,,0,,
-3.2+8.4,8.4,-3.2,,0,,
-3.2+8.6,8.6,-3.2,,0,,
-3.2+8.8,8.8,-3.2,,0,,
-3.2+9.0,9.0,-3.2,,0,,
-3.2+9.2,9.2,-3.2,,0,,
-3.2+9.4,9.4,-3.2,,0,,
-3.2+9.6,9.6,-3.2,,0,,
-3.4+-0.2,-0.2,-3.4,-0.27740914,1,-0.2774091362953186,-0.2774091362953186
-3.4+-0.4,-0.4,-3.4,-0.18453494,2,-0.20853203535079956,-0.16053783893585205
-3.4+-0.6,-0.6,-3.4,0.092723,5,-0.07509996742010117,0.5253410935401917
-3.4+-0.8,-0.8,-3.4,-0.14174631,8,-0.20569778233766556,0.06780219869688153
-3.4+-1.0,-1.0,-3.4,-0.13228317,21,-0.19887229800224304,-0.014471866190433502
-3.4+-1.2,-1.2,-3.4,-0.14332941,38,-0.23921912536025047,-0.07982895523309708
-3.4+-1.4,-1.4,-3.4,-0.12812002,42,-0.22675102204084396,-0.0014840695657767355
-3.4+-1.6,-1.6,-3.4,-0.09970559,33,-0.2974199056625366,0.03462837636470795
-3.4+-1.8,-1.8,-3.4,-0.2466623,11,-0.3284917026758194,-0.07187700271606445
-3.4+-2.0,-2.0,-3.4,-0.09742501,4,-0.20911094173789024,-0.008437040261924267
-3.4+-2.2,-2.2,-3.4,-0.46122065,1,-0.4612206518650055,-0.4612206518650055
-3.4+-2.4,-2.4,-3.4,,0,,
-3.4+-2.6,-2.6,-3.4,,0,,
-3.4+-2.8,-2.8,-3.4,,0,,
-3.4+-3.0,-3.0,-3.4,,0,,
-3.4+-3.2,-3.2,-3.4,,0,,
-3.4+-3.4,-3.4,-3.4,,0,,
-3.4+-3.6,-3.6,-3.4,,0,,
-3.4+-3.8,-3.8,-3.4,,0,,
-3.4+-4.0,-4.0,-3.4,,0,,
-3.4+-4.2,-4.2,-3.4,,0,,
-3.4+-4.4,-4.4,-3.4,,0,,
-3.4+-4.6,-4.6,-3.4,,0,,
-3.4+-4.8,-4.8,-3.4,,0,,
-3.4+-5.0,-5.0,-3.4,,0,,
-3.4+-5.2,-5.2,-3.4,,0,,
-3.4+-5.4,-5.4,-3.4,,0,,
-3.4+-5.6,-5.6,-3.4,,0,,
-3.4+-5.8,-5.8,-3.4,,0,,
-3.4+-6.0,-6.0,-3.4,,0,,
-3.4+-6.2,-6.2,-3.4,,0,,
-3.4+-6.4,-6.4,-3.4,,0,,
-3.4+-6.6,-6.6,-3.4,,0,,
-3.4+-6.8,-6.8,-3.4,,0,,
-3.4+-7.0,-7.0,-3.4,,0,,
-3.4+-7.2,-7.2,-3.4,,0,,
-3.4+-7.4,-7.4,-3.4,,0,,
-3.4+-7.6,-7.6,-3.4,,0,,
-3.4+-7.8,-7.8,-3.4,,0,,
-3.4+-8.0,-8.0,-3.4,,0,,
-3.4+0.0,0.0,-3.4,-0.121742606,1,-0.1217426061630249,-0.1217426061630249
-3.4+0.2,0.2,-3.4,,0,,
-3.4+0.4,0.4,-3.4,,0,,
-3.4+0.6,0.6,-3.4,,0,,
-3.4+0.8,0.8,-3.4,,0,,
-3.4+1.0,1.0,-3.4,,0,,
-3.4+1.2,1.2,-3.4,,0,,
-3.4+1.4,1.4,-3.4,,0,,
-3.4+1.6,1.6,-3.4,,0,,
-3.4+1.8,1.8,-3.4,,0,,
-3.4+2.0,2.0,-3.4,,0,,
-3.4+2.2,2.2,-3.4,,0,,
-3.4+2.4,2.4,-3.4,,0,,
-3.4+2.6,2.6,-3.4,,0,,
-3.4+2.8,2.8,-3.4,,0,,
-3.4+3.0,3.0,-3.4,,0,,
-3.4+3.2,3.2,-3.4,,0,,
-3.4+3.4,3.4,-3.4,,0,,
-3.4+3.6,3.6,-3.4,,0,,
-3.4+3.8,3.8,-3.4,,0,,
-3.4+4.0,4.0,-3.4,,0,,
-3.4+4.2,4.2,-3.4,,0,,
-3.4+4.4,4.4,-3.4,,0,,
-3.4+4.6,4.6,-3.4,,0,,
-3.4+4.8,4.8,-3.4,,0,,
-3.4+5.0,5.0,-3.4,,0,,
-3.4+5.2,5.2,-3.4,,0,,
-3.4+5.4,5.4,-3.4,,0,,
-3.4+5.6,5.6,-3.4,,0,,
-3.4+5.8,5.8,-3.4,,0,,
-3.4+6.0,6.0,-3.4,,0,,
-3.4+6.2,6.2,-3.4,,0,,
-3.4+6.4,6.4,-3.4,,0,,
-3.4+6.6,6.6,-3.4,,0,,
-3.4+6.8,6.8,-3.4,,0,,
-3.4+7.0,7.0,-3.4,,0,,
-3.4+7.2,7.2,-3.4,,0,,
-3.4+7.4,7.4,-3.4,,0,,
-3.4+7.6,7.6,-3.4,,0,,
-3.4+7.8,7.8,-3.4,,0,,
-3.4+8.0,8.0,-3.4,,0,,
-3.4+8.2,8.2,-3.4,,0,,
-3.4+8.4,8.4,-3.4,,0,,
-3.4+8.6,8.6,-3.4,,0,,
-3.4+8.8,8.8,-3.4,,0,,
-3.4+9.0,9.0,-3.4,,0,,
-3.4+9.2,9.2,-3.4,,0,,
-3.4+9.4,9.4,-3.4,,0,,
-3.4+9.6,9.6,-3.4,,0,,
-3.6+-0.2,-0.2,-3.6,-0.13491328,1,-0.13491328060626984,-0.13491328060626984
-3.6+-0.4,-0.4,-3.6,-0.2874977,2,-0.29659827798604965,-0.2783971503376961
-3.6+-0.6,-0.6,-3.6,-0.21901405,4,-0.3118986561894417,-0.10477780923247337
-3.6+-0.8,-0.8,-3.6,-0.21902066,5,-0.24144583940505981,-0.16160047054290771
-3.6+-1.0,-1.0,-3.6,-0.11945884,13,-0.198178231716156,-0.07866257429122925
-3.6+-1.2,-1.2,-3.6,-0.102681965,25,-0.25289949774742126,-0.057144179940223694
-3.6+-1.4,-1.4,-3.6,-0.10615432,32,-0.22684114426374435,0.046592263504862785
-3.6+-1.6,-1.6,-3.6,-0.101568565,27,-0.2995937317609787,0.008773853827733546
-3.6+-1.8,-1.8,-3.6,-0.044601694,11,-0.20908710360527039,-0.027706190943717957
-3.6+-2.0,-2.0,-3.6,0.052649755,1,0.05264975503087044,0.05264975503087044
-3.6+-2.2,-2.2,-3.6,-0.44077668,1,-0.44077667593955994,-0.44077667593955994
-3.6+-2.4,-2.4,-3.6,,0,,
-3.6+-2.6,-2.6,-3.6,,0,,
-3.6+-2.8,-2.8,-3.6,,0,,
-3.6+-3.0,-3.0,-3.6,,0,,
-3.6+-3.2,-3.2,-3.6,,0,,
-3.6+-3.4,-3.4,-3.6,,0,,
-3.6+-3.6,-3.6,-3.6,,0,,
-3.6+-3.8,-3.8,-3.6,,0,,
-3.6+-4.0,-4.0,-3.6,,0,,
-3.6+-4.2,-4.2,-3.6,,0,,
-3.6+-4.4,-4.4,-3.6,,0,,
-3.6+-4.6,-4.6,-3.6,,0,,
-3.6+-4.8,-4.8,-3.6,,0,,
-3.6+-5.0,-5.0,-3.6,,0,,
-3.6+-5.2,-5.2,-3.6,,0,,
-3.6+-5.4,-5.4,-3.6,,0,,
-3.6+-5.6,-5.6,-3.6,,0,,
-3.6+-5.8,-5.8,-3.6,,0,,
-3.6+-6.0,-6.0,-3.6,,0,,
-3.6+-6.2,-6.2,-3.6,,0,,
-3.6+-6.4,-6.4,-3.6,,0,,
-3.6+-6.6,-6.6,-3.6,,0,,
-3.6+-6.8,-6.8,-3.6,,0,,
-3.6+-7.0,-7.0,-3.6,,0,,
-3.6+-7.2,-7.2,-3.6,,0,,
-3.6+-7.4,-7.4,-3.6,,0,,
-3.6+-7.6,-7.6,-3.6,,0,,
-3.6+-7.8,-7.8,-3.6,,0,,
-3.6+-8.0,-8.0,-3.6,,0,,
-3.6+0.0,0.0,-3.6,,0,,
-3.6+0.2,0.2,-3.6,,0,,
-3.6+0.4,0.4,-3.6,,0,,
-3.6+0.6,0.6,-3.6,,0,,
-3.6+0.8,0.8,-3.6,,0,,
-3.6+1.0,1.0,-3.6,,0,,
-3.6+1.2,1.2,-3.6,,0,,
-3.6+1.4,1.4,-3.6,,0,,
-3.6+1.6,1.6,-3.6,,0,,
-3.6+1.8,1.8,-3.6,,0,,
-3.6+2.0,2.0,-3.6,,0,,
-3.6+2.2,2.2,-3.6,,0,,
-3.6+2.4,2.4,-3.6,,0,,
-3.6+2.6,2.6,-3.6,,0,,
-3.6+2.8,2.8,-3.6,,0,,
-3.6+3.0,3.0,-3.6,,0,,
-3.6+3.2,3.2,-3.6,,0,,
-3.6+3.4,3.4,-3.6,,0,,
-3.6+3.6,3.6,-3.6,,0,,
-3.6+3.8,3.8,-3.6,,0,,
-3.6+4.0,4.0,-3.6,,0,,
-3.6+4.2,4.2,-3.6,,0,,
-3.6+4.4,4.4,-3.6,,0,,
-3.6+4.6,4.6,-3.6,,0,,
-3.6+4.8,4.8,-3.6,,0,,
-3.6+5.0,5.0,-3.6,,0,,
-3.6+5.2,5.2,-3.6,,0,,
-3.6+5.4,5.4,-3.6,,0,,
-3.6+5.6,5.6,-3.6,,0,,
-3.6+5.8,5.8,-3.6,,0,,
-3.6+6.0,6.0,-3.6,,0,,
-3.6+6.2,6.2,-3.6,,0,,
-3.6+6.4,6.4,-3.6,,0,,
-3.6+6.6,6.6,-3.6,,0,,
-3.6+6.8,6.8,-3.6,,0,,
-3.6+7.0,7.0,-3.6,,0,,
-3.6+7.2,7.2,-3.6,,0,,
-3.6+7.4,7.4,-3.6,,0,,
-3.6+7.6,7.6,-3.6,,0,,
-3.6+7.8,7.8,-3.6,,0,,
-3.6+8.0,8.0,-3.6,,0,,
-3.6+8.2,8.2,-3.6,,0,,
-3.6+8.4,8.4,-3.6,,0,,
-3.6+8.6,8.6,-3.6,,0,,
-3.6+8.8,8.8,-3.6,,0,,
-3.6+9.0,9.0,-3.6,,0,,
-3.6+9.2,9.2,-3.6,,0,,
-3.6+9.4,9.4,-3.6,,0,,
-3.6+9.6,9.6,-3.6,,0,,
-3.8+-0.2,-0.2,-3.8,,0,,
-3.8+-0.4,-0.4,-3.8,-0.26653928,1,-0.2665392756462097,-0.2665392756462097
-3.8+-0.6,-0.6,-3.8,,0,,
-3.8+-0.8,-0.8,-3.8,-0.25545582,4,-0.3667454645037651,-0.09423663467168808
-3.8+-1.0,-1.0,-3.8,-0.28019044,7,-0.3326900899410248,-0.15862394869327545
-3.8+-1.2,-1.2,-3.8,-0.12213163,19,-0.23830155283212662,0.021048394963145256
-3.8+-1.4,-1.4,-3.8,-0.12471621,21,-0.27294474840164185,0.0022536187898367643
-3.8+-1.6,-1.6,-3.8,-0.1280064,18,-0.24625001102685928,-0.02959738252684474
-3.8+-1.8,-1.8,-3.8,-0.11867815,9,-0.22102370858192444,-0.03365260735154152
-3.8+-2.0,-2.0,-3.8,0.08506025,2,0.06289350148290396,0.10722699481993914
-3.8+-2.2,-2.2,-3.8,,0,,
-3.8+-2.4,-2.4,-3.8,,0,,
-3.8+-2.6,-2.6,-3.8,,0,,
-3.8+-2.8,-2.8,-3.8,,0,,
-3.8+-3.0,-3.0,-3.8,,0,,
-3.8+-3.2,-3.2,-3.8,,0,,
-3.8+-3.4,-3.4,-3.8,,0,,
-3.8+-3.6,-3.6,-3.8,,0,,
-3.8+-3.8,-3.8,-3.8,,0,,
-3.8+-4.0,-4.0,-3.8,,0,,
-3.8+-4.2,-4.2,-3.8,,0,,
-3.8+-4.4,-4.4,-3.8,,0,,
-3.8+-4.6,-4.6,-3.8,,0,,
-3.8+-4.8,-4.8,-3.8,,0,,
-3.8+-5.0,-5.0,-3.8,,0,,
-3.8+-5.2,-5.2,-3.8,,0,,
-3.8+-5.4,-5.4,-3.8,,0,,
-3.8+-5.6,-5.6,-3.8,,0,,
-3.8+-5.8,-5.8,-3.8,,0,,
-3.8+-6.0,-6.0,-3.8,,0,,
-3.8+-6.2,-6.2,-3.8,,0,,
-3.8+-6.4,-6.4,-3.8,,0,,
-3.8+-6.6,-6.6,-3.8,,0,,
-3.8+-6.8,-6.8,-3.8,,0,,
-3.8+-7.0,-7.0,-3.8,,0,,
-3.8+-7.2,-7.2,-3.8,,0,,
-3.8+-7.4,-7.4,-3.8,,0,,
-3.8+-7.6,-7.6,-3.8,,0,,
-3.8+-7.8,-7.8,-3.8,,0,,
-3.8+-8.0,-8.0,-3.8,,0,,
-3.8+0.0,0.0,-3.8,,0,,
-3.8+0.2,0.2,-3.8,,0,,
-3.8+0.4,0.4,-3.8,,0,,
-3.8+0.6,0.6,-3.8,,0,,
-3.8+0.8,0.8,-3.8,,0,,
-3.8+1.0,1.0,-3.8,,0,,
-3.8+1.2,1.2,-3.8,,0,,
-3.8+1.4,1.4,-3.8,,0,,
-3.8+1.6,1.6,-3.8,,0,,
-3.8+1.8,1.8,-3.8,,0,,
-3.8+2.0,2.0,-3.8,,0,,
-3.8+2.2,2.2,-3.8,,0,,
-3.8+2.4,2.4,-3.8,,0,,
-3.8+2.6,2.6,-3.8,,0,,
-3.8+2.8,2.8,-3.8,,0,,
-3.8+3.0,3.0,-3.8,,0,,
-3.8+3.2,3.2,-3.8,,0,,
-3.8+3.4,3.4,-3.8,,0,,
-3.8+3.6,3.6,-3.8,,0,,
-3.8+3.8,3.8,-3.8,,0,,
-3.8+4.0,4.0,-3.8,,0,,
-3.8+4.2,4.2,-3.8,,0,,
-3.8+4.4,4.4,-3.8,,0,,
-3.8+4.6,4.6,-3.8,,0,,
-3.8+4.8,4.8,-3.8,,0,,
-3.8+5.0,5.0,-3.8,,0,,
-3.8+5.2,5.2,-3.8,,0,,
-3.8+5.4,5.4,-3.8,,0,,
-3.8+5.6,5.6,-3.8,,0,,
-3.8+5.8,5.8,-3.8,,0,,
-3.8+6.0,6.0,-3.8,,0,,
-3.8+6.2,6.2,-3.8,,0,,
-3.8+6.4,6.4,-3.8,,0,,
-3.8+6.6,6.6,-3.8,,0,,
-3.8+6.8,6.8,-3.8,,0,,
-3.8+7.0,7.0,-3.8,,0,,
-3.8+7.2,7.2,-3.8,,0,,
-3.8+7.4,7.4,-3.8,,0,,
-3.8+7.6,7.6,-3.8,,0,,
-3.8+7.8,7.8,-3.8,,0,,
-3.8+8.0,8.0,-3.8,,0,,
-3.8+8.2,8.2,-3.8,,0,,
-3.8+8.4,8.4,-3.8,,0,,
-3.8+8.6,8.6,-3.8,,0,,
-3.8+8.8,8.8,-3.8,,0,,
-3.8+9.0,9.0,-3.8,,0,,
-3.8+9.2,9.2,-3.8,,0,,
-3.8+9.4,9.4,-3.8,,0,,
-3.8+9.6,9.6,-3.8,,0,,
-4.0+-0.2,-0.2,-4.0,,0,,
-4.0+-0.4,-0.4,-4.0,-0.18948941,1,-0.18948940932750702,-0.18948940932750702
-4.0+-0.6,-0.6,-4.0,-0.44650567,1,-0.44650566577911377,-0.44650566577911377
-4.0+-0.8,-0.8,-4.0,-0.3264011,2,-0.37518760934472084,-0.27761463448405266
-4.0+-1.0,-1.0,-4.0,-0.32078677,4,-0.3342248797416687,-0.1274169385433197
-4.0+-1.2,-1.2,-4.0,-0.11341253,10,-0.21064512431621552,-0.08170893415808678
-4.0+-1.4,-1.4,-4.0,-0.087608054,13,-0.1847386658191681,0.004377909004688263
-4.0+-1.6,-1.6,-4.0,-0.17245352,16,-0.2508586384356022,-0.009975009597837925
-4.0+-1.8,-1.8,-4.0,-0.019542947,8,-0.1464068740606308,0.11429177038371563
-4.0+-2.0,-2.0,-4.0,0.04883083,3,0.03373727109283209,0.07942670211195946
-4.0+-2.2,-2.2,-4.0,,0,,
-4.0+-2.4,-2.4,-4.0,,0,,
-4.0+-2.6,-2.6,-4.0,,0,,
-4.0+-2.8,-2.8,-4.0,,0,,
-4.0+-3.0,-3.0,-4.0,,0,,
-4.0+-3.2,-3.2,-4.0,,0,,
-4.0+-3.4,-3.4,-4.0,,0,,
-4.0+-3.6,-3.6,-4.0,,0,,
-4.0+-3.8,-3.8,-4.0,,0,,
-4.0+-4.0,-4.0,-4.0,,0,,
-4.0+-4.2,-4.2,-4.0,,0,,
-4.0+-4.4,-4.4,-4.0,,0,,
-4.0+-4.6,-4.6,-4.0,,0,,
-4.0+-4.8,-4.8,-4.0,,0,,
-4.0+-5.0,-5.0,-4.0,,0,,
-4.0+-5.2,-5.2,-4.0,,0,,
-4.0+-5.4,-5.4,-4.0,,0,,
-4.0+-5.6,-5.6,-4.0,,0,,
-4.0+-5.8,-5.8,-4.0,,0,,
-4.0+-6.0,-6.0,-4.0,,0,,
-4.0+-6.2,-6.2,-4.0,,0,,
-4.0+-6.4,-6.4,-4.0,,0,,
-4.0+-6.6,-6.6,-4.0,,0,,
-4.0+-6.8,-6.8,-4.0,,0,,
-4.0+-7.0,-7.0,-4.0,,0,,
-4.0+-7.2,-7.2,-4.0,,0,,
-4.0+-7.4,-7.4,-4.0,,0,,
-4.0+-7.6,-7.6,-4.0,,0,,
-4.0+-7.8,-7.8,-4.0,,0,,
-4.0+-8.0,-8.0,-4.0,,0,,
-4.0+0.0,0.0,-4.0,,0,,
-4.0+0.2,0.2,-4.0,,0,,
-4.0+0.4,0.4,-4.0,,0,,
-4.0+0.6,0.6,-4.0,,0,,
-4.0+0.8,0.8,-4.0,,0,,
-4.0+1.0,1.0,-4.0,,0,,
-4.0+1.2,1.2,-4.0,,0,,
-4.0+1.4,1.4,-4.0,,0,,
-4.0+1.6,1.6,-4.0,,0,,
-4.0+1.8,1.8,-4.0,,0,,
-4.0+2.0,2.0,-4.0,,0,,
-4.0+2.2,2.2,-4.0,,0,,
-4.0+2.4,2.4,-4.0,,0,,
-4.0+2.6,2.6,-4.0,,0,,
-4.0+2.8,2.8,-4.0,,0,,
-4.0+3.0,3.0,-4.0,,0,,
-4.0+3.2,3.2,-4.0,,0,,
-4.0+3.4,3.4,-4.0,,0,,
-4.0+3.6,3.6,-4.0,,0,,
-4.0+3.8,3.8,-4.0,,0,,
-4.0+4.0,4.0,-4.0,,0,,
-4.0+4.2,4.2,-4.0,,0,,
-4.0+4.4,4.4,-4.0,,0,,
-4.0+4.6,4.6,-4.0,,0,,
-4.0+4.8,4.8,-4.0,,0,,
-4.0+5.0,5.0,-4.0,,0,,
-4.0+5.2,5.2,-4.0,,0,,
-4.0+5.4,5.4,-4.0,,0,,
-4.0+5.6,5.6,-4.0,,0,,
-4.0+5.8,5.8,-4.0,,0,,
-4.0+6.0,6.0,-4.0,,0,,
-4.0+6.2,6.2,-4.0,,0,,
-4.0+6.4,6.4,-4.0,,0,,
-4.0+6.6,6.6,-4.0,,0,,
-4.0+6.8,6.8,-4.0,,0,,
-4.0+7.0,7.0,-4.0,,0,,
-4.0+7.2,7.2,-4.0,,0,,
-4.0+7.4,7.4,-4.0,,0,,
-4.0+7.6,7.6,-4.0,,0,,
-4.0+7.8,7.8,-4.0,,0,,
-4.0+8.0,8.0,-4.0,,0,,
-4.0+8.2,8.2,-4.0,,0,,
-4.0+8.4,8.4,-4.0,,0,,
-4.0+8.6,8.6,-4.0,,0,,
-4.0+8.8,8.8,-4.0,,0,,
-4.0+9.0,9.0,-4.0,,0,,
-4.0+9.2,9.2,-4.0,,0,,
-4.0+9.4,9.4,-4.0,,0,,
-4.0+9.6,9.6,-4.0,,0,,
-4.2+-0.2,-0.2,-4.2,,0,,
-4.2+-0.4,-0.4,-4.2,,0,,
-4.2+-0.6,-0.6,-4.2,,0,,
-4.2+-0.8,-0.8,-4.2,-0.3646274,1,-0.3646273910999298,-0.3646273910999298
-4.2+-1.0,-1.0,-4.2,-0.3086394,3,-0.3177184611558914,-0.2222456932067871
-4.2+-1.2,-1.2,-4.2,-0.14301859,6,-0.1664879433810711,-0.04881085455417633
-4.2+-1.4,-1.4,-4.2,-0.10260875,7,-0.13123151659965515,-0.06344270706176758
-4.2+-1.6,-1.6,-4.2,-0.13801661,11,-0.24775667488574982,0.10356248915195465
-4.2+-1.8,-1.8,-4.2,-0.1508175,4,-0.28471338748931885,-0.07475804165005684
-4.2+-2.0,-2.0,-4.2,0.017249815,2,-0.002793519292026758,0.03729315148666501
-4.2+-2.2,-2.2,-4.2,,0,,
-4.2+-2.4,-2.4,-4.2,,0,,
-4.2+-2.6,-2.6,-4.2,,0,,
-4.2+-2.8,-2.8,-4.2,,0,,
-4.2+-3.0,-3.0,-4.2,,0,,
-4.2+-3.2,-3.2,-4.2,,0,,
-4.2+-3.4,-3.4,-4.2,,0,,
-4.2+-3.6,-3.6,-4.2,,0,,
-4.2+-3.8,-3.8,-4.2,,0,,
-4.2+-4.0,-4.0,-4.2,,0,,
-4.2+-4.2,-4.2,-4.2,,0,,
-4.2+-4.4,-4.4,-4.2,,0,,
-4.2+-4.6,-4.6,-4.2,,0,,
-4.2+-4.8,-4.8,-4.2,,0,,
-4.2+-5.0,-5.0,-4.2,,0,,
-4.2+-5.2,-5.2,-4.2,,0,,
-4.2+-5.4,-5.4,-4.2,,0,,
-4.2+-5.6,-5.6,-4.2,,0,,
-4.2+-5.8,-5.8,-4.2,,0,,
-4.2+-6.0,-6.0,-4.2,,0,,
-4.2+-6.2,-6.2,-4.2,,0,,
-4.2+-6.4,-6.4,-4.2,,0,,
-4.2+-6.6,-6.6,-4.2,,0,,
-4.2+-6.8,-6.8,-4.2,,0,,
-4.2+-7.0,-7.0,-4.2,,0,,
-4.2+-7.2,-7.2,-4.2,,0,,
-4.2+-7.4,-7.4,-4.2,,0,,
-4.2+-7.6,-7.6,-4.2,,0,,
-4.2+-7.8,-7.8,-4.2,,0,,
-4.2+-8.0,-8.0,-4.2,,0,,
-4.2+0.0,0.0,-4.2,,0,,
-4.2+0.2,0.2,-4.2,,0,,
-4.2+0.4,0.4,-4.2,,0,,
-4.2+0.6,0.6,-4.2,,0,,
-4.2+0.8,0.8,-4.2,,0,,
-4.2+1.0,1.0,-4.2,,0,,
-4.2+1.2,1.2,-4.2,,0,,
-4.2+1.4,1.4,-4.2,,0,,
-4.2+1.6,1.6,-4.2,,0,,
-4.2+1.8,1.8,-4.2,,0,,
-4.2+2.0,2.0,-4.2,,0,,
-4.2+2.2,2.2,-4.2,,0,,
-4.2+2.4,2.4,-4.2,,0,,
-4.2+2.6,2.6,-4.2,,0,,
-4.2+2.8,2.8,-4.2,,0,,
-4.2+3.0,3.0,-4.2,,0,,
-4.2+3.2,3.2,-4.2,,0,,
-4.2+3.4,3.4,-4.2,,0,,
-4.2+3.6,3.6,-4.2,,0,,
-4.2+3.8,3.8,-4.2,,0,,
-4.2+4.0,4.0,-4.2,,0,,
-4.2+4.2,4.2,-4.2,,0,,
-4.2+4.4,4.4,-4.2,,0,,
-4.2+4.6,4.6,-4.2,,0,,
-4.2+4.8,4.8,-4.2,,0,,
-4.2+5.0,5.0,-4.2,,0,,
-4.2+5.2,5.2,-4.2,,0,,
-4.2+5.4,5.4,-4.2,,0,,
-4.2+5.6,5.6,-4.2,,0,,
-4.2+5.8,5.8,-4.2,,0,,
-4.2+6.0,6.0,-4.2,,0,,
-4.2+6.2,6.2,-4.2,,0,,
-4.2+6.4,6.4,-4.2,,0,,
-4.2+6.6,6.6,-4.2,,0,,
-4.2+6.8,6.8,-4.2,,0,,
-4.2+7.0,7.0,-4.2,,0,,
-4.2+7.2,7.2,-4.2,,0,,
-4.2+7.4,7.4,-4.2,,0,,
-4.2+7.6,7.6,-4.2,,0,,
-4.2+7.8,7.8,-4.2,,0,,
-4.2+8.0,8.0,-4.2,,0,,
-4.2+8.2,8.2,-4.2,,0,,
-4.2+8.4,8.4,-4.2,,0,,
-4.2+8.6,8.6,-4.2,,0,,
-4.2+8.8,8.8,-4.2,,0,,
-4.2+9.0,9.0,-4.2,,0,,
-4.2+9.2,9.2,-4.2,,0,,
-4.2+9.4,9.4,-4.2,,0,,
-4.2+9.6,9.6,-4.2,,0,,
-4.4+-0.2,-0.2,-4.4,,0,,
-4.4+-0.4,-0.4,-4.4,,0,,
-4.4+-0.6,-0.6,-4.4,,0,,
-4.4+-0.8,-0.8,-4.4,-0.31747255,1,-0.31747254729270935,-0.31747254729270935
-4.4+-1.0,-1.0,-4.4,-0.46535528,1,-0.4653552770614624,-0.4653552770614624
-4.4+-1.2,-1.2,-4.4,-0.090076946,4,-0.29417091608047485,0.08424399048089981
-4.4+-1.4,-1.4,-4.4,-0.12728915,6,-0.16572578996419907,-0.1042408961802721
-4.4+-1.6,-1.6,-4.4,-0.16155568,7,-0.2901371121406555,-0.12208354845643044
-4.4+-1.8,-1.8,-4.4,-0.30336088,4,-0.535307377576828,-0.1565049672499299
-4.4+-2.0,-2.0,-4.4,0.017608877,4,-0.11397267691791058,0.10124935768544674
-4.4+-2.2,-2.2,-4.4,,0,,
-4.4+-2.4,-2.4,-4.4,,0,,
-4.4+-2.6,-2.6,-4.4,,0,,
-4.4+-2.8,-2.8,-4.4,,0,,
-4.4+-3.0,-3.0,-4.4,,0,,
-4.4+-3.2,-3.2,-4.4,,0,,
-4.4+-3.4,-3.4,-4.4,,0,,
-4.4+-3.6,-3.6,-4.4,,0,,
-4.4+-3.8,-3.8,-4.4,,0,,
-4.4+-4.0,-4.0,-4.4,,0,,
-4.4+-4.2,-4.2,-4.4,,0,,
-4.4+-4.4,-4.4,-4.4,,0,,
-4.4+-4.6,-4.6,-4.4,,0,,
-4.4+-4.8,-4.8,-4.4,,0,,
-4.4+-5.0,-5.0,-4.4,,0,,
-4.4+-5.2,-5.2,-4.4,,0,,
-4.4+-5.4,-5.4,-4.4,,0,,
-4.4+-5.6,-5.6,-4.4,,0,,
-4.4+-5.8,-5.8,-4.4,,0,,
-4.4+-6.0,-6.0,-4.4,,0,,
-4.4+-6.2,-6.2,-4.4,,0,,
-4.4+-6.4,-6.4,-4.4,,0,,
-4.4+-6.6,-6.6,-4.4,,0,,
-4.4+-6.8,-6.8,-4.4,,0,,
-4.4+-7.0,-7.0,-4.4,,0,,
-4.4+-7.2,-7.2,-4.4,,0,,
-4.4+-7.4,-7.4,-4.4,,0,,
-4.4+-7.6,-7.6,-4.4,,0,,
-4.4+-7.8,-7.8,-4.4,,0,,
-4.4+-8.0,-8.0,-4.4,,0,,
-4.4+0.0,0.0,-4.4,,0,,
-4.4+0.2,0.2,-4.4,,0,,
-4.4+0.4,0.4,-4.4,,0,,
-4.4+0.6,0.6,-4.4,,0,,
-4.4+0.8,0.8,-4.4,,0,,
-4.4+1.0,1.0,-4.4,,0,,
-4.4+1.2,1.2,-4.4,,0,,
-4.4+1.4,1.4,-4.4,,0,,
-4.4+1.6,1.6,-4.4,,0,,
-4.4+1.8,1.8,-4.4,,0,,
-4.4+2.0,2.0,-4.4,,0,,
-4.4+2.2,2.2,-4.4,,0,,
-4.4+2.4,2.4,-4.4,,0,,
-4.4+2.6,2.6,-4.4,,0,,
-4.4+2.8,2.8,-4.4,,0,,
-4.4+3.0,3.0,-4.4,,0,,
-4.4+3.2,3.2,-4.4,,0,,
-4.4+3.4,3.4,-4.4,,0,,
-4.4+3.6,3.6,-4.4,,0,,
-4.4+3.8,3.8,-4.4,,0,,
-4.4+4.0,4.0,-4.4,,0,,
-4.4+4.2,4.2,-4.4,,0,,
-4.4+4.4,4.4,-4.4,,0,,
-4.4+4.6,4.6,-4.4,,0,,
-4.4+4.8,4.8,-4.4,,0,,
-4.4+5.0,5.0,-4.4,,0,,
-4.4+5.2,5.2,-4.4,,0,,
-4.4+5.4,5.4,-4.4,,0,,
-4.4+5.6,5.6,-4.4,,0,,
-4.4+5.8,5.8,-4.4,,0,,
-4.4+6.0,6.0,-4.4,,0,,
-4.4+6.2,6.2,-4.4,,0,,
-4.4+6.4,6.4,-4.4,,0,,
-4.4+6.6,6.6,-4.4,,0,,
-4.4+6.8,6.8,-4.4,,0,,
-4.4+7.0,7.0,-4.4,,0,,
-4.4+7.2,7.2,-4.4,,0,,
-4.4+7.4,7.4,-4.4,,0,,
-4.4+7.6,7.6,-4.4,,0,,
-4.4+7.8,7.8,-4.4,,0,,
-4.4+8.0,8.0,-4.4,,0,,
-4.4+8.2,8.2,-4.4,,0,,
-4.4+8.4,8.4,-4.4,,0,,
-4.4+8.6,8.6,-4.4,,0,,
-4.4+8.8,8.8,-4.4,,0,,
-4.4+9.0,9.0,-4.4,,0,,
-4.4+9.2,9.2,-4.4,,0,,
-4.4+9.4,9.4,-4.4,,0,,
-4.4+9.6,9.6,-4.4,,0,,
-4.6+-0.2,-0.2,-4.6,,0,,
-4.6+-0.4,-0.4,-4.6,,0,,
-4.6+-0.6,-0.6,-4.6,,0,,
-4.6+-0.8,-0.8,-4.6,,0,,
-4.6+-1.0,-1.0,-4.6,,0,,
-4.6+-1.2,-1.2,-4.6,-0.28002164,2,-0.3350924961268902,-0.22495076432824135
-4.6+-1.4,-1.4,-4.6,-0.24000546,5,-0.3167021572589874,-0.016621993854641914
-4.6+-1.6,-1.6,-4.6,-0.2265895,5,-0.32287389039993286,-0.1364138126373291
-4.6+-1.8,-1.8,-4.6,-0.15607987,1,-0.15607987344264984,-0.15607987344264984
-4.6+-2.0,-2.0,-4.6,0.0973402,3,-0.019085943698883057,0.14923568069934845
-4.6+-2.2,-2.2,-4.6,,0,,
-4.6+-2.4,-2.4,-4.6,,0,,
-4.6+-2.6,-2.6,-4.6,,0,,
-4.6+-2.8,-2.8,-4.6,,0,,
-4.6+-3.0,-3.0,-4.6,,0,,
-4.6+-3.2,-3.2,-4.6,,0,,
-4.6+-3.4,-3.4,-4.6,,0,,
-4.6+-3.6,-3.6,-4.6,,0,,
-4.6+-3.8,-3.8,-4.6,,0,,
-4.6+-4.0,-4.0,-4.6,,0,,
-4.6+-4.2,-4.2,-4.6,,0,,
-4.6+-4.4,-4.4,-4.6,,0,,
-4.6+-4.6,-4.6,-4.6,,0,,
-4.6+-4.8,-4.8,-4.6,,0,,
-4.6+-5.0,-5.0,-4.6,,0,,
-4.6+-5.2,-5.2,-4.6,,0,,
-4.6+-5.4,-5.4,-4.6,,0,,
-4.6+-5.6,-5.6,-4.6,,0,,
-4.6+-5.8,-5.8,-4.6,,0,,
-4.6+-6.0,-6.0,-4.6,,0,,
-4.6+-6.2,-6.2,-4.6,,0,,
-4.6+-6.4,-6.4,-4.6,,0,,
-4.6+-6.6,-6.6,-4.6,,0,,
-4.6+-6.8,-6.8,-4.6,,0,,
-4.6+-7.0,-7.0,-4.6,,0,,
-4.6+-7.2,-7.2,-4.6,,0,,
-4.6+-7.4,-7.4,-4.6,,0,,
-4.6+-7.6,-7.6,-4.6,,0,,
-4.6+-7.8,-7.8,-4.6,,0,,
-4.6+-8.0,-8.0,-4.6,,0,,
-4.6+0.0,0.0,-4.6,,0,,
-4.6+0.2,0.2,-4.6,,0,,
-4.6+0.4,0.4,-4.6,,0,,
-4.6+0.6,0.6,-4.6,,0,,
-4.6+0.8,0.8,-4.6,,0,,
-4.6+1.0,1.0,-4.6,,0,,
-4.6+1.2,1.2,-4.6,,0,,
-4.6+1.4,1.4,-4.6,,0,,
-4.6+1.6,1.6,-4.6,,0,,
-4.6+1.8,1.8,-4.6,,0,,
-4.6+2.0,2.0,-4.6,,0,,
-4.6+2.2,2.2,-4.6,,0,,
-4.6+2.4,2.4,-4.6,,0,,
-4.6+2.6,2.6,-4.6,,0,,
-4.6+2.8,2.8,-4.6,,0,,
-4.6+3.0,3.0,-4.6,,0,,
-4.6+3.2,3.2,-4.6,,0,,
-4.6+3.4,3.4,-4.6,,0,,
-4.6+3.6,3.6,-4.6,,0,,
-4.6+3.8,3.8,-4.6,,0,,
-4.6+4.0,4.0,-4.6,,0,,
-4.6+4.2,4.2,-4.6,,0,,
-4.6+4.4,4.4,-4.6,,0,,
-4.6+4.6,4.6,-4.6,,0,,
-4.6+4.8,4.8,-4.6,,0,,
-4.6+5.0,5.0,-4.6,,0,,
-4.6+5.2,5.2,-4.6,,0,,
-4.6+5.4,5.4,-4.6,,0,,
-4.6+5.6,5.6,-4.6,,0,,
-4.6+5.8,5.8,-4.6,,0,,
-4.6+6.0,6.0,-4.6,,0,,
-4.6+6.2,6.2,-4.6,,0,,
-4.6+6.4,6.4,-4.6,,0,,
-4.6+6.6,6.6,-4.6,,0,,
-4.6+6.8,6.8,-4.6,,0,,
-4.6+7.0,7.0,-4.6,,0,,
-4.6+7.2,7.2,-4.6,,0,,
-4.6+7.4,7.4,-4.6,,0,,
-4.6+7.6,7.6,-4.6,,0,,
-4.6+7.8,7.8,-4.6,,0,,
-4.6+8.0,8.0,-4.6,,0,,
-4.6+8.2,8.2,-4.6,,0,,
-4.6+8.4,8.4,-4.6,,0,,
-4.6+8.6,8.6,-4.6,,0,,
-4.6+8.8,8.8,-4.6,,0,,
-4.6+9.0,9.0,-4.6,,0,,
-4.6+9.2,9.2,-4.6,,0,,
-4.6+9.4,9.4,-4.6,,0,,
-4.6+9.6,9.6,-4.6,,0,,
-4.8+-0.2,-0.2,-4.8,,0,,
-4.8+-0.4,-0.4,-4.8,,0,,
-4.8+-0.6,-0.6,-4.8,,0,,
-4.8+-0.8,-0.8,-4.8,,0,,
-4.8+-1.0,-1.0,-4.8,-0.49344102,1,-0.49344101548194885,-0.49344101548194885
-4.8+-1.2,-1.2,-4.8,-0.14059126,1,-0.14059126377105713,-0.14059126377105713
-4.8+-1.4,-1.4,-4.8,-0.123844676,5,-0.23067015409469604,0.08088715374469757
-4.8+-1.6,-1.6,-4.8,-0.10686916,4,-0.19522063434123993,-0.0003116670995950699
-4.8+-1.8,-1.8,-4.8,,0,,
-4.8+-2.0,-2.0,-4.8,0.17760919,2,0.11602841131389141,0.23918997682631016
-4.8+-2.2,-2.2,-4.8,,0,,
-4.8+-2.4,-2.4,-4.8,,0,,
-4.8+-2.6,-2.6,-4.8,,0,,
-4.8+-2.8,-2.8,-4.8,,0,,
-4.8+-3.0,-3.0,-4.8,,0,,
-4.8+-3.2,-3.2,-4.8,,0,,
-4.8+-3.4,-3.4,-4.8,,0,,
-4.8+-3.6,-3.6,-4.8,,0,,
-4.8+-3.8,-3.8,-4.8,,0,,
-4.8+-4.0,-4.0,-4.8,,0,,
-4.8+-4.2,-4.2,-4.8,,0,,
-4.8+-4.4,-4.4,-4.8,,0,,
-4.8+-4.6,-4.6,-4.8,,0,,
-4.8+-4.8,-4.8,-4.8,,0,,
-4.8+-5.0,-5.0,-4.8,,0,,
-4.8+-5.2,-5.2,-4.8,,0,,
-4.8+-5.4,-5.4,-4.8,,0,,
-4.8+-5.6,-5.6,-4.8,,0,,
-4.8+-5.8,-5.8,-4.8,,0,,
-4.8+-6.0,-6.0,-4.8,,0,,
-4.8+-6.2,-6.2,-4.8,,0,,
-4.8+-6.4,-6.4,-4.8,,0,,
-4.8+-6.6,-6.6,-4.8,,0,,
-4.8+-6.8,-6.8,-4.8,,0,,
-4.8+-7.0,-7.0,-4.8,,0,,
-4.8+-7.2,-7.2,-4.8,,0,,
-4.8+-7.4,-7.4,-4.8,,0,,
-4.8+-7.6,-7.6,-4.8,,0,,
-4.8+-7.8,-7.8,-4.8,,0,,
-4.8+-8.0,-8.0,-4.8,,0,,
-4.8+0.0,0.0,-4.8,,0,,
-4.8+0.2,0.2,-4.8,,0,,
-4.8+0.4,0.4,-4.8,,0,,
-4.8+0.6,0.6,-4.8,,0,,
-4.8+0.8,0.8,-4.8,,0,,
-4.8+1.0,1.0,-4.8,,0,,
-4.8+1.2,1.2,-4.8,,0,,
-4.8+1.4,1.4,-4.8,,0,,
-4.8+1.6,1.6,-4.8,,0,,
-4.8+1.8,1.8,-4.8,,0,,
-4.8+2.0,2.0,-4.8,,0,,
-4.8+2.2,2.2,-4.8,,0,,
-4.8+2.4,2.4,-4.8,,0,,
-4.8+2.6,2.6,-4.8,,0,,
-4.8+2.8,2.8,-4.8,,0,,
-4.8+3.0,3.0,-4.8,,0,,
-4.8+3.2,3.2,-4.8,,0,,
-4.8+3.4,3.4,-4.8,,0,,
-4.8+3.6,3.6,-4.8,,0,,
-4.8+3.8,3.8,-4.8,,0,,
-4.8+4.0,4.0,-4.8,,0,,
-4.8+4.2,4.2,-4.8,,0,,
-4.8+4.4,4.4,-4.8,,0,,
-4.8+4.6,4.6,-4.8,,0,,
-4.8+4.8,4.8,-4.8,,0,,
-4.8+5.0,5.0,-4.8,,0,,
-4.8+5.2,5.2,-4.8,,0,,
-4.8+5.4,5.4,-4.8,,0,,
-4.8+5.6,5.6,-4.8,,0,,
-4.8+5.8,5.8,-4.8,,0,,
-4.8+6.0,6.0,-4.8,,0,,
-4.8+6.2,6.2,-4.8,,0,,
-4.8+6.4,6.4,-4.8,,0,,
-4.8+6.6,6.6,-4.8,,0,,
-4.8+6.8,6.8,-4.8,,0,,
-4.8+7.0,7.0,-4.8,,0,,
-4.8+7.2,7.2,-4.8,,0,,
-4.8+7.4,7.4,-4.8,,0,,
-4.8+7.6,7.6,-4.8,,0,,
-4.8+7.8,7.8,-4.8,,0,,
-4.8+8.0,8.0,-4.8,,0,,
-4.8+8.2,8.2,-4.8,,0,,
-4.8+8.4,8.4,-4.8,,0,,
-4.8+8.6,8.6,-4.8,,0,,
-4.8+8.8,8.8,-4.8,,0,,
-4.8+9.0,9.0,-4.8,,0,,
-4.8+9.2,9.2,-4.8,,0,,
-4.8+9.4,9.4,-4.8,,0,,
-4.8+9.6,9.6,-4.8,,0,,
-5.0+-0.2,-0.2,-5.0,,0,,
-5.0+-0.4,-0.4,-5.0,,0,,
-5.0+-0.6,-0.6,-5.0,,0,,
-5.0+-0.8,-0.8,-5.0,,0,,
-5.0+-1.0,-1.0,-5.0,,0,,
-5.0+-1.2,-1.2,-5.0,0.022995085,1,0.022995084524154663,0.022995084524154663
-5.0+-1.4,-1.4,-5.0,-0.13799569,2,-0.2254095347598195,-0.05058183427900076
-5.0+-1.6,-1.6,-5.0,-0.22344813,4,-0.2964700907468796,-0.08827197551727295
-5.0+-1.8,-1.8,-5.0,,0,,
-5.0+-2.0,-2.0,-5.0,-0.16891675,1,-0.1689167469739914,-0.1689167469739914
-5.0+-2.2,-2.2,-5.0,,0,,
-5.0+-2.4,-2.4,-5.0,,0,,
-5.0+-2.6,-2.6,-5.0,,0,,
-5.0+-2.8,-2.8,-5.0,,0,,
-5.0+-3.0,-3.0,-5.0,,0,,
-5.0+-3.2,-3.2,-5.0,,0,,
-5.0+-3.4,-3.4,-5.0,,0,,
-5.0+-3.6,-3.6,-5.0,,0,,
-5.0+-3.8,-3.8,-5.0,,0,,
-5.0+-4.0,-4.0,-5.0,,0,,
-5.0+-4.2,-4.2,-5.0,,0,,
-5.0+-4.4,-4.4,-5.0,,0,,
-5.0+-4.6,-4.6,-5.0,,0,,
-5.0+-4.8,-4.8,-5.0,,0,,
-5.0+-5.0,-5.0,-5.0,,0,,
-5.0+-5.2,-5.2,-5.0,,0,,
-5.0+-5.4,-5.4,-5.0,,0,,
-5.0+-5.6,-5.6,-5.0,,0,,
-5.0+-5.8,-5.8,-5.0,,0,,
-5.0+-6.0,-6.0,-5.0,,0,,
-5.0+-6.2,-6.2,-5.0,,0,,
-5.0+-6.4,-6.4,-5.0,,0,,
-5.0+-6.6,-6.6,-5.0,,0,,
-5.0+-6.8,-6.8,-5.0,,0,,
-5.0+-7.0,-7.0,-5.0,,0,,
-5.0+-7.2,-7.2,-5.0,,0,,
-5.0+-7.4,-7.4,-5.0,,0,,
-5.0+-7.6,-7.6,-5.0,,0,,
-5.0+-7.8,-7.8,-5.0,,0,,
-5.0+-8.0,-8.0,-5.0,,0,,
-5.0+0.0,0.0,-5.0,,0,,
-5.0+0.2,0.2,-5.0,,0,,
-5.0+0.4,0.4,-5.0,,0,,
-5.0+0.6,0.6,-5.0,,0,,
-5.0+0.8,0.8,-5.0,,0,,
-5.0+1.0,1.0,-5.0,,0,,
-5.0+1.2,1.2,-5.0,,0,,
-5.0+1.4,1.4,-5.0,,0,,
-5.0+1.6,1.6,-5.0,,0,,
-5.0+1.8,1.8,-5.0,,0,,
-5.0+2.0,2.0,-5.0,,0,,
-5.0+2.2,2.2,-5.0,,0,,
-5.0+2.4,2.4,-5.0,,0,,
-5.0+2.6,2.6,-5.0,,0,,
-5.0+2.8,2.8,-5.0,,0,,
-5.0+3.0,3.0,-5.0,,0,,
-5.0+3.2,3.2,-5.0,,0,,
-5.0+3.4,3.4,-5.0,,0,,
-5.0+3.6,3.6,-5.0,,0,,
-5.0+3.8,3.8,-5.0,,0,,
-5.0+4.0,4.0,-5.0,,0,,
-5.0+4.2,4.2,-5.0,,0,,
-5.0+4.4,4.4,-5.0,,0,,
-5.0+4.6,4.6,-5.0,,0,,
-5.0+4.8,4.8,-5.0,,0,,
-5.0+5.0,5.0,-5.0,,0,,
-5.0+5.2,5.2,-5.0,,0,,
-5.0+5.4,5.4,-5.0,,0,,
-5.0+5.6,5.6,-5.0,,0,,
-5.0+5.8,5.8,-5.0,,0,,
-5.0+6.0,6.0,-5.0,,0,,
-5.0+6.2,6.2,-5.0,,0,,
-5.0+6.4,6.4,-5.0,,0,,
-5.0+6.6,6.6,-5.0,,0,,
-5.0+6.8,6.8,-5.0,,0,,
-5.0+7.0,7.0,-5.0,,0,,
-5.0+7.2,7.2,-5.0,,0,,
-5.0+7.4,7.4,-5.0,,0,,
-5.0+7.6,7.6,-5.0,,0,,
-5.0+7.8,7.8,-5.0,,0,,
-5.0+8.0,8.0,-5.0,,0,,
-5.0+8.2,8.2,-5.0,,0,,
-5.0+8.4,8.4,-5.0,,0,,
-5.0+8.6,8.6,-5.0,,0,,
-5.0+8.8,8.8,-5.0,,0,,
-5.0+9.0,9.0,-5.0,,0,,
-5.0+9.2,9.2,-5.0,,0,,
-5.0+9.4,9.4,-5.0,,0,,
-5.0+9.6,9.6,-5.0,,0,,
-5.2+-0.2,-0.2,-5.2,,0,,
-5.2+-0.4,-0.4,-5.2,,0,,
-5.2+-0.6,-0.6,-5.2,,0,,
-5.2+-0.8,-0.8,-5.2,,0,,
-5.2+-1.0,-1.0,-5.2,,0,,
-5.2+-1.2,-1.2,-5.2,-0.29392752,1,-0.29392752051353455,-0.29392752051353455
-5.2+-1.4,-1.4,-5.2,0.06957237,1,0.06957236677408218,0.06957236677408218
-5.2+-1.6,-1.6,-5.2,-0.16560066,2,-0.17347628250718117,-0.1577250473201275
-5.2+-1.8,-1.8,-5.2,,0,,
-5.2+-2.0,-2.0,-5.2,-0.1716317,1,-0.17163169384002686,-0.17163169384002686
-5.2+-2.2,-2.2,-5.2,,0,,
-5.2+-2.4,-2.4,-5.2,,0,,
-5.2+-2.6,-2.6,-5.2,,0,,
-5.2+-2.8,-2.8,-5.2,,0,,
-5.2+-3.0,-3.0,-5.2,,0,,
-5.2+-3.2,-3.2,-5.2,,0,,
-5.2+-3.4,-3.4,-5.2,,0,,
-5.2+-3.6,-3.6,-5.2,,0,,
-5.2+-3.8,-3.8,-5.2,,0,,
-5.2+-4.0,-4.0,-5.2,,0,,
-5.2+-4.2,-4.2,-5.2,,0,,
-5.2+-4.4,-4.4,-5.2,,0,,
-5.2+-4.6,-4.6,-5.2,,0,,
-5.2+-4.8,-4.8,-5.2,,0,,
-5.2+-5.0,-5.0,-5.2,,0,,
-5.2+-5.2,-5.2,-5.2,,0,,
-5.2+-5.4,-5.4,-5.2,,0,,
-5.2+-5.6,-5.6,-5.2,,0,,
-5.2+-5.8,-5.8,-5.2,,0,,
-5.2+-6.0,-6.0,-5.2,,0,,
-5.2+-6.2,-6.2,-5.2,,0,,
-5.2+-6.4,-6.4,-5.2,,0,,
-5.2+-6.6,-6.6,-5.2,,0,,
-5.2+-6.8,-6.8,-5.2,,0,,
-5.2+-7.0,-7.0,-5.2,,0,,
-5.2+-7.2,-7.2,-5.2,,0,,
-5.2+-7.4,-7.4,-5.2,,0,,
-5.2+-7.6,-7.6,-5.2,,0,,
-5.2+-7.8,-7.8,-5.2,,0,,
-5.2+-8.0,-8.0,-5.2,,0,,
-5.2+0.0,0.0,-5.2,,0,,
-5.2+0.2,0.2,-5.2,,0,,
-5.2+0.4,0.4,-5.2,,0,,
-5.2+0.6,0.6,-5.2,,0,,
-5.2+0.8,0.8,-5.2,,0,,
-5.2+1.0,1.0,-5.2,,0,,
-5.2+1.2,1.2,-5.2,,0,,
-5.2+1.4,1.4,-5.2,,0,,
-5.2+1.6,1.6,-5.2,,0,,
-5.2+1.8,1.8,-5.2,,0,,
-5.2+2.0,2.0,-5.2,,0,,
-5.2+2.2,2.2,-5.2,,0,,
-5.2+2.4,2.4,-5.2,,0,,
-5.2+2.6,2.6,-5.2,,0,,
-5.2+2.8,2.8,-5.2,,0,,
-5.2+3.0,3.0,-5.2,,0,,
-5.2+3.2,3.2,-5.2,,0,,
-5.2+3.4,3.4,-5.2,,0,,
-5.2+3.6,3.6,-5.2,,0,,
-5.2+3.8,3.8,-5.2,,0,,
-5.2+4.0,4.0,-5.2,,0,,
-5.2+4.2,4.2,-5.2,,0,,
-5.2+4.4,4.4,-5.2,,0,,
-5.2+4.6,4.6,-5.2,,0,,
-5.2+4.8,4.8,-5.2,,0,,
-5.2+5.0,5.0,-5.2,,0,,
-5.2+5.2,5.2,-5.2,,0,,
-5.2+5.4,5.4,-5.2,,0,,
-5.2+5.6,5.6,-5.2,,0,,
-5.2+5.8,5.8,-5.2,,0,,
-5.2+6.0,6.0,-5.2,,0,,
-5.2+6.2,6.2,-5.2,,0,,
-5.2+6.4,6.4,-5.2,,0,,
-5.2+6.6,6.6,-5.2,,0,,
-5.2+6.8,6.8,-5.2,,0,,
-5.2+7.0,7.0,-5.2,,0,,
-5.2+7.2,7.2,-5.2,,0,,
-5.2+7.4,7.4,-5.2,,0,,
-5.2+7.6,7.6,-5.2,,0,,
-5.2+7.8,7.8,-5.2,,0,,
-5.2+8.0,8.0,-5.2,,0,,
-5.2+8.2,8.2,-5.2,,0,,
-5.2+8.4,8.4,-5.2,,0,,
-5.2+8.6,8.6,-5.2,,0,,
-5.2+8.8,8.8,-5.2,,0,,
-5.2+9.0,9.0,-5.2,,0,,
-5.2+9.2,9.2,-5.2,,0,,
-5.2+9.4,9.4,-5.2,,0,,
-5.2+9.6,9.6,-5.2,,0,,
-5.4+-0.2,-0.2,-5.4,,0,,
-5.4+-0.4,-0.4,-5.4,,0,,
-5.4+-0.6,-0.6,-5.4,,0,,
-5.4+-0.8,-0.8,-5.4,,0,,
-5.4+-1.0,-1.0,-5.4,,0,,
-5.4+-1.2,-1.2,-5.4,,0,,
-5.4+-1.4,-1.4,-5.4,,0,,
-5.4+-1.6,-1.6,-5.4,-0.18397102,1,-0.18397101759910583,-0.18397101759910583
-5.4+-1.8,-1.8,-5.4,,0,,
-5.4+-2.0,-2.0,-5.4,-0.2570745,1,-0.2570745050907135,-0.2570745050907135
-5.4+-2.2,-2.2,-5.4,,0,,
-5.4+-2.4,-2.4,-5.4,,0,,
-5.4+-2.6,-2.6,-5.4,,0,,
-5.4+-2.8,-2.8,-5.4,,0,,
-5.4+-3.0,-3.0,-5.4,,0,,
-5.4+-3.2,-3.2,-5.4,,0,,
-5.4+-3.4,-3.4,-5.4,,0,,
-5.4+-3.6,-3.6,-5.4,,0,,
-5.4+-3.8,-3.8,-5.4,,0,,
-5.4+-4.0,-4.0,-5.4,,0,,
-5.4+-4.2,-4.2,-5.4,,0,,
-5.4+-4.4,-4.4,-5.4,,0,,
-5.4+-4.6,-4.6,-5.4,,0,,
-5.4+-4.8,-4.8,-5.4,,0,,
-5.4+-5.0,-5.0,-5.4,,0,,
-5.4+-5.2,-5.2,-5.4,,0,,
-5.4+-5.4,-5.4,-5.4,,0,,
-5.4+-5.6,-5.6,-5.4,,0,,
-5.4+-5.8,-5.8,-5.4,,0,,
-5.4+-6.0,-6.0,-5.4,,0,,
-5.4+-6.2,-6.2,-5.4,,0,,
-5.4+-6.4,-6.4,-5.4,,0,,
-5.4+-6.6,-6.6,-5.4,,0,,
-5.4+-6.8,-6.8,-5.4,,0,,
-5.4+-7.0,-7.0,-5.4,,0,,
-5.4+-7.2,-7.2,-5.4,,0,,
-5.4+-7.4,-7.4,-5.4,,0,,
-5.4+-7.6,-7.6,-5.4,,0,,
-5.4+-7.8,-7.8,-5.4,,0,,
-5.4+-8.0,-8.0,-5.4,,0,,
-5.4+0.0,0.0,-5.4,,0,,
-5.4+0.2,0.2,-5.4,,0,,
-5.4+0.4,0.4,-5.4,,0,,
-5.4+0.6,0.6,-5.4,,0,,
-5.4+0.8,0.8,-5.4,,0,,
-5.4+1.0,1.0,-5.4,,0,,
-5.4+1.2,1.2,-5.4,,0,,
-5.4+1.4,1.4,-5.4,,0,,
-5.4+1.6,1.6,-5.4,,0,,
-5.4+1.8,1.8,-5.4,,0,,
-5.4+2.0,2.0,-5.4,,0,,
-5.4+2.2,2.2,-5.4,,0,,
-5.4+2.4,2.4,-5.4,,0,,
-5.4+2.6,2.6,-5.4,,0,,
-5.4+2.8,2.8,-5.4,,0,,
-5.4+3.0,3.0,-5.4,,0,,
-5.4+3.2,3.2,-5.4,,0,,
-5.4+3.4,3.4,-5.4,,0,,
-5.4+3.6,3.6,-5.4,,0,,
-5.4+3.8,3.8,-5.4,,0,,
-5.4+4.0,4.0,-5.4,,0,,
-5.4+4.2,4.2,-5.4,,0,,
-5.4+4.4,4.4,-5.4,,0,,
-5.4+4.6,4.6,-5.4,,0,,
-5.4+4.8,4.8,-5.4,,0,,
-5.4+5.0,5.0,-5.4,,0,,
-5.4+5.2,5.2,-5.4,,0,,
-5.4+5.4,5.4,-5.4,,0,,
-5.4+5.6,5.6,-5.4,,0,,
-5.4+5.8,5.8,-5.4,,0,,
-5.4+6.0,6.0,-5.4,,0,,
-5.4+6.2,6.2,-5.4,,0,,
-5.4+6.4,6.4,-5.4,,0,,
-5.4+6.6,6.6,-5.4,,0,,
-5.4+6.8,6.8,-5.4,,0,,
-5.4+7.0,7.0,-5.4,,0,,
-5.4+7.2,7.2,-5.4,,0,,
-5.4+7.4,7.4,-5.4,,0,,
-5.4+7.6,7.6,-5.4,,0,,
-5.4+7.8,7.8,-5.4,,0,,
-5.4+8.0,8.0,-5.4,,0,,
-5.4+8.2,8.2,-5.4,,0,,
-5.4+8.4,8.4,-5.4,,0,,
-5.4+8.6,8.6,-5.4,,0,,
-5.4+8.8,8.8,-5.4,,0,,
-5.4+9.0,9.0,-5.4,,0,,
-5.4+9.2,9.2,-5.4,,0,,
-5.4+9.4,9.4,-5.4,,0,,
-5.4+9.6,9.6,-5.4,,0,,
-5.6+-0.2,-0.2,-5.6,,0,,
-5.6+-0.4,-0.4,-5.6,,0,,
-5.6+-0.6,-0.6,-5.6,,0,,
-5.6+-0.8,-0.8,-5.6,,0,,
-5.6+-1.0,-1.0,-5.6,,0,,
-5.6+-1.2,-1.2,-5.6,,0,,
-5.6+-1.4,-1.4,-5.6,-0.17378218,1,-0.17378218472003937,-0.17378218472003937
-5.6+-1.6,-1.6,-5.6,-0.1527304,1,-0.15273040533065796,-0.15273040533065796
-5.6+-1.8,-1.8,-5.6,,0,,
-5.6+-2.0,-2.0,-5.6,-0.22004136,1,-0.22004136443138123,-0.22004136443138123
-5.6+-2.2,-2.2,-5.6,,0,,
-5.6+-2.4,-2.4,-5.6,,0,,
-5.6+-2.6,-2.6,-5.6,,0,,
-5.6+-2.8,-2.8,-5.6,,0,,
-5.6+-3.0,-3.0,-5.6,,0,,
-5.6+-3.2,-3.2,-5.6,,0,,
-5.6+-3.4,-3.4,-5.6,,0,,
-5.6+-3.6,-3.6,-5.6,,0,,
-5.6+-3.8,-3.8,-5.6,,0,,
-5.6+-4.0,-4.0,-5.6,,0,,
-5.6+-4.2,-4.2,-5.6,,0,,
-5.6+-4.4,-4.4,-5.6,,0,,
-5.6+-4.6,-4.6,-5.6,,0,,
-5.6+-4.8,-4.8,-5.6,,0,,
-5.6+-5.0,-5.0,-5.6,,0,,
-5.6+-5.2,-5.2,-5.6,,0,,
-5.6+-5.4,-5.4,-5.6,,0,,
-5.6+-5.6,-5.6,-5.6,,0,,
-5.6+-5.8,-5.8,-5.6,,0,,
-5.6+-6.0,-6.0,-5.6,,0,,
-5.6+-6.2,-6.2,-5.6,,0,,
-5.6+-6.4,-6.4,-5.6,,0,,
-5.6+-6.6,-6.6,-5.6,,0,,
-5.6+-6.8,-6.8,-5.6,,0,,
-5.6+-7.0,-7.0,-5.6,,0,,
-5.6+-7.2,-7.2,-5.6,,0,,
-5.6+-7.4,-7.4,-5.6,,0,,
-5.6+-7.6,-7.6,-5.6,,0,,
-5.6+-7.8,-7.8,-5.6,,0,,
-5.6+-8.0,-8.0,-5.6,,0,,
-5.6+0.0,0.0,-5.6,,0,,
-5.6+0.2,0.2,-5.6,,0,,
-5.6+0.4,0.4,-5.6,,0,,
-5.6+0.6,0.6,-5.6,,0,,
-5.6+0.8,0.8,-5.6,,0,,
-5.6+1.0,1.0,-5.6,,0,,
-5.6+1.2,1.2,-5.6,,0,,
-5.6+1.4,1.4,-5.6,,0,,
-5.6+1.6,1.6,-5.6,,0,,
-5.6+1.8,1.8,-5.6,,0,,
-5.6+2.0,2.0,-5.6,,0,,
-5.6+2.2,2.2,-5.6,,0,,
-5.6+2.4,2.4,-5.6,,0,,
-5.6+2.6,2.6,-5.6,,0,,
-5.6+2.8,2.8,-5.6,,0,,
-5.6+3.0,3.0,-5.6,,0,,
-5.6+3.2,3.2,-5.6,,0,,
-5.6+3.4,3.4,-5.6,,0,,
-5.6+3.6,3.6,-5.6,,0,,
-5.6+3.8,3.8,-5.6,,0,,
-5.6+4.0,4.0,-5.6,,0,,
-5.6+4.2,4.2,-5.6,,0,,
-5.6+4.4,4.4,-5.6,,0,,
-5.6+4.6,4.6,-5.6,,0,,
-5.6+4.8,4.8,-5.6,,0,,
-5.6+5.0,5.0,-5.6,,0,,
-5.6+5.2,5.2,-5.6,,0,,
-5.6+5.4,5.4,-5.6,,0,,
-5.6+5.6,5.6,-5.6,,0,,
-5.6+5.8,5.8,-5.6,,0,,
-5.6+6.0,6.0,-5.6,,0,,
-5.6+6.2,6.2,-5.6,,0,,
-5.6+6.4,6.4,-5.6,,0,,
-5.6+6.6,6.6,-5.6,,0,,
-5.6+6.8,6.8,-5.6,,0,,
-5.6+7.0,7.0,-5.6,,0,,
-5.6+7.2,7.2,-5.6,,0,,
-5.6+7.4,7.4,-5.6,,0,,
-5.6+7.6,7.6,-5.6,,0,,
-5.6+7.8,7.8,-5.6,,0,,
-5.6+8.0,8.0,-5.6,,0,,
-5.6+8.2,8.2,-5.6,,0,,
-5.6+8.4,8.4,-5.6,,0,,
-5.6+8.6,8.6,-5.6,,0,,
-5.6+8.8,8.8,-5.6,,0,,
-5.6+9.0,9.0,-5.6,,0,,
-5.6+9.2,9.2,-5.6,,0,,
-5.6+9.4,9.4,-5.6,,0,,
-5.6+9.6,9.6,-5.6,,0,,
-5.8+-0.2,-0.2,-5.8,,0,,
-5.8+-0.4,-0.4,-5.8,,0,,
-5.8+-0.6,-0.6,-5.8,,0,,
-5.8+-0.8,-0.8,-5.8,,0,,
-5.8+-1.0,-1.0,-5.8,,0,,
-5.8+-1.2,-1.2,-5.8,,0,,
-5.8+-1.4,-1.4,-5.8,,0,,
-5.8+-1.6,-1.6,-5.8,-0.039807856,1,-0.03980785608291626,-0.03980785608291626
-5.8+-1.8,-1.8,-5.8,,0,,
-5.8+-2.0,-2.0,-5.8,,0,,
-5.8+-2.2,-2.2,-5.8,,0,,
-5.8+-2.4,-2.4,-5.8,,0,,
-5.8+-2.6,-2.6,-5.8,,0,,
-5.8+-2.8,-2.8,-5.8,,0,,
-5.8+-3.0,-3.0,-5.8,,0,,
-5.8+-3.2,-3.2,-5.8,,0,,
-5.8+-3.4,-3.4,-5.8,,0,,
-5.8+-3.6,-3.6,-5.8,,0,,
-5.8+-3.8,-3.8,-5.8,,0,,
-5.8+-4.0,-4.0,-5.8,,0,,
-5.8+-4.2,-4.2,-5.8,,0,,
-5.8+-4.4,-4.4,-5.8,,0,,
-5.8+-4.6,-4.6,-5.8,,0,,
-5.8+-4.8,-4.8,-5.8,,0,,
-5.8+-5.0,-5.0,-5.8,,0,,
-5.8+-5.2,-5.2,-5.8,,0,,
-5.8+-5.4,-5.4,-5.8,,0,,
-5.8+-5.6,-5.6,-5.8,,0,,
-5.8+-5.8,-5.8,-5.8,,0,,
-5.8+-6.0,-6.0,-5.8,,0,,
-5.8+-6.2,-6.2,-5.8,,0,,
-5.8+-6.4,-6.4,-5.8,,0,,
-5.8+-6.6,-6.6,-5.8,,0,,
-5.8+-6.8,-6.8,-5.8,,0,,
-5.8+-7.0,-7.0,-5.8,,0,,
-5.8+-7.2,-7.2,-5.8,,0,,
-5.8+-7.4,-7.4,-5.8,,0,,
-5.8+-7.6,-7.6,-5.8,,0,,
-5.8+-7.8,-7.8,-5.8,,0,,
-5.8+-8.0,-8.0,-5.8,,0,,
-5.8+0.0,0.0,-5.8,,0,,
-5.8+0.2,0.2,-5.8,,0,,
-5.8+0.4,0.4,-5.8,,0,,
-5.8+0.6,0.6,-5.8,,0,,
-5.8+0.8,0.8,-5.8,,0,,
-5.8+1.0,1.0,-5.8,,0,,
-5.8+1.2,1.2,-5.8,,0,,
-5.8+1.4,1.4,-5.8,,0,,
-5.8+1.6,1.6,-5.8,,0,,
-5.8+1.8,1.8,-5.8,,0,,
-5.8+2.0,2.0,-5.8,,0,,
-5.8+2.2,2.2,-5.8,,0,,
-5.8+2.4,2.4,-5.8,,0,,
-5.8+2.6,2.6,-5.8,,0,,
-5.8+2.8,2.8,-5.8,,0,,
-5.8+3.0,3.0,-5.8,,0,,
-5.8+3.2,3.2,-5.8,,0,,
-5.8+3.4,3.4,-5.8,,0,,
-5.8+3.6,3.6,-5.8,,0,,
-5.8+3.8,3.8,-5.8,,0,,
-5.8+4.0,4.0,-5.8,,0,,
-5.8+4.2,4.2,-5.8,,0,,
-5.8+4.4,4.4,-5.8,,0,,
-5.8+4.6,4.6,-5.8,,0,,
-5.8+4.8,4.8,-5.8,,0,,
-5.8+5.0,5.0,-5.8,,0,,
-5.8+5.2,5.2,-5.8,,0,,
-5.8+5.4,5.4,-5.8,,0,,
-5.8+5.6,5.6,-5.8,,0,,
-5.8+5.8,5.8,-5.8,,0,,
-5.8+6.0,6.0,-5.8,,0,,
-5.8+6.2,6.2,-5.8,,0,,
-5.8+6.4,6.4,-5.8,,0,,
-5.8+6.6,6.6,-5.8,,0,,
-5.8+6.8,6.8,-5.8,,0,,
-5.8+7.0,7.0,-5.8,,0,,
-5.8+7.2,7.2,-5.8,,0,,
-5.8+7.4,7.4,-5.8,,0,,
-5.8+7.6,7.6,-5.8,,0,,
-5.8+7.8,7.8,-5.8,,0,,
-5.8+8.0,8.0,-5.8,,0,,
-5.8+8.2,8.2,-5.8,,0,,
-5.8+8.4,8.4,-5.8,,0,,
-5.8+8.6,8.6,-5.8,,0,,
-5.8+8.8,8.8,-5.8,,0,,
-5.8+9.0,9.0,-5.8,,0,,
-5.8+9.2,9.2,-5.8,,0,,
-5.8+9.4,9.4,-5.8,,0,,
-5.8+9.6,9.6,-5.8,,0,,
-6.0+-0.2,-0.2,-6.0,,0,,
-6.0+-0.4,-0.4,-6.0,,0,,
-6.0+-0.6,-0.6,-6.0,,0,,
-6.0+-0.8,-0.8,-6.0,,0,,
-6.0+-1.0,-1.0,-6.0,,0,,
-6.0+-1.2,-1.2,-6.0,,0,,
-6.0+-1.4,-1.4,-6.0,,0,,
-6.0+-1.6,-1.6,-6.0,,0,,
-6.0+-1.8,-1.8,-6.0,,0,,
-6.0+-2.0,-2.0,-6.0,,0,,
-6.0+-2.2,-2.2,-6.0,,0,,
-6.0+-2.4,-2.4,-6.0,,0,,
-6.0+-2.6,-2.6,-6.0,,0,,
-6.0+-2.8,-2.8,-6.0,,0,,
-6.0+-3.0,-3.0,-6.0,,0,,
-6.0+-3.2,-3.2,-6.0,,0,,
-6.0+-3.4,-3.4,-6.0,,0,,
-6.0+-3.6,-3.6,-6.0,,0,,
-6.0+-3.8,-3.8,-6.0,,0,,
-6.0+-4.0,-4.0,-6.0,,0,,
-6.0+-4.2,-4.2,-6.0,,0,,
-6.0+-4.4,-4.4,-6.0,,0,,
-6.0+-4.6,-4.6,-6.0,,0,,
-6.0+-4.8,-4.8,-6.0,,0,,
-6.0+-5.0,-5.0,-6.0,,0,,
-6.0+-5.2,-5.2,-6.0,,0,,
-6.0+-5.4,-5.4,-6.0,,0,,
-6.0+-5.6,-5.6,-6.0,,0,,
-6.0+-5.8,-5.8,-6.0,,0,,
-6.0+-6.0,-6.0,-6.0,,0,,
-6.0+-6.2,-6.2,-6.0,,0,,
-6.0+-6.4,-6.4,-6.0,,0,,
-6.0+-6.6,-6.6,-6.0,,0,,
-6.0+-6.8,-6.8,-6.0,,0,,
-6.0+-7.0,-7.0,-6.0,,0,,
-6.0+-7.2,-7.2,-6.0,,0,,
-6.0+-7.4,-7.4,-6.0,,0,,
-6.0+-7.6,-7.6,-6.0,,0,,
-6.0+-7.8,-7.8,-6.0,,0,,
-6.0+-8.0,-8.0,-6.0,,0,,
-6.0+0.0,0.0,-6.0,,0,,
-6.0+0.2,0.2,-6.0,,0,,
-6.0+0.4,0.4,-6.0,,0,,
-6.0+0.6,0.6,-6.0,,0,,
-6.0+0.8,0.8,-6.0,,0,,
-6.0+1.0,1.0,-6.0,,0,,
-6.0+1.2,1.2,-6.0,,0,,
-6.0+1.4,1.4,-6.0,,0,,
-6.0+1.6,1.6,-6.0,,0,,
-6.0+1.8,1.8,-6.0,,0,,
-6.0+2.0,2.0,-6.0,,0,,
-6.0+2.2,2.2,-6.0,,0,,
-6.0+2.4,2.4,-6.0,,0,,
-6.0+2.6,2.6,-6.0,,0,,
-6.0+2.8,2.8,-6.0,,0,,
-6.0+3.0,3.0,-6.0,,0,,
-6.0+3.2,3.2,-6.0,,0,,
-6.0+3.4,3.4,-6.0,,0,,
-6.0+3.6,3.6,-6.0,,0,,
-6.0+3.8,3.8,-6.0,,0,,
-6.0+4.0,4.0,-6.0,,0,,
-6.0+4.2,4.2,-6.0,,0,,
-6.0+4.4,4.4,-6.0,,0,,
-6.0+4.6,4.6,-6.0,,0,,
-6.0+4.8,4.8,-6.0,,0,,
-6.0+5.0,5.0,-6.0,,0,,
-6.0+5.2,5.2,-6.0,,0,,
-6.0+5.4,5.4,-6.0,,0,,
-6.0+5.6,5.6,-6.0,,0,,
-6.0+5.8,5.8,-6.0,,0,,
-6.0+6.0,6.0,-6.0,,0,,
-6.0+6.2,6.2,-6.0,,0,,
-6.0+6.4,6.4,-6.0,,0,,
-6.0+6.6,6.6,-6.0,,0,,
-6.0+6.8,6.8,-6.0,,0,,
-6.0+7.0,7.0,-6.0,,0,,
-6.0+7.2,7.2,-6.0,,0,,
-6.0+7.4,7.4,-6.0,,0,,
-6.0+7.6,7.6,-6.0,,0,,
-6.0+7.8,7.8,-6.0,,0,,
-6.0+8.0,8.0,-6.0,,0,,
-6.0+8.2,8.2,-6.0,,0,,
-6.0+8.4,8.4,-6.0,,0,,
-6.0+8.6,8.6,-6.0,,0,,
-6.0+8.8,8.8,-6.0,,0,,
-6.0+9.0,9.0,-6.0,,0,,
-6.0+9.2,9.2,-6.0,,0,,
-6.0+9.4,9.4,-6.0,,0,,
-6.0+9.6,9.6,-6.0,,0,,
-6.2+-0.2,-0.2,-6.2,,0,,
-6.2+-0.4,-0.4,-6.2,,0,,
-6.2+-0.6,-0.6,-6.2,,0,,
-6.2+-0.8,-0.8,-6.2,,0,,
-6.2+-1.0,-1.0,-6.2,,0,,
-6.2+-1.2,-1.2,-6.2,,0,,
-6.2+-1.4,-1.4,-6.2,,0,,
-6.2+-1.6,-1.6,-6.2,,0,,
-6.2+-1.8,-1.8,-6.2,,0,,
-6.2+-2.0,-2.0,-6.2,,0,,
-6.2+-2.2,-2.2,-6.2,,0,,
-6.2+-2.4,-2.4,-6.2,,0,,
-6.2+-2.6,-2.6,-6.2,,0,,
-6.2+-2.8,-2.8,-6.2,,0,,
-6.2+-3.0,-3.0,-6.2,,0,,
-6.2+-3.2,-3.2,-6.2,,0,,
-6.2+-3.4,-3.4,-6.2,,0,,
-6.2+-3.6,-3.6,-6.2,,0,,
-6.2+-3.8,-3.8,-6.2,,0,,
-6.2+-4.0,-4.0,-6.2,,0,,
-6.2+-4.2,-4.2,-6.2,,0,,
-6.2+-4.4,-4.4,-6.2,,0,,
-6.2+-4.6,-4.6,-6.2,,0,,
-6.2+-4.8,-4.8,-6.2,,0,,
-6.2+-5.0,-5.0,-6.2,,0,,
-6.2+-5.2,-5.2,-6.2,,0,,
-6.2+-5.4,-5.4,-6.2,,0,,
-6.2+-5.6,-5.6,-6.2,,0,,
-6.2+-5.8,-5.8,-6.2,,0,,
-6.2+-6.0,-6.0,-6.2,,0,,
-6.2+-6.2,-6.2,-6.2,,0,,
-6.2+-6.4,-6.4,-6.2,,0,,
-6.2+-6.6,-6.6,-6.2,,0,,
-6.2+-6.8,-6.8,-6.2,,0,,
-6.2+-7.0,-7.0,-6.2,,0,,
-6.2+-7.2,-7.2,-6.2,,0,,
-6.2+-7.4,-7.4,-6.2,,0,,
-6.2+-7.6,-7.6,-6.2,,0,,
-6.2+-7.8,-7.8,-6.2,,0,,
-6.2+-8.0,-8.0,-6.2,,0,,
-6.2+0.0,0.0,-6.2,,0,,
-6.2+0.2,0.2,-6.2,,0,,
-6.2+0.4,0.4,-6.2,,0,,
-6.2+0.6,0.6,-6.2,,0,,
-6.2+0.8,0.8,-6.2,,0,,
-6.2+1.0,1.0,-6.2,,0,,
-6.2+1.2,1.2,-6.2,,0,,
-6.2+1.4,1.4,-6.2,,0,,
-6.2+1.6,1.6,-6.2,,0,,
-6.2+1.8,1.8,-6.2,,0,,
-6.2+2.0,2.0,-6.2,,0,,
-6.2+2.2,2.2,-6.2,,0,,
-6.2+2.4,2.4,-6.2,,0,,
-6.2+2.6,2.6,-6.2,,0,,
-6.2+2.8,2.8,-6.2,,0,,
-6.2+3.0,3.0,-6.2,,0,,
-6.2+3.2,3.2,-6.2,,0,,
-6.2+3.4,3.4,-6.2,,0,,
-6.2+3.6,3.6,-6.2,,0,,
-6.2+3.8,3.8,-6.2,,0,,
-6.2+4.0,4.0,-6.2,,0,,
-6.2+4.2,4.2,-6.2,,0,,
-6.2+4.4,4.4,-6.2,,0,,
-6.2+4.6,4.6,-6.2,,0,,
-6.2+4.8,4.8,-6.2,,0,,
-6.2+5.0,5.0,-6.2,,0,,
-6.2+5.2,5.2,-6.2,,0,,
-6.2+5.4,5.4,-6.2,,0,,
-6.2+5.6,5.6,-6.2,,0,,
-6.2+5.8,5.8,-6.2,,0,,
-6.2+6.0,6.0,-6.2,,0,,
-6.2+6.2,6.2,-6.2,,0,,
-6.2+6.4,6.4,-6.2,,0,,
-6.2+6.6,6.6,-6.2,,0,,
-6.2+6.8,6.8,-6.2,,0,,
-6.2+7.0,7.0,-6.2,,0,,
-6.2+7.2,7.2,-6.2,,0,,
-6.2+7.4,7.4,-6.2,,0,,
-6.2+7.6,7.6,-6.2,,0,,
-6.2+7.8,7.8,-6.2,,0,,
-6.2+8.0,8.0,-6.2,,0,,
-6.2+8.2,8.2,-6.2,,0,,
-6.2+8.4,8.4,-6.2,,0,,
-6.2+8.6,8.6,-6.2,,0,,
-6.2+8.8,8.8,-6.2,,0,,
-6.2+9.0,9.0,-6.2,,0,,
-6.2+9.2,9.2,-6.2,,0,,
-6.2+9.4,9.4,-6.2,,0,,
-6.2+9.6,9.6,-6.2,,0,,
-6.4+-0.2,-0.2,-6.4,,0,,
-6.4+-0.4,-0.4,-6.4,,0,,
-6.4+-0.6,-0.6,-6.4,,0,,
-6.4+-0.8,-0.8,-6.4,,0,,
-6.4+-1.0,-1.0,-6.4,,0,,
-6.4+-1.2,-1.2,-6.4,,0,,
-6.4+-1.4,-1.4,-6.4,,0,,
-6.4+-1.6,-1.6,-6.4,,0,,
-6.4+-1.8,-1.8,-6.4,,0,,
-6.4+-2.0,-2.0,-6.4,,0,,
-6.4+-2.2,-2.2,-6.4,,0,,
-6.4+-2.4,-2.4,-6.4,,0,,
-6.4+-2.6,-2.6,-6.4,,0,,
-6.4+-2.8,-2.8,-6.4,,0,,
-6.4+-3.0,-3.0,-6.4,,0,,
-6.4+-3.2,-3.2,-6.4,,0,,
-6.4+-3.4,-3.4,-6.4,,0,,
-6.4+-3.6,-3.6,-6.4,,0,,
-6.4+-3.8,-3.8,-6.4,,0,,
-6.4+-4.0,-4.0,-6.4,,0,,
-6.4+-4.2,-4.2,-6.4,,0,,
-6.4+-4.4,-4.4,-6.4,,0,,
-6.4+-4.6,-4.6,-6.4,,0,,
-6.4+-4.8,-4.8,-6.4,,0,,
-6.4+-5.0,-5.0,-6.4,,0,,
-6.4+-5.2,-5.2,-6.4,,0,,
-6.4+-5.4,-5.4,-6.4,,0,,
-6.4+-5.6,-5.6,-6.4,,0,,
-6.4+-5.8,-5.8,-6.4,,0,,
-6.4+-6.0,-6.0,-6.4,,0,,
-6.4+-6.2,-6.2,-6.4,,0,,
-6.4+-6.4,-6.4,-6.4,,0,,
-6.4+-6.6,-6.6,-6.4,,0,,
-6.4+-6.8,-6.8,-6.4,,0,,
-6.4+-7.0,-7.0,-6.4,,0,,
-6.4+-7.2,-7.2,-6.4,,0,,
-6.4+-7.4,-7.4,-6.4,,0,,
-6.4+-7.6,-7.6,-6.4,,0,,
-6.4+-7.8,-7.8,-6.4,,0,,
-6.4+-8.0,-8.0,-6.4,,0,,
-6.4+0.0,0.0,-6.4,,0,,
-6.4+0.2,0.2,-6.4,,0,,
-6.4+0.4,0.4,-6.4,,0,,
-6.4+0.6,0.6,-6.4,,0,,
-6.4+0.8,0.8,-6.4,,0,,
-6.4+1.0,1.0,-6.4,,0,,
-6.4+1.2,1.2,-6.4,,0,,
-6.4+1.4,1.4,-6.4,,0,,
-6.4+1.6,1.6,-6.4,,0,,
-6.4+1.8,1.8,-6.4,,0,,
-6.4+2.0,2.0,-6.4,,0,,
-6.4+2.2,2.2,-6.4,,0,,
-6.4+2.4,2.4,-6.4,,0,,
-6.4+2.6,2.6,-6.4,,0,,
-6.4+2.8,2.8,-6.4,,0,,
-6.4+3.0,3.0,-6.4,,0,,
-6.4+3.2,3.2,-6.4,,0,,
-6.4+3.4,3.4,-6.4,,0,,
-6.4+3.6,3.6,-6.4,,0,,
-6.4+3.8,3.8,-6.4,,0,,
-6.4+4.0,4.0,-6.4,,0,,
-6.4+4.2,4.2,-6.4,,0,,
-6.4+4.4,4.4,-6.4,,0,,
-6.4+4.6,4.6,-6.4,,0,,
-6.4+4.8,4.8,-6.4,,0,,
-6.4+5.0,5.0,-6.4,,0,,
-6.4+5.2,5.2,-6.4,,0,,
-6.4+5.4,5.4,-6.4,,0,,
-6.4+5.6,5.6,-6.4,,0,,
-6.4+5.8,5.8,-6.4,,0,,
-6.4+6.0,6.0,-6.4,,0,,
-6.4+6.2,6.2,-6.4,,0,,
-6.4+6.4,6.4,-6.4,,0,,
-6.4+6.6,6.6,-6.4,,0,,
-6.4+6.8,6.8,-6.4,,0,,
-6.4+7.0,7.0,-6.4,,0,,
-6.4+7.2,7.2,-6.4,,0,,
-6.4+7.4,7.4,-6.4,,0,,
-6.4+7.6,7.6,-6.4,,0,,
-6.4+7.8,7.8,-6.4,,0,,
-6.4+8.0,8.0,-6.4,,0,,
-6.4+8.2,8.2,-6.4,,0,,
-6.4+8.4,8.4,-6.4,,0,,
-6.4+8.6,8.6,-6.4,,0,,
-6.4+8.8,8.8,-6.4,,0,,
-6.4+9.0,9.0,-6.4,,0,,
-6.4+9.2,9.2,-6.4,,0,,
-6.4+9.4,9.4,-6.4,,0,,
-6.4+9.6,9.6,-6.4,,0,,
-6.6+-0.2,-0.2,-6.6,,0,,
-6.6+-0.4,-0.4,-6.6,,0,,
-6.6+-0.6,-0.6,-6.6,,0,,
-6.6+-0.8,-0.8,-6.6,,0,,
-6.6+-1.0,-1.0,-6.6,,0,,
-6.6+-1.2,-1.2,-6.6,,0,,
-6.6+-1.4,-1.4,-6.6,,0,,
-6.6+-1.6,-1.6,-6.6,,0,,
-6.6+-1.8,-1.8,-6.6,,0,,
-6.6+-2.0,-2.0,-6.6,,0,,
-6.6+-2.2,-2.2,-6.6,,0,,
-6.6+-2.4,-2.4,-6.6,,0,,
-6.6+-2.6,-2.6,-6.6,,0,,
-6.6+-2.8,-2.8,-6.6,,0,,
-6.6+-3.0,-3.0,-6.6,,0,,
-6.6+-3.2,-3.2,-6.6,,0,,
-6.6+-3.4,-3.4,-6.6,,0,,
-6.6+-3.6,-3.6,-6.6,,0,,
-6.6+-3.8,-3.8,-6.6,,0,,
-6.6+-4.0,-4.0,-6.6,,0,,
-6.6+-4.2,-4.2,-6.6,,0,,
-6.6+-4.4,-4.4,-6.6,,0,,
-6.6+-4.6,-4.6,-6.6,,0,,
-6.6+-4.8,-4.8,-6.6,,0,,
-6.6+-5.0,-5.0,-6.6,,0,,
-6.6+-5.2,-5.2,-6.6,,0,,
-6.6+-5.4,-5.4,-6.6,,0,,
-6.6+-5.6,-5.6,-6.6,,0,,
-6.6+-5.8,-5.8,-6.6,,0,,
-6.6+-6.0,-6.0,-6.6,,0,,
-6.6+-6.2,-6.2,-6.6,,0,,
-6.6+-6.4,-6.4,-6.6,,0,,
-6.6+-6.6,-6.6,-6.6,,0,,
-6.6+-6.8,-6.8,-6.6,,0,,
-6.6+-7.0,-7.0,-6.6,,0,,
-6.6+-7.2,-7.2,-6.6,,0,,
-6.6+-7.4,-7.4,-6.6,,0,,
-6.6+-7.6,-7.6,-6.6,,0,,
-6.6+-7.8,-7.8,-6.6,,0,,
-6.6+-8.0,-8.0,-6.6,,0,,
-6.6+0.0,0.0,-6.6,,0,,
-6.6+0.2,0.2,-6.6,,0,,
-6.6+0.4,0.4,-6.6,,0,,
-6.6+0.6,0.6,-6.6,,0,,
-6.6+0.8,0.8,-6.6,,0,,
-6.6+1.0,1.0,-6.6,,0,,
-6.6+1.2,1.2,-6.6,,0,,
-6.6+1.4,1.4,-6.6,,0,,
-6.6+1.6,1.6,-6.6,,0,,
-6.6+1.8,1.8,-6.6,,0,,
-6.6+2.0,2.0,-6.6,,0,,
-6.6+2.2,2.2,-6.6,,0,,
-6.6+2.4,2.4,-6.6,,0,,
-6.6+2.6,2.6,-6.6,,0,,
-6.6+2.8,2.8,-6.6,,0,,
-6.6+3.0,3.0,-6.6,,0,,
-6.6+3.2,3.2,-6.6,,0,,
-6.6+3.4,3.4,-6.6,,0,,
-6.6+3.6,3.6,-6.6,,0,,
-6.6+3.8,3.8,-6.6,,0,,
-6.6+4.0,4.0,-6.6,,0,,
-6.6+4.2,4.2,-6.6,,0,,
-6.6+4.4,4.4,-6.6,,0,,
-6.6+4.6,4.6,-6.6,,0,,
-6.6+4.8,4.8,-6.6,,0,,
-6.6+5.0,5.0,-6.6,,0,,
-6.6+5.2,5.2,-6.6,,0,,
-6.6+5.4,5.4,-6.6,,0,,
-6.6+5.6,5.6,-6.6,,0,,
-6.6+5.8,5.8,-6.6,,0,,
-6.6+6.0,6.0,-6.6,,0,,
-6.6+6.2,6.2,-6.6,,0,,
-6.6+6.4,6.4,-6.6,,0,,
-6.6+6.6,6.6,-6.6,,0,,
-6.6+6.8,6.8,-6.6,,0,,
-6.6+7.0,7.0,-6.6,,0,,
-6.6+7.2,7.2,-6.6,,0,,
-6.6+7.4,7.4,-6.6,,0,,
-6.6+7.6,7.6,-6.6,,0,,
-6.6+7.8,7.8,-6.6,,0,,
-6.6+8.0,8.0,-6.6,,0,,
-6.6+8.2,8.2,-6.6,,0,,
-6.6+8.4,8.4,-6.6,,0,,
-6.6+8.6,8.6,-6.6,,0,,
-6.6+8.8,8.8,-6.6,,0,,
-6.6+9.0,9.0,-6.6,,0,,
-6.6+9.2,9.2,-6.6,,0,,
-6.6+9.4,9.4,-6.6,,0,,
-6.6+9.6,9.6,-6.6,,0,,
-6.8+-0.2,-0.2,-6.8,,0,,
-6.8+-0.4,-0.4,-6.8,,0,,
-6.8+-0.6,-0.6,-6.8,,0,,
-6.8+-0.8,-0.8,-6.8,,0,,
-6.8+-1.0,-1.0,-6.8,,0,,
-6.8+-1.2,-1.2,-6.8,,0,,
-6.8+-1.4,-1.4,-6.8,,0,,
-6.8+-1.6,-1.6,-6.8,,0,,
-6.8+-1.8,-1.8,-6.8,,0,,
-6.8+-2.0,-2.0,-6.8,,0,,
-6.8+-2.2,-2.2,-6.8,,0,,
-6.8+-2.4,-2.4,-6.8,,0,,
-6.8+-2.6,-2.6,-6.8,,0,,
-6.8+-2.8,-2.8,-6.8,,0,,
-6.8+-3.0,-3.0,-6.8,,0,,
-6.8+-3.2,-3.2,-6.8,,0,,
-6.8+-3.4,-3.4,-6.8,,0,,
-6.8+-3.6,-3.6,-6.8,,0,,
-6.8+-3.8,-3.8,-6.8,,0,,
-6.8+-4.0,-4.0,-6.8,,0,,
-6.8+-4.2,-4.2,-6.8,,0,,
-6.8+-4.4,-4.4,-6.8,,0,,
-6.8+-4.6,-4.6,-6.8,,0,,
-6.8+-4.8,-4.8,-6.8,,0,,
-6.8+-5.0,-5.0,-6.8,,0,,
-6.8+-5.2,-5.2,-6.8,,0,,
-6.8+-5.4,-5.4,-6.8,,0,,
-6.8+-5.6,-5.6,-6.8,,0,,
-6.8+-5.8,-5.8,-6.8,,0,,
-6.8+-6.0,-6.0,-6.8,,0,,
-6.8+-6.2,-6.2,-6.8,,0,,
-6.8+-6.4,-6.4,-6.8,,0,,
-6.8+-6.6,-6.6,-6.8,,0,,
-6.8+-6.8,-6.8,-6.8,,0,,
-6.8+-7.0,-7.0,-6.8,,0,,
-6.8+-7.2,-7.2,-6.8,,0,,
-6.8+-7.4,-7.4,-6.8,,0,,
-6.8+-7.6,-7.6,-6.8,,0,,
-6.8+-7.8,-7.8,-6.8,,0,,
-6.8+-8.0,-8.0,-6.8,,0,,
-6.8+0.0,0.0,-6.8,,0,,
-6.8+0.2,0.2,-6.8,,0,,
-6.8+0.4,0.4,-6.8,,0,,
-6.8+0.6,0.6,-6.8,,0,,
-6.8+0.8,0.8,-6.8,,0,,
-6.8+1.0,1.0,-6.8,,0,,
-6.8+1.2,1.2,-6.8,,0,,
-6.8+1.4,1.4,-6.8,,0,,
-6.8+1.6,1.6,-6.8,,0,,
-6.8+1.8,1.8,-6.8,,0,,
-6.8+2.0,2.0,-6.8,,0,,
-6.8+2.2,2.2,-6.8,,0,,
-6.8+2.4,2.4,-6.8,,0,,
-6.8+2.6,2.6,-6.8,,0,,
-6.8+2.8,2.8,-6.8,,0,,
-6.8+3.0,3.0,-6.8,,0,,
-6.8+3.2,3.2,-6.8,,0,,
-6.8+3.4,3.4,-6.8,,0,,
-6.8+3.6,3.6,-6.8,,0,,
-6.8+3.8,3.8,-6.8,,0,,
-6.8+4.0,4.0,-6.8,,0,,
-6.8+4.2,4.2,-6.8,,0,,
-6.8+4.4,4.4,-6.8,,0,,
-6.8+4.6,4.6,-6.8,,0,,
-6.8+4.8,4.8,-6.8,,0,,
-6.8+5.0,5.0,-6.8,,0,,
-6.8+5.2,5.2,-6.8,,0,,
-6.8+5.4,5.4,-6.8,,0,,
-6.8+5.6,5.6,-6.8,,0,,
-6.8+5.8,5.8,-6.8,,0,,
-6.8+6.0,6.0,-6.8,,0,,
-6.8+6.2,6.2,-6.8,,0,,
-6.8+6.4,6.4,-6.8,,0,,
-6.8+6.6,6.6,-6.8,,0,,
-6.8+6.8,6.8,-6.8,,0,,
-6.8+7.0,7.0,-6.8,,0,,
-6.8+7.2,7.2,-6.8,,0,,
-6.8+7.4,7.4,-6.8,,0,,
-6.8+7.6,7.6,-6.8,,0,,
-6.8+7.8,7.8,-6.8,,0,,
-6.8+8.0,8.0,-6.8,,0,,
-6.8+8.2,8.2,-6.8,,0,,
-6.8+8.4,8.4,-6.8,,0,,
-6.8+8.6,8.6,-6.8,,0,,
-6.8+8.8,8.8,-6.8,,0,,
-6.8+9.0,9.0,-6.8,,0,,
-6.8+9.2,9.2,-6.8,,0,,
-6.8+9.4,9.4,-6.8,,0,,
-6.8+9.6,9.6,-6.8,,0,,
-7.0+-0.2,-0.2,-7.0,,0,,
-7.0+-0.4,-0.4,-7.0,,0,,
-7.0+-0.6,-0.6,-7.0,,0,,
-7.0+-0.8,-0.8,-7.0,,0,,
-7.0+-1.0,-1.0,-7.0,,0,,
-7.0+-1.2,-1.2,-7.0,,0,,
-7.0+-1.4,-1.4,-7.0,,0,,
-7.0+-1.6,-1.6,-7.0,,0,,
-7.0+-1.8,-1.8,-7.0,,0,,
-7.0+-2.0,-2.0,-7.0,,0,,
-7.0+-2.2,-2.2,-7.0,,0,,
-7.0+-2.4,-2.4,-7.0,,0,,
-7.0+-2.6,-2.6,-7.0,,0,,
-7.0+-2.8,-2.8,-7.0,,0,,
-7.0+-3.0,-3.0,-7.0,,0,,
-7.0+-3.2,-3.2,-7.0,,0,,
-7.0+-3.4,-3.4,-7.0,,0,,
-7.0+-3.6,-3.6,-7.0,,0,,
-7.0+-3.8,-3.8,-7.0,,0,,
-7.0+-4.0,-4.0,-7.0,,0,,
-7.0+-4.2,-4.2,-7.0,,0,,
-7.0+-4.4,-4.4,-7.0,,0,,
-7.0+-4.6,-4.6,-7.0,,0,,
-7.0+-4.8,-4.8,-7.0,,0,,
-7.0+-5.0,-5.0,-7.0,,0,,
-7.0+-5.2,-5.2,-7.0,,0,,
-7.0+-5.4,-5.4,-7.0,,0,,
-7.0+-5.6,-5.6,-7.0,,0,,
-7.0+-5.8,-5.8,-7.0,,0,,
-7.0+-6.0,-6.0,-7.0,,0,,
-7.0+-6.2,-6.2,-7.0,,0,,
-7.0+-6.4,-6.4,-7.0,,0,,
-7.0+-6.6,-6.6,-7.0,,0,,
-7.0+-6.8,-6.8,-7.0,,0,,
-7.0+-7.0,-7.0,-7.0,,0,,
-7.0+-7.2,-7.2,-7.0,,0,,
-7.0+-7.4,-7.4,-7.0,,0,,
-7.0+-7.6,-7.6,-7.0,,0,,
-7.0+-7.8,-7.8,-7.0,,0,,
-7.0+-8.0,-8.0,-7.0,,0,,
-7.0+0.0,0.0,-7.0,,0,,
-7.0+0.2,0.2,-7.0,,0,,
-7.0+0.4,0.4,-7.0,,0,,
-7.0+0.6,0.6,-7.0,,0,,
-7.0+0.8,0.8,-7.0,,0,,
-7.0+1.0,1.0,-7.0,,0,,
-7.0+1.2,1.2,-7.0,,0,,
-7.0+1.4,1.4,-7.0,,0,,
-7.0+1.6,1.6,-7.0,,0,,
-7.0+1.8,1.8,-7.0,,0,,
-7.0+2.0,2.0,-7.0,,0,,
-7.0+2.2,2.2,-7.0,,0,,
-7.0+2.4,2.4,-7.0,,0,,
-7.0+2.6,2.6,-7.0,,0,,
-7.0+2.8,2.8,-7.0,,0,,
-7.0+3.0,3.0,-7.0,,0,,
-7.0+3.2,3.2,-7.0,,0,,
-7.0+3.4,3.4,-7.0,,0,,
-7.0+3.6,3.6,-7.0,,0,,
-7.0+3.8,3.8,-7.0,,0,,
-7.0+4.0,4.0,-7.0,,0,,
-7.0+4.2,4.2,-7.0,,0,,
-7.0+4.4,4.4,-7.0,,0,,
-7.0+4.6,4.6,-7.0,,0,,
-7.0+4.8,4.8,-7.0,,0,,
-7.0+5.0,5.0,-7.0,,0,,
-7.0+5.2,5.2,-7.0,,0,,
-7.0+5.4,5.4,-7.0,,0,,
-7.0+5.6,5.6,-7.0,,0,,
-7.0+5.8,5.8,-7.0,,0,,
-7.0+6.0,6.0,-7.0,,0,,
-7.0+6.2,6.2,-7.0,,0,,
-7.0+6.4,6.4,-7.0,,0,,
-7.0+6.6,6.6,-7.0,,0,,
-7.0+6.8,6.8,-7.0,,0,,
-7.0+7.0,7.0,-7.0,,0,,
-7.0+7.2,7.2,-7.0,,0,,
-7.0+7.4,7.4,-7.0,,0,,
-7.0+7.6,7.6,-7.0,,0,,
-7.0+7.8,7.8,-7.0,,0,,
-7.0+8.0,8.0,-7.0,,0,,
-7.0+8.2,8.2,-7.0,,0,,
-7.0+8.4,8.4,-7.0,,0,,
-7.0+8.6,8.6,-7.0,,0,,
-7.0+8.8,8.8,-7.0,,0,,
-7.0+9.0,9.0,-7.0,,0,,
-7.0+9.2,9.2,-7.0,,0,,
-7.0+9.4,9.4,-7.0,,0,,
-7.0+9.6,9.6,-7.0,,0,,
-7.2+-0.2,-0.2,-7.2,,0,,
-7.2+-0.4,-0.4,-7.2,,0,,
-7.2+-0.6,-0.6,-7.2,,0,,
-7.2+-0.8,-0.8,-7.2,,0,,
-7.2+-1.0,-1.0,-7.2,,0,,
-7.2+-1.2,-1.2,-7.2,,0,,
-7.2+-1.4,-1.4,-7.2,,0,,
-7.2+-1.6,-1.6,-7.2,,0,,
-7.2+-1.8,-1.8,-7.2,,0,,
-7.2+-2.0,-2.0,-7.2,,0,,
-7.2+-2.2,-2.2,-7.2,,0,,
-7.2+-2.4,-2.4,-7.2,,0,,
-7.2+-2.6,-2.6,-7.2,,0,,
-7.2+-2.8,-2.8,-7.2,,0,,
-7.2+-3.0,-3.0,-7.2,,0,,
-7.2+-3.2,-3.2,-7.2,,0,,
-7.2+-3.4,-3.4,-7.2,,0,,
-7.2+-3.6,-3.6,-7.2,,0,,
-7.2+-3.8,-3.8,-7.2,,0,,
-7.2+-4.0,-4.0,-7.2,,0,,
-7.2+-4.2,-4.2,-7.2,,0,,
-7.2+-4.4,-4.4,-7.2,,0,,
-7.2+-4.6,-4.6,-7.2,,0,,
-7.2+-4.8,-4.8,-7.2,,0,,
-7.2+-5.0,-5.0,-7.2,,0,,
-7.2+-5.2,-5.2,-7.2,,0,,
-7.2+-5.4,-5.4,-7.2,,0,,
-7.2+-5.6,-5.6,-7.2,,0,,
-7.2+-5.8,-5.8,-7.2,,0,,
-7.2+-6.0,-6.0,-7.2,,0,,
-7.2+-6.2,-6.2,-7.2,,0,,
-7.2+-6.4,-6.4,-7.2,,0,,
-7.2+-6.6,-6.6,-7.2,,0,,
-7.2+-6.8,-6.8,-7.2,,0,,
-7.2+-7.0,-7.0,-7.2,,0,,
-7.2+-7.2,-7.2,-7.2,,0,,
-7.2+-7.4,-7.4,-7.2,,0,,
-7.2+-7.6,-7.6,-7.2,,0,,
-7.2+-7.8,-7.8,-7.2,,0,,
-7.2+-8.0,-8.0,-7.2,,0,,
-7.2+0.0,0.0,-7.2,,0,,
-7.2+0.2,0.2,-7.2,,0,,
-7.2+0.4,0.4,-7.2,,0,,
-7.2+0.6,0.6,-7.2,,0,,
-7.2+0.8,0.8,-7.2,,0,,
-7.2+1.0,1.0,-7.2,,0,,
-7.2+1.2,1.2,-7.2,,0,,
-7.2+1.4,1.4,-7.2,,0,,
-7.2+1.6,1.6,-7.2,,0,,
-7.2+1.8,1.8,-7.2,,0,,
-7.2+2.0,2.0,-7.2,,0,,
-7.2+2.2,2.2,-7.2,,0,,
-7.2+2.4,2.4,-7.2,,0,,
-7.2+2.6,2.6,-7.2,,0,,
-7.2+2.8,2.8,-7.2,,0,,
-7.2+3.0,3.0,-7.2,,0,,
-7.2+3.2,3.2,-7.2,,0,,
-7.2+3.4,3.4,-7.2,,0,,
-7.2+3.6,3.6,-7.2,,0,,
-7.2+3.8,3.8,-7.2,,0,,
-7.2+4.0,4.0,-7.2,,0,,
-7.2+4.2,4.2,-7.2,,0,,
-7.2+4.4,4.4,-7.2,,0,,
-7.2+4.6,4.6,-7.2,,0,,
-7.2+4.8,4.8,-7.2,,0,,
-7.2+5.0,5.0,-7.2,,0,,
-7.2+5.2,5.2,-7.2,,0,,
-7.2+5.4,5.4,-7.2,,0,,
-7.2+5.6,5.6,-7.2,,0,,
-7.2+5.8,5.8,-7.2,,0,,
-7.2+6.0,6.0,-7.2,,0,,
-7.2+6.2,6.2,-7.2,,0,,
-7.2+6.4,6.4,-7.2,,0,,
-7.2+6.6,6.6,-7.2,,0,,
-7.2+6.8,6.8,-7.2,,0,,
-7.2+7.0,7.0,-7.2,,0,,
-7.2+7.2,7.2,-7.2,,0,,
-7.2+7.4,7.4,-7.2,,0,,
-7.2+7.6,7.6,-7.2,,0,,
-7.2+7.8,7.8,-7.2,,0,,
-7.2+8.0,8.0,-7.2,,0,,
-7.2+8.2,8.2,-7.2,,0,,
-7.2+8.4,8.4,-7.2,,0,,
-7.2+8.6,8.6,-7.2,,0,,
-7.2+8.8,8.8,-7.2,,0,,
-7.2+9.0,9.0,-7.2,,0,,
-7.2+9.2,9.2,-7.2,,0,,
-7.2+9.4,9.4,-7.2,,0,,
-7.2+9.6,9.6,-7.2,,0,,
-7.4+-0.2,-0.2,-7.4,,0,,
-7.4+-0.4,-0.4,-7.4,,0,,
-7.4+-0.6,-0.6,-7.4,,0,,
-7.4+-0.8,-0.8,-7.4,,0,,
-7.4+-1.0,-1.0,-7.4,,0,,
-7.4+-1.2,-1.2,-7.4,,0,,
-7.4+-1.4,-1.4,-7.4,,0,,
-7.4+-1.6,-1.6,-7.4,,0,,
-7.4+-1.8,-1.8,-7.4,,0,,
-7.4+-2.0,-2.0,-7.4,,0,,
-7.4+-2.2,-2.2,-7.4,,0,,
-7.4+-2.4,-2.4,-7.4,,0,,
-7.4+-2.6,-2.6,-7.4,,0,,
-7.4+-2.8,-2.8,-7.4,,0,,
-7.4+-3.0,-3.0,-7.4,,0,,
-7.4+-3.2,-3.2,-7.4,,0,,
-7.4+-3.4,-3.4,-7.4,,0,,
-7.4+-3.6,-3.6,-7.4,,0,,
-7.4+-3.8,-3.8,-7.4,,0,,
-7.4+-4.0,-4.0,-7.4,,0,,
-7.4+-4.2,-4.2,-7.4,,0,,
-7.4+-4.4,-4.4,-7.4,,0,,
-7.4+-4.6,-4.6,-7.4,,0,,
-7.4+-4.8,-4.8,-7.4,,0,,
-7.4+-5.0,-5.0,-7.4,,0,,
-7.4+-5.2,-5.2,-7.4,,0,,
-7.4+-5.4,-5.4,-7.4,,0,,
-7.4+-5.6,-5.6,-7.4,,0,,
-7.4+-5.8,-5.8,-7.4,,0,,
-7.4+-6.0,-6.0,-7.4,,0,,
-7.4+-6.2,-6.2,-7.4,,0,,
-7.4+-6.4,-6.4,-7.4,,0,,
-7.4+-6.6,-6.6,-7.4,,0,,
-7.4+-6.8,-6.8,-7.4,,0,,
-7.4+-7.0,-7.0,-7.4,,0,,
-7.4+-7.2,-7.2,-7.4,,0,,
-7.4+-7.4,-7.4,-7.4,,0,,
-7.4+-7.6,-7.6,-7.4,,0,,
-7.4+-7.8,-7.8,-7.4,,0,,
-7.4+-8.0,-8.0,-7.4,,0,,
-7.4+0.0,0.0,-7.4,,0,,
-7.4+0.2,0.2,-7.4,,0,,
-7.4+0.4,0.4,-7.4,,0,,
-7.4+0.6,0.6,-7.4,,0,,
-7.4+0.8,0.8,-7.4,,0,,
-7.4+1.0,1.0,-7.4,,0,,
-7.4+1.2,1.2,-7.4,,0,,
-7.4+1.4,1.4,-7.4,,0,,
-7.4+1.6,1.6,-7.4,,0,,
-7.4+1.8,1.8,-7.4,,0,,
-7.4+2.0,2.0,-7.4,,0,,
-7.4+2.2,2.2,-7.4,,0,,
-7.4+2.4,2.4,-7.4,,0,,
-7.4+2.6,2.6,-7.4,,0,,
-7.4+2.8,2.8,-7.4,,0,,
-7.4+3.0,3.0,-7.4,,0,,
-7.4+3.2,3.2,-7.4,,0,,
-7.4+3.4,3.4,-7.4,,0,,
-7.4+3.6,3.6,-7.4,,0,,
-7.4+3.8,3.8,-7.4,,0,,
-7.4+4.0,4.0,-7.4,,0,,
-7.4+4.2,4.2,-7.4,,0,,
-7.4+4.4,4.4,-7.4,,0,,
-7.4+4.6,4.6,-7.4,,0,,
-7.4+4.8,4.8,-7.4,,0,,
-7.4+5.0,5.0,-7.4,,0,,
-7.4+5.2,5.2,-7.4,,0,,
-7.4+5.4,5.4,-7.4,,0,,
-7.4+5.6,5.6,-7.4,,0,,
-7.4+5.8,5.8,-7.4,,0,,
-7.4+6.0,6.0,-7.4,,0,,
-7.4+6.2,6.2,-7.4,,0,,
-7.4+6.4,6.4,-7.4,,0,,
-7.4+6.6,6.6,-7.4,,0,,
-7.4+6.8,6.8,-7.4,,0,,
-7.4+7.0,7.0,-7.4,,0,,
-7.4+7.2,7.2,-7.4,,0,,
-7.4+7.4,7.4,-7.4,,0,,
-7.4+7.6,7.6,-7.4,,0,,
-7.4+7.8,7.8,-7.4,,0,,
-7.4+8.0,8.0,-7.4,,0,,
-7.4+8.2,8.2,-7.4,,0,,
-7.4+8.4,8.4,-7.4,,0,,
-7.4+8.6,8.6,-7.4,,0,,
-7.4+8.8,8.8,-7.4,,0,,
-7.4+9.0,9.0,-7.4,,0,,
-7.4+9.2,9.2,-7.4,,0,,
-7.4+9.4,9.4,-7.4,,0,,
-7.4+9.6,9.6,-7.4,,0,,
-7.6+-0.2,-0.2,-7.6,,0,,
-7.6+-0.4,-0.4,-7.6,,0,,
-7.6+-0.6,-0.6,-7.6,,0,,
-7.6+-0.8,-0.8,-7.6,,0,,
-7.6+-1.0,-1.0,-7.6,,0,,
-7.6+-1.2,-1.2,-7.6,,0,,
-7.6+-1.4,-1.4,-7.6,,0,,
-7.6+-1.6,-1.6,-7.6,,0,,
-7.6+-1.8,-1.8,-7.6,,0,,
-7.6+-2.0,-2.0,-7.6,,0,,
-7.6+-2.2,-2.2,-7.6,,0,,
-7.6+-2.4,-2.4,-7.6,,0,,
-7.6+-2.6,-2.6,-7.6,,0,,
-7.6+-2.8,-2.8,-7.6,,0,,
-7.6+-3.0,-3.0,-7.6,,0,,
-7.6+-3.2,-3.2,-7.6,,0,,
-7.6+-3.4,-3.4,-7.6,,0,,
-7.6+-3.6,-3.6,-7.6,,0,,
-7.6+-3.8,-3.8,-7.6,,0,,
-7.6+-4.0,-4.0,-7.6,,0,,
-7.6+-4.2,-4.2,-7.6,,0,,
-7.6+-4.4,-4.4,-7.6,,0,,
-7.6+-4.6,-4.6,-7.6,,0,,
-7.6+-4.8,-4.8,-7.6,,0,,
-7.6+-5.0,-5.0,-7.6,,0,,
-7.6+-5.2,-5.2,-7.6,,0,,
-7.6+-5.4,-5.4,-7.6,,0,,
-7.6+-5.6,-5.6,-7.6,,0,,
-7.6+-5.8,-5.8,-7.6,,0,,
-7.6+-6.0,-6.0,-7.6,,0,,
-7.6+-6.2,-6.2,-7.6,,0,,
-7.6+-6.4,-6.4,-7.6,,0,,
-7.6+-6.6,-6.6,-7.6,,0,,
-7.6+-6.8,-6.8,-7.6,,0,,
-7.6+-7.0,-7.0,-7.6,,0,,
-7.6+-7.2,-7.2,-7.6,,0,,
-7.6+-7.4,-7.4,-7.6,,0,,
-7.6+-7.6,-7.6,-7.6,,0,,
-7.6+-7.8,-7.8,-7.6,,0,,
-7.6+-8.0,-8.0,-7.6,,0,,
-7.6+0.0,0.0,-7.6,,0,,
-7.6+0.2,0.2,-7.6,,0,,
-7.6+0.4,0.4,-7.6,,0,,
-7.6+0.6,0.6,-7.6,,0,,
-7.6+0.8,0.8,-7.6,,0,,
-7.6+1.0,1.0,-7.6,,0,,
-7.6+1.2,1.2,-7.6,,0,,
-7.6+1.4,1.4,-7.6,,0,,
-7.6+1.6,1.6,-7.6,,0,,
-7.6+1.8,1.8,-7.6,,0,,
-7.6+2.0,2.0,-7.6,,0,,
-7.6+2.2,2.2,-7.6,,0,,
-7.6+2.4,2.4,-7.6,,0,,
-7.6+2.6,2.6,-7.6,,0,,
-7.6+2.8,2.8,-7.6,,0,,
-7.6+3.0,3.0,-7.6,,0,,
-7.6+3.2,3.2,-7.6,,0,,
-7.6+3.4,3.4,-7.6,,0,,
-7.6+3.6,3.6,-7.6,,0,,
-7.6+3.8,3.8,-7.6,,0,,
-7.6+4.0,4.0,-7.6,,0,,
-7.6+4.2,4.2,-7.6,,0,,
-7.6+4.4,4.4,-7.6,,0,,
-7.6+4.6,4.6,-7.6,,0,,
-7.6+4.8,4.8,-7.6,,0,,
-7.6+5.0,5.0,-7.6,,0,,
-7.6+5.2,5.2,-7.6,,0,,
-7.6+5.4,5.4,-7.6,,0,,
-7.6+5.6,5.6,-7.6,,0,,
-7.6+5.8,5.8,-7.6,,0,,
-7.6+6.0,6.0,-7.6,,0,,
-7.6+6.2,6.2,-7.6,,0,,
-7.6+6.4,6.4,-7.6,,0,,
-7.6+6.6,6.6,-7.6,,0,,
-7.6+6.8,6.8,-7.6,,0,,
-7.6+7.0,7.0,-7.6,,0,,
-7.6+7.2,7.2,-7.6,,0,,
-7.6+7.4,7.4,-7.6,,0,,
-7.6+7.6,7.6,-7.6,,0,,
-7.6+7.8,7.8,-7.6,,0,,
-7.6+8.0,8.0,-7.6,,0,,
-7.6+8.2,8.2,-7.6,,0,,
-7.6+8.4,8.4,-7.6,,0,,
-7.6+8.6,8.6,-7.6,,0,,
-7.6+8.8,8.8,-7.6,,0,,
-7.6+9.0,9.0,-7.6,,0,,
-7.6+9.2,9.2,-7.6,,0,,
-7.6+9.4,9.4,-7.6,,0,,
-7.6+9.6,9.6,-7.6,,0,,
-7.8+-0.2,-0.2,-7.8,,0,,
-7.8+-0.4,-0.4,-7.8,,0,,
-7.8+-0.6,-0.6,-7.8,,0,,
-7.8+-0.8,-0.8,-7.8,,0,,
-7.8+-1.0,-1.0,-7.8,,0,,
-7.8+-1.2,-1.2,-7.8,,0,,
-7.8+-1.4,-1.4,-7.8,,0,,
-7.8+-1.6,-1.6,-7.8,,0,,
-7.8+-1.8,-1.8,-7.8,,0,,
-7.8+-2.0,-2.0,-7.8,,0,,
-7.8+-2.2,-2.2,-7.8,,0,,
-7.8+-2.4,-2.4,-7.8,,0,,
-7.8+-2.6,-2.6,-7.8,,0,,
-7.8+-2.8,-2.8,-7.8,,0,,
-7.8+-3.0,-3.0,-7.8,,0,,
-7.8+-3.2,-3.2,-7.8,,0,,
-7.8+-3.4,-3.4,-7.8,,0,,
-7.8+-3.6,-3.6,-7.8,,0,,
-7.8+-3.8,-3.8,-7.8,,0,,
-7.8+-4.0,-4.0,-7.8,,0,,
-7.8+-4.2,-4.2,-7.8,,0,,
-7.8+-4.4,-4.4,-7.8,,0,,
-7.8+-4.6,-4.6,-7.8,,0,,
-7.8+-4.8,-4.8,-7.8,,0,,
-7.8+-5.0,-5.0,-7.8,,0,,
-7.8+-5.2,-5.2,-7.8,,0,,
-7.8+-5.4,-5.4,-7.8,,0,,
-7.8+-5.6,-5.6,-7.8,,0,,
-7.8+-5.8,-5.8,-7.8,,0,,
-7.8+-6.0,-6.0,-7.8,,0,,
-7.8+-6.2,-6.2,-7.8,,0,,
-7.8+-6.4,-6.4,-7.8,,0,,
-7.8+-6.6,-6.6,-7.8,,0,,
-7.8+-6.8,-6.8,-7.8,,0,,
-7.8+-7.0,-7.0,-7.8,,0,,
-7.8+-7.2,-7.2,-7.8,,0,,
-7.8+-7.4,-7.4,-7.8,,0,,
-7.8+-7.6,-7.6,-7.8,,0,,
-7.8+-7.8,-7.8,-7.8,,0,,
-7.8+-8.0,-8.0,-7.8,,0,,
-7.8+0.0,0.0,-7.8,,0,,
-7.8+0.2,0.2,-7.8,,0,,
-7.8+0.4,0.4,-7.8,,0,,
-7.8+0.6,0.6,-7.8,,0,,
-7.8+0.8,0.8,-7.8,,0,,
-7.8+1.0,1.0,-7.8,,0,,
-7.8+1.2,1.2,-7.8,,0,,
-7.8+1.4,1.4,-7.8,,0,,
-7.8+1.6,1.6,-7.8,,0,,
-7.8+1.8,1.8,-7.8,,0,,
-7.8+2.0,2.0,-7.8,,0,,
-7.8+2.2,2.2,-7.8,,0,,
-7.8+2.4,2.4,-7.8,,0,,
-7.8+2.6,2.6,-7.8,,0,,
-7.8+2.8,2.8,-7.8,,0,,
-7.8+3.0,3.0,-7.8,,0,,
-7.8+3.2,3.2,-7.8,,0,,
-7.8+3.4,3.4,-7.8,,0,,
-7.8+3.6,3.6,-7.8,,0,,
-7.8+3.8,3.8,-7.8,,0,,
-7.8+4.0,4.0,-7.8,,0,,
-7.8+4.2,4.2,-7.8,,0,,
-7.8+4.4,4.4,-7.8,,0,,
-7.8+4.6,4.6,-7.8,,0,,
-7.8+4.8,4.8,-7.8,,0,,
-7.8+5.0,5.0,-7.8,,0,,
-7.8+5.2,5.2,-7.8,,0,,
-7.8+5.4,5.4,-7.8,,0,,
-7.8+5.6,5.6,-7.8,,0,,
-7.8+5.8,5.8,-7.8,,0,,
-7.8+6.0,6.0,-7.8,,0,,
-7.8+6.2,6.2,-7.8,,0,,
-7.8+6.4,6.4,-7.8,,0,,
-7.8+6.6,6.6,-7.8,,0,,
-7.8+6.8,6.8,-7.8,,0,,
-7.8+7.0,7.0,-7.8,,0,,
-7.8+7.2,7.2,-7.8,,0,,
-7.8+7.4,7.4,-7.8,,0,,
-7.8+7.6,7.6,-7.8,,0,,
-7.8+7.8,7.8,-7.8,,0,,
-7.8+8.0,8.0,-7.8,,0,,
-7.8+8.2,8.2,-7.8,,0,,
-7.8+8.4,8.4,-7.8,,0,,
-7.8+8.6,8.6,-7.8,,0,,
-7.8+8.8,8.8,-7.8,,0,,
-7.8+9.0,9.0,-7.8,,0,,
-7.8+9.2,9.2,-7.8,,0,,
-7.8+9.4,9.4,-7.8,,0,,
-7.8+9.6,9.6,-7.8,,0,,
-8.0+-0.2,-0.2,-8.0,,0,,
-8.0+-0.4,-0.4,-8.0,,0,,
-8.0+-0.6,-0.6,-8.0,,0,,
-8.0+-0.8,-0.8,-8.0,,0,,
-8.0+-1.0,-1.0,-8.0,,0,,
-8.0+-1.2,-1.2,-8.0,,0,,
-8.0+-1.4,-1.4,-8.0,,0,,
-8.0+-1.6,-1.6,-8.0,,0,,
-8.0+-1.8,-1.8,-8.0,,0,,
-8.0+-2.0,-2.0,-8.0,,0,,
-8.0+-2.2,-2.2,-8.0,,0,,
-8.0+-2.4,-2.4,-8.0,,0,,
-8.0+-2.6,-2.6,-8.0,,0,,
-8.0+-2.8,-2.8,-8.0,,0,,
-8.0+-3.0,-3.0,-8.0,,0,,
-8.0+-3.2,-3.2,-8.0,,0,,
-8.0+-3.4,-3.4,-8.0,,0,,
-8.0+-3.6,-3.6,-8.0,,0,,
-8.0+-3.8,-3.8,-8.0,,0,,
-8.0+-4.0,-4.0,-8.0,,0,,
-8.0+-4.2,-4.2,-8.0,,0,,
-8.0+-4.4,-4.4,-8.0,,0,,
-8.0+-4.6,-4.6,-8.0,,0,,
-8.0+-4.8,-4.8,-8.0,,0,,
-8.0+-5.0,-5.0,-8.0,,0,,
-8.0+-5.2,-5.2,-8.0,,0,,
-8.0+-5.4,-5.4,-8.0,,0,,
-8.0+-5.6,-5.6,-8.0,,0,,
-8.0+-5.8,-5.8,-8.0,,0,,
-8.0+-6.0,-6.0,-8.0,,0,,
-8.0+-6.2,-6.2,-8.0,,0,,
-8.0+-6.4,-6.4,-8.0,,0,,
-8.0+-6.6,-6.6,-8.0,,0,,
-8.0+-6.8,-6.8,-8.0,,0,,
-8.0+-7.0,-7.0,-8.0,,0,,
-8.0+-7.2,-7.2,-8.0,,0,,
-8.0+-7.4,-7.4,-8.0,,0,,
-8.0+-7.6,-7.6,-8.0,,0,,
-8.0+-7.8,-7.8,-8.0,,0,,
-8.0+-8.0,-8.0,-8.0,,0,,
-8.0+0.0,0.0,-8.0,,0,,
-8.0+0.2,0.2,-8.0,,0,,
-8.0+0.4,0.4,-8.0,,0,,
-8.0+0.6,0.6,-8.0,,0,,
-8.0+0.8,0.8,-8.0,,0,,
-8.0+1.0,1.0,-8.0,,0,,
-8.0+1.2,1.2,-8.0,,0,,
-8.0+1.4,1.4,-8.0,,0,,
-8.0+1.6,1.6,-8.0,,0,,
-8.0+1.8,1.8,-8.0,,0,,
-8.0+2.0,2.0,-8.0,,0,,
-8.0+2.2,2.2,-8.0,,0,,
-8.0+2.4,2.4,-8.0,,0,,
-8.0+2.6,2.6,-8.0,,0,,
-8.0+2.8,2.8,-8.0,,0,,
-8.0+3.0,3.0,-8.0,,0,,
-8.0+3.2,3.2,-8.0,,0,,
-8.0+3.4,3.4,-8.0,,0,,
-8.0+3.6,3.6,-8.0,,0,,
-8.0+3.8,3.8,-8.0,,0,,
-8.0+4.0,4.0,-8.0,,0,,
-8.0+4.2,4.2,-8.0,,0,,
-8.0+4.4,4.4,-8.0,,0,,
-8.0+4.6,4.6,-8.0,,0,,
-8.0+4.8,4.8,-8.0,,0,,
-8.0+5.0,5.0,-8.0,,0,,
-8.0+5.2,5.2,-8.0,,0,,
-8.0+5.4,5.4,-8.0,,0,,
-8.0+5.6,5.6,-8.0,,0,,
-8.0+5.8,5.8,-8.0,,0,,
-8.0+6.0,6.0,-8.0,,0,,
-8.0+6.2,6.2,-8.0,,0,,
-8.0+6.4,6.4,-8.0,,0,,
-8.0+6.6,6.6,-8.0,,0,,
-8.0+6.8,6.8,-8.0,,0,,
-8.0+7.0,7.0,-8.0,,0,,
-8.0+7.2,7.2,-8.0,,0,,
-8.0+7.4,7.4,-8.0,,0,,
-8.0+7.6,7.6,-8.0,,0,,
-8.0+7.8,7.8,-8.0,,0,,
-8.0+8.0,8.0,-8.0,,0,,
-8.0+8.2,8.2,-8.0,,0,,
-8.0+8.4,8.4,-8.0,,0,,
-8.0+8.6,8.6,-8.0,,0,,
-8.0+8.8,8.8,-8.0,,0,,
-8.0+9.0,9.0,-8.0,,0,,
-8.0+9.2,9.2,-8.0,,0,,
-8.0+9.4,9.4,-8.0,,0,,
-8.0+9.6,9.6,-8.0,,0,,
0.0+-0.2,-0.2,0.0,-0.120428234,119,-0.16752541810274124,-0.07011480256915092
0.0+-0.4,-0.4,0.0,-0.17583916,118,-0.22921105101704597,-0.11879886500537395
0.0+-0.6,-0.6,0.0,-0.2201671,118,-0.27023642510175705,-0.12936484813690186
0.0+-0.8,-0.8,0.0,-0.23958856,118,-0.31360533088445663,-0.15038753673434258
0.0+-1.0,-1.0,0.0,-0.18497735,116,-0.31416403502225876,-0.07549993321299553
0.0+-1.2,-1.2,0.0,-0.1599501,111,-0.3340705782175064,-0.019942807033658028
0.0+-1.4,-1.4,0.0,-0.22019747,90,-0.33269913494586945,0.03169750841334462
0.0+-1.6,-1.6,0.0,-0.13091297,51,-0.32936206459999084,0.06001017615199089
0.0+-1.8,-1.8,0.0,0.02657762,20,-0.22009800001978874,0.10913562402129173
0.0+-2.0,-2.0,0.0,0.05662859,4,-0.45629893569275737,0.09641912207007408
0.0+-2.2,-2.2,0.0,,0,,
0.0+-2.4,-2.4,0.0,,0,,
0.0+-2.6,-2.6,0.0,,0,,
0.0+-2.8,-2.8,0.0,,0,,
0.0+-3.0,-3.0,0.0,,0,,
0.0+-3.2,-3.2,0.0,,0,,
0.0+-3.4,-3.4,0.0,,0,,
0.0+-3.6,-3.6,0.0,,0,,
0.0+-3.8,-3.8,0.0,,0,,
0.0+-4.0,-4.0,0.0,,0,,
0.0+-4.2,-4.2,0.0,,0,,
0.0+-4.4,-4.4,0.0,,0,,
0.0+-4.6,-4.6,0.0,,0,,
0.0+-4.8,-4.8,0.0,,0,,
0.0+-5.0,-5.0,0.0,,0,,
0.0+-5.2,-5.2,0.0,,0,,
0.0+-5.4,-5.4,0.0,,0,,
0.0+-5.6,-5.6,0.0,,0,,
0.0+-5.8,-5.8,0.0,,0,,
0.0+-6.0,-6.0,0.0,,0,,
0.0+-6.2,-6.2,0.0,,0,,
0.0+-6.4,-6.4,0.0,,0,,
0.0+-6.6,-6.6,0.0,,0,,
0.0+-6.8,-6.8,0.0,,0,,
0.0+-7.0,-7.0,0.0,,0,,
0.0+-7.2,-7.2,0.0,,0,,
0.0+-7.4,-7.4,0.0,,0,,
0.0+-7.6,-7.6,0.0,,0,,
0.0+-7.8,-7.8,0.0,,0,,
0.0+-8.0,-8.0,0.0,,0,,
0.0+0.0,0.0,0.0,-0.04759283,119,-0.11744271591305733,0.008345859358087182
0.0+0.2,0.2,0.0,0.023304343,119,-0.0313442125916481,0.08612237125635147
0.0+0.4,0.4,0.0,0.08219837,117,0.034181468188762665,0.16215072572231293
0.0+0.6,0.6,0.0,0.17659459,110,0.11161014810204506,0.2445949874818325
0.0+0.8,0.8,0.0,0.25644988,100,0.1786644607782364,0.38359536975622177
0.0+1.0,1.0,0.0,0.3274806,84,0.17827370017766953,0.44371121376752853
0.0+1.2,1.2,0.0,0.34807974,70,0.19132647290825844,0.5108700096607208
0.0+1.4,1.4,0.0,0.39506084,41,0.1906438022851944,0.5101196765899658
0.0+1.6,1.6,0.0,0.49458164,27,0.35841888189315796,0.6000495553016663
0.0+1.8,1.8,0.0,0.4097096,19,0.2483525574207306,0.5565067529678345
0.0+2.0,2.0,0.0,0.43124694,14,0.15740514546632767,0.561004027724266
0.0+2.2,2.2,0.0,0.42545444,6,0.32365749031305313,0.6270621716976166
0.0+2.4,2.4,0.0,0.4291906,3,0.038370147347450256,0.556340679526329
0.0+2.6,2.6,0.0,-0.19708303,1,-0.1970830261707306,-0.1970830261707306
0.0+2.8,2.8,0.0,,0,,
0.0+3.0,3.0,0.0,-0.4687811,1,-0.46878111362457275,-0.46878111362457275
0.0+3.2,3.2,0.0,-0.23739216,1,-0.23739215731620789,-0.23739215731620789
0.0+3.4,3.4,0.0,-0.39353794,1,-0.3935379385948181,-0.3935379385948181
0.0+3.6,3.6,0.0,,0,,
0.0+3.8,3.8,0.0,,0,,
0.0+4.0,4.0,0.0,,0,,
0.0+4.2,4.2,0.0,,0,,
0.0+4.4,4.4,0.0,,0,,
0.0+4.6,4.6,0.0,,0,,
0.0+4.8,4.8,0.0,,0,,
0.0+5.0,5.0,0.0,,0,,
0.0+5.2,5.2,0.0,,0,,
0.0+5.4,5.4,0.0,,0,,
0.0+5.6,5.6,0.0,,0,,
0.0+5.8,5.8,0.0,,0,,
0.0+6.0,6.0,0.0,,0,,
0.0+6.2,6.2,0.0,,0,,
0.0+6.4,6.4,0.0,,0,,
0.0+6.6,6.6,0.0,,0,,
0.0+6.8,6.8,0.0,,0,,
0.0+7.0,7.0,0.0,,0,,
0.0+7.2,7.2,0.0,,0,,
0.0+7.4,7.4,0.0,,0,,
0.0+7.6,7.6,0.0,,0,,
0.0+7.8,7.8,0.0,,0,,
0.0+8.0,8.0,0.0,,0,,
0.0+8.2,8.2,0.0,,0,,
0.0+8.4,8.4,0.0,,0,,
0.0+8.6,8.6,0.0,,0,,
0.0+8.8,8.8,0.0,,0,,
0.0+9.0,9.0,0.0,,0,,
0.0+9.2,9.2,0.0,,0,,
0.0+9.4,9.4,0.0,,0,,
0.0+9.6,9.6,0.0,,0,,
0.2+-0.2,-0.2,0.2,-0.12197376,119,-0.16628559678792953,-0.05931404232978821
0.2+-0.4,-0.4,0.2,-0.18205136,118,-0.21960782632231712,-0.11475339718163013
0.2+-0.6,-0.6,0.2,-0.20694898,119,-0.26656079292297363,-0.13325517624616623
0.2+-0.8,-0.8,0.2,-0.22623159,116,-0.30740296095609665,-0.13748450577259064
0.2+-1.0,-1.0,0.2,-0.195791,111,-0.33408841490745544,-0.05938947759568691
0.2+-1.2,-1.2,0.2,-0.1841147,106,-0.31490253657102585,-0.03148077707737684
0.2+-1.4,-1.4,0.2,-0.17963946,81,-0.32716476917266846,-0.037263717502355576
0.2+-1.6,-1.6,0.2,-0.1505412,43,-0.3161483258008957,0.0327798742800951
0.2+-1.8,-1.8,0.2,-0.019426893,12,-0.25298425555229187,0.06821391638368368
0.2+-2.0,-2.0,0.2,0.19390903,1,0.19390903413295746,0.19390903413295746
0.2+-2.2,-2.2,0.2,,0,,
0.2+-2.4,-2.4,0.2,,0,,
0.2+-2.6,-2.6,0.2,,0,,
0.2+-2.8,-2.8,0.2,,0,,
0.2+-3.0,-3.0,0.2,,0,,
0.2+-3.2,-3.2,0.2,,0,,
0.2+-3.4,-3.4,0.2,,0,,
0.2+-3.6,-3.6,0.2,,0,,
0.2+-3.8,-3.8,0.2,,0,,
0.2+-4.0,-4.0,0.2,,0,,
0.2+-4.2,-4.2,0.2,,0,,
0.2+-4.4,-4.4,0.2,,0,,
0.2+-4.6,-4.6,0.2,,0,,
0.2+-4.8,-4.8,0.2,,0,,
0.2+-5.0,-5.0,0.2,,0,,
0.2+-5.2,-5.2,0.2,,0,,
0.2+-5.4,-5.4,0.2,,0,,
0.2+-5.6,-5.6,0.2,,0,,
0.2+-5.8,-5.8,0.2,,0,,
0.2+-6.0,-6.0,0.2,,0,,
0.2+-6.2,-6.2,0.2,,0,,
0.2+-6.4,-6.4,0.2,,0,,
0.2+-6.6,-6.6,0.2,,0,,
0.2+-6.8,-6.8,0.2,,0,,
0.2+-7.0,-7.0,0.2,,0,,
0.2+-7.2,-7.2,0.2,,0,,
0.2+-7.4,-7.4,0.2,,0,,
0.2+-7.6,-7.6,0.2,,0,,
0.2+-7.8,-7.8,0.2,,0,,
0.2+-8.0,-8.0,0.2,,0,,
0.2+0.0,0.0,0.2,-0.06266639,119,-0.11773170903325081,-0.020818550139665604
0.2+0.2,0.2,0.2,0.002818314,119,-0.04001876711845398,0.07453230023384094
0.2+0.4,0.4,0.2,0.08081315,119,0.016170011833310127,0.15176288038492203
0.2+0.6,0.6,0.2,0.15435496,117,0.09109959006309509,0.22961202263832092
0.2+0.8,0.8,0.2,0.2295882,113,0.1464577317237854,0.3059033155441284
0.2+1.0,1.0,0.2,0.29626656,104,0.21623495221138,0.4247562661767006
0.2+1.2,1.2,0.2,0.3673886,86,0.21765711531043053,0.5276544094085693
0.2+1.4,1.4,0.2,0.39733547,68,0.24714672192931175,0.5975474566221237
0.2+1.6,1.6,0.2,0.49099338,44,0.26657645404338837,0.6542650312185287
0.2+1.8,1.8,0.2,0.4947833,27,0.27136945724487305,0.6790278851985931
0.2+2.0,2.0,0.2,0.5015854,21,0.3482204079627991,0.7349223494529724
0.2+2.2,2.2,0.2,0.41289732,13,0.26737552881240845,0.6642091870307922
0.2+2.4,2.4,0.2,0.5941039,8,0.31659891083836555,0.872896358370781
0.2+2.6,2.6,0.2,0.6309474,6,0.2682660184800625,0.8927251696586609
0.2+2.8,2.8,0.2,0.28810406,2,0.12735892366617918,0.44884916488081217
0.2+3.0,3.0,0.2,0.4581843,1,0.45818430185317993,0.45818430185317993
0.2+3.2,3.2,0.2,-0.6277267,1,-0.627726674079895,-0.627726674079895
0.2+3.4,3.4,0.2,-0.14319159,1,-0.14319159090518951,-0.14319159090518951
0.2+3.6,3.6,0.2,,0,,
0.2+3.8,3.8,0.2,,0,,
0.2+4.0,4.0,0.2,,0,,
0.2+4.2,4.2,0.2,,0,,
0.2+4.4,4.4,0.2,,0,,
0.2+4.6,4.6,0.2,,0,,
0.2+4.8,4.8,0.2,,0,,
0.2+5.0,5.0,0.2,,0,,
0.2+5.2,5.2,0.2,,0,,
0.2+5.4,5.4,0.2,,0,,
0.2+5.6,5.6,0.2,,0,,
0.2+5.8,5.8,0.2,,0,,
0.2+6.0,6.0,0.2,,0,,
0.2+6.2,6.2,0.2,,0,,
0.2+6.4,6.4,0.2,,0,,
0.2+6.6,6.6,0.2,,0,,
0.2+6.8,6.8,0.2,,0,,
0.2+7.0,7.0,0.2,,0,,
0.2+7.2,7.2,0.2,,0,,
0.2+7.4,7.4,0.2,,0,,
0.2+7.6,7.6,0.2,,0,,
0.2+7.8,7.8,0.2,,0,,
0.2+8.0,8.0,0.2,,0,,
0.2+8.2,8.2,0.2,,0,,
0.2+8.4,8.4,0.2,,0,,
0.2+8.6,8.6,0.2,,0,,
0.2+8.8,8.8,0.2,,0,,
0.2+9.0,9.0,0.2,,0,,
0.2+9.2,9.2,0.2,,0,,
0.2+9.4,9.4,0.2,,0,,
0.2+9.6,9.6,0.2,,0,,
0.4+-0.2,-0.2,0.4,-0.12722506,119,-0.16727852076292038,-0.07773367688059807
0.4+-0.4,-0.4,0.4,-0.17305619,117,-0.217771977186203,-0.10325795412063599
0.4+-0.6,-0.6,0.4,-0.18949156,114,-0.2664237320423126,-0.1029674019664526
0.4+-0.8,-0.8,0.4,-0.20693034,115,-0.3148849755525589,-0.10862505808472633
0.4+-1.0,-1.0,0.4,-0.18801364,104,-0.29865676164627075,-0.04151501785963774
0.4+-1.2,-1.2,0.4,-0.15029109,96,-0.3209569603204727,0.017566553317010403
0.4+-1.4,-1.4,0.4,-0.17901787,63,-0.35765501856803894,0.0064254505559802055
0.4+-1.6,-1.6,0.4,-0.11452822,28,-0.2992642745375633,0.20505571365356445
0.4+-1.8,-1.8,0.4,-0.2632235,5,-0.3316441774368286,0.25804415345191956
0.4+-2.0,-2.0,0.4,0.005332824,1,0.005332823842763901,0.005332823842763901
0.4+-2.2,-2.2,0.4,,0,,
0.4+-2.4,-2.4,0.4,,0,,
0.4+-2.6,-2.6,0.4,,0,,
0.4+-2.8,-2.8,0.4,,0,,
0.4+-3.0,-3.0,0.4,,0,,
0.4+-3.2,-3.2,0.4,,0,,
0.4+-3.4,-3.4,0.4,,0,,
0.4+-3.6,-3.6,0.4,,0,,
0.4+-3.8,-3.8,0.4,,0,,
0.4+-4.0,-4.0,0.4,,0,,
0.4+-4.2,-4.2,0.4,,0,,
0.4+-4.4,-4.4,0.4,,0,,
0.4+-4.6,-4.6,0.4,,0,,
0.4+-4.8,-4.8,0.4,,0,,
0.4+-5.0,-5.0,0.4,,0,,
0.4+-5.2,-5.2,0.4,,0,,
0.4+-5.4,-5.4,0.4,,0,,
0.4+-5.6,-5.6,0.4,,0,,
0.4+-5.8,-5.8,0.4,,0,,
0.4+-6.0,-6.0,0.4,,0,,
0.4+-6.2,-6.2,0.4,,0,,
0.4+-6.4,-6.4,0.4,,0,,
0.4+-6.6,-6.6,0.4,,0,,
0.4+-6.8,-6.8,0.4,,0,,
0.4+-7.0,-7.0,0.4,,0,,
0.4+-7.2,-7.2,0.4,,0,,
0.4+-7.4,-7.4,0.4,,0,,
0.4+-7.6,-7.6,0.4,,0,,
0.4+-7.8,-7.8,0.4,,0,,
0.4+-8.0,-8.0,0.4,,0,,
0.4+0.0,0.0,0.4,-0.059238873,119,-0.12037266045808792,-0.023910140618681908
0.4+0.2,0.2,0.4,-0.0055721784,119,-0.06093943864107132,0.05498559586703777
0.4+0.4,0.4,0.4,0.054940972,119,0.002484042546711862,0.12738104909658432
0.4+0.6,0.6,0.4,0.14489248,119,0.08434292674064636,0.21688516438007355
0.4+0.8,0.8,0.4,0.20867896,118,0.14094991236925125,0.30844883620738983
0.4+1.0,1.0,0.4,0.28445897,112,0.17564351856708527,0.3651471212506294
0.4+1.2,1.2,0.4,0.37525415,104,0.23931483551859856,0.5033033192157745
0.4+1.4,1.4,0.4,0.44490674,87,0.21773285418748856,0.5418718159198761
0.4+1.6,1.6,0.4,0.46626922,67,0.29570552706718445,0.6472311317920685
0.4+1.8,1.8,0.4,0.53254354,49,0.2963508069515228,0.7904505133628845
0.4+2.0,2.0,0.4,0.6037053,32,0.364695243537426,0.8083765208721161
0.4+2.2,2.2,0.4,0.6984334,20,0.4038223847746849,0.8112130612134933
0.4+2.4,2.4,0.4,0.5528451,14,0.3802138641476631,0.7529998123645782
0.4+2.6,2.6,0.4,0.39543563,10,0.18269622325897217,0.6724256277084351
0.4+2.8,2.8,0.4,0.48081517,6,0.4194410890340805,0.5993730276823044
0.4+3.0,3.0,0.4,0.58984977,3,0.4552827924489975,0.6490216553211212
0.4+3.2,3.2,0.4,0.3389925,3,0.06832515448331833,0.5141658037900925
0.4+3.4,3.4,0.4,-0.30282655,1,-0.30282655358314514,-0.30282655358314514
0.4+3.6,3.6,0.4,,0,,
0.4+3.8,3.8,0.4,,0,,
0.4+4.0,4.0,0.4,,0,,
0.4+4.2,4.2,0.4,,0,,
0.4+4.4,4.4,0.4,,0,,
0.4+4.6,4.6,0.4,,0,,
0.4+4.8,4.8,0.4,,0,,
0.4+5.0,5.0,0.4,,0,,
0.4+5.2,5.2,0.4,,0,,
0.4+5.4,5.4,0.4,,0,,
0.4+5.6,5.6,0.4,,0,,
0.4+5.8,5.8,0.4,,0,,
0.4+6.0,6.0,0.4,,0,,
0.4+6.2,6.2,0.4,,0,,
0.4+6.4,6.4,0.4,,0,,
0.4+6.6,6.6,0.4,,0,,
0.4+6.8,6.8,0.4,,0,,
0.4+7.0,7.0,0.4,,0,,
0.4+7.2,7.2,0.4,,0,,
0.4+7.4,7.4,0.4,,0,,
0.4+7.6,7.6,0.4,,0,,
0.4+7.8,7.8,0.4,,0,,
0.4+8.0,8.0,0.4,,0,,
0.4+8.2,8.2,0.4,,0,,
0.4+8.4,8.4,0.4,,0,,
0.4+8.6,8.6,0.4,,0,,
0.4+8.8,8.8,0.4,,0,,
0.4+9.0,9.0,0.4,,0,,
0.4+9.2,9.2,0.4,,0,,
0.4+9.4,9.4,0.4,,0,,
0.4+9.6,9.6,0.4,,0,,
0.6+-0.2,-0.2,0.6,-0.13143457,117,-0.17986014485359192,-0.06694777309894562
0.6+-0.4,-0.4,0.6,-0.1604189,116,-0.23239603266119957,-0.09879338927567005
0.6+-0.6,-0.6,0.6,-0.20579591,112,-0.2608867809176445,-0.09783007390797138
0.6+-0.8,-0.8,0.6,-0.18328604,107,-0.3091433346271515,-0.07353311032056808
0.6+-1.0,-1.0,0.6,-0.16046828,92,-0.33422093093395233,0.012103920103982091
0.6+-1.2,-1.2,0.6,-0.16833788,72,-0.3185478746891022,-0.02756516309455037
0.6+-1.4,-1.4,0.6,-0.1434551,41,-0.31004583835601807,-0.024175070226192474
0.6+-1.6,-1.6,0.6,-0.0131210545,17,-0.24952644109725952,0.24147574603557587
0.6+-1.8,-1.8,0.6,-0.1341772,5,-0.1349279135465622,0.03270808607339859
0.6+-2.0,-2.0,0.6,,0,,
0.6+-2.2,-2.2,0.6,,0,,
0.6+-2.4,-2.4,0.6,,0,,
0.6+-2.6,-2.6,0.6,,0,,
0.6+-2.8,-2.8,0.6,,0,,
0.6+-3.0,-3.0,0.6,,0,,
0.6+-3.2,-3.2,0.6,,0,,
0.6+-3.4,-3.4,0.6,,0,,
0.6+-3.6,-3.6,0.6,,0,,
0.6+-3.8,-3.8,0.6,,0,,
0.6+-4.0,-4.0,0.6,,0,,
0.6+-4.2,-4.2,0.6,,0,,
0.6+-4.4,-4.4,0.6,,0,,
0.6+-4.6,-4.6,0.6,,0,,
0.6+-4.8,-4.8,0.6,,0,,
0.6+-5.0,-5.0,0.6,,0,,
0.6+-5.2,-5.2,0.6,,0,,
0.6+-5.4,-5.4,0.6,,0,,
0.6+-5.6,-5.6,0.6,,0,,
0.6+-5.8,-5.8,0.6,,0,,
0.6+-6.0,-6.0,0.6,,0,,
0.6+-6.2,-6.2,0.6,,0,,
0.6+-6.4,-6.4,0.6,,0,,
0.6+-6.6,-6.6,0.6,,0,,
0.6+-6.8,-6.8,0.6,,0,,
0.6+-7.0,-7.0,0.6,,0,,
0.6+-7.2,-7.2,0.6,,0,,
0.6+-7.4,-7.4,0.6,,0,,
0.6+-7.6,-7.6,0.6,,0,,
0.6+-7.8,-7.8,0.6,,0,,
0.6+-8.0,-8.0,0.6,,0,,
0.6+0.0,0.0,0.6,-0.07580509,119,-0.13746235519647598,-0.008034246042370796
0.6+0.2,0.2,0.6,-0.016017478,119,-0.06117522902786732,0.03837617672979832
0.6+0.4,0.4,0.6,0.04494036,119,-0.01803535595536232,0.12111054733395576
0.6+0.6,0.6,0.6,0.112598434,119,0.05921296775341034,0.19925900548696518
0.6+0.8,0.8,0.6,0.1960608,119,0.12375839427113533,0.28299690783023834
0.6+1.0,1.0,0.6,0.2797819,117,0.18549761176109314,0.34884071350097656
0.6+1.2,1.2,0.6,0.3468938,117,0.27359843254089355,0.4544411599636078
0.6+1.4,1.4,0.6,0.39474678,105,0.22317340970039368,0.5004733800888062
0.6+1.6,1.6,0.6,0.43662986,93,0.2662721872329712,0.6420419812202454
0.6+1.8,1.8,0.6,0.56062937,70,0.3414570167660713,0.6828815042972565
0.6+2.0,2.0,0.6,0.6424805,49,0.4173419177532196,0.7620018124580383
0.6+2.2,2.2,0.6,0.67101663,38,0.42568162828683853,0.9036182463169098
0.6+2.4,2.4,0.6,0.61414945,22,0.3594628944993019,0.7592186778783798
0.6+2.6,2.6,0.6,0.65225327,14,0.24052410945296288,0.931805744767189
0.6+2.8,2.8,0.6,0.50497854,8,0.09385059960186481,0.7855601906776428
0.6+3.0,3.0,0.6,0.42636058,3,0.36287063360214233,0.5229838341474533
0.6+3.2,3.2,0.6,0.6678364,3,0.5036471784114838,0.6894657909870148
0.6+3.4,3.4,0.6,0.33779803,1,0.33779802918434143,0.33779802918434143
0.6+3.6,3.6,0.6,0.3727774,1,0.37277740240097046,0.37277740240097046
0.6+3.8,3.8,0.6,,0,,
0.6+4.0,4.0,0.6,,0,,
0.6+4.2,4.2,0.6,,0,,
0.6+4.4,4.4,0.6,,0,,
0.6+4.6,4.6,0.6,,0,,
0.6+4.8,4.8,0.6,,0,,
0.6+5.0,5.0,0.6,,0,,
0.6+5.2,5.2,0.6,,0,,
0.6+5.4,5.4,0.6,,0,,
0.6+5.6,5.6,0.6,,0,,
0.6+5.8,5.8,0.6,,0,,
0.6+6.0,6.0,0.6,,0,,
0.6+6.2,6.2,0.6,,0,,
0.6+6.4,6.4,0.6,,0,,
0.6+6.6,6.6,0.6,,0,,
0.6+6.8,6.8,0.6,,0,,
0.6+7.0,7.0,0.6,,0,,
0.6+7.2,7.2,0.6,,0,,
0.6+7.4,7.4,0.6,,0,,
0.6+7.6,7.6,0.6,,0,,
0.6+7.8,7.8,0.6,,0,,
0.6+8.0,8.0,0.6,,0,,
0.6+8.2,8.2,0.6,,0,,
0.6+8.4,8.4,0.6,,0,,
0.6+8.6,8.6,0.6,,0,,
0.6+8.8,8.8,0.6,,0,,
0.6+9.0,9.0,0.6,,0,,
0.6+9.2,9.2,0.6,,0,,
0.6+9.4,9.4,0.6,,0,,
0.6+9.6,9.6,0.6,,0,,
0.8+-0.2,-0.2,0.8,-0.12598942,114,-0.17470822110772133,-0.06693971529603004
0.8+-0.4,-0.4,0.8,-0.14234778,108,-0.21517761051654816,-0.06386519130319357
0.8+-0.6,-0.6,0.8,-0.18667507,97,-0.2592881917953491,-0.07430549710988998
0.8+-0.8,-0.8,0.8,-0.16245218,87,-0.296183779835701,-0.04770149104297161
0.8+-1.0,-1.0,0.8,-0.14753151,67,-0.26367703080177307,0.05324404500424862
0.8+-1.2,-1.2,0.8,-0.13485663,46,-0.2809542715549469,0.0461184112355113
0.8+-1.4,-1.4,0.8,-0.108024485,24,-0.2813520282506943,0.033988297916948795
0.8+-1.6,-1.6,0.8,-0.10395641,9,-0.15442845225334167,0.19472165405750275
0.8+-1.8,-1.8,0.8,-0.17973197,1,-0.17973196506500244,-0.17973196506500244
0.8+-2.0,-2.0,0.8,,0,,
0.8+-2.2,-2.2,0.8,,0,,
0.8+-2.4,-2.4,0.8,,0,,
0.8+-2.6,-2.6,0.8,,0,,
0.8+-2.8,-2.8,0.8,,0,,
0.8+-3.0,-3.0,0.8,,0,,
0.8+-3.2,-3.2,0.8,,0,,
0.8+-3.4,-3.4,0.8,,0,,
0.8+-3.6,-3.6,0.8,,0,,
0.8+-3.8,-3.8,0.8,,0,,
0.8+-4.0,-4.0,0.8,,0,,
0.8+-4.2,-4.2,0.8,,0,,
0.8+-4.4,-4.4,0.8,,0,,
0.8+-4.6,-4.6,0.8,,0,,
0.8+-4.8,-4.8,0.8,,0,,
0.8+-5.0,-5.0,0.8,,0,,
0.8+-5.2,-5.2,0.8,,0,,
0.8+-5.4,-5.4,0.8,,0,,
0.8+-5.6,-5.6,0.8,,0,,
0.8+-5.8,-5.8,0.8,,0,,
0.8+-6.0,-6.0,0.8,,0,,
0.8+-6.2,-6.2,0.8,,0,,
0.8+-6.4,-6.4,0.8,,0,,
0.8+-6.6,-6.6,0.8,,0,,
0.8+-6.8,-6.8,0.8,,0,,
0.8+-7.0,-7.0,0.8,,0,,
0.8+-7.2,-7.2,0.8,,0,,
0.8+-7.4,-7.4,0.8,,0,,
0.8+-7.6,-7.6,0.8,,0,,
0.8+-7.8,-7.8,0.8,,0,,
0.8+-8.0,-8.0,0.8,,0,,
0.8+0.0,0.0,0.8,-0.07312627,115,-0.13569854199886322,-0.012001567520201206
0.8+0.2,0.2,0.8,-0.024867687,119,-0.06900709122419357,0.04741728864610195
0.8+0.4,0.4,0.8,0.049382575,119,-0.023805588483810425,0.11841103807091713
0.8+0.6,0.6,0.8,0.111928545,119,0.021725106053054333,0.18059058487415314
0.8+0.8,0.8,0.8,0.18540391,119,0.09442184492945671,0.25057077407836914
0.8+1.0,1.0,0.8,0.2509866,119,0.1645643562078476,0.3360213488340378
0.8+1.2,1.2,0.8,0.32181332,118,0.21345339342951775,0.4073849320411682
0.8+1.4,1.4,0.8,0.3795576,115,0.25096307694911957,0.49507811665534973
0.8+1.6,1.6,0.8,0.45825952,113,0.2759550213813782,0.5821817517280579
0.8+1.8,1.8,0.8,0.46854353,97,0.32453155517578125,0.6867119669914246
0.8+2.0,2.0,0.8,0.5474812,68,0.39771853387355804,0.7679211795330048
0.8+2.2,2.2,0.8,0.62904406,52,0.39981458336114883,0.8624670654535294
0.8+2.4,2.4,0.8,0.70103693,36,0.520050585269928,0.9362004846334457
0.8+2.6,2.6,0.8,0.8303817,26,0.6928806751966476,0.9625120013952255
0.8+2.8,2.8,0.8,0.69502044,15,0.6385663449764252,0.9016326069831848
0.8+3.0,3.0,0.8,0.53767836,10,0.3648230955004692,0.9213854521512985
0.8+3.2,3.2,0.8,0.61211926,5,0.39161357283592224,1.0974054336547852
0.8+3.4,3.4,0.8,0.4305287,2,0.401825986802578,0.4592314437031746
0.8+3.6,3.6,0.8,0.5521201,2,0.48602768033742905,0.618212528526783
0.8+3.8,3.8,0.8,0.31412497,1,0.3141249716281891,0.3141249716281891
0.8+4.0,4.0,0.8,0.55952847,1,0.5595284700393677,0.5595284700393677
0.8+4.2,4.2,0.8,,0,,
0.8+4.4,4.4,0.8,,0,,
0.8+4.6,4.6,0.8,,0,,
0.8+4.8,4.8,0.8,,0,,
0.8+5.0,5.0,0.8,,0,,
0.8+5.2,5.2,0.8,,0,,
0.8+5.4,5.4,0.8,,0,,
0.8+5.6,5.6,0.8,,0,,
0.8+5.8,5.8,0.8,,0,,
0.8+6.0,6.0,0.8,,0,,
0.8+6.2,6.2,0.8,,0,,
0.8+6.4,6.4,0.8,,0,,
0.8+6.6,6.6,0.8,,0,,
0.8+6.8,6.8,0.8,,0,,
0.8+7.0,7.0,0.8,,0,,
0.8+7.2,7.2,0.8,,0,,
0.8+7.4,7.4,0.8,,0,,
0.8+7.6,7.6,0.8,,0,,
0.8+7.8,7.8,0.8,,0,,
0.8+8.0,8.0,0.8,,0,,
0.8+8.2,8.2,0.8,,0,,
0.8+8.4,8.4,0.8,,0,,
0.8+8.6,8.6,0.8,,0,,
0.8+8.8,8.8,0.8,,0,,
0.8+9.0,9.0,0.8,,0,,
0.8+9.2,9.2,0.8,,0,,
0.8+9.4,9.4,0.8,,0,,
0.8+9.6,9.6,0.8,,0,,
1.0+-0.2,-0.2,1.0,-0.12506576,99,-0.20584506541490555,-0.05523366667330265
1.0+-0.4,-0.4,1.0,-0.138143,94,-0.23909942060709,-0.05881752818822861
1.0+-0.6,-0.6,1.0,-0.17146333,79,-0.29521602392196655,-0.07588352635502815
1.0+-0.8,-0.8,1.0,-0.13547772,57,-0.25865688920021057,0.00048196781426668167
1.0+-1.0,-1.0,1.0,-0.09173824,42,-0.2221805304288864,0.028400364331901073
1.0+-1.2,-1.2,1.0,-0.14283243,26,-0.2711954042315483,0.030786339193582535
1.0+-1.4,-1.4,1.0,-0.042215947,17,-0.22751827538013458,0.14487789571285248
1.0+-1.6,-1.6,1.0,-0.24100268,7,-0.4338562488555908,0.055469732731580734
1.0+-1.8,-1.8,1.0,-0.21947598,1,-0.21947598457336426,-0.21947598457336426
1.0+-2.0,-2.0,1.0,,0,,
1.0+-2.2,-2.2,1.0,,0,,
1.0+-2.4,-2.4,1.0,,0,,
1.0+-2.6,-2.6,1.0,,0,,
1.0+-2.8,-2.8,1.0,,0,,
1.0+-3.0,-3.0,1.0,,0,,
1.0+-3.2,-3.2,1.0,,0,,
1.0+-3.4,-3.4,1.0,,0,,
1.0+-3.6,-3.6,1.0,,0,,
1.0+-3.8,-3.8,1.0,,0,,
1.0+-4.0,-4.0,1.0,,0,,
1.0+-4.2,-4.2,1.0,,0,,
1.0+-4.4,-4.4,1.0,,0,,
1.0+-4.6,-4.6,1.0,,0,,
1.0+-4.8,-4.8,1.0,,0,,
1.0+-5.0,-5.0,1.0,,0,,
1.0+-5.2,-5.2,1.0,,0,,
1.0+-5.4,-5.4,1.0,,0,,
1.0+-5.6,-5.6,1.0,,0,,
1.0+-5.8,-5.8,1.0,,0,,
1.0+-6.0,-6.0,1.0,,0,,
1.0+-6.2,-6.2,1.0,,0,,
1.0+-6.4,-6.4,1.0,,0,,
1.0+-6.6,-6.6,1.0,,0,,
1.0+-6.8,-6.8,1.0,,0,,
1.0+-7.0,-7.0,1.0,,0,,
1.0+-7.2,-7.2,1.0,,0,,
1.0+-7.4,-7.4,1.0,,0,,
1.0+-7.6,-7.6,1.0,,0,,
1.0+-7.8,-7.8,1.0,,0,,
1.0+-8.0,-8.0,1.0,,0,,
1.0+0.0,0.0,1.0,-0.0929663,110,-0.13821066170930862,-0.015524351969361305
1.0+0.2,0.2,1.0,-0.022685949,113,-0.07800229638814926,0.03374665230512619
1.0+0.4,0.4,1.0,0.040835,117,-0.01990978606045246,0.11469755321741104
1.0+0.6,0.6,1.0,0.109941795,118,0.03581581078469753,0.16823963448405266
1.0+0.8,0.8,1.0,0.15985928,119,0.07105843722820282,0.22697501629590988
1.0+1.0,1.0,1.0,0.23872676,119,0.12917282432317734,0.3235127329826355
1.0+1.2,1.2,1.0,0.31269696,119,0.17363330721855164,0.4092429280281067
1.0+1.4,1.4,1.0,0.3594613,118,0.20220500603318214,0.4706232249736786
1.0+1.6,1.6,1.0,0.4516632,115,0.2905641347169876,0.5465644896030426
1.0+1.8,1.8,1.0,0.4732938,110,0.30991049110889435,0.6285247504711151
1.0+2.0,2.0,1.0,0.5569935,98,0.350443035364151,0.7068680375814438
1.0+2.2,2.2,1.0,0.631997,76,0.4364670068025589,0.7964809834957123
1.0+2.4,2.4,1.0,0.6911202,50,0.4978901818394661,0.9010342061519623
1.0+2.6,2.6,1.0,0.78030694,34,0.5276398062705994,1.0317723751068115
1.0+2.8,2.8,1.0,0.8294461,29,0.7087279558181763,1.0636215209960938
1.0+3.0,3.0,1.0,0.83128613,19,0.6573306918144226,0.9714337885379791
1.0+3.2,3.2,1.0,0.6974346,12,0.5439052730798721,1.0309014916419983
1.0+3.4,3.4,1.0,0.8865658,9,0.4583304226398468,1.1152116060256958
1.0+3.6,3.6,1.0,0.27367717,5,0.265539288520813,0.5685617923736572
1.0+3.8,3.8,1.0,0.36157593,1,0.3615759313106537,0.3615759313106537
1.0+4.0,4.0,1.0,0.52136636,1,0.5213663578033447,0.5213663578033447
1.0+4.2,4.2,1.0,0.8163427,1,0.8163427114486694,0.8163427114486694
1.0+4.4,4.4,1.0,0.53493255,1,0.534932553768158,0.534932553768158
1.0+4.6,4.6,1.0,0.40912765,1,0.4091276526451111,0.4091276526451111
1.0+4.8,4.8,1.0,,0,,
1.0+5.0,5.0,1.0,,0,,
1.0+5.2,5.2,1.0,,0,,
1.0+5.4,5.4,1.0,,0,,
1.0+5.6,5.6,1.0,,0,,
1.0+5.8,5.8,1.0,,0,,
1.0+6.0,6.0,1.0,,0,,
1.0+6.2,6.2,1.0,,0,,
1.0+6.4,6.4,1.0,,0,,
1.0+6.6,6.6,1.0,,0,,
1.0+6.8,6.8,1.0,,0,,
1.0+7.0,7.0,1.0,,0,,
1.0+7.2,7.2,1.0,,0,,
1.0+7.4,7.4,1.0,,0,,
1.0+7.6,7.6,1.0,,0,,
1.0+7.8,7.8,1.0,,0,,
1.0+8.0,8.0,1.0,,0,,
1.0+8.2,8.2,1.0,,0,,
1.0+8.4,8.4,1.0,,0,,
1.0+8.6,8.6,1.0,,0,,
1.0+8.8,8.8,1.0,,0,,
1.0+9.0,9.0,1.0,,0,,
1.0+9.2,9.2,1.0,,0,,
1.0+9.4,9.4,1.0,,0,,
1.0+9.6,9.6,1.0,,0,,
1.2+-0.2,-0.2,1.2,-0.08880438,80,-0.17042065784335136,-0.011746452189981937
1.2+-0.4,-0.4,1.2,-0.10909853,63,-0.21576503664255142,-0.04709547013044357
1.2+-0.6,-0.6,1.2,-0.135667,46,-0.2642046734690666,-0.019908561371266842
1.2+-0.8,-0.8,1.2,-0.19446233,36,-0.3168691024184227,0.025508980732411146
1.2+-1.0,-1.0,1.2,-0.08253014,23,-0.30917370319366455,0.15980618447065353
1.2+-1.2,-1.2,1.2,-0.24560535,17,-0.3282443881034851,-0.049767423421144485
1.2+-1.4,-1.4,1.2,-0.065238886,7,-0.17924394458532333,0.00709080696105957
1.2+-1.6,-1.6,1.2,0.43834803,3,-0.08884571492671967,0.9095325320959091
1.2+-1.8,-1.8,1.2,0.44835994,1,0.4483599364757538,0.4483599364757538
1.2+-2.0,-2.0,1.2,,0,,
1.2+-2.2,-2.2,1.2,,0,,
1.2+-2.4,-2.4,1.2,,0,,
1.2+-2.6,-2.6,1.2,,0,,
1.2+-2.8,-2.8,1.2,,0,,
1.2+-3.0,-3.0,1.2,,0,,
1.2+-3.2,-3.2,1.2,,0,,
1.2+-3.4,-3.4,1.2,,0,,
1.2+-3.6,-3.6,1.2,,0,,
1.2+-3.8,-3.8,1.2,,0,,
1.2+-4.0,-4.0,1.2,,0,,
1.2+-4.2,-4.2,1.2,,0,,
1.2+-4.4,-4.4,1.2,,0,,
1.2+-4.6,-4.6,1.2,,0,,
1.2+-4.8,-4.8,1.2,,0,,
1.2+-5.0,-5.0,1.2,,0,,
1.2+-5.2,-5.2,1.2,,0,,
1.2+-5.4,-5.4,1.2,,0,,
1.2+-5.6,-5.6,1.2,,0,,
1.2+-5.8,-5.8,1.2,,0,,
1.2+-6.0,-6.0,1.2,,0,,
1.2+-6.2,-6.2,1.2,,0,,
1.2+-6.4,-6.4,1.2,,0,,
1.2+-6.6,-6.6,1.2,,0,,
1.2+-6.8,-6.8,1.2,,0,,
1.2+-7.0,-7.0,1.2,,0,,
1.2+-7.2,-7.2,1.2,,0,,
1.2+-7.4,-7.4,1.2,,0,,
1.2+-7.6,-7.6,1.2,,0,,
1.2+-7.8,-7.8,1.2,,0,,
1.2+-8.0,-8.0,1.2,,0,,
1.2+0.0,0.0,1.2,-0.048178986,91,-0.12799016013741493,0.008827185723930597
1.2+0.2,0.2,1.2,-0.037889846,103,-0.09858639538288116,0.05074606277048588
1.2+0.4,0.4,1.2,0.026834708,111,-0.052093759179115295,0.10301189869642258
1.2+0.6,0.6,1.2,0.08979517,116,0.014021954615600407,0.1839994192123413
1.2+0.8,0.8,1.2,0.16545896,115,0.06852763891220093,0.25460080802440643
1.2+1.0,1.0,1.2,0.22507136,118,0.11679300665855408,0.31526193022727966
1.2+1.2,1.2,1.2,0.27376717,119,0.1688525751233101,0.3614761233329773
1.2+1.4,1.4,1.2,0.34416044,118,0.2099105790257454,0.4618220627307892
1.2+1.6,1.6,1.2,0.41049525,118,0.24905239790678024,0.5122376084327698
1.2+1.8,1.8,1.2,0.49148676,117,0.26373764872550964,0.6034951210021973
1.2+2.0,2.0,1.2,0.5204358,111,0.34410639107227325,0.6666775941848755
1.2+2.2,2.2,1.2,0.5830895,104,0.42665909230709076,0.7406841814517975
1.2+2.4,2.4,1.2,0.6276757,79,0.422293484210968,0.8056599795818329
1.2+2.6,2.6,1.2,0.7379884,55,0.522771567106247,0.977859228849411
1.2+2.8,2.8,1.2,0.7697737,40,0.579321563243866,0.9515751749277115
1.2+3.0,3.0,1.2,0.821092,27,0.6539071202278137,0.9425730109214783
1.2+3.2,3.2,1.2,0.8128531,21,0.7283604145050049,1.0204447507858276
1.2+3.4,3.4,1.2,0.7797958,10,0.593342512845993,0.8903589844703674
1.2+3.6,3.6,1.2,0.84040457,7,0.4138951003551483,0.988033801317215
1.2+3.8,3.8,1.2,0.62851787,6,0.4281463772058487,0.9911299049854279
1.2+4.0,4.0,1.2,0.46557796,4,0.3763396441936493,0.7487795501947403
1.2+4.2,4.2,1.2,0.33605045,1,0.33605045080184937,0.33605045080184937
1.2+4.4,4.4,1.2,0.37505722,1,0.3750572204589844,0.3750572204589844
1.2+4.6,4.6,1.2,0.6149267,1,0.6149266958236694,0.6149266958236694
1.2+4.8,4.8,1.2,0.5600274,1,0.5600274205207825,0.5600274205207825
1.2+5.0,5.0,1.2,0.48919848,1,0.4891984760761261,0.4891984760761261
1.2+5.2,5.2,1.2,,0,,
1.2+5.4,5.4,1.2,,0,,
1.2+5.6,5.6,1.2,,0,,
1.2+5.8,5.8,1.2,,0,,
1.2+6.0,6.0,1.2,,0,,
1.2+6.2,6.2,1.2,,0,,
1.2+6.4,6.4,1.2,,0,,
1.2+6.6,6.6,1.2,,0,,
1.2+6.8,6.8,1.2,,0,,
1.2+7.0,7.0,1.2,,0,,
1.2+7.2,7.2,1.2,,0,,
1.2+7.4,7.4,1.2,,0,,
1.2+7.6,7.6,1.2,,0,,
1.2+7.8,7.8,1.2,,0,,
1.2+8.0,8.0,1.2,,0,,
1.2+8.2,8.2,1.2,,0,,
1.2+8.4,8.4,1.2,,0,,
1.2+8.6,8.6,1.2,,0,,
1.2+8.8,8.8,1.2,,0,,
1.2+9.0,9.0,1.2,,0,,
1.2+9.2,9.2,1.2,,0,,
1.2+9.4,9.4,1.2,,0,,
1.2+9.6,9.6,1.2,,0,,
1.4+-0.2,-0.2,1.4,-0.087800376,48,-0.14779934659600258,-0.0068248300813138485
1.4+-0.4,-0.4,1.4,-0.057807714,38,-0.1859859973192215,0.004879082553088665
1.4+-0.6,-0.6,1.4,-0.101661906,27,-0.24218885600566864,0.015783472917973995
1.4+-0.8,-0.8,1.4,-0.12848113,21,-0.17750155925750732,0.021328451111912727
1.4+-1.0,-1.0,1.4,0.08471015,12,-0.12341100908815861,0.10987585037946701
1.4+-1.2,-1.2,1.4,-0.13014296,8,-0.24288801476359367,0.043509917333722115
1.4+-1.4,-1.4,1.4,-0.19827534,1,-0.1982753425836563,-0.1982753425836563
1.4+-1.6,-1.6,1.4,0.3216753,1,0.32167530059814453,0.32167530059814453
1.4+-1.8,-1.8,1.4,-0.37411433,1,-0.37411433458328247,-0.37411433458328247
1.4+-2.0,-2.0,1.4,,0,,
1.4+-2.2,-2.2,1.4,,0,,
1.4+-2.4,-2.4,1.4,,0,,
1.4+-2.6,-2.6,1.4,,0,,
1.4+-2.8,-2.8,1.4,,0,,
1.4+-3.0,-3.0,1.4,,0,,
1.4+-3.2,-3.2,1.4,,0,,
1.4+-3.4,-3.4,1.4,,0,,
1.4+-3.6,-3.6,1.4,,0,,
1.4+-3.8,-3.8,1.4,,0,,
1.4+-4.0,-4.0,1.4,,0,,
1.4+-4.2,-4.2,1.4,,0,,
1.4+-4.4,-4.4,1.4,,0,,
1.4+-4.6,-4.6,1.4,,0,,
1.4+-4.8,-4.8,1.4,,0,,
1.4+-5.0,-5.0,1.4,,0,,
1.4+-5.2,-5.2,1.4,,0,,
1.4+-5.4,-5.4,1.4,,0,,
1.4+-5.6,-5.6,1.4,,0,,
1.4+-5.8,-5.8,1.4,,0,,
1.4+-6.0,-6.0,1.4,,0,,
1.4+-6.2,-6.2,1.4,,0,,
1.4+-6.4,-6.4,1.4,,0,,
1.4+-6.6,-6.6,1.4,,0,,
1.4+-6.8,-6.8,1.4,,0,,
1.4+-7.0,-7.0,1.4,,0,,
1.4+-7.2,-7.2,1.4,,0,,
1.4+-7.4,-7.4,1.4,,0,,
1.4+-7.6,-7.6,1.4,,0,,
1.4+-7.8,-7.8,1.4,,0,,
1.4+-8.0,-8.0,1.4,,0,,
1.4+0.0,0.0,1.4,-0.059691668,63,-0.17196573317050934,0.059437014162540436
1.4+0.2,0.2,1.4,0.01827994,81,-0.1028277575969696,0.08075205981731415
1.4+0.4,0.4,1.4,0.018313373,90,-0.08598963730037212,0.12862491235136986
1.4+0.6,0.6,1.4,0.11932357,100,-0.006106192828156054,0.20825118571519852
1.4+0.8,0.8,1.4,0.16880608,110,0.05362449400126934,0.25709903985261917
1.4+1.0,1.0,1.4,0.20805915,113,0.094826340675354,0.33321139216423035
1.4+1.2,1.2,1.4,0.26032805,114,0.1423872523009777,0.37030769139528275
1.4+1.4,1.4,1.4,0.3168201,119,0.20552800595760345,0.4715128690004349
1.4+1.6,1.6,1.4,0.3885004,118,0.2564637064933777,0.5128934383392334
1.4+1.8,1.8,1.4,0.4383875,117,0.2879500687122345,0.5638065934181213
1.4+2.0,2.0,1.4,0.46708217,116,0.3465513214468956,0.6249241828918457
1.4+2.2,2.2,1.4,0.552701,112,0.3914242535829544,0.6541763842105865
1.4+2.4,2.4,1.4,0.64405847,105,0.49465563893318176,0.7667654156684875
1.4+2.6,2.6,1.4,0.6853118,86,0.4763515368103981,0.835139587521553
1.4+2.8,2.8,1.4,0.7427583,69,0.5639137625694275,0.9387038946151733
1.4+3.0,3.0,1.4,0.75264883,50,0.6073517501354218,0.9619478732347488
1.4+3.2,3.2,1.4,0.87205863,31,0.6684719622135162,1.017619550228119
1.4+3.4,3.4,1.4,0.8056137,20,0.669344425201416,0.9727760404348373
1.4+3.6,3.6,1.4,0.77112204,11,0.6158889830112457,1.070956289768219
1.4+3.8,3.8,1.4,0.75103235,8,0.6785984635353088,1.0522604882717133
1.4+4.0,4.0,1.4,0.60340244,6,0.5027398020029068,0.753914549946785
1.4+4.2,4.2,1.4,0.5765723,6,0.4001787379384041,0.7246159762144089
1.4+4.4,4.4,1.4,0.76408553,4,0.4888937845826149,1.0334883332252502
1.4+4.6,4.6,1.4,0.74641806,3,0.5986642241477966,0.7631031572818756
1.4+4.8,4.8,1.4,0.5867122,1,0.5867121815681458,0.5867121815681458
1.4+5.0,5.0,1.4,0.27616903,1,0.2761690318584442,0.2761690318584442
1.4+5.2,5.2,1.4,0.3433448,1,0.3433448076248169,0.3433448076248169
1.4+5.4,5.4,1.4,0.3178453,1,0.31784531474113464,0.31784531474113464
1.4+5.6,5.6,1.4,0.4521195,1,0.45211949944496155,0.45211949944496155
1.4+5.8,5.8,1.4,0.40460637,1,0.4046063721179962,0.4046063721179962
1.4+6.0,6.0,1.4,0.263435,1,0.2634350061416626,0.2634350061416626
1.4+6.2,6.2,1.4,,0,,
1.4+6.4,6.4,1.4,,0,,
1.4+6.6,6.6,1.4,,0,,
1.4+6.8,6.8,1.4,,0,,
1.4+7.0,7.0,1.4,,0,,
1.4+7.2,7.2,1.4,,0,,
1.4+7.4,7.4,1.4,,0,,
1.4+7.6,7.6,1.4,,0,,
1.4+7.8,7.8,1.4,,0,,
1.4+8.0,8.0,1.4,,0,,
1.4+8.2,8.2,1.4,,0,,
1.4+8.4,8.4,1.4,,0,,
1.4+8.6,8.6,1.4,,0,,
1.4+8.8,8.8,1.4,,0,,
1.4+9.0,9.0,1.4,,0,,
1.4+9.2,9.2,1.4,,0,,
1.4+9.4,9.4,1.4,,0,,
1.4+9.6,9.6,1.4,,0,,
1.6+-0.2,-0.2,1.6,-0.09846616,25,-0.12985064089298248,-0.05106482282280922
1.6+-0.4,-0.4,1.6,-0.04111607,20,-0.21173053234815598,0.06362018547952175
1.6+-0.6,-0.6,1.6,-0.07786187,14,-0.23265990614891052,0.03881314373575151
1.6+-0.8,-0.8,1.6,0.022330582,15,-0.10538038983941078,0.10708833858370781
1.6+-1.0,-1.0,1.6,-0.090879574,7,-0.1698138564825058,0.18933577090501785
1.6+-1.2,-1.2,1.6,-0.2555133,3,-0.2608742117881775,-0.17068669199943542
1.6+-1.4,-1.4,1.6,,0,,
1.6+-1.6,-1.6,1.6,,0,,
1.6+-1.8,-1.8,1.6,,0,,
1.6+-2.0,-2.0,1.6,,0,,
1.6+-2.2,-2.2,1.6,,0,,
1.6+-2.4,-2.4,1.6,,0,,
1.6+-2.6,-2.6,1.6,,0,,
1.6+-2.8,-2.8,1.6,,0,,
1.6+-3.0,-3.0,1.6,,0,,
1.6+-3.2,-3.2,1.6,,0,,
1.6+-3.4,-3.4,1.6,,0,,
1.6+-3.6,-3.6,1.6,,0,,
1.6+-3.8,-3.8,1.6,,0,,
1.6+-4.0,-4.0,1.6,,0,,
1.6+-4.2,-4.2,1.6,,0,,
1.6+-4.4,-4.4,1.6,,0,,
1.6+-4.6,-4.6,1.6,,0,,
1.6+-4.8,-4.8,1.6,,0,,
1.6+-5.0,-5.0,1.6,,0,,
1.6+-5.2,-5.2,1.6,,0,,
1.6+-5.4,-5.4,1.6,,0,,
1.6+-5.6,-5.6,1.6,,0,,
1.6+-5.8,-5.8,1.6,,0,,
1.6+-6.0,-6.0,1.6,,0,,
1.6+-6.2,-6.2,1.6,,0,,
1.6+-6.4,-6.4,1.6,,0,,
1.6+-6.6,-6.6,1.6,,0,,
1.6+-6.8,-6.8,1.6,,0,,
1.6+-7.0,-7.0,1.6,,0,,
1.6+-7.2,-7.2,1.6,,0,,
1.6+-7.4,-7.4,1.6,,0,,
1.6+-7.6,-7.6,1.6,,0,,
1.6+-7.8,-7.8,1.6,,0,,
1.6+-8.0,-8.0,1.6,,0,,
1.6+0.0,0.0,1.6,-0.036565587,35,-0.14350783079862595,0.10979754850268364
1.6+0.2,0.2,1.6,0.007400713,43,-0.08104636892676353,0.16280321031808853
1.6+0.4,0.4,1.6,0.05081388,65,-0.10805534571409225,0.15116721391677856
1.6+0.6,0.6,1.6,0.12798662,77,-0.013209785334765911,0.24455389380455017
1.6+0.8,0.8,1.6,0.13675009,85,0.03555465117096901,0.25197601318359375
1.6+1.0,1.0,1.6,0.23288198,95,0.07033956795930862,0.339870423078537
1.6+1.2,1.2,1.6,0.26877493,99,0.12932994216680527,0.41866323351860046
1.6+1.4,1.4,1.6,0.33200336,104,0.202655378729105,0.48749684542417526
1.6+1.6,1.6,1.6,0.36952442,108,0.22936678305268288,0.5192309767007828
1.6+1.8,1.8,1.6,0.3975945,109,0.2497711181640625,0.548102080821991
1.6+2.0,2.0,1.6,0.4748358,113,0.3308457136154175,0.6221692562103271
1.6+2.2,2.2,1.6,0.54422235,113,0.34954750537872314,0.6946913599967957
1.6+2.4,2.4,1.6,0.62159854,109,0.418515682220459,0.7422391176223755
1.6+2.6,2.6,1.6,0.68206227,106,0.45895109325647354,0.832757979631424
1.6+2.8,2.8,1.6,0.72929764,96,0.5461117774248123,0.9091853350400925
1.6+3.0,3.0,1.6,0.8033854,75,0.6251788437366486,0.9304149448871613
1.6+3.2,3.2,1.6,0.85420084,51,0.6591854691505432,0.9966956079006195
1.6+3.4,3.4,1.6,0.8057462,41,0.7075766324996948,1.071415662765503
1.6+3.6,3.6,1.6,0.82481086,24,0.7109769880771637,1.0076960325241089
1.6+3.8,3.8,1.6,0.80828315,16,0.7271493077278137,1.0877483785152435
1.6+4.0,4.0,1.6,0.6504982,9,0.6242719888687134,0.920316219329834
1.6+4.2,4.2,1.6,0.6453732,6,0.515169307589531,0.8347792774438858
1.6+4.4,4.4,1.6,0.7598107,5,0.5969361066818237,0.8853662014007568
1.6+4.6,4.6,1.6,0.7120919,5,0.5968852043151855,0.9760194420814514
1.6+4.8,4.8,1.6,0.44952708,2,0.4494217112660408,0.4496324881911278
1.6+5.0,5.0,1.6,0.8744291,2,0.6245649680495262,1.1242932751774788
1.6+5.2,5.2,1.6,0.7975217,2,0.5538902133703232,1.0411532670259476
1.6+5.4,5.4,1.6,0.9212409,2,0.6573423147201538,1.185139536857605
1.6+5.6,5.6,1.6,0.7883125,2,0.598114937543869,0.9785100519657135
1.6+5.8,5.8,1.6,0.8957828,2,0.7008490711450577,1.0907165259122849
1.6+6.0,6.0,1.6,0.35667098,1,0.35667097568511963,0.35667097568511963
1.6+6.2,6.2,1.6,0.46879667,1,0.46879667043685913,0.46879667043685913
1.6+6.4,6.4,1.6,,0,,
1.6+6.6,6.6,1.6,,0,,
1.6+6.8,6.8,1.6,,0,,
1.6+7.0,7.0,1.6,,0,,
1.6+7.2,7.2,1.6,,0,,
1.6+7.4,7.4,1.6,,0,,
1.6+7.6,7.6,1.6,,0,,
1.6+7.8,7.8,1.6,,0,,
1.6+8.0,8.0,1.6,,0,,
1.6+8.2,8.2,1.6,,0,,
1.6+8.4,8.4,1.6,,0,,
1.6+8.6,8.6,1.6,,0,,
1.6+8.8,8.8,1.6,,0,,
1.6+9.0,9.0,1.6,,0,,
1.6+9.2,9.2,1.6,,0,,
1.6+9.4,9.4,1.6,,0,,
1.6+9.6,9.6,1.6,,0,,
1.8+-0.2,-0.2,1.8,-0.059414867,13,-0.11438150703907013,0.09747489541769028
1.8+-0.4,-0.4,1.8,-0.023926202,12,-0.11624372191727161,0.04248502757400274
1.8+-0.6,-0.6,1.8,-0.015435914,11,-0.044991315342485905,0.042879657819867134
1.8+-0.8,-0.8,1.8,-0.051397003,9,-0.10867318511009216,0.12798118591308594
1.8+-1.0,-1.0,1.8,-0.064995654,6,-0.16534615494310856,0.07209857529960573
1.8+-1.2,-1.2,1.8,-0.077856466,2,-0.20534851402044296,0.04963558167219162
1.8+-1.4,-1.4,1.8,-0.30483982,1,-0.3048398196697235,-0.3048398196697235
1.8+-1.6,-1.6,1.8,,0,,
1.8+-1.8,-1.8,1.8,0.059121132,1,0.059121131896972656,0.059121131896972656
1.8+-2.0,-2.0,1.8,,0,,
1.8+-2.2,-2.2,1.8,,0,,
1.8+-2.4,-2.4,1.8,,0,,
1.8+-2.6,-2.6,1.8,,0,,
1.8+-2.8,-2.8,1.8,,0,,
1.8+-3.0,-3.0,1.8,,0,,
1.8+-3.2,-3.2,1.8,,0,,
1.8+-3.4,-3.4,1.8,,0,,
1.8+-3.6,-3.6,1.8,,0,,
1.8+-3.8,-3.8,1.8,,0,,
1.8+-4.0,-4.0,1.8,,0,,
1.8+-4.2,-4.2,1.8,,0,,
1.8+-4.4,-4.4,1.8,,0,,
1.8+-4.6,-4.6,1.8,,0,,
1.8+-4.8,-4.8,1.8,,0,,
1.8+-5.0,-5.0,1.8,,0,,
1.8+-5.2,-5.2,1.8,,0,,
1.8+-5.4,-5.4,1.8,,0,,
1.8+-5.6,-5.6,1.8,,0,,
1.8+-5.8,-5.8,1.8,,0,,
1.8+-6.0,-6.0,1.8,,0,,
1.8+-6.2,-6.2,1.8,,0,,
1.8+-6.4,-6.4,1.8,,0,,
1.8+-6.6,-6.6,1.8,,0,,
1.8+-6.8,-6.8,1.8,,0,,
1.8+-7.0,-7.0,1.8,,0,,
1.8+-7.2,-7.2,1.8,,0,,
1.8+-7.4,-7.4,1.8,,0,,
1.8+-7.6,-7.6,1.8,,0,,
1.8+-7.8,-7.8,1.8,,0,,
1.8+-8.0,-8.0,1.8,,0,,
1.8+0.0,0.0,1.8,0.10962744,14,-0.03587570507079363,0.2253573313355446
1.8+0.2,0.2,1.8,0.02749658,25,-0.11613418906927109,0.2004513442516327
1.8+0.4,0.4,1.8,0.0441304,33,-0.0685383602976799,0.14861710369586945
1.8+0.6,0.6,1.8,0.11040588,43,-0.03412294667214155,0.22738145291805267
1.8+0.8,0.8,1.8,0.15499254,60,-0.030791018158197403,0.2720766216516495
1.8+1.0,1.0,1.8,0.2134881,66,0.06453161686658859,0.3315146192908287
1.8+1.2,1.2,1.8,0.27253354,73,0.1438315361738205,0.41590529680252075
1.8+1.4,1.4,1.8,0.31527427,87,0.17596998810768127,0.4879331588745117
1.8+1.6,1.6,1.8,0.3658935,89,0.22684302926063538,0.5180366039276123
1.8+1.8,1.8,1.8,0.43514088,97,0.26510506868362427,0.5897210836410522
1.8+2.0,2.0,1.8,0.49402183,97,0.3316633999347687,0.6937071084976196
1.8+2.2,2.2,1.8,0.563887,101,0.366333544254303,0.7050021886825562
1.8+2.4,2.4,1.8,0.59465986,100,0.4367028772830963,0.7505941689014435
1.8+2.6,2.6,1.8,0.6564883,100,0.4900030493736267,0.8165545016527176
1.8+2.8,2.8,1.8,0.6944694,101,0.5324795246124268,0.8417434692382812
1.8+3.0,3.0,1.8,0.7719699,96,0.5801597833633423,0.9423070400953293
1.8+3.2,3.2,1.8,0.8320124,79,0.6428947448730469,0.9648824036121368
1.8+3.4,3.4,1.8,0.8675915,57,0.7022015452384949,0.9781612753868103
1.8+3.6,3.6,1.8,0.852668,44,0.6868654489517212,1.067550927400589
1.8+3.8,3.8,1.8,0.92862654,30,0.696038544178009,1.0938441157341003
1.8+4.0,4.0,1.8,0.8430561,18,0.6241674274206161,1.0381408333778381
1.8+4.2,4.2,1.8,0.85315776,13,0.5304737091064453,1.1712185144424438
1.8+4.4,4.4,1.8,0.9626131,6,0.4310360699892044,1.345846951007843
1.8+4.6,4.6,1.8,0.7854115,8,0.6325303018093109,0.9580255746841431
1.8+4.8,4.8,1.8,0.66353065,3,0.5057419240474701,0.8329504430294037
1.8+5.0,5.0,1.8,0.8037577,3,0.59305839240551,0.8479659259319305
1.8+5.2,5.2,1.8,0.5939536,2,0.522231325507164,0.6656759530305862
1.8+5.4,5.4,1.8,0.5797184,2,0.48865678161382675,0.6707800701260567
1.8+5.6,5.6,1.8,0.46810335,1,0.4681033492088318,0.4681033492088318
1.8+5.8,5.8,1.8,,0,,
1.8+6.0,6.0,1.8,0.40962464,1,0.4096246361732483,0.4096246361732483
1.8+6.2,6.2,1.8,0.48709324,1,0.4870932400226593,0.4870932400226593
1.8+6.4,6.4,1.8,0.49585265,1,0.49585264921188354,0.49585264921188354
1.8+6.6,6.6,1.8,,0,,
1.8+6.8,6.8,1.8,,0,,
1.8+7.0,7.0,1.8,,0,,
1.8+7.2,7.2,1.8,,0,,
1.8+7.4,7.4,1.8,,0,,
1.8+7.6,7.6,1.8,,0,,
1.8+7.8,7.8,1.8,,0,,
1.8+8.0,8.0,1.8,,0,,
1.8+8.2,8.2,1.8,,0,,
1.8+8.4,8.4,1.8,,0,,
1.8+8.6,8.6,1.8,,0,,
1.8+8.8,8.8,1.8,,0,,
1.8+9.0,9.0,1.8,,0,,
1.8+9.2,9.2,1.8,,0,,
1.8+9.4,9.4,1.8,,0,,
1.8+9.6,9.6,1.8,,0,,
2.0+-0.2,-0.2,2.0,-0.05957722,10,-0.1367416102439165,0.02019387250766158
2.0+-0.4,-0.4,2.0,0.049639642,9,-0.13185082376003265,0.2510314881801605
2.0+-0.6,-0.6,2.0,-0.016339071,6,-0.07547489926218987,0.03370355744846165
2.0+-0.8,-0.8,2.0,0.04716972,9,0.014424105174839497,0.14921115338802338
2.0+-1.0,-1.0,2.0,-0.04040567,5,-0.04455175623297691,0.12018289417028427
2.0+-1.2,-1.2,2.0,0.11023443,2,-0.041229214519262314,0.26169807836413383
2.0+-1.4,-1.4,2.0,,0,,
2.0+-1.6,-1.6,2.0,-0.64303666,1,-0.6430366635322571,-0.6430366635322571
2.0+-1.8,-1.8,2.0,-0.112056985,1,-0.11205698549747467,-0.11205698549747467
2.0+-2.0,-2.0,2.0,,0,,
2.0+-2.2,-2.2,2.0,,0,,
2.0+-2.4,-2.4,2.0,,0,,
2.0+-2.6,-2.6,2.0,,0,,
2.0+-2.8,-2.8,2.0,,0,,
2.0+-3.0,-3.0,2.0,,0,,
2.0+-3.2,-3.2,2.0,,0,,
2.0+-3.4,-3.4,2.0,,0,,
2.0+-3.6,-3.6,2.0,,0,,
2.0+-3.8,-3.8,2.0,,0,,
2.0+-4.0,-4.0,2.0,,0,,
2.0+-4.2,-4.2,2.0,,0,,
2.0+-4.4,-4.4,2.0,,0,,
2.0+-4.6,-4.6,2.0,,0,,
2.0+-4.8,-4.8,2.0,,0,,
2.0+-5.0,-5.0,2.0,,0,,
2.0+-5.2,-5.2,2.0,,0,,
2.0+-5.4,-5.4,2.0,,0,,
2.0+-5.6,-5.6,2.0,,0,,
2.0+-5.8,-5.8,2.0,,0,,
2.0+-6.0,-6.0,2.0,,0,,
2.0+-6.2,-6.2,2.0,,0,,
2.0+-6.4,-6.4,2.0,,0,,
2.0+-6.6,-6.6,2.0,,0,,
2.0+-6.8,-6.8,2.0,,0,,
2.0+-7.0,-7.0,2.0,,0,,
2.0+-7.2,-7.2,2.0,,0,,
2.0+-7.4,-7.4,2.0,,0,,
2.0+-7.6,-7.6,2.0,,0,,
2.0+-7.8,-7.8,2.0,,0,,
2.0+-8.0,-8.0,2.0,,0,,
2.0+0.0,0.0,2.0,-0.058050796,10,-0.1976228468120098,0.07781204942148179
2.0+0.2,0.2,2.0,0.019658482,9,-0.009456591680645943,0.08933430165052414
2.0+0.4,0.4,2.0,0.06327796,14,-0.07282972132088616,0.17711815237998962
2.0+0.6,0.6,2.0,0.15916902,20,0.010304151335731149,0.31076134741306305
2.0+0.8,0.8,2.0,0.08933136,25,-0.009379465132951736,0.26246926188468933
2.0+1.0,1.0,2.0,0.15860233,33,0.0641859695315361,0.3200535178184509
2.0+1.2,1.2,2.0,0.22701758,40,0.06014150381088257,0.37948939949274063
2.0+1.4,1.4,2.0,0.3124098,54,0.14127782359719276,0.40169012546539307
2.0+1.6,1.6,2.0,0.3441075,61,0.22171586751937866,0.4691047668457031
2.0+1.8,1.8,2.0,0.41905648,67,0.24634547531604767,0.6238159239292145
2.0+2.0,2.0,2.0,0.48845482,75,0.2710539549589157,0.6336214542388916
2.0+2.2,2.2,2.0,0.51230407,78,0.3464800715446472,0.6875400394201279
2.0+2.4,2.4,2.0,0.59519887,78,0.3970525190234184,0.7987425923347473
2.0+2.6,2.6,2.0,0.67762065,87,0.45564500987529755,0.8446096479892731
2.0+2.8,2.8,2.0,0.7063497,88,0.4762120246887207,0.8612992912530899
2.0+3.0,3.0,2.0,0.75972784,86,0.5474322885274887,0.9442778527736664
2.0+3.2,3.2,2.0,0.7991866,83,0.5869556367397308,0.9630502462387085
2.0+3.4,3.4,2.0,0.818589,72,0.6358602792024612,0.9991379082202911
2.0+3.6,3.6,2.0,0.89788944,63,0.6600649654865265,1.0805780291557312
2.0+3.8,3.8,2.0,0.84629095,44,0.6803063005208969,1.143684446811676
2.0+4.0,4.0,2.0,0.94152266,27,0.7545223236083984,1.1667269468307495
2.0+4.2,4.2,2.0,0.8290556,20,0.6817956268787384,1.0454816222190857
2.0+4.4,4.4,2.0,0.75693303,15,0.5196780264377594,0.9577969312667847
2.0+4.6,4.6,2.0,0.96163714,10,0.5293708294630051,1.3459201157093048
2.0+4.8,4.8,2.0,1.045095,8,0.7162974774837494,1.4273349940776825
2.0+5.0,5.0,2.0,0.85320866,7,0.5746331214904785,1.1676357984542847
2.0+5.2,5.2,2.0,0.62127006,4,0.4530644863843918,0.779459074139595
2.0+5.4,5.4,2.0,0.3101222,1,0.31012219190597534,0.31012219190597534
2.0+5.6,5.6,2.0,0.37905532,1,0.37905532121658325,0.37905532121658325
2.0+5.8,5.8,2.0,0.4091781,1,0.40917810797691345,0.40917810797691345
2.0+6.0,6.0,2.0,0.39415646,1,0.39415645599365234,0.39415645599365234
2.0+6.2,6.2,2.0,0.34008342,1,0.34008342027664185,0.34008342027664185
2.0+6.4,6.4,2.0,0.37245384,1,0.37245383858680725,0.37245383858680725
2.0+6.6,6.6,2.0,,0,,
2.0+6.8,6.8,2.0,,0,,
2.0+7.0,7.0,2.0,,0,,
2.0+7.2,7.2,2.0,,0,,
2.0+7.4,7.4,2.0,,0,,
2.0+7.6,7.6,2.0,,0,,
2.0+7.8,7.8,2.0,,0,,
2.0+8.0,8.0,2.0,,0,,
2.0+8.2,8.2,2.0,,0,,
2.0+8.4,8.4,2.0,,0,,
2.0+8.6,8.6,2.0,,0,,
2.0+8.8,8.8,2.0,,0,,
2.0+9.0,9.0,2.0,,0,,
2.0+9.2,9.2,2.0,,0,,
2.0+9.4,9.4,2.0,,0,,
2.0+9.6,9.6,2.0,,0,,
2.2+-0.2,-0.2,2.2,-0.014131269,5,-0.09512435644865036,0.0799073800444603
2.2+-0.4,-0.4,2.2,0.030722503,5,-0.16223770380020142,0.03985403850674629
2.2+-0.6,-0.6,2.2,0.14145571,4,0.0598728284239769,0.17343316227197647
2.2+-0.8,-0.8,2.2,0.008284139,4,-0.05503197247162461,0.06147422920912504
2.2+-1.0,-1.0,2.2,0.08397962,2,0.07095254585146904,0.09700669720768929
2.2+-1.2,-1.2,2.2,0.22193705,2,-0.010721676051616669,0.45459576696157455
2.2+-1.4,-1.4,2.2,-0.13858637,1,-0.1385863721370697,-0.1385863721370697
2.2+-1.6,-1.6,2.2,-0.3411178,1,-0.341117799282074,-0.341117799282074
2.2+-1.8,-1.8,2.2,0.13145049,1,0.13145048916339874,0.13145048916339874
2.2+-2.0,-2.0,2.2,,0,,
2.2+-2.2,-2.2,2.2,,0,,
2.2+-2.4,-2.4,2.2,,0,,
2.2+-2.6,-2.6,2.2,,0,,
2.2+-2.8,-2.8,2.2,,0,,
2.2+-3.0,-3.0,2.2,,0,,
2.2+-3.2,-3.2,2.2,,0,,
2.2+-3.4,-3.4,2.2,,0,,
2.2+-3.6,-3.6,2.2,,0,,
2.2+-3.8,-3.8,2.2,,0,,
2.2+-4.0,-4.0,2.2,,0,,
2.2+-4.2,-4.2,2.2,,0,,
2.2+-4.4,-4.4,2.2,,0,,
2.2+-4.6,-4.6,2.2,,0,,
2.2+-4.8,-4.8,2.2,,0,,
2.2+-5.0,-5.0,2.2,,0,,
2.2+-5.2,-5.2,2.2,,0,,
2.2+-5.4,-5.4,2.2,,0,,
2.2+-5.6,-5.6,2.2,,0,,
2.2+-5.8,-5.8,2.2,,0,,
2.2+-6.0,-6.0,2.2,,0,,
2.2+-6.2,-6.2,2.2,,0,,
2.2+-6.4,-6.4,2.2,,0,,
2.2+-6.6,-6.6,2.2,,0,,
2.2+-6.8,-6.8,2.2,,0,,
2.2+-7.0,-7.0,2.2,,0,,
2.2+-7.2,-7.2,2.2,,0,,
2.2+-7.4,-7.4,2.2,,0,,
2.2+-7.6,-7.6,2.2,,0,,
2.2+-7.8,-7.8,2.2,,0,,
2.2+-8.0,-8.0,2.2,,0,,
2.2+0.0,0.0,2.2,0.11671409,7,0.036697677336633205,0.12898454070091248
2.2+0.2,0.2,2.2,-0.044595357,7,-0.19329458475112915,0.22148272208869457
2.2+0.4,0.4,2.2,0.098070905,11,-0.0481509193778038,0.21056648343801498
2.2+0.6,0.6,2.2,0.15133926,12,0.04117358382791281,0.2547386363148689
2.2+0.8,0.8,2.2,0.23400965,14,0.03492049500346184,0.34916888922452927
2.2+1.0,1.0,2.2,0.30339754,16,0.128063783980906,0.42258182913064957
2.2+1.2,1.2,2.2,0.2428194,21,0.042049236595630646,0.43770137429237366
2.2+1.4,1.4,2.2,0.26721996,23,0.1372731626033783,0.41524285078048706
2.2+1.6,1.6,2.2,0.4039527,30,0.2686085030436516,0.5328871160745621
2.2+1.8,1.8,2.2,0.45500222,35,0.2128397598862648,0.5680223703384399
2.2+2.0,2.0,2.2,0.46079773,40,0.2905953899025917,0.6174049973487854
2.2+2.2,2.2,2.2,0.5020764,44,0.3804706558585167,0.6763434708118439
2.2+2.4,2.4,2.2,0.59877264,56,0.344692163169384,0.7706894278526306
2.2+2.6,2.6,2.2,0.6041886,57,0.41182413697242737,0.8757079243659973
2.2+2.8,2.8,2.2,0.65762097,61,0.47549864649772644,0.8671022653579712
2.2+3.0,3.0,2.2,0.69903815,68,0.5039530992507935,0.9382357150316238
2.2+3.2,3.2,2.2,0.7977718,68,0.6196191906929016,0.9323932379484177
2.2+3.4,3.4,2.2,0.8270618,65,0.6518086791038513,1.0105526447296143
2.2+3.6,3.6,2.2,0.86793953,67,0.6665554642677307,1.0599814057350159
2.2+3.8,3.8,2.2,0.8735867,56,0.6550689786672592,1.0817620158195496
2.2+4.0,4.0,2.2,0.86890614,43,0.7416586875915527,1.1120537519454956
2.2+4.2,4.2,2.2,0.8959986,33,0.7267827987670898,1.0771129131317139
2.2+4.4,4.4,2.2,0.9107089,21,0.6217391490936279,1.1557252407073975
2.2+4.6,4.6,2.2,0.66026413,14,0.553582563996315,0.9023440927267075
2.2+4.8,4.8,2.2,0.88125455,11,0.6057023406028748,1.0960047245025635
2.2+5.0,5.0,2.2,0.86463356,7,0.7414380609989166,1.2762764692306519
2.2+5.2,5.2,2.2,0.9217761,7,0.4882299304008484,1.356465756893158
2.2+5.4,5.4,2.2,0.6904465,5,0.3977533280849457,1.4170950651168823
2.2+5.6,5.6,2.2,0.30721602,1,0.30721601843833923,0.30721601843833923
2.2+5.8,5.8,2.2,0.890425,2,0.6254535391926765,1.1553964838385582
2.2+6.0,6.0,2.2,0.9568548,2,0.6459749788045883,1.2677347213029861
2.2+6.2,6.2,2.2,0.36455604,1,0.36455604434013367,0.36455604434013367
2.2+6.4,6.4,2.2,0.3081574,1,0.30815741419792175,0.30815741419792175
2.2+6.6,6.6,2.2,0.3684117,1,0.36841168999671936,0.36841168999671936
2.2+6.8,6.8,2.2,0.37999803,1,0.37999802827835083,0.37999802827835083
2.2+7.0,7.0,2.2,,0,,
2.2+7.2,7.2,2.2,0.41238678,1,0.41238677501678467,0.41238677501678467
2.2+7.4,7.4,2.2,0.45558497,1,0.45558497309684753,0.45558497309684753
2.2+7.6,7.6,2.2,0.43668637,1,0.43668636679649353,0.43668636679649353
2.2+7.8,7.8,2.2,0.46039355,1,0.4603935480117798,0.4603935480117798
2.2+8.0,8.0,2.2,,0,,
2.2+8.2,8.2,2.2,,0,,
2.2+8.4,8.4,2.2,,0,,
2.2+8.6,8.6,2.2,,0,,
2.2+8.8,8.8,2.2,,0,,
2.2+9.0,9.0,2.2,,0,,
2.2+9.2,9.2,2.2,,0,,
2.2+9.4,9.4,2.2,,0,,
2.2+9.6,9.6,2.2,,0,,
2.4+-0.2,-0.2,2.4,-0.039915852,4,-0.13335871510207653,0.044422962702810764
2.4+-0.4,-0.4,2.4,0.030830596,2,0.00336627708747983,0.058294912334531546
2.4+-0.6,-0.6,2.4,0.14856577,2,0.11215195618569851,0.18497958965599537
2.4+-0.8,-0.8,2.4,0.22241002,2,0.11422354681417346,0.330596508923918
2.4+-1.0,-1.0,2.4,-0.31327632,2,-0.6532231420278549,0.02667050063610077
2.4+-1.2,-1.2,2.4,-0.39985907,3,-0.49421435594558716,0.0014543235301971436
2.4+-1.4,-1.4,2.4,-0.13820046,1,-0.13820046186447144,-0.13820046186447144
2.4+-1.6,-1.6,2.4,,0,,
2.4+-1.8,-1.8,2.4,0.59217346,1,0.5921734571456909,0.5921734571456909
2.4+-2.0,-2.0,2.4,,0,,
2.4+-2.2,-2.2,2.4,,0,,
2.4+-2.4,-2.4,2.4,,0,,
2.4+-2.6,-2.6,2.4,,0,,
2.4+-2.8,-2.8,2.4,,0,,
2.4+-3.0,-3.0,2.4,,0,,
2.4+-3.2,-3.2,2.4,,0,,
2.4+-3.4,-3.4,2.4,,0,,
2.4+-3.6,-3.6,2.4,,0,,
2.4+-3.8,-3.8,2.4,,0,,
2.4+-4.0,-4.0,2.4,,0,,
2.4+-4.2,-4.2,2.4,,0,,
2.4+-4.4,-4.4,2.4,,0,,
2.4+-4.6,-4.6,2.4,,0,,
2.4+-4.8,-4.8,2.4,,0,,
2.4+-5.0,-5.0,2.4,,0,,
2.4+-5.2,-5.2,2.4,,0,,
2.4+-5.4,-5.4,2.4,,0,,
2.4+-5.6,-5.6,2.4,,0,,
2.4+-5.8,-5.8,2.4,,0,,
2.4+-6.0,-6.0,2.4,,0,,
2.4+-6.2,-6.2,2.4,,0,,
2.4+-6.4,-6.4,2.4,,0,,
2.4+-6.6,-6.6,2.4,,0,,
2.4+-6.8,-6.8,2.4,,0,,
2.4+-7.0,-7.0,2.4,,0,,
2.4+-7.2,-7.2,2.4,,0,,
2.4+-7.4,-7.4,2.4,,0,,
2.4+-7.6,-7.6,2.4,,0,,
2.4+-7.8,-7.8,2.4,,0,,
2.4+-8.0,-8.0,2.4,,0,,
2.4+0.0,0.0,2.4,-0.0049505937,5,-0.03501104563474655,0.33569663763046265
2.4+0.2,0.2,2.4,-0.025842493,5,-0.20613989233970642,0.10555119067430496
2.4+0.4,0.4,2.4,-0.055963006,5,-0.0621967688202858,0.2343979924917221
2.4+0.6,0.6,2.4,0.14209618,3,0.04892515018582344,0.20219749957323074
2.4+0.8,0.8,2.4,0.20269018,9,0.03473162651062012,0.28001534938812256
2.4+1.0,1.0,2.4,0.17771861,10,0.04445433337241411,0.3580348417162895
2.4+1.2,1.2,2.4,0.4050086,10,-0.011085553094744682,0.4983920678496361
2.4+1.4,1.4,2.4,0.18913427,15,0.10449494421482086,0.38228654861450195
2.4+1.6,1.6,2.4,0.37623394,17,0.23880764842033386,0.5531904697418213
2.4+1.8,1.8,2.4,0.37007293,17,0.2618614137172699,0.5670497417449951
2.4+2.0,2.0,2.4,0.44751674,18,0.39426465332508087,0.49620312452316284
2.4+2.2,2.2,2.4,0.48912448,27,0.26259902119636536,0.7443983256816864
2.4+2.4,2.4,2.4,0.54615027,28,0.3324747085571289,0.716344028711319
2.4+2.6,2.6,2.4,0.6276101,31,0.4886746257543564,0.800085574388504
2.4+2.8,2.8,2.4,0.6521831,34,0.4742506146430969,0.8403114825487137
2.4+3.0,3.0,2.4,0.6330378,37,0.4215381145477295,0.8688594698905945
2.4+3.2,3.2,2.4,0.76412064,44,0.6026793718338013,0.9397042095661163
2.4+3.4,3.4,2.4,0.74850553,49,0.5850685238838196,0.9415018558502197
2.4+3.6,3.6,2.4,0.76857865,45,0.6003313064575195,1.026343584060669
2.4+3.8,3.8,2.4,0.8342571,51,0.6485980451107025,0.9895613789558411
2.4+4.0,4.0,2.4,0.86604995,46,0.7178125083446503,1.0806195735931396
2.4+4.2,4.2,2.4,0.88812244,32,0.6985321640968323,1.025977611541748
2.4+4.4,4.4,2.4,0.92302287,28,0.713049441576004,1.230481892824173
2.4+4.6,4.6,2.4,0.7875109,21,0.6206144094467163,0.9575626850128174
2.4+4.8,4.8,2.4,0.9305668,14,0.7528495788574219,1.1960590779781342
2.4+5.0,5.0,2.4,0.8825267,7,0.7142347395420074,1.3596665561199188
2.4+5.2,5.2,2.4,0.9340329,4,0.8356783539056778,1.2344121038913727
2.4+5.4,5.4,2.4,0.8510532,8,0.7048639059066772,1.0157039016485214
2.4+5.6,5.6,2.4,0.7789152,3,0.6174583584070206,1.4233377277851105
2.4+5.8,5.8,2.4,1.1029882,2,0.8079138696193695,1.3980624973773956
2.4+6.0,6.0,2.4,0.47243637,2,0.4401807487010956,0.5046919882297516
2.4+6.2,6.2,2.4,0.43529847,1,0.43529847264289856,0.43529847264289856
2.4+6.4,6.4,2.4,0.37409475,1,0.37409475445747375,0.37409475445747375
2.4+6.6,6.6,2.4,0.43246767,1,0.43246766924858093,0.43246766924858093
2.4+6.8,6.8,2.4,0.3623191,1,0.36231911182403564,0.36231911182403564
2.4+7.0,7.0,2.4,0.37729558,1,0.377295583486557,0.377295583486557
2.4+7.2,7.2,2.4,0.4453153,1,0.44531530141830444,0.44531530141830444
2.4+7.4,7.4,2.4,0.42808056,1,0.42808055877685547,0.42808055877685547
2.4+7.6,7.6,2.4,0.2607352,1,0.2607352137565613,0.2607352137565613
2.4+7.8,7.8,2.4,0.38174474,1,0.38174474239349365,0.38174474239349365
2.4+8.0,8.0,2.4,,0,,
2.4+8.2,8.2,2.4,,0,,
2.4+8.4,8.4,2.4,,0,,
2.4+8.6,8.6,2.4,,0,,
2.4+8.8,8.8,2.4,,0,,
2.4+9.0,9.0,2.4,,0,,
2.4+9.2,9.2,2.4,,0,,
2.4+9.4,9.4,2.4,,0,,
2.4+9.6,9.6,2.4,,0,,
2.6+-0.2,-0.2,2.6,-0.015288189,2,-0.11337322741746902,0.0827968493103981
2.6+-0.4,-0.4,2.6,-0.25636232,2,-0.3714796081185341,-0.1412450596690178
2.6+-0.6,-0.6,2.6,0.047162384,1,0.047162383794784546,0.047162383794784546
2.6+-0.8,-0.8,2.6,,0,,
2.6+-1.0,-1.0,2.6,,0,,
2.6+-1.2,-1.2,2.6,-0.6810579,1,-0.681057870388031,-0.681057870388031
2.6+-1.4,-1.4,2.6,-0.12897578,1,-0.1289757788181305,-0.1289757788181305
2.6+-1.6,-1.6,2.6,,0,,
2.6+-1.8,-1.8,2.6,0.18810828,1,0.18810828030109406,0.18810828030109406
2.6+-2.0,-2.0,2.6,,0,,
2.6+-2.2,-2.2,2.6,,0,,
2.6+-2.4,-2.4,2.6,,0,,
2.6+-2.6,-2.6,2.6,,0,,
2.6+-2.8,-2.8,2.6,,0,,
2.6+-3.0,-3.0,2.6,,0,,
2.6+-3.2,-3.2,2.6,,0,,
2.6+-3.4,-3.4,2.6,,0,,
2.6+-3.6,-3.6,2.6,,0,,
2.6+-3.8,-3.8,2.6,,0,,
2.6+-4.0,-4.0,2.6,,0,,
2.6+-4.2,-4.2,2.6,,0,,
2.6+-4.4,-4.4,2.6,,0,,
2.6+-4.6,-4.6,2.6,,0,,
2.6+-4.8,-4.8,2.6,,0,,
2.6+-5.0,-5.0,2.6,,0,,
2.6+-5.2,-5.2,2.6,,0,,
2.6+-5.4,-5.4,2.6,,0,,
2.6+-5.6,-5.6,2.6,,0,,
2.6+-5.8,-5.8,2.6,,0,,
2.6+-6.0,-6.0,2.6,,0,,
2.6+-6.2,-6.2,2.6,,0,,
2.6+-6.4,-6.4,2.6,,0,,
2.6+-6.6,-6.6,2.6,,0,,
2.6+-6.8,-6.8,2.6,,0,,
2.6+-7.0,-7.0,2.6,,0,,
2.6+-7.2,-7.2,2.6,,0,,
2.6+-7.4,-7.4,2.6,,0,,
2.6+-7.6,-7.6,2.6,,0,,
2.6+-7.8,-7.8,2.6,,0,,
2.6+-8.0,-8.0,2.6,,0,,
2.6+0.0,0.0,2.6,-0.119020164,4,-0.1776590272784233,-0.08988170977681875
2.6+0.2,0.2,2.6,-0.10420096,2,-0.11411181464791298,-0.0942901037633419
2.6+0.4,0.4,2.6,0.044299193,2,0.017333077732473612,0.07126530585810542
2.6+0.6,0.6,2.6,0.14434162,4,-0.0562589718028903,0.368224062025547
2.6+0.8,0.8,2.6,-0.02973446,3,-0.06694322358816862,0.15230871830135584
2.6+1.0,1.0,2.6,0.34477872,3,0.09988310188055038,0.385520875453949
2.6+1.2,1.2,2.6,0.16190289,6,-0.04909920319914818,0.2610139921307564
2.6+1.4,1.4,2.6,0.29838985,6,0.018001883756369352,0.48098626732826233
2.6+1.6,1.6,2.6,0.39831156,9,0.17068307101726532,0.5064473748207092
2.6+1.8,1.8,2.6,0.49885774,8,0.3964279741048813,0.5496535003185272
2.6+2.0,2.0,2.6,0.48156804,14,0.23878342285752296,0.5369111597537994
2.6+2.2,2.2,2.6,0.53346,13,0.2919239103794098,0.6799823045730591
2.6+2.4,2.4,2.6,0.54805577,16,0.2532348595559597,0.6913847923278809
2.6+2.6,2.6,2.6,0.6161527,18,0.38673239201307297,0.7679590135812759
2.6+2.8,2.8,2.6,0.6997745,22,0.5105691105127335,0.8462786376476288
2.6+3.0,3.0,2.6,0.6473146,21,0.4760485291481018,0.8880226612091064
2.6+3.2,3.2,2.6,0.85995215,27,0.6123940050601959,1.0535532236099243
2.6+3.4,3.4,2.6,0.8411014,31,0.6255525350570679,1.1127230525016785
2.6+3.6,3.6,2.6,0.81102604,29,0.6185132265090942,0.9571882486343384
2.6+3.8,3.8,2.6,0.8629425,29,0.6998422145843506,1.001046061515808
2.6+4.0,4.0,2.6,0.88352084,31,0.7162962555885315,1.0333406925201416
2.6+4.2,4.2,2.6,0.9200482,31,0.7948937714099884,1.1927886009216309
2.6+4.4,4.4,2.6,0.87906456,26,0.7432845681905746,1.1194803416728973
2.6+4.6,4.6,2.6,1.0136147,26,0.8966756910085678,1.1663935780525208
2.6+4.8,4.8,2.6,0.9047923,16,0.7684655487537384,1.016469657421112
2.6+5.0,5.0,2.6,0.9495949,9,0.7968088388442993,1.2030298709869385
2.6+5.2,5.2,2.6,0.6896094,11,0.40199995040893555,0.9631996750831604
2.6+5.4,5.4,2.6,0.9571164,6,0.3917117491364479,1.1887857913970947
2.6+5.6,5.6,2.6,0.812134,5,0.740693211555481,1.1217480897903442
2.6+5.8,5.8,2.6,1.1321706,1,1.132170557975769,1.132170557975769
2.6+6.0,6.0,2.6,0.86407506,3,0.6588373631238937,0.9050738215446472
2.6+6.2,6.2,2.6,0.50027704,1,0.500277042388916,0.500277042388916
2.6+6.4,6.4,2.6,,0,,
2.6+6.6,6.6,2.6,,0,,
2.6+6.8,6.8,2.6,,0,,
2.6+7.0,7.0,2.6,,0,,
2.6+7.2,7.2,2.6,,0,,
2.6+7.4,7.4,2.6,,0,,
2.6+7.6,7.6,2.6,,0,,
2.6+7.8,7.8,2.6,,0,,
2.6+8.0,8.0,2.6,0.43777895,1,0.43777894973754883,0.43777894973754883
2.6+8.2,8.2,2.6,,0,,
2.6+8.4,8.4,2.6,,0,,
2.6+8.6,8.6,2.6,,0,,
2.6+8.8,8.8,2.6,,0,,
2.6+9.0,9.0,2.6,,0,,
2.6+9.2,9.2,2.6,,0,,
2.6+9.4,9.4,2.6,,0,,
2.6+9.6,9.6,2.6,,0,,
2.8+-0.2,-0.2,2.8,,0,,
2.8+-0.4,-0.4,2.8,,0,,
2.8+-0.6,-0.6,2.8,,0,,
2.8+-0.8,-0.8,2.8,,0,,
2.8+-1.0,-1.0,2.8,,0,,
2.8+-1.2,-1.2,2.8,-0.5104468,1,-0.5104467868804932,-0.5104467868804932
2.8+-1.4,-1.4,2.8,,0,,
2.8+-1.6,-1.6,2.8,,0,,
2.8+-1.8,-1.8,2.8,,0,,
2.8+-2.0,-2.0,2.8,,0,,
2.8+-2.2,-2.2,2.8,,0,,
2.8+-2.4,-2.4,2.8,,0,,
2.8+-2.6,-2.6,2.8,,0,,
2.8+-2.8,-2.8,2.8,,0,,
2.8+-3.0,-3.0,2.8,,0,,
2.8+-3.2,-3.2,2.8,,0,,
2.8+-3.4,-3.4,2.8,,0,,
2.8+-3.6,-3.6,2.8,,0,,
2.8+-3.8,-3.8,2.8,,0,,
2.8+-4.0,-4.0,2.8,,0,,
2.8+-4.2,-4.2,2.8,,0,,
2.8+-4.4,-4.4,2.8,,0,,
2.8+-4.6,-4.6,2.8,,0,,
2.8+-4.8,-4.8,2.8,,0,,
2.8+-5.0,-5.0,2.8,,0,,
2.8+-5.2,-5.2,2.8,,0,,
2.8+-5.4,-5.4,2.8,,0,,
2.8+-5.6,-5.6,2.8,,0,,
2.8+-5.8,-5.8,2.8,,0,,
2.8+-6.0,-6.0,2.8,,0,,
2.8+-6.2,-6.2,2.8,,0,,
2.8+-6.4,-6.4,2.8,,0,,
2.8+-6.6,-6.6,2.8,,0,,
2.8+-6.8,-6.8,2.8,,0,,
2.8+-7.0,-7.0,2.8,,0,,
2.8+-7.2,-7.2,2.8,,0,,
2.8+-7.4,-7.4,2.8,,0,,
2.8+-7.6,-7.6,2.8,,0,,
2.8+-7.8,-7.8,2.8,,0,,
2.8+-8.0,-8.0,2.8,,0,,
2.8+0.0,0.0,2.8,0.3602303,1,0.36023029685020447,0.36023029685020447
2.8+0.2,0.2,2.8,0.02077706,1,0.020777059718966484,0.020777059718966484
2.8+0.4,0.4,2.8,0.15439734,2,0.14187271520495415,0.1669219471514225
2.8+0.6,0.6,2.8,0.12635443,3,-0.029373861849308014,0.2678458094596863
2.8+0.8,0.8,2.8,-0.02393493,1,-0.023934930562973022,-0.023934930562973022
2.8+1.0,1.0,2.8,-0.07086684,2,-0.2552468851208687,0.11351320892572403
2.8+1.2,1.2,2.8,0.29581457,1,0.295814573764801,0.295814573764801
2.8+1.4,1.4,2.8,0.049518097,2,-0.017700525000691414,0.11673671938478947
2.8+1.6,1.6,2.8,0.12007236,1,0.12007235735654831,0.12007235735654831
2.8+1.8,1.8,2.8,0.16674247,5,-0.037829965353012085,0.29037046432495117
2.8+2.0,2.0,2.8,0.62138677,4,0.4556644558906555,0.8161797076463699
2.8+2.2,2.2,2.8,0.42963466,5,0.32834482192993164,0.5921434164047241
2.8+2.4,2.4,2.8,0.6083597,9,0.4692884087562561,0.7756936550140381
2.8+2.6,2.6,2.8,0.6693644,10,0.4438963383436203,0.835562527179718
2.8+2.8,2.8,2.8,0.6220544,9,0.39003220200538635,0.860011637210846
2.8+3.0,3.0,2.8,0.6768215,11,0.5955387055873871,0.8623967468738556
2.8+3.2,3.2,2.8,0.8507201,12,0.6950385570526123,0.9866931736469269
2.8+3.4,3.4,2.8,0.8152932,17,0.600972056388855,1.0383098125457764
2.8+3.6,3.6,2.8,0.8077913,19,0.6914665400981903,0.9375011920928955
2.8+3.8,3.8,2.8,0.8922225,21,0.7977302670478821,1.0386298894882202
2.8+4.0,4.0,2.8,0.9289471,20,0.8028634786605835,1.1604631543159485
2.8+4.2,4.2,2.8,0.8564079,22,0.7371464818716049,0.9901668280363083
2.8+4.4,4.4,2.8,0.95518696,19,0.8639311194419861,1.0972225666046143
2.8+4.6,4.6,2.8,0.9079128,24,0.7511090636253357,1.1792124509811401
2.8+4.8,4.8,2.8,0.969346,19,0.8933781683444977,1.229597568511963
2.8+5.0,5.0,2.8,0.9431808,14,0.819579154253006,1.1184568405151367
2.8+5.2,5.2,2.8,0.9500941,12,0.8292780965566635,1.0501368939876556
2.8+5.4,5.4,2.8,0.9178612,8,0.6443173438310623,0.9741191267967224
2.8+5.6,5.6,2.8,1.0720378,3,0.9798325598239899,1.1112019419670105
2.8+5.8,5.8,2.8,1.1027935,2,1.100313425064087,1.1052734851837158
2.8+6.0,6.0,2.8,0.971488,4,0.7747377455234528,1.1691505014896393
2.8+6.2,6.2,2.8,0.85983807,2,0.8249289095401764,0.8947472274303436
2.8+6.4,6.4,2.8,0.7106529,1,0.7106528878211975,0.7106528878211975
2.8+6.6,6.6,2.8,,0,,
2.8+6.8,6.8,2.8,,0,,
2.8+7.0,7.0,2.8,,0,,
2.8+7.2,7.2,2.8,,0,,
2.8+7.4,7.4,2.8,,0,,
2.8+7.6,7.6,2.8,,0,,
2.8+7.8,7.8,2.8,,0,,
2.8+8.0,8.0,2.8,,0,,
2.8+8.2,8.2,2.8,,0,,
2.8+8.4,8.4,2.8,,0,,
2.8+8.6,8.6,2.8,,0,,
2.8+8.8,8.8,2.8,,0,,
2.8+9.0,9.0,2.8,,0,,
2.8+9.2,9.2,2.8,,0,,
2.8+9.4,9.4,2.8,,0,,
2.8+9.6,9.6,2.8,,0,,
3.0+-0.2,-0.2,3.0,,0,,
3.0+-0.4,-0.4,3.0,,0,,
3.0+-0.6,-0.6,3.0,,0,,
3.0+-0.8,-0.8,3.0,,0,,
3.0+-1.0,-1.0,3.0,0.40167403,1,0.4016740322113037,0.4016740322113037
3.0+-1.2,-1.2,3.0,,0,,
3.0+-1.4,-1.4,3.0,,0,,
3.0+-1.6,-1.6,3.0,,0,,
3.0+-1.8,-1.8,3.0,,0,,
3.0+-2.0,-2.0,3.0,,0,,
3.0+-2.2,-2.2,3.0,,0,,
3.0+-2.4,-2.4,3.0,,0,,
3.0+-2.6,-2.6,3.0,,0,,
3.0+-2.8,-2.8,3.0,,0,,
3.0+-3.0,-3.0,3.0,,0,,
3.0+-3.2,-3.2,3.0,,0,,
3.0+-3.4,-3.4,3.0,,0,,
3.0+-3.6,-3.6,3.0,,0,,
3.0+-3.8,-3.8,3.0,,0,,
3.0+-4.0,-4.0,3.0,,0,,
3.0+-4.2,-4.2,3.0,,0,,
3.0+-4.4,-4.4,3.0,,0,,
3.0+-4.6,-4.6,3.0,,0,,
3.0+-4.8,-4.8,3.0,,0,,
3.0+-5.0,-5.0,3.0,,0,,
3.0+-5.2,-5.2,3.0,,0,,
3.0+-5.4,-5.4,3.0,,0,,
3.0+-5.6,-5.6,3.0,,0,,
3.0+-5.8,-5.8,3.0,,0,,
3.0+-6.0,-6.0,3.0,,0,,
3.0+-6.2,-6.2,3.0,,0,,
3.0+-6.4,-6.4,3.0,,0,,
3.0+-6.6,-6.6,3.0,,0,,
3.0+-6.8,-6.8,3.0,,0,,
3.0+-7.0,-7.0,3.0,,0,,
3.0+-7.2,-7.2,3.0,,0,,
3.0+-7.4,-7.4,3.0,,0,,
3.0+-7.6,-7.6,3.0,,0,,
3.0+-7.8,-7.8,3.0,,0,,
3.0+-8.0,-8.0,3.0,,0,,
3.0+0.0,0.0,3.0,,0,,
3.0+0.2,0.2,3.0,0.39614064,1,0.3961406350135803,0.3961406350135803
3.0+0.4,0.4,3.0,0.49317926,1,0.4931792616844177,0.4931792616844177
3.0+0.6,0.6,3.0,0.65689033,1,0.656890332698822,0.656890332698822
3.0+0.8,0.8,3.0,0.43695343,1,0.43695342540740967,0.43695342540740967
3.0+1.0,1.0,3.0,,0,,
3.0+1.2,1.2,3.0,0.14509793,2,-0.0012012496590614319,0.2913971021771431
3.0+1.4,1.4,3.0,0.19463366,2,0.03254781290888786,0.3567195273935795
3.0+1.6,1.6,3.0,0.24199244,1,0.24199244379997253,0.24199244379997253
3.0+1.8,1.8,3.0,0.15331599,2,0.033909598365426064,0.2727223765105009
3.0+2.0,2.0,3.0,0.033361316,2,-0.12060195207595825,0.18732458353042603
3.0+2.2,2.2,3.0,0.41179317,2,0.329107366502285,0.4944790080189705
3.0+2.4,2.4,3.0,0.37794715,4,0.1151764802634716,0.6864089220762253
3.0+2.6,2.6,3.0,0.5663672,5,0.4955805242061615,0.6655827760696411
3.0+2.8,2.8,3.0,0.78263354,2,0.7498347908258438,0.8154323548078537
3.0+3.0,3.0,3.0,0.6500202,3,0.6442089676856995,0.7507426142692566
3.0+3.2,3.2,3.0,0.601379,5,0.4790959358215332,0.8385192155838013
3.0+3.4,3.4,3.0,0.73230964,6,0.49208343774080276,0.8333787024021149
3.0+3.6,3.6,3.0,0.7545825,8,0.594173863530159,0.9762822091579437
3.0+3.8,3.8,3.0,0.70085585,10,0.5238127410411835,1.0398245751857758
3.0+4.0,4.0,3.0,0.85073507,12,0.657807007431984,1.1163686513900757
3.0+4.2,4.2,3.0,0.88526607,12,0.823666974902153,1.1083428263664246
3.0+4.4,4.4,3.0,0.78445625,17,0.7394616007804871,1.0996536016464233
3.0+4.6,4.6,3.0,0.8927546,18,0.8328963965177536,1.0444833934307098
3.0+4.8,4.8,3.0,0.9441283,16,0.7931776195764542,1.1514717638492584
3.0+5.0,5.0,3.0,1.0639992,13,0.8505479097366333,1.1290292739868164
3.0+5.2,5.2,3.0,0.97914934,14,0.9120324552059174,1.0942886173725128
3.0+5.4,5.4,3.0,0.9252396,8,0.8014821112155914,1.1054587066173553
3.0+5.6,5.6,3.0,0.9877653,4,0.8830439299345016,1.0649312138557434
3.0+5.8,5.8,3.0,1.0507308,5,0.8885340094566345,1.0567325353622437
3.0+6.0,6.0,3.0,0.98371685,2,0.9417987912893295,1.0256349593400955
3.0+6.2,6.2,3.0,1.0741326,2,1.0186752825975418,1.129589781165123
3.0+6.4,6.4,3.0,1.0095292,2,0.9888315200805664,1.0302269458770752
3.0+6.6,6.6,3.0,1.0521948,3,1.011203795671463,1.1117526292800903
3.0+6.8,6.8,3.0,1.1615953,1,1.161595344543457,1.161595344543457
3.0+7.0,7.0,3.0,1.0393269,1,1.0393269062042236,1.0393269062042236
3.0+7.2,7.2,3.0,1.4689323,1,1.4689322710037231,1.4689322710037231
3.0+7.4,7.4,3.0,,0,,
3.0+7.6,7.6,3.0,,0,,
3.0+7.8,7.8,3.0,,0,,
3.0+8.0,8.0,3.0,,0,,
3.0+8.2,8.2,3.0,,0,,
3.0+8.4,8.4,3.0,,0,,
3.0+8.6,8.6,3.0,,0,,
3.0+8.8,8.8,3.0,,0,,
3.0+9.0,9.0,3.0,,0,,
3.0+9.2,9.2,3.0,,0,,
3.0+9.4,9.4,3.0,,0,,
3.0+9.6,9.6,3.0,,0,,
3.2+-0.2,-0.2,3.2,,0,,
3.2+-0.4,-0.4,3.2,,0,,
3.2+-0.6,-0.6,3.2,,0,,
3.2+-0.8,-0.8,3.2,,0,,
3.2+-1.0,-1.0,3.2,,0,,
3.2+-1.2,-1.2,3.2,,0,,
3.2+-1.4,-1.4,3.2,,0,,
3.2+-1.6,-1.6,3.2,,0,,
3.2+-1.8,-1.8,3.2,,0,,
3.2+-2.0,-2.0,3.2,,0,,
3.2+-2.2,-2.2,3.2,,0,,
3.2+-2.4,-2.4,3.2,,0,,
3.2+-2.6,-2.6,3.2,,0,,
3.2+-2.8,-2.8,3.2,,0,,
3.2+-3.0,-3.0,3.2,,0,,
3.2+-3.2,-3.2,3.2,,0,,
3.2+-3.4,-3.4,3.2,,0,,
3.2+-3.6,-3.6,3.2,,0,,
3.2+-3.8,-3.8,3.2,,0,,
3.2+-4.0,-4.0,3.2,,0,,
3.2+-4.2,-4.2,3.2,,0,,
3.2+-4.4,-4.4,3.2,,0,,
3.2+-4.6,-4.6,3.2,,0,,
3.2+-4.8,-4.8,3.2,,0,,
3.2+-5.0,-5.0,3.2,,0,,
3.2+-5.2,-5.2,3.2,,0,,
3.2+-5.4,-5.4,3.2,,0,,
3.2+-5.6,-5.6,3.2,,0,,
3.2+-5.8,-5.8,3.2,,0,,
3.2+-6.0,-6.0,3.2,,0,,
3.2+-6.2,-6.2,3.2,,0,,
3.2+-6.4,-6.4,3.2,,0,,
3.2+-6.6,-6.6,3.2,,0,,
3.2+-6.8,-6.8,3.2,,0,,
3.2+-7.0,-7.0,3.2,,0,,
3.2+-7.2,-7.2,3.2,,0,,
3.2+-7.4,-7.4,3.2,,0,,
3.2+-7.6,-7.6,3.2,,0,,
3.2+-7.8,-7.8,3.2,,0,,
3.2+-8.0,-8.0,3.2,,0,,
3.2+0.0,0.0,3.2,,0,,
3.2+0.2,0.2,3.2,,0,,
3.2+0.4,0.4,3.2,,0,,
3.2+0.6,0.6,3.2,,0,,
3.2+0.8,0.8,3.2,,0,,
3.2+1.0,1.0,3.2,,0,,
3.2+1.2,1.2,3.2,,0,,
3.2+1.4,1.4,3.2,0.12213591,1,0.12213590741157532,0.12213590741157532
3.2+1.6,1.6,3.2,,0,,
3.2+1.8,1.8,3.2,-0.15937606,1,-0.15937605500221252,-0.15937605500221252
3.2+2.0,2.0,3.2,0.21950221,2,0.14337616600096226,0.295628247782588
3.2+2.2,2.2,3.2,0.08991237,2,-0.04763872176408768,0.22746346145868301
3.2+2.4,2.4,3.2,0.77277684,2,0.5692551881074905,0.9762984365224838
3.2+2.6,2.6,3.2,0.7216955,3,0.619977205991745,0.8372273445129395
3.2+2.8,2.8,3.2,0.5635331,3,0.4422300159931183,0.6093325018882751
3.2+3.0,3.0,3.2,0.42906785,2,0.3073643669486046,0.5507713630795479
3.2+3.2,3.2,3.2,0.56883025,4,0.4907588064670563,0.6858422607183456
3.2+3.4,3.4,3.2,0.50304574,3,0.5002299547195435,0.7956937253475189
3.2+3.6,3.6,3.2,0.5147798,3,0.42004744708538055,0.7162998020648956
3.2+3.8,3.8,3.2,0.9481293,4,0.9064179062843323,0.9785464704036713
3.2+4.0,4.0,3.2,0.7703248,3,0.6370740532875061,1.0877326130867004
3.2+4.2,4.2,3.2,0.91852045,3,0.8752411603927612,1.0301799178123474
3.2+4.4,4.4,3.2,0.9619752,9,0.6359109282493591,1.014312505722046
3.2+4.6,4.6,3.2,0.8890911,10,0.7464841604232788,1.135971873998642
3.2+4.8,4.8,3.2,0.8619456,8,0.7609653621912003,1.0542997121810913
3.2+5.0,5.0,3.2,0.7972182,9,0.6332701444625854,1.1066735982894897
3.2+5.2,5.2,3.2,0.8958982,14,0.6100683957338333,1.0309908390045166
3.2+5.4,5.4,3.2,0.83562917,11,0.7323786616325378,1.41455078125
3.2+5.6,5.6,3.2,0.98630875,9,0.8387099504470825,1.3453059196472168
3.2+5.8,5.8,3.2,0.8295239,7,0.7074150741100311,1.341849148273468
3.2+6.0,6.0,3.2,1.3461931,7,0.9505929350852966,1.468008279800415
3.2+6.2,6.2,3.2,0.8295239,3,0.7156781256198883,0.8353631496429443
3.2+6.4,6.4,3.2,0.9511666,1,0.9511666297912598,0.9511666297912598
3.2+6.6,6.6,3.2,1.0208961,2,1.00310879945755,1.0386833548545837
3.2+6.8,6.8,3.2,,0,,
3.2+7.0,7.0,3.2,0.8753757,1,0.8753756880760193,0.8753756880760193
3.2+7.2,7.2,3.2,,0,,
3.2+7.4,7.4,3.2,,0,,
3.2+7.6,7.6,3.2,,0,,
3.2+7.8,7.8,3.2,,0,,
3.2+8.0,8.0,3.2,,0,,
3.2+8.2,8.2,3.2,,0,,
3.2+8.4,8.4,3.2,,0,,
3.2+8.6,8.6,3.2,,0,,
3.2+8.8,8.8,3.2,,0,,
3.2+9.0,9.0,3.2,,0,,
3.2+9.2,9.2,3.2,,0,,
3.2+9.4,9.4,3.2,,0,,
3.2+9.6,9.6,3.2,,0,,
3.4+-0.2,-0.2,3.4,,0,,
3.4+-0.4,-0.4,3.4,,0,,
3.4+-0.6,-0.6,3.4,,0,,
3.4+-0.8,-0.8,3.4,,0,,
3.4+-1.0,-1.0,3.4,,0,,
3.4+-1.2,-1.2,3.4,,0,,
3.4+-1.4,-1.4,3.4,,0,,
3.4+-1.6,-1.6,3.4,,0,,
3.4+-1.8,-1.8,3.4,,0,,
3.4+-2.0,-2.0,3.4,,0,,
3.4+-2.2,-2.2,3.4,,0,,
3.4+-2.4,-2.4,3.4,,0,,
3.4+-2.6,-2.6,3.4,,0,,
3.4+-2.8,-2.8,3.4,,0,,
3.4+-3.0,-3.0,3.4,,0,,
3.4+-3.2,-3.2,3.4,,0,,
3.4+-3.4,-3.4,3.4,,0,,
3.4+-3.6,-3.6,3.4,,0,,
3.4+-3.8,-3.8,3.4,,0,,
3.4+-4.0,-4.0,3.4,,0,,
3.4+-4.2,-4.2,3.4,,0,,
3.4+-4.4,-4.4,3.4,,0,,
3.4+-4.6,-4.6,3.4,,0,,
3.4+-4.8,-4.8,3.4,,0,,
3.4+-5.0,-5.0,3.4,,0,,
3.4+-5.2,-5.2,3.4,,0,,
3.4+-5.4,-5.4,3.4,,0,,
3.4+-5.6,-5.6,3.4,,0,,
3.4+-5.8,-5.8,3.4,,0,,
3.4+-6.0,-6.0,3.4,,0,,
3.4+-6.2,-6.2,3.4,,0,,
3.4+-6.4,-6.4,3.4,,0,,
3.4+-6.6,-6.6,3.4,,0,,
3.4+-6.8,-6.8,3.4,,0,,
3.4+-7.0,-7.0,3.4,,0,,
3.4+-7.2,-7.2,3.4,,0,,
3.4+-7.4,-7.4,3.4,,0,,
3.4+-7.6,-7.6,3.4,,0,,
3.4+-7.8,-7.8,3.4,,0,,
3.4+-8.0,-8.0,3.4,,0,,
3.4+0.0,0.0,3.4,,0,,
3.4+0.2,0.2,3.4,,0,,
3.4+0.4,0.4,3.4,,0,,
3.4+0.6,0.6,3.4,,0,,
3.4+0.8,0.8,3.4,,0,,
3.4+1.0,1.0,3.4,0.5301724,1,0.5301724076271057,0.5301724076271057
3.4+1.2,1.2,3.4,0.65730447,1,0.6573044657707214,0.6573044657707214
3.4+1.4,1.4,3.4,0.7093193,1,0.7093192934989929,0.7093192934989929
3.4+1.6,1.6,3.4,,0,,
3.4+1.8,1.8,3.4,,0,,
3.4+2.0,2.0,3.4,,0,,
3.4+2.2,2.2,3.4,,0,,
3.4+2.4,2.4,3.4,0.6646485,2,0.5161512121558189,0.8131457641720772
3.4+2.6,2.6,3.4,,0,,
3.4+2.8,2.8,3.4,,0,,
3.4+3.0,3.0,3.4,0.22520095,2,0.21314917877316475,0.23725273832678795
3.4+3.2,3.2,3.4,0.5135843,1,0.513584315776825,0.513584315776825
3.4+3.4,3.4,3.4,0.017149033,1,0.017149033024907112,0.017149033024907112
3.4+3.6,3.6,3.4,,0,,
3.4+3.8,3.8,3.4,1.0113952,2,1.0099258124828339,1.012864500284195
3.4+4.0,4.0,3.4,0.21146558,3,0.05749955400824547,0.6206272169947624
3.4+4.2,4.2,3.4,0.5977958,3,0.3930501639842987,0.8318649232387543
3.4+4.4,4.4,3.4,,0,,
3.4+4.6,4.6,3.4,0.36446637,2,0.2972836308181286,0.4316491223871708
3.4+4.8,4.8,3.4,0.97737044,3,0.7567902207374573,0.9782601296901703
3.4+5.0,5.0,3.4,0.92230415,5,0.20612964034080505,0.9688342213630676
3.4+5.2,5.2,3.4,0.7741162,8,0.5233545303344727,0.9015123248100281
3.4+5.4,5.4,3.4,0.9733981,9,0.7964960336685181,1.1382677555084229
3.4+5.6,5.6,3.4,0.72763795,6,0.5178652405738831,0.9791114032268524
3.4+5.8,5.8,3.4,1.0347145,6,0.8962451964616776,1.106099545955658
3.4+6.0,6.0,3.4,0.9930519,3,0.9792655110359192,1.103797972202301
3.4+6.2,6.2,3.4,1.0033643,2,0.9566926658153534,1.0500358641147614
3.4+6.4,6.4,3.4,0.8092886,1,0.8092886209487915,0.8092886209487915
3.4+6.6,6.6,3.4,0.6708137,2,0.5861038565635681,0.7555235028266907
3.4+6.8,6.8,3.4,0.8161992,2,0.6641972064971924,0.9682011604309082
3.4+7.0,7.0,3.4,0.723648,1,0.7236480116844177,0.7236480116844177
3.4+7.2,7.2,3.4,0.73477614,1,0.7347761392593384,0.7347761392593384
3.4+7.4,7.4,3.4,,0,,
3.4+7.6,7.6,3.4,,0,,
3.4+7.8,7.8,3.4,,0,,
3.4+8.0,8.0,3.4,,0,,
3.4+8.2,8.2,3.4,,0,,
3.4+8.4,8.4,3.4,,0,,
3.4+8.6,8.6,3.4,,0,,
3.4+8.8,8.8,3.4,,0,,
3.4+9.0,9.0,3.4,,0,,
3.4+9.2,9.2,3.4,,0,,
3.4+9.4,9.4,3.4,,0,,
3.4+9.6,9.6,3.4,,0,,
3.6+-0.2,-0.2,3.6,,0,,
3.6+-0.4,-0.4,3.6,,0,,
3.6+-0.6,-0.6,3.6,,0,,
3.6+-0.8,-0.8,3.6,,0,,
3.6+-1.0,-1.0,3.6,,0,,
3.6+-1.2,-1.2,3.6,,0,,
3.6+-1.4,-1.4,3.6,,0,,
3.6+-1.6,-1.6,3.6,,0,,
3.6+-1.8,-1.8,3.6,,0,,
3.6+-2.0,-2.0,3.6,,0,,
3.6+-2.2,-2.2,3.6,,0,,
3.6+-2.4,-2.4,3.6,,0,,
3.6+-2.6,-2.6,3.6,,0,,
3.6+-2.8,-2.8,3.6,,0,,
3.6+-3.0,-3.0,3.6,,0,,
3.6+-3.2,-3.2,3.6,,0,,
3.6+-3.4,-3.4,3.6,,0,,
3.6+-3.6,-3.6,3.6,,0,,
3.6+-3.8,-3.8,3.6,,0,,
3.6+-4.0,-4.0,3.6,,0,,
3.6+-4.2,-4.2,3.6,,0,,
3.6+-4.4,-4.4,3.6,,0,,
3.6+-4.6,-4.6,3.6,,0,,
3.6+-4.8,-4.8,3.6,,0,,
3.6+-5.0,-5.0,3.6,,0,,
3.6+-5.2,-5.2,3.6,,0,,
3.6+-5.4,-5.4,3.6,,0,,
3.6+-5.6,-5.6,3.6,,0,,
3.6+-5.8,-5.8,3.6,,0,,
3.6+-6.0,-6.0,3.6,,0,,
3.6+-6.2,-6.2,3.6,,0,,
3.6+-6.4,-6.4,3.6,,0,,
3.6+-6.6,-6.6,3.6,,0,,
3.6+-6.8,-6.8,3.6,,0,,
3.6+-7.0,-7.0,3.6,,0,,
3.6+-7.2,-7.2,3.6,,0,,
3.6+-7.4,-7.4,3.6,,0,,
3.6+-7.6,-7.6,3.6,,0,,
3.6+-7.8,-7.8,3.6,,0,,
3.6+-8.0,-8.0,3.6,,0,,
3.6+0.0,0.0,3.6,,0,,
3.6+0.2,0.2,3.6,,0,,
3.6+0.4,0.4,3.6,,0,,
3.6+0.6,0.6,3.6,,0,,
3.6+0.8,0.8,3.6,,0,,
3.6+1.0,1.0,3.6,,0,,
3.6+1.2,1.2,3.6,,0,,
3.6+1.4,1.4,3.6,,0,,
3.6+1.6,1.6,3.6,,0,,
3.6+1.8,1.8,3.6,,0,,
3.6+2.0,2.0,3.6,,0,,
3.6+2.2,2.2,3.6,,0,,
3.6+2.4,2.4,3.6,,0,,
3.6+2.6,2.6,3.6,,0,,
3.6+2.8,2.8,3.6,0.43989992,1,0.43989992141723633,0.43989992141723633
3.6+3.0,3.0,3.6,,0,,
3.6+3.2,3.2,3.6,,0,,
3.6+3.4,3.4,3.6,0.4535449,1,0.4535449147224426,0.4535449147224426
3.6+3.6,3.6,3.6,0.1617207,1,0.16172069311141968,0.16172069311141968
3.6+3.8,3.8,3.6,1.0288194,1,1.0288194417953491,1.0288194417953491
3.6+4.0,4.0,3.6,0.5220015,1,0.5220015048980713,0.5220015048980713
3.6+4.2,4.2,3.6,,0,,
3.6+4.4,4.4,3.6,,0,,
3.6+4.6,4.6,3.6,0.43965703,2,0.43876589834690094,0.4405481666326523
3.6+4.8,4.8,3.6,,0,,
3.6+5.0,5.0,3.6,-0.05148067,1,-0.051480669528245926,-0.051480669528245926
3.6+5.2,5.2,3.6,0.6245601,2,0.526034027338028,0.7230862081050873
3.6+5.4,5.4,3.6,0.20474143,1,0.204741433262825,0.204741433262825
3.6+5.6,5.6,3.6,0.61939156,1,0.6193915605545044,0.6193915605545044
3.6+5.8,5.8,3.6,0.76584107,3,0.717225581407547,1.0868374407291412
3.6+6.0,6.0,3.6,0.77912414,4,0.695984274148941,0.8660690486431122
3.6+6.2,6.2,3.6,0.90628016,4,0.7780157923698425,1.044045090675354
3.6+6.4,6.4,3.6,0.67580575,3,0.5826860964298248,0.8745143115520477
3.6+6.6,6.6,3.6,0.96937203,3,0.9385713338851929,1.0071331858634949
3.6+6.8,6.8,3.6,0.8288454,2,0.7792069166898727,0.8784837871789932
3.6+7.0,7.0,3.6,0.93111557,2,0.9197371900081635,0.9424939453601837
3.6+7.2,7.2,3.6,,0,,
3.6+7.4,7.4,3.6,0.78511596,1,0.7851159572601318,0.7851159572601318
3.6+7.6,7.6,3.6,,0,,
3.6+7.8,7.8,3.6,0.7560093,1,0.7560092806816101,0.7560092806816101
3.6+8.0,8.0,3.6,,0,,
3.6+8.2,8.2,3.6,,0,,
3.6+8.4,8.4,3.6,,0,,
3.6+8.6,8.6,3.6,,0,,
3.6+8.8,8.8,3.6,,0,,
3.6+9.0,9.0,3.6,,0,,
3.6+9.2,9.2,3.6,,0,,
3.6+9.4,9.4,3.6,,0,,
3.6+9.6,9.6,3.6,,0,,
3.8+-0.2,-0.2,3.8,,0,,
3.8+-0.4,-0.4,3.8,,0,,
3.8+-0.6,-0.6,3.8,,0,,
3.8+-0.8,-0.8,3.8,,0,,
3.8+-1.0,-1.0,3.8,,0,,
3.8+-1.2,-1.2,3.8,,0,,
3.8+-1.4,-1.4,3.8,,0,,
3.8+-1.6,-1.6,3.8,,0,,
3.8+-1.8,-1.8,3.8,,0,,
3.8+-2.0,-2.0,3.8,,0,,
3.8+-2.2,-2.2,3.8,,0,,
3.8+-2.4,-2.4,3.8,,0,,
3.8+-2.6,-2.6,3.8,,0,,
3.8+-2.8,-2.8,3.8,,0,,
3.8+-3.0,-3.0,3.8,,0,,
3.8+-3.2,-3.2,3.8,,0,,
3.8+-3.4,-3.4,3.8,,0,,
3.8+-3.6,-3.6,3.8,,0,,
3.8+-3.8,-3.8,3.8,,0,,
3.8+-4.0,-4.0,3.8,,0,,
3.8+-4.2,-4.2,3.8,,0,,
3.8+-4.4,-4.4,3.8,,0,,
3.8+-4.6,-4.6,3.8,,0,,
3.8+-4.8,-4.8,3.8,,0,,
3.8+-5.0,-5.0,3.8,,0,,
3.8+-5.2,-5.2,3.8,,0,,
3.8+-5.4,-5.4,3.8,,0,,
3.8+-5.6,-5.6,3.8,,0,,
3.8+-5.8,-5.8,3.8,,0,,
3.8+-6.0,-6.0,3.8,,0,,
3.8+-6.2,-6.2,3.8,,0,,
3.8+-6.4,-6.4,3.8,,0,,
3.8+-6.6,-6.6,3.8,,0,,
3.8+-6.8,-6.8,3.8,,0,,
3.8+-7.0,-7.0,3.8,,0,,
3.8+-7.2,-7.2,3.8,,0,,
3.8+-7.4,-7.4,3.8,,0,,
3.8+-7.6,-7.6,3.8,,0,,
3.8+-7.8,-7.8,3.8,,0,,
3.8+-8.0,-8.0,3.8,,0,,
3.8+0.0,0.0,3.8,,0,,
3.8+0.2,0.2,3.8,,0,,
3.8+0.4,0.4,3.8,,0,,
3.8+0.6,0.6,3.8,,0,,
3.8+0.8,0.8,3.8,,0,,
3.8+1.0,1.0,3.8,,0,,
3.8+1.2,1.2,3.8,,0,,
3.8+1.4,1.4,3.8,,0,,
3.8+1.6,1.6,3.8,,0,,
3.8+1.8,1.8,3.8,,0,,
3.8+2.0,2.0,3.8,,0,,
3.8+2.2,2.2,3.8,,0,,
3.8+2.4,2.4,3.8,,0,,
3.8+2.6,2.6,3.8,,0,,
3.8+2.8,2.8,3.8,,0,,
3.8+3.0,3.0,3.8,,0,,
3.8+3.2,3.2,3.8,0.5168096,1,0.5168095827102661,0.5168095827102661
3.8+3.4,3.4,3.8,,0,,
3.8+3.6,3.6,3.8,,0,,
3.8+3.8,3.8,3.8,0.57263315,1,0.5726331472396851,0.5726331472396851
3.8+4.0,4.0,3.8,,0,,
3.8+4.2,4.2,3.8,0.40394562,1,0.4039456248283386,0.4039456248283386
3.8+4.4,4.4,3.8,0.41109157,1,0.41109156608581543,0.41109156608581543
3.8+4.6,4.6,3.8,,0,,
3.8+4.8,4.8,3.8,0.66159016,1,0.6615901589393616,0.6615901589393616
3.8+5.0,5.0,3.8,0.08329001,2,-0.11212174594402313,0.2787017673254013
3.8+5.2,5.2,3.8,,0,,
3.8+5.4,5.4,3.8,0.1807975,2,0.057311348617076874,0.30428365617990494
3.8+5.6,5.6,3.8,0.28830725,1,0.288307249546051,0.288307249546051
3.8+5.8,5.8,3.8,-0.14952518,1,-0.14952518045902252,-0.14952518045902252
3.8+6.0,6.0,3.8,1.4618825,1,1.461882472038269,1.461882472038269
3.8+6.2,6.2,3.8,0.9376118,2,0.7711954265832901,1.1040281504392624
3.8+6.4,6.4,3.8,0.8478303,4,0.7660707533359528,0.9887332916259766
3.8+6.6,6.6,3.8,0.86454666,2,0.7304816842079163,0.9986116290092468
3.8+6.8,6.8,3.8,0.9139725,2,0.8902182430028915,0.937726691365242
3.8+7.0,7.0,3.8,0.7652172,2,0.6975007504224777,0.8329336792230606
3.8+7.2,7.2,3.8,,0,,
3.8+7.4,7.4,3.8,,0,,
3.8+7.6,7.6,3.8,,0,,
3.8+7.8,7.8,3.8,,0,,
3.8+8.0,8.0,3.8,,0,,
3.8+8.2,8.2,3.8,,0,,
3.8+8.4,8.4,3.8,,0,,
3.8+8.6,8.6,3.8,,0,,
3.8+8.8,8.8,3.8,,0,,
3.8+9.0,9.0,3.8,,0,,
3.8+9.2,9.2,3.8,,0,,
3.8+9.4,9.4,3.8,,0,,
3.8+9.6,9.6,3.8,,0,,
4.0+-0.2,-0.2,4.0,,0,,
4.0+-0.4,-0.4,4.0,,0,,
4.0+-0.6,-0.6,4.0,,0,,
4.0+-0.8,-0.8,4.0,,0,,
4.0+-1.0,-1.0,4.0,,0,,
4.0+-1.2,-1.2,4.0,,0,,
4.0+-1.4,-1.4,4.0,,0,,
4.0+-1.6,-1.6,4.0,,0,,
4.0+-1.8,-1.8,4.0,,0,,
4.0+-2.0,-2.0,4.0,,0,,
4.0+-2.2,-2.2,4.0,,0,,
4.0+-2.4,-2.4,4.0,,0,,
4.0+-2.6,-2.6,4.0,,0,,
4.0+-2.8,-2.8,4.0,,0,,
4.0+-3.0,-3.0,4.0,,0,,
4.0+-3.2,-3.2,4.0,,0,,
4.0+-3.4,-3.4,4.0,,0,,
4.0+-3.6,-3.6,4.0,,0,,
4.0+-3.8,-3.8,4.0,,0,,
4.0+-4.0,-4.0,4.0,,0,,
4.0+-4.2,-4.2,4.0,,0,,
4.0+-4.4,-4.4,4.0,,0,,
4.0+-4.6,-4.6,4.0,,0,,
4.0+-4.8,-4.8,4.0,,0,,
4.0+-5.0,-5.0,4.0,,0,,
4.0+-5.2,-5.2,4.0,,0,,
4.0+-5.4,-5.4,4.0,,0,,
4.0+-5.6,-5.6,4.0,,0,,
4.0+-5.8,-5.8,4.0,,0,,
4.0+-6.0,-6.0,4.0,,0,,
4.0+-6.2,-6.2,4.0,,0,,
4.0+-6.4,-6.4,4.0,,0,,
4.0+-6.6,-6.6,4.0,,0,,
4.0+-6.8,-6.8,4.0,,0,,
4.0+-7.0,-7.0,4.0,,0,,
4.0+-7.2,-7.2,4.0,,0,,
4.0+-7.4,-7.4,4.0,,0,,
4.0+-7.6,-7.6,4.0,,0,,
4.0+-7.8,-7.8,4.0,,0,,
4.0+-8.0,-8.0,4.0,,0,,
4.0+0.0,0.0,4.0,,0,,
4.0+0.2,0.2,4.0,,0,,
4.0+0.4,0.4,4.0,,0,,
4.0+0.6,0.6,4.0,,0,,
4.0+0.8,0.8,4.0,,0,,
4.0+1.0,1.0,4.0,,0,,
4.0+1.2,1.2,4.0,,0,,
4.0+1.4,1.4,4.0,,0,,
4.0+1.6,1.6,4.0,,0,,
4.0+1.8,1.8,4.0,,0,,
4.0+2.0,2.0,4.0,,0,,
4.0+2.2,2.2,4.0,,0,,
4.0+2.4,2.4,4.0,,0,,
4.0+2.6,2.6,4.0,,0,,
4.0+2.8,2.8,4.0,,0,,
4.0+3.0,3.0,4.0,,0,,
4.0+3.2,3.2,4.0,,0,,
4.0+3.4,3.4,4.0,,0,,
4.0+3.6,3.6,4.0,0.6804359,1,0.6804358959197998,0.6804358959197998
4.0+3.8,3.8,4.0,0.60494024,1,0.6049402356147766,0.6049402356147766
4.0+4.0,4.0,4.0,,0,,
4.0+4.2,4.2,4.0,,0,,
4.0+4.4,4.4,4.0,,0,,
4.0+4.6,4.6,4.0,0.50474596,1,0.5047459602355957,0.5047459602355957
4.0+4.8,4.8,4.0,0.4428145,1,0.44281449913978577,0.44281449913978577
4.0+5.0,5.0,4.0,,0,,
4.0+5.2,5.2,4.0,,0,,
4.0+5.4,5.4,4.0,0.85858476,1,0.8585847616195679,0.8585847616195679
4.0+5.6,5.6,4.0,-0.10459582,1,-0.10459581762552261,-0.10459581762552261
4.0+5.8,5.8,4.0,0.15714362,2,0.09135488234460354,0.22293237037956715
4.0+6.0,6.0,4.0,0.25060236,2,0.2016780897974968,0.299526609480381
4.0+6.2,6.2,4.0,0.06561364,1,0.06561364233493805,0.06561364233493805
4.0+6.4,6.4,4.0,,0,,
4.0+6.6,6.6,4.0,0.4640177,1,0.46401768922805786,0.46401768922805786
4.0+6.8,6.8,4.0,0.7799545,2,0.7366644442081451,0.8232445418834686
4.0+7.0,7.0,4.0,0.73552537,2,0.7196103781461716,0.7514404207468033
4.0+7.2,7.2,4.0,0.70414495,2,0.6823232769966125,0.7259666323661804
4.0+7.4,7.4,4.0,0.68623847,1,0.6862384676933289,0.6862384676933289
4.0+7.6,7.6,4.0,,0,,
4.0+7.8,7.8,4.0,,0,,
4.0+8.0,8.0,4.0,,0,,
4.0+8.2,8.2,4.0,,0,,
4.0+8.4,8.4,4.0,,0,,
4.0+8.6,8.6,4.0,,0,,
4.0+8.8,8.8,4.0,,0,,
4.0+9.0,9.0,4.0,,0,,
4.0+9.2,9.2,4.0,,0,,
4.0+9.4,9.4,4.0,,0,,
4.0+9.6,9.6,4.0,,0,,
4.2+-0.2,-0.2,4.2,,0,,
4.2+-0.4,-0.4,4.2,,0,,
4.2+-0.6,-0.6,4.2,,0,,
4.2+-0.8,-0.8,4.2,,0,,
4.2+-1.0,-1.0,4.2,,0,,
4.2+-1.2,-1.2,4.2,,0,,
4.2+-1.4,-1.4,4.2,,0,,
4.2+-1.6,-1.6,4.2,,0,,
4.2+-1.8,-1.8,4.2,,0,,
4.2+-2.0,-2.0,4.2,,0,,
4.2+-2.2,-2.2,4.2,,0,,
4.2+-2.4,-2.4,4.2,,0,,
4.2+-2.6,-2.6,4.2,,0,,
4.2+-2.8,-2.8,4.2,,0,,
4.2+-3.0,-3.0,4.2,,0,,
4.2+-3.2,-3.2,4.2,,0,,
4.2+-3.4,-3.4,4.2,,0,,
4.2+-3.6,-3.6,4.2,,0,,
4.2+-3.8,-3.8,4.2,,0,,
4.2+-4.0,-4.0,4.2,,0,,
4.2+-4.2,-4.2,4.2,,0,,
4.2+-4.4,-4.4,4.2,,0,,
4.2+-4.6,-4.6,4.2,,0,,
4.2+-4.8,-4.8,4.2,,0,,
4.2+-5.0,-5.0,4.2,,0,,
4.2+-5.2,-5.2,4.2,,0,,
4.2+-5.4,-5.4,4.2,,0,,
4.2+-5.6,-5.6,4.2,,0,,
4.2+-5.8,-5.8,4.2,,0,,
4.2+-6.0,-6.0,4.2,,0,,
4.2+-6.2,-6.2,4.2,,0,,
4.2+-6.4,-6.4,4.2,,0,,
4.2+-6.6,-6.6,4.2,,0,,
4.2+-6.8,-6.8,4.2,,0,,
4.2+-7.0,-7.0,4.2,,0,,
4.2+-7.2,-7.2,4.2,,0,,
4.2+-7.4,-7.4,4.2,,0,,
4.2+-7.6,-7.6,4.2,,0,,
4.2+-7.8,-7.8,4.2,,0,,
4.2+-8.0,-8.0,4.2,,0,,
4.2+0.0,0.0,4.2,,0,,
4.2+0.2,0.2,4.2,,0,,
4.2+0.4,0.4,4.2,,0,,
4.2+0.6,0.6,4.2,,0,,
4.2+0.8,0.8,4.2,,0,,
4.2+1.0,1.0,4.2,,0,,
4.2+1.2,1.2,4.2,,0,,
4.2+1.4,1.4,4.2,,0,,
4.2+1.6,1.6,4.2,,0,,
4.2+1.8,1.8,4.2,,0,,
4.2+2.0,2.0,4.2,,0,,
4.2+2.2,2.2,4.2,,0,,
4.2+2.4,2.4,4.2,,0,,
4.2+2.6,2.6,4.2,,0,,
4.2+2.8,2.8,4.2,,0,,
4.2+3.0,3.0,4.2,,0,,
4.2+3.2,3.2,4.2,,0,,
4.2+3.4,3.4,4.2,,0,,
4.2+3.6,3.6,4.2,,0,,
4.2+3.8,3.8,4.2,,0,,
4.2+4.0,4.0,4.2,0.53766143,1,0.5376614332199097,0.5376614332199097
4.2+4.2,4.2,4.2,,0,,
4.2+4.4,4.4,4.2,,0,,
4.2+4.6,4.6,4.2,,0,,
4.2+4.8,4.8,4.2,0.39919144,1,0.3991914391517639,0.3991914391517639
4.2+5.0,5.0,4.2,0.37104264,1,0.3710426390171051,0.3710426390171051
4.2+5.2,5.2,4.2,1.0911252,1,1.091125249862671,1.091125249862671
4.2+5.4,5.4,4.2,,0,,
4.2+5.6,5.6,4.2,1.0622084,1,1.0622084140777588,1.0622084140777588
4.2+5.8,5.8,4.2,1.0754474,1,1.0754474401474,1.0754474401474
4.2+6.0,6.0,4.2,,0,,
4.2+6.2,6.2,4.2,0.4471224,1,0.44712239503860474,0.44712239503860474
4.2+6.4,6.4,4.2,0.4524131,1,0.4524131119251251,0.4524131119251251
4.2+6.6,6.6,4.2,0.32539618,1,0.32539618015289307,0.32539618015289307
4.2+6.8,6.8,4.2,0.27577507,1,0.27577507495880127,0.27577507495880127
4.2+7.0,7.0,4.2,,0,,
4.2+7.2,7.2,4.2,,0,,
4.2+7.4,7.4,4.2,,0,,
4.2+7.6,7.6,4.2,,0,,
4.2+7.8,7.8,4.2,,0,,
4.2+8.0,8.0,4.2,,0,,
4.2+8.2,8.2,4.2,,0,,
4.2+8.4,8.4,4.2,,0,,
4.2+8.6,8.6,4.2,,0,,
4.2+8.8,8.8,4.2,,0,,
4.2+9.0,9.0,4.2,,0,,
4.2+9.2,9.2,4.2,,0,,
4.2+9.4,9.4,4.2,,0,,
4.2+9.6,9.6,4.2,,0,,
4.4+-0.2,-0.2,4.4,,0,,
4.4+-0.4,-0.4,4.4,,0,,
4.4+-0.6,-0.6,4.4,,0,,
4.4+-0.8,-0.8,4.4,,0,,
4.4+-1.0,-1.0,4.4,,0,,
4.4+-1.2,-1.2,4.4,,0,,
4.4+-1.4,-1.4,4.4,,0,,
4.4+-1.6,-1.6,4.4,,0,,
4.4+-1.8,-1.8,4.4,,0,,
4.4+-2.0,-2.0,4.4,,0,,
4.4+-2.2,-2.2,4.4,,0,,
4.4+-2.4,-2.4,4.4,,0,,
4.4+-2.6,-2.6,4.4,,0,,
4.4+-2.8,-2.8,4.4,,0,,
4.4+-3.0,-3.0,4.4,,0,,
4.4+-3.2,-3.2,4.4,,0,,
4.4+-3.4,-3.4,4.4,,0,,
4.4+-3.6,-3.6,4.4,,0,,
4.4+-3.8,-3.8,4.4,,0,,
4.4+-4.0,-4.0,4.4,,0,,
4.4+-4.2,-4.2,4.4,,0,,
4.4+-4.4,-4.4,4.4,,0,,
4.4+-4.6,-4.6,4.4,,0,,
4.4+-4.8,-4.8,4.4,,0,,
4.4+-5.0,-5.0,4.4,,0,,
4.4+-5.2,-5.2,4.4,,0,,
4.4+-5.4,-5.4,4.4,,0,,
4.4+-5.6,-5.6,4.4,,0,,
4.4+-5.8,-5.8,4.4,,0,,
4.4+-6.0,-6.0,4.4,,0,,
4.4+-6.2,-6.2,4.4,,0,,
4.4+-6.4,-6.4,4.4,,0,,
4.4+-6.6,-6.6,4.4,,0,,
4.4+-6.8,-6.8,4.4,,0,,
4.4+-7.0,-7.0,4.4,,0,,
4.4+-7.2,-7.2,4.4,,0,,
4.4+-7.4,-7.4,4.4,,0,,
4.4+-7.6,-7.6,4.4,,0,,
4.4+-7.8,-7.8,4.4,,0,,
4.4+-8.0,-8.0,4.4,,0,,
4.4+0.0,0.0,4.4,,0,,
4.4+0.2,0.2,4.4,,0,,
4.4+0.4,0.4,4.4,,0,,
4.4+0.6,0.6,4.4,,0,,
4.4+0.8,0.8,4.4,,0,,
4.4+1.0,1.0,4.4,,0,,
4.4+1.2,1.2,4.4,,0,,
4.4+1.4,1.4,4.4,,0,,
4.4+1.6,1.6,4.4,,0,,
4.4+1.8,1.8,4.4,,0,,
4.4+2.0,2.0,4.4,,0,,
4.4+2.2,2.2,4.4,,0,,
4.4+2.4,2.4,4.4,,0,,
4.4+2.6,2.6,4.4,,0,,
4.4+2.8,2.8,4.4,,0,,
4.4+3.0,3.0,4.4,,0,,
4.4+3.2,3.2,4.4,,0,,
4.4+3.4,3.4,4.4,,0,,
4.4+3.6,3.6,4.4,,0,,
4.4+3.8,3.8,4.4,,0,,
4.4+4.0,4.0,4.4,,0,,
4.4+4.2,4.2,4.4,,0,,
4.4+4.4,4.4,4.4,,0,,
4.4+4.6,4.6,4.4,,0,,
4.4+4.8,4.8,4.4,,0,,
4.4+5.0,5.0,4.4,,0,,
4.4+5.2,5.2,4.4,,0,,
4.4+5.4,5.4,4.4,,0,,
4.4+5.6,5.6,4.4,1.1405653,1,1.140565276145935,1.140565276145935
4.4+5.8,5.8,4.4,,0,,
4.4+6.0,6.0,4.4,,0,,
4.4+6.2,6.2,4.4,0.95162976,1,0.9516297578811646,0.9516297578811646
4.4+6.4,6.4,4.4,,0,,
4.4+6.6,6.6,4.4,,0,,
4.4+6.8,6.8,4.4,,0,,
4.4+7.0,7.0,4.4,,0,,
4.4+7.2,7.2,4.4,,0,,
4.4+7.4,7.4,4.4,,0,,
4.4+7.6,7.6,4.4,,0,,
4.4+7.8,7.8,4.4,,0,,
4.4+8.0,8.0,4.4,,0,,
4.4+8.2,8.2,4.4,,0,,
4.4+8.4,8.4,4.4,,0,,
4.4+8.6,8.6,4.4,,0,,
4.4+8.8,8.8,4.4,,0,,
4.4+9.0,9.0,4.4,,0,,
4.4+9.2,9.2,4.4,,0,,
4.4+9.4,9.4,4.4,,0,,
4.4+9.6,9.6,4.4,,0,,
4.6+-0.2,-0.2,4.6,,0,,
4.6+-0.4,-0.4,4.6,,0,,
4.6+-0.6,-0.6,4.6,,0,,
4.6+-0.8,-0.8,4.6,,0,,
4.6+-1.0,-1.0,4.6,,0,,
4.6+-1.2,-1.2,4.6,,0,,
4.6+-1.4,-1.4,4.6,,0,,
4.6+-1.6,-1.6,4.6,,0,,
4.6+-1.8,-1.8,4.6,,0,,
4.6+-2.0,-2.0,4.6,,0,,
4.6+-2.2,-2.2,4.6,,0,,
4.6+-2.4,-2.4,4.6,,0,,
4.6+-2.6,-2.6,4.6,,0,,
4.6+-2.8,-2.8,4.6,,0,,
4.6+-3.0,-3.0,4.6,,0,,
4.6+-3.2,-3.2,4.6,,0,,
4.6+-3.4,-3.4,4.6,,0,,
4.6+-3.6,-3.6,4.6,,0,,
4.6+-3.8,-3.8,4.6,,0,,
4.6+-4.0,-4.0,4.6,,0,,
4.6+-4.2,-4.2,4.6,,0,,
4.6+-4.4,-4.4,4.6,,0,,
4.6+-4.6,-4.6,4.6,,0,,
4.6+-4.8,-4.8,4.6,,0,,
4.6+-5.0,-5.0,4.6,,0,,
4.6+-5.2,-5.2,4.6,,0,,
4.6+-5.4,-5.4,4.6,,0,,
4.6+-5.6,-5.6,4.6,,0,,
4.6+-5.8,-5.8,4.6,,0,,
4.6+-6.0,-6.0,4.6,,0,,
4.6+-6.2,-6.2,4.6,,0,,
4.6+-6.4,-6.4,4.6,,0,,
4.6+-6.6,-6.6,4.6,,0,,
4.6+-6.8,-6.8,4.6,,0,,
4.6+-7.0,-7.0,4.6,,0,,
4.6+-7.2,-7.2,4.6,,0,,
4.6+-7.4,-7.4,4.6,,0,,
4.6+-7.6,-7.6,4.6,,0,,
4.6+-7.8,-7.8,4.6,,0,,
4.6+-8.0,-8.0,4.6,,0,,
4.6+0.0,0.0,4.6,,0,,
4.6+0.2,0.2,4.6,,0,,
4.6+0.4,0.4,4.6,,0,,
4.6+0.6,0.6,4.6,,0,,
4.6+0.8,0.8,4.6,,0,,
4.6+1.0,1.0,4.6,,0,,
4.6+1.2,1.2,4.6,,0,,
4.6+1.4,1.4,4.6,,0,,
4.6+1.6,1.6,4.6,,0,,
4.6+1.8,1.8,4.6,,0,,
4.6+2.0,2.0,4.6,,0,,
4.6+2.2,2.2,4.6,,0,,
4.6+2.4,2.4,4.6,,0,,
4.6+2.6,2.6,4.6,,0,,
4.6+2.8,2.8,4.6,,0,,
4.6+3.0,3.0,4.6,,0,,
4.6+3.2,3.2,4.6,,0,,
4.6+3.4,3.4,4.6,,0,,
4.6+3.6,3.6,4.6,,0,,
4.6+3.8,3.8,4.6,,0,,
4.6+4.0,4.0,4.6,,0,,
4.6+4.2,4.2,4.6,,0,,
4.6+4.4,4.4,4.6,,0,,
4.6+4.6,4.6,4.6,,0,,
4.6+4.8,4.8,4.6,,0,,
4.6+5.0,5.0,4.6,,0,,
4.6+5.2,5.2,4.6,,0,,
4.6+5.4,5.4,4.6,,0,,
4.6+5.6,5.6,4.6,,0,,
4.6+5.8,5.8,4.6,,0,,
4.6+6.0,6.0,4.6,,0,,
4.6+6.2,6.2,4.6,,0,,
4.6+6.4,6.4,4.6,,0,,
4.6+6.6,6.6,4.6,0.67227924,1,0.6722792387008667,0.6722792387008667
4.6+6.8,6.8,4.6,,0,,
4.6+7.0,7.0,4.6,,0,,
4.6+7.2,7.2,4.6,,0,,
4.6+7.4,7.4,4.6,,0,,
4.6+7.6,7.6,4.6,,0,,
4.6+7.8,7.8,4.6,,0,,
4.6+8.0,8.0,4.6,,0,,
4.6+8.2,8.2,4.6,,0,,
4.6+8.4,8.4,4.6,,0,,
4.6+8.6,8.6,4.6,,0,,
4.6+8.8,8.8,4.6,,0,,
4.6+9.0,9.0,4.6,,0,,
4.6+9.2,9.2,4.6,,0,,
4.6+9.4,9.4,4.6,,0,,
4.6+9.6,9.6,4.6,,0,,
4.8+-0.2,-0.2,4.8,,0,,
4.8+-0.4,-0.4,4.8,,0,,
4.8+-0.6,-0.6,4.8,,0,,
4.8+-0.8,-0.8,4.8,,0,,
4.8+-1.0,-1.0,4.8,,0,,
4.8+-1.2,-1.2,4.8,,0,,
4.8+-1.4,-1.4,4.8,,0,,
4.8+-1.6,-1.6,4.8,,0,,
4.8+-1.8,-1.8,4.8,,0,,
4.8+-2.0,-2.0,4.8,,0,,
4.8+-2.2,-2.2,4.8,,0,,
4.8+-2.4,-2.4,4.8,,0,,
4.8+-2.6,-2.6,4.8,,0,,
4.8+-2.8,-2.8,4.8,,0,,
4.8+-3.0,-3.0,4.8,,0,,
4.8+-3.2,-3.2,4.8,,0,,
4.8+-3.4,-3.4,4.8,,0,,
4.8+-3.6,-3.6,4.8,,0,,
4.8+-3.8,-3.8,4.8,,0,,
4.8+-4.0,-4.0,4.8,,0,,
4.8+-4.2,-4.2,4.8,,0,,
4.8+-4.4,-4.4,4.8,,0,,
4.8+-4.6,-4.6,4.8,,0,,
4.8+-4.8,-4.8,4.8,,0,,
4.8+-5.0,-5.0,4.8,,0,,
4.8+-5.2,-5.2,4.8,,0,,
4.8+-5.4,-5.4,4.8,,0,,
4.8+-5.6,-5.6,4.8,,0,,
4.8+-5.8,-5.8,4.8,,0,,
4.8+-6.0,-6.0,4.8,,0,,
4.8+-6.2,-6.2,4.8,,0,,
4.8+-6.4,-6.4,4.8,,0,,
4.8+-6.6,-6.6,4.8,,0,,
4.8+-6.8,-6.8,4.8,,0,,
4.8+-7.0,-7.0,4.8,,0,,
4.8+-7.2,-7.2,4.8,,0,,
4.8+-7.4,-7.4,4.8,,0,,
4.8+-7.6,-7.6,4.8,,0,,
4.8+-7.8,-7.8,4.8,,0,,
4.8+-8.0,-8.0,4.8,,0,,
4.8+0.0,0.0,4.8,,0,,
4.8+0.2,0.2,4.8,,0,,
4.8+0.4,0.4,4.8,,0,,
4.8+0.6,0.6,4.8,,0,,
4.8+0.8,0.8,4.8,,0,,
4.8+1.0,1.0,4.8,,0,,
4.8+1.2,1.2,4.8,,0,,
4.8+1.4,1.4,4.8,,0,,
4.8+1.6,1.6,4.8,,0,,
4.8+1.8,1.8,4.8,,0,,
4.8+2.0,2.0,4.8,,0,,
4.8+2.2,2.2,4.8,,0,,
4.8+2.4,2.4,4.8,,0,,
4.8+2.6,2.6,4.8,,0,,
4.8+2.8,2.8,4.8,,0,,
4.8+3.0,3.0,4.8,,0,,
4.8+3.2,3.2,4.8,,0,,
4.8+3.4,3.4,4.8,,0,,
4.8+3.6,3.6,4.8,,0,,
4.8+3.8,3.8,4.8,,0,,
4.8+4.0,4.0,4.8,,0,,
4.8+4.2,4.2,4.8,,0,,
4.8+4.4,4.4,4.8,,0,,
4.8+4.6,4.6,4.8,,0,,
4.8+4.8,4.8,4.8,,0,,
4.8+5.0,5.0,4.8,,0,,
4.8+5.2,5.2,4.8,,0,,
4.8+5.4,5.4,4.8,,0,,
4.8+5.6,5.6,4.8,,0,,
4.8+5.8,5.8,4.8,,0,,
4.8+6.0,6.0,4.8,,0,,
4.8+6.2,6.2,4.8,,0,,
4.8+6.4,6.4,4.8,,0,,
4.8+6.6,6.6,4.8,,0,,
4.8+6.8,6.8,4.8,,0,,
4.8+7.0,7.0,4.8,,0,,
4.8+7.2,7.2,4.8,,0,,
4.8+7.4,7.4,4.8,,0,,
4.8+7.6,7.6,4.8,,0,,
4.8+7.8,7.8,4.8,,0,,
4.8+8.0,8.0,4.8,,0,,
4.8+8.2,8.2,4.8,,0,,
4.8+8.4,8.4,4.8,,0,,
4.8+8.6,8.6,4.8,,0,,
4.8+8.8,8.8,4.8,,0,,
4.8+9.0,9.0,4.8,,0,,
4.8+9.2,9.2,4.8,,0,,
4.8+9.4,9.4,4.8,,0,,
4.8+9.6,9.6,4.8,,0,,
5.0+-0.2,-0.2,5.0,,0,,
5.0+-0.4,-0.4,5.0,,0,,
5.0+-0.6,-0.6,5.0,,0,,
5.0+-0.8,-0.8,5.0,,0,,
5.0+-1.0,-1.0,5.0,,0,,
5.0+-1.2,-1.2,5.0,,0,,
5.0+-1.4,-1.4,5.0,,0,,
5.0+-1.6,-1.6,5.0,,0,,
5.0+-1.8,-1.8,5.0,,0,,
5.0+-2.0,-2.0,5.0,,0,,
5.0+-2.2,-2.2,5.0,,0,,
5.0+-2.4,-2.4,5.0,,0,,
5.0+-2.6,-2.6,5.0,,0,,
5.0+-2.8,-2.8,5.0,,0,,
5.0+-3.0,-3.0,5.0,,0,,
5.0+-3.2,-3.2,5.0,,0,,
5.0+-3.4,-3.4,5.0,,0,,
5.0+-3.6,-3.6,5.0,,0,,
5.0+-3.8,-3.8,5.0,,0,,
5.0+-4.0,-4.0,5.0,,0,,
5.0+-4.2,-4.2,5.0,,0,,
5.0+-4.4,-4.4,5.0,,0,,
5.0+-4.6,-4.6,5.0,,0,,
5.0+-4.8,-4.8,5.0,,0,,
5.0+-5.0,-5.0,5.0,,0,,
5.0+-5.2,-5.2,5.0,,0,,
5.0+-5.4,-5.4,5.0,,0,,
5.0+-5.6,-5.6,5.0,,0,,
5.0+-5.8,-5.8,5.0,,0,,
5.0+-6.0,-6.0,5.0,,0,,
5.0+-6.2,-6.2,5.0,,0,,
5.0+-6.4,-6.4,5.0,,0,,
5.0+-6.6,-6.6,5.0,,0,,
5.0+-6.8,-6.8,5.0,,0,,
5.0+-7.0,-7.0,5.0,,0,,
5.0+-7.2,-7.2,5.0,,0,,
5.0+-7.4,-7.4,5.0,,0,,
5.0+-7.6,-7.6,5.0,,0,,
5.0+-7.8,-7.8,5.0,,0,,
5.0+-8.0,-8.0,5.0,,0,,
5.0+0.0,0.0,5.0,,0,,
5.0+0.2,0.2,5.0,,0,,
5.0+0.4,0.4,5.0,,0,,
5.0+0.6,0.6,5.0,,0,,
5.0+0.8,0.8,5.0,,0,,
5.0+1.0,1.0,5.0,,0,,
5.0+1.2,1.2,5.0,,0,,
5.0+1.4,1.4,5.0,,0,,
5.0+1.6,1.6,5.0,,0,,
5.0+1.8,1.8,5.0,,0,,
5.0+2.0,2.0,5.0,,0,,
5.0+2.2,2.2,5.0,,0,,
5.0+2.4,2.4,5.0,,0,,
5.0+2.6,2.6,5.0,,0,,
5.0+2.8,2.8,5.0,,0,,
5.0+3.0,3.0,5.0,,0,,
5.0+3.2,3.2,5.0,,0,,
5.0+3.4,3.4,5.0,,0,,
5.0+3.6,3.6,5.0,,0,,
5.0+3.8,3.8,5.0,,0,,
5.0+4.0,4.0,5.0,,0,,
5.0+4.2,4.2,5.0,,0,,
5.0+4.4,4.4,5.0,,0,,
5.0+4.6,4.6,5.0,,0,,
5.0+4.8,4.8,5.0,,0,,
5.0+5.0,5.0,5.0,,0,,
5.0+5.2,5.2,5.0,,0,,
5.0+5.4,5.4,5.0,,0,,
5.0+5.6,5.6,5.0,,0,,
5.0+5.8,5.8,5.0,,0,,
5.0+6.0,6.0,5.0,,0,,
5.0+6.2,6.2,5.0,,0,,
5.0+6.4,6.4,5.0,,0,,
5.0+6.6,6.6,5.0,,0,,
5.0+6.8,6.8,5.0,,0,,
5.0+7.0,7.0,5.0,,0,,
5.0+7.2,7.2,5.0,0.6668816,1,0.6668816208839417,0.6668816208839417
5.0+7.4,7.4,5.0,,0,,
5.0+7.6,7.6,5.0,1.1569086,1,1.156908631324768,1.156908631324768
5.0+7.8,7.8,5.0,,0,,
5.0+8.0,8.0,5.0,,0,,
5.0+8.2,8.2,5.0,,0,,
5.0+8.4,8.4,5.0,,0,,
5.0+8.6,8.6,5.0,,0,,
5.0+8.8,8.8,5.0,,0,,
5.0+9.0,9.0,5.0,,0,,
5.0+9.2,9.2,5.0,,0,,
5.0+9.4,9.4,5.0,,0,,
5.0+9.6,9.6,5.0,,0,,
5.2+-0.2,-0.2,5.2,,0,,
5.2+-0.4,-0.4,5.2,,0,,
5.2+-0.6,-0.6,5.2,,0,,
5.2+-0.8,-0.8,5.2,,0,,
5.2+-1.0,-1.0,5.2,,0,,
5.2+-1.2,-1.2,5.2,,0,,
5.2+-1.4,-1.4,5.2,,0,,
5.2+-1.6,-1.6,5.2,,0,,
5.2+-1.8,-1.8,5.2,,0,,
5.2+-2.0,-2.0,5.2,,0,,
5.2+-2.2,-2.2,5.2,,0,,
5.2+-2.4,-2.4,5.2,,0,,
5.2+-2.6,-2.6,5.2,,0,,
5.2+-2.8,-2.8,5.2,,0,,
5.2+-3.0,-3.0,5.2,,0,,
5.2+-3.2,-3.2,5.2,,0,,
5.2+-3.4,-3.4,5.2,,0,,
5.2+-3.6,-3.6,5.2,,0,,
5.2+-3.8,-3.8,5.2,,0,,
5.2+-4.0,-4.0,5.2,,0,,
5.2+-4.2,-4.2,5.2,,0,,
5.2+-4.4,-4.4,5.2,,0,,
5.2+-4.6,-4.6,5.2,,0,,
5.2+-4.8,-4.8,5.2,,0,,
5.2+-5.0,-5.0,5.2,,0,,
5.2+-5.2,-5.2,5.2,,0,,
5.2+-5.4,-5.4,5.2,,0,,
5.2+-5.6,-5.6,5.2,,0,,
5.2+-5.8,-5.8,5.2,,0,,
5.2+-6.0,-6.0,5.2,,0,,
5.2+-6.2,-6.2,5.2,,0,,
5.2+-6.4,-6.4,5.2,,0,,
5.2+-6.6,-6.6,5.2,,0,,
5.2+-6.8,-6.8,5.2,,0,,
5.2+-7.0,-7.0,5.2,,0,,
5.2+-7.2,-7.2,5.2,,0,,
5.2+-7.4,-7.4,5.2,,0,,
5.2+-7.6,-7.6,5.2,,0,,
5.2+-7.8,-7.8,5.2,,0,,
5.2+-8.0,-8.0,5.2,,0,,
5.2+0.0,0.0,5.2,,0,,
5.2+0.2,0.2,5.2,,0,,
5.2+0.4,0.4,5.2,,0,,
5.2+0.6,0.6,5.2,,0,,
5.2+0.8,0.8,5.2,,0,,
5.2+1.0,1.0,5.2,,0,,
5.2+1.2,1.2,5.2,,0,,
5.2+1.4,1.4,5.2,,0,,
5.2+1.6,1.6,5.2,,0,,
5.2+1.8,1.8,5.2,,0,,
5.2+2.0,2.0,5.2,,0,,
5.2+2.2,2.2,5.2,,0,,
5.2+2.4,2.4,5.2,,0,,
5.2+2.6,2.6,5.2,,0,,
5.2+2.8,2.8,5.2,,0,,
5.2+3.0,3.0,5.2,,0,,
5.2+3.2,3.2,5.2,,0,,
5.2+3.4,3.4,5.2,,0,,
5.2+3.6,3.6,5.2,,0,,
5.2+3.8,3.8,5.2,,0,,
5.2+4.0,4.0,5.2,,0,,
5.2+4.2,4.2,5.2,,0,,
5.2+4.4,4.4,5.2,,0,,
5.2+4.6,4.6,5.2,,0,,
5.2+4.8,4.8,5.2,,0,,
5.2+5.0,5.0,5.2,,0,,
5.2+5.2,5.2,5.2,,0,,
5.2+5.4,5.4,5.2,,0,,
5.2+5.6,5.6,5.2,,0,,
5.2+5.8,5.8,5.2,,0,,
5.2+6.0,6.0,5.2,,0,,
5.2+6.2,6.2,5.2,,0,,
5.2+6.4,6.4,5.2,,0,,
5.2+6.6,6.6,5.2,,0,,
5.2+6.8,6.8,5.2,,0,,
5.2+7.0,7.0,5.2,,0,,
5.2+7.2,7.2,5.2,,0,,
5.2+7.4,7.4,5.2,1.1688536,1,1.1688536405563354,1.1688536405563354
5.2+7.6,7.6,5.2,,0,,
5.2+7.8,7.8,5.2,0.9582107,1,0.9582107067108154,0.9582107067108154
5.2+8.0,8.0,5.2,,0,,
5.2+8.2,8.2,5.2,,0,,
5.2+8.4,8.4,5.2,,0,,
5.2+8.6,8.6,5.2,,0,,
5.2+8.8,8.8,5.2,,0,,
5.2+9.0,9.0,5.2,,0,,
5.2+9.2,9.2,5.2,,0,,
5.2+9.4,9.4,5.2,,0,,
5.2+9.6,9.6,5.2,,0,,
5.4+-0.2,-0.2,5.4,,0,,
5.4+-0.4,-0.4,5.4,,0,,
5.4+-0.6,-0.6,5.4,,0,,
5.4+-0.8,-0.8,5.4,,0,,
5.4+-1.0,-1.0,5.4,,0,,
5.4+-1.2,-1.2,5.4,,0,,
5.4+-1.4,-1.4,5.4,,0,,
5.4+-1.6,-1.6,5.4,,0,,
5.4+-1.8,-1.8,5.4,,0,,
5.4+-2.0,-2.0,5.4,,0,,
5.4+-2.2,-2.2,5.4,,0,,
5.4+-2.4,-2.4,5.4,,0,,
5.4+-2.6,-2.6,5.4,,0,,
5.4+-2.8,-2.8,5.4,,0,,
5.4+-3.0,-3.0,5.4,,0,,
5.4+-3.2,-3.2,5.4,,0,,
5.4+-3.4,-3.4,5.4,,0,,
5.4+-3.6,-3.6,5.4,,0,,
5.4+-3.8,-3.8,5.4,,0,,
5.4+-4.0,-4.0,5.4,,0,,
5.4+-4.2,-4.2,5.4,,0,,
5.4+-4.4,-4.4,5.4,,0,,
5.4+-4.6,-4.6,5.4,,0,,
5.4+-4.8,-4.8,5.4,,0,,
5.4+-5.0,-5.0,5.4,,0,,
5.4+-5.2,-5.2,5.4,,0,,
5.4+-5.4,-5.4,5.4,,0,,
5.4+-5.6,-5.6,5.4,,0,,
5.4+-5.8,-5.8,5.4,,0,,
5.4+-6.0,-6.0,5.4,,0,,
5.4+-6.2,-6.2,5.4,,0,,
5.4+-6.4,-6.4,5.4,,0,,
5.4+-6.6,-6.6,5.4,,0,,
5.4+-6.8,-6.8,5.4,,0,,
5.4+-7.0,-7.0,5.4,,0,,
5.4+-7.2,-7.2,5.4,,0,,
5.4+-7.4,-7.4,5.4,,0,,
5.4+-7.6,-7.6,5.4,,0,,
5.4+-7.8,-7.8,5.4,,0,,
5.4+-8.0,-8.0,5.4,,0,,
5.4+0.0,0.0,5.4,,0,,
5.4+0.2,0.2,5.4,,0,,
5.4+0.4,0.4,5.4,,0,,
5.4+0.6,0.6,5.4,,0,,
5.4+0.8,0.8,5.4,,0,,
5.4+1.0,1.0,5.4,,0,,
5.4+1.2,1.2,5.4,,0,,
5.4+1.4,1.4,5.4,,0,,
5.4+1.6,1.6,5.4,,0,,
5.4+1.8,1.8,5.4,,0,,
5.4+2.0,2.0,5.4,,0,,
5.4+2.2,2.2,5.4,,0,,
5.4+2.4,2.4,5.4,,0,,
5.4+2.6,2.6,5.4,,0,,
5.4+2.8,2.8,5.4,,0,,
5.4+3.0,3.0,5.4,,0,,
5.4+3.2,3.2,5.4,,0,,
5.4+3.4,3.4,5.4,,0,,
5.4+3.6,3.6,5.4,,0,,
5.4+3.8,3.8,5.4,,0,,
5.4+4.0,4.0,5.4,,0,,
5.4+4.2,4.2,5.4,,0,,
5.4+4.4,4.4,5.4,,0,,
5.4+4.6,4.6,5.4,,0,,
5.4+4.8,4.8,5.4,,0,,
5.4+5.0,5.0,5.4,,0,,
5.4+5.2,5.2,5.4,,0,,
5.4+5.4,5.4,5.4,,0,,
5.4+5.6,5.6,5.4,,0,,
5.4+5.8,5.8,5.4,,0,,
5.4+6.0,6.0,5.4,,0,,
5.4+6.2,6.2,5.4,,0,,
5.4+6.4,6.4,5.4,,0,,
5.4+6.6,6.6,5.4,,0,,
5.4+6.8,6.8,5.4,,0,,
5.4+7.0,7.0,5.4,,0,,
5.4+7.2,7.2,5.4,,0,,
5.4+7.4,7.4,5.4,,0,,
5.4+7.6,7.6,5.4,,0,,
5.4+7.8,7.8,5.4,0.9524851,1,0.9524850845336914,0.9524850845336914
5.4+8.0,8.0,5.4,1.135447,1,1.1354470252990723,1.1354470252990723
5.4+8.2,8.2,5.4,,0,,
5.4+8.4,8.4,5.4,,0,,
5.4+8.6,8.6,5.4,,0,,
5.4+8.8,8.8,5.4,,0,,
5.4+9.0,9.0,5.4,,0,,
5.4+9.2,9.2,5.4,,0,,
5.4+9.4,9.4,5.4,,0,,
5.4+9.6,9.6,5.4,,0,,
5.6+-0.2,-0.2,5.6,,0,,
5.6+-0.4,-0.4,5.6,,0,,
5.6+-0.6,-0.6,5.6,,0,,
5.6+-0.8,-0.8,5.6,,0,,
5.6+-1.0,-1.0,5.6,,0,,
5.6+-1.2,-1.2,5.6,,0,,
5.6+-1.4,-1.4,5.6,,0,,
5.6+-1.6,-1.6,5.6,,0,,
5.6+-1.8,-1.8,5.6,,0,,
5.6+-2.0,-2.0,5.6,,0,,
5.6+-2.2,-2.2,5.6,,0,,
5.6+-2.4,-2.4,5.6,,0,,
5.6+-2.6,-2.6,5.6,,0,,
5.6+-2.8,-2.8,5.6,,0,,
5.6+-3.0,-3.0,5.6,,0,,
5.6+-3.2,-3.2,5.6,,0,,
5.6+-3.4,-3.4,5.6,,0,,
5.6+-3.6,-3.6,5.6,,0,,
5.6+-3.8,-3.8,5.6,,0,,
5.6+-4.0,-4.0,5.6,,0,,
5.6+-4.2,-4.2,5.6,,0,,
5.6+-4.4,-4.4,5.6,,0,,
5.6+-4.6,-4.6,5.6,,0,,
5.6+-4.8,-4.8,5.6,,0,,
5.6+-5.0,-5.0,5.6,,0,,
5.6+-5.2,-5.2,5.6,,0,,
5.6+-5.4,-5.4,5.6,,0,,
5.6+-5.6,-5.6,5.6,,0,,
5.6+-5.8,-5.8,5.6,,0,,
5.6+-6.0,-6.0,5.6,,0,,
5.6+-6.2,-6.2,5.6,,0,,
5.6+-6.4,-6.4,5.6,,0,,
5.6+-6.6,-6.6,5.6,,0,,
5.6+-6.8,-6.8,5.6,,0,,
5.6+-7.0,-7.0,5.6,,0,,
5.6+-7.2,-7.2,5.6,,0,,
5.6+-7.4,-7.4,5.6,,0,,
5.6+-7.6,-7.6,5.6,,0,,
5.6+-7.8,-7.8,5.6,,0,,
5.6+-8.0,-8.0,5.6,,0,,
5.6+0.0,0.0,5.6,,0,,
5.6+0.2,0.2,5.6,,0,,
5.6+0.4,0.4,5.6,,0,,
5.6+0.6,0.6,5.6,,0,,
5.6+0.8,0.8,5.6,,0,,
5.6+1.0,1.0,5.6,,0,,
5.6+1.2,1.2,5.6,,0,,
5.6+1.4,1.4,5.6,,0,,
5.6+1.6,1.6,5.6,,0,,
5.6+1.8,1.8,5.6,,0,,
5.6+2.0,2.0,5.6,,0,,
5.6+2.2,2.2,5.6,,0,,
5.6+2.4,2.4,5.6,,0,,
5.6+2.6,2.6,5.6,,0,,
5.6+2.8,2.8,5.6,,0,,
5.6+3.0,3.0,5.6,,0,,
5.6+3.2,3.2,5.6,,0,,
5.6+3.4,3.4,5.6,,0,,
5.6+3.6,3.6,5.6,,0,,
5.6+3.8,3.8,5.6,,0,,
5.6+4.0,4.0,5.6,,0,,
5.6+4.2,4.2,5.6,,0,,
5.6+4.4,4.4,5.6,,0,,
5.6+4.6,4.6,5.6,,0,,
5.6+4.8,4.8,5.6,,0,,
5.6+5.0,5.0,5.6,,0,,
5.6+5.2,5.2,5.6,,0,,
5.6+5.4,5.4,5.6,,0,,
5.6+5.6,5.6,5.6,,0,,
5.6+5.8,5.8,5.6,,0,,
5.6+6.0,6.0,5.6,,0,,
5.6+6.2,6.2,5.6,,0,,
5.6+6.4,6.4,5.6,,0,,
5.6+6.6,6.6,5.6,,0,,
5.6+6.8,6.8,5.6,,0,,
5.6+7.0,7.0,5.6,,0,,
5.6+7.2,7.2,5.6,,0,,
5.6+7.4,7.4,5.6,,0,,
5.6+7.6,7.6,5.6,,0,,
5.6+7.8,7.8,5.6,,0,,
5.6+8.0,8.0,5.6,,0,,
5.6+8.2,8.2,5.6,1.05103,1,1.0510300397872925,1.0510300397872925
5.6+8.4,8.4,5.6,,0,,
5.6+8.6,8.6,5.6,1.0622036,1,1.0622036457061768,1.0622036457061768
5.6+8.8,8.8,5.6,,0,,
5.6+9.0,9.0,5.6,,0,,
5.6+9.2,9.2,5.6,,0,,
5.6+9.4,9.4,5.6,,0,,
5.6+9.6,9.6,5.6,,0,,
5.8+-0.2,-0.2,5.8,,0,,
5.8+-0.4,-0.4,5.8,,0,,
5.8+-0.6,-0.6,5.8,,0,,
5.8+-0.8,-0.8,5.8,,0,,
5.8+-1.0,-1.0,5.8,,0,,
5.8+-1.2,-1.2,5.8,,0,,
5.8+-1.4,-1.4,5.8,,0,,
5.8+-1.6,-1.6,5.8,,0,,
5.8+-1.8,-1.8,5.8,,0,,
5.8+-2.0,-2.0,5.8,,0,,
5.8+-2.2,-2.2,5.8,,0,,
5.8+-2.4,-2.4,5.8,,0,,
5.8+-2.6,-2.6,5.8,,0,,
5.8+-2.8,-2.8,5.8,,0,,
5.8+-3.0,-3.0,5.8,,0,,
5.8+-3.2,-3.2,5.8,,0,,
5.8+-3.4,-3.4,5.8,,0,,
5.8+-3.6,-3.6,5.8,,0,,
5.8+-3.8,-3.8,5.8,,0,,
5.8+-4.0,-4.0,5.8,,0,,
5.8+-4.2,-4.2,5.8,,0,,
5.8+-4.4,-4.4,5.8,,0,,
5.8+-4.6,-4.6,5.8,,0,,
5.8+-4.8,-4.8,5.8,,0,,
5.8+-5.0,-5.0,5.8,,0,,
5.8+-5.2,-5.2,5.8,,0,,
5.8+-5.4,-5.4,5.8,,0,,
5.8+-5.6,-5.6,5.8,,0,,
5.8+-5.8,-5.8,5.8,,0,,
5.8+-6.0,-6.0,5.8,,0,,
5.8+-6.2,-6.2,5.8,,0,,
5.8+-6.4,-6.4,5.8,,0,,
5.8+-6.6,-6.6,5.8,,0,,
5.8+-6.8,-6.8,5.8,,0,,
5.8+-7.0,-7.0,5.8,,0,,
5.8+-7.2,-7.2,5.8,,0,,
5.8+-7.4,-7.4,5.8,,0,,
5.8+-7.6,-7.6,5.8,,0,,
5.8+-7.8,-7.8,5.8,,0,,
5.8+-8.0,-8.0,5.8,,0,,
5.8+0.0,0.0,5.8,,0,,
5.8+0.2,0.2,5.8,,0,,
5.8+0.4,0.4,5.8,,0,,
5.8+0.6,0.6,5.8,,0,,
5.8+0.8,0.8,5.8,,0,,
5.8+1.0,1.0,5.8,,0,,
5.8+1.2,1.2,5.8,,0,,
5.8+1.4,1.4,5.8,,0,,
5.8+1.6,1.6,5.8,,0,,
5.8+1.8,1.8,5.8,,0,,
5.8+2.0,2.0,5.8,,0,,
5.8+2.2,2.2,5.8,,0,,
5.8+2.4,2.4,5.8,,0,,
5.8+2.6,2.6,5.8,,0,,
5.8+2.8,2.8,5.8,,0,,
5.8+3.0,3.0,5.8,,0,,
5.8+3.2,3.2,5.8,,0,,
5.8+3.4,3.4,5.8,,0,,
5.8+3.6,3.6,5.8,,0,,
5.8+3.8,3.8,5.8,,0,,
5.8+4.0,4.0,5.8,,0,,
5.8+4.2,4.2,5.8,,0,,
5.8+4.4,4.4,5.8,,0,,
5.8+4.6,4.6,5.8,,0,,
5.8+4.8,4.8,5.8,,0,,
5.8+5.0,5.0,5.8,,0,,
5.8+5.2,5.2,5.8,,0,,
5.8+5.4,5.4,5.8,,0,,
5.8+5.6,5.6,5.8,,0,,
5.8+5.8,5.8,5.8,,0,,
5.8+6.0,6.0,5.8,,0,,
5.8+6.2,6.2,5.8,,0,,
5.8+6.4,6.4,5.8,,0,,
5.8+6.6,6.6,5.8,,0,,
5.8+6.8,6.8,5.8,,0,,
5.8+7.0,7.0,5.8,,0,,
5.8+7.2,7.2,5.8,,0,,
5.8+7.4,7.4,5.8,,0,,
5.8+7.6,7.6,5.8,,0,,
5.8+7.8,7.8,5.8,,0,,
5.8+8.0,8.0,5.8,,0,,
5.8+8.2,8.2,5.8,,0,,
5.8+8.4,8.4,5.8,,0,,
5.8+8.6,8.6,5.8,,0,,
5.8+8.8,8.8,5.8,,0,,
5.8+9.0,9.0,5.8,,0,,
5.8+9.2,9.2,5.8,,0,,
5.8+9.4,9.4,5.8,,0,,
5.8+9.6,9.6,5.8,,0,,
6.0+-0.2,-0.2,6.0,,0,,
6.0+-0.4,-0.4,6.0,,0,,
6.0+-0.6,-0.6,6.0,,0,,
6.0+-0.8,-0.8,6.0,,0,,
6.0+-1.0,-1.0,6.0,,0,,
6.0+-1.2,-1.2,6.0,,0,,
6.0+-1.4,-1.4,6.0,,0,,
6.0+-1.6,-1.6,6.0,,0,,
6.0+-1.8,-1.8,6.0,,0,,
6.0+-2.0,-2.0,6.0,,0,,
6.0+-2.2,-2.2,6.0,,0,,
6.0+-2.4,-2.4,6.0,,0,,
6.0+-2.6,-2.6,6.0,,0,,
6.0+-2.8,-2.8,6.0,,0,,
6.0+-3.0,-3.0,6.0,,0,,
6.0+-3.2,-3.2,6.0,,0,,
6.0+-3.4,-3.4,6.0,,0,,
6.0+-3.6,-3.6,6.0,,0,,
6.0+-3.8,-3.8,6.0,,0,,
6.0+-4.0,-4.0,6.0,,0,,
6.0+-4.2,-4.2,6.0,,0,,
6.0+-4.4,-4.4,6.0,,0,,
6.0+-4.6,-4.6,6.0,,0,,
6.0+-4.8,-4.8,6.0,,0,,
6.0+-5.0,-5.0,6.0,,0,,
6.0+-5.2,-5.2,6.0,,0,,
6.0+-5.4,-5.4,6.0,,0,,
6.0+-5.6,-5.6,6.0,,0,,
6.0+-5.8,-5.8,6.0,,0,,
6.0+-6.0,-6.0,6.0,,0,,
6.0+-6.2,-6.2,6.0,,0,,
6.0+-6.4,-6.4,6.0,,0,,
6.0+-6.6,-6.6,6.0,,0,,
6.0+-6.8,-6.8,6.0,,0,,
6.0+-7.0,-7.0,6.0,,0,,
6.0+-7.2,-7.2,6.0,,0,,
6.0+-7.4,-7.4,6.0,,0,,
6.0+-7.6,-7.6,6.0,,0,,
6.0+-7.8,-7.8,6.0,,0,,
6.0+-8.0,-8.0,6.0,,0,,
6.0+0.0,0.0,6.0,,0,,
6.0+0.2,0.2,6.0,,0,,
6.0+0.4,0.4,6.0,,0,,
6.0+0.6,0.6,6.0,,0,,
6.0+0.8,0.8,6.0,,0,,
6.0+1.0,1.0,6.0,,0,,
6.0+1.2,1.2,6.0,,0,,
6.0+1.4,1.4,6.0,,0,,
6.0+1.6,1.6,6.0,,0,,
6.0+1.8,1.8,6.0,,0,,
6.0+2.0,2.0,6.0,,0,,
6.0+2.2,2.2,6.0,,0,,
6.0+2.4,2.4,6.0,,0,,
6.0+2.6,2.6,6.0,,0,,
6.0+2.8,2.8,6.0,,0,,
6.0+3.0,3.0,6.0,,0,,
6.0+3.2,3.2,6.0,,0,,
6.0+3.4,3.4,6.0,,0,,
6.0+3.6,3.6,6.0,,0,,
6.0+3.8,3.8,6.0,,0,,
6.0+4.0,4.0,6.0,,0,,
6.0+4.2,4.2,6.0,,0,,
6.0+4.4,4.4,6.0,,0,,
6.0+4.6,4.6,6.0,,0,,
6.0+4.8,4.8,6.0,,0,,
6.0+5.0,5.0,6.0,,0,,
6.0+5.2,5.2,6.0,,0,,
6.0+5.4,5.4,6.0,,0,,
6.0+5.6,5.6,6.0,,0,,
6.0+5.8,5.8,6.0,,0,,
6.0+6.0,6.0,6.0,,0,,
6.0+6.2,6.2,6.0,,0,,
6.0+6.4,6.4,6.0,,0,,
6.0+6.6,6.6,6.0,,0,,
6.0+6.8,6.8,6.0,,0,,
6.0+7.0,7.0,6.0,,0,,
6.0+7.2,7.2,6.0,,0,,
6.0+7.4,7.4,6.0,,0,,
6.0+7.6,7.6,6.0,,0,,
6.0+7.8,7.8,6.0,,0,,
6.0+8.0,8.0,6.0,,0,,
6.0+8.2,8.2,6.0,,0,,
6.0+8.4,8.4,6.0,,0,,
6.0+8.6,8.6,6.0,,0,,
6.0+8.8,8.8,6.0,,0,,
6.0+9.0,9.0,6.0,,0,,
6.0+9.2,9.2,6.0,,0,,
6.0+9.4,9.4,6.0,,0,,
6.0+9.6,9.6,6.0,,0,,
6.2+-0.2,-0.2,6.2,,0,,
6.2+-0.4,-0.4,6.2,,0,,
6.2+-0.6,-0.6,6.2,,0,,
6.2+-0.8,-0.8,6.2,,0,,
6.2+-1.0,-1.0,6.2,,0,,
6.2+-1.2,-1.2,6.2,,0,,
6.2+-1.4,-1.4,6.2,,0,,
6.2+-1.6,-1.6,6.2,,0,,
6.2+-1.8,-1.8,6.2,,0,,
6.2+-2.0,-2.0,6.2,,0,,
6.2+-2.2,-2.2,6.2,,0,,
6.2+-2.4,-2.4,6.2,,0,,
6.2+-2.6,-2.6,6.2,,0,,
6.2+-2.8,-2.8,6.2,,0,,
6.2+-3.0,-3.0,6.2,,0,,
6.2+-3.2,-3.2,6.2,,0,,
6.2+-3.4,-3.4,6.2,,0,,
6.2+-3.6,-3.6,6.2,,0,,
6.2+-3.8,-3.8,6.2,,0,,
6.2+-4.0,-4.0,6.2,,0,,
6.2+-4.2,-4.2,6.2,,0,,
6.2+-4.4,-4.4,6.2,,0,,
6.2+-4.6,-4.6,6.2,,0,,
6.2+-4.8,-4.8,6.2,,0,,
6.2+-5.0,-5.0,6.2,,0,,
6.2+-5.2,-5.2,6.2,,0,,
6.2+-5.4,-5.4,6.2,,0,,
6.2+-5.6,-5.6,6.2,,0,,
6.2+-5.8,-5.8,6.2,,0,,
6.2+-6.0,-6.0,6.2,,0,,
6.2+-6.2,-6.2,6.2,,0,,
6.2+-6.4,-6.4,6.2,,0,,
6.2+-6.6,-6.6,6.2,,0,,
6.2+-6.8,-6.8,6.2,,0,,
6.2+-7.0,-7.0,6.2,,0,,
6.2+-7.2,-7.2,6.2,,0,,
6.2+-7.4,-7.4,6.2,,0,,
6.2+-7.6,-7.6,6.2,,0,,
6.2+-7.8,-7.8,6.2,,0,,
6.2+-8.0,-8.0,6.2,,0,,
6.2+0.0,0.0,6.2,,0,,
6.2+0.2,0.2,6.2,,0,,
6.2+0.4,0.4,6.2,,0,,
6.2+0.6,0.6,6.2,,0,,
6.2+0.8,0.8,6.2,,0,,
6.2+1.0,1.0,6.2,,0,,
6.2+1.2,1.2,6.2,,0,,
6.2+1.4,1.4,6.2,,0,,
6.2+1.6,1.6,6.2,,0,,
6.2+1.8,1.8,6.2,,0,,
6.2+2.0,2.0,6.2,,0,,
6.2+2.2,2.2,6.2,,0,,
6.2+2.4,2.4,6.2,,0,,
6.2+2.6,2.6,6.2,,0,,
6.2+2.8,2.8,6.2,,0,,
6.2+3.0,3.0,6.2,,0,,
6.2+3.2,3.2,6.2,,0,,
6.2+3.4,3.4,6.2,,0,,
6.2+3.6,3.6,6.2,,0,,
6.2+3.8,3.8,6.2,,0,,
6.2+4.0,4.0,6.2,,0,,
6.2+4.2,4.2,6.2,,0,,
6.2+4.4,4.4,6.2,,0,,
6.2+4.6,4.6,6.2,,0,,
6.2+4.8,4.8,6.2,,0,,
6.2+5.0,5.0,6.2,,0,,
6.2+5.2,5.2,6.2,,0,,
6.2+5.4,5.4,6.2,,0,,
6.2+5.6,5.6,6.2,,0,,
6.2+5.8,5.8,6.2,,0,,
6.2+6.0,6.0,6.2,,0,,
6.2+6.2,6.2,6.2,,0,,
6.2+6.4,6.4,6.2,,0,,
6.2+6.6,6.6,6.2,,0,,
6.2+6.8,6.8,6.2,,0,,
6.2+7.0,7.0,6.2,,0,,
6.2+7.2,7.2,6.2,,0,,
6.2+7.4,7.4,6.2,,0,,
6.2+7.6,7.6,6.2,,0,,
6.2+7.8,7.8,6.2,,0,,
6.2+8.0,8.0,6.2,,0,,
6.2+8.2,8.2,6.2,,0,,
6.2+8.4,8.4,6.2,,0,,
6.2+8.6,8.6,6.2,,0,,
6.2+8.8,8.8,6.2,,0,,
6.2+9.0,9.0,6.2,,0,,
6.2+9.2,9.2,6.2,,0,,
6.2+9.4,9.4,6.2,,0,,
6.2+9.6,9.6,6.2,,0,,
6.4+-0.2,-0.2,6.4,,0,,
6.4+-0.4,-0.4,6.4,,0,,
6.4+-0.6,-0.6,6.4,,0,,
6.4+-0.8,-0.8,6.4,,0,,
6.4+-1.0,-1.0,6.4,,0,,
6.4+-1.2,-1.2,6.4,,0,,
6.4+-1.4,-1.4,6.4,,0,,
6.4+-1.6,-1.6,6.4,,0,,
6.4+-1.8,-1.8,6.4,,0,,
6.4+-2.0,-2.0,6.4,,0,,
6.4+-2.2,-2.2,6.4,,0,,
6.4+-2.4,-2.4,6.4,,0,,
6.4+-2.6,-2.6,6.4,,0,,
6.4+-2.8,-2.8,6.4,,0,,
6.4+-3.0,-3.0,6.4,,0,,
6.4+-3.2,-3.2,6.4,,0,,
6.4+-3.4,-3.4,6.4,,0,,
6.4+-3.6,-3.6,6.4,,0,,
6.4+-3.8,-3.8,6.4,,0,,
6.4+-4.0,-4.0,6.4,,0,,
6.4+-4.2,-4.2,6.4,,0,,
6.4+-4.4,-4.4,6.4,,0,,
6.4+-4.6,-4.6,6.4,,0,,
6.4+-4.8,-4.8,6.4,,0,,
6.4+-5.0,-5.0,6.4,,0,,
6.4+-5.2,-5.2,6.4,,0,,
6.4+-5.4,-5.4,6.4,,0,,
6.4+-5.6,-5.6,6.4,,0,,
6.4+-5.8,-5.8,6.4,,0,,
6.4+-6.0,-6.0,6.4,,0,,
6.4+-6.2,-6.2,6.4,,0,,
6.4+-6.4,-6.4,6.4,,0,,
6.4+-6.6,-6.6,6.4,,0,,
6.4+-6.8,-6.8,6.4,,0,,
6.4+-7.0,-7.0,6.4,,0,,
6.4+-7.2,-7.2,6.4,,0,,
6.4+-7.4,-7.4,6.4,,0,,
6.4+-7.6,-7.6,6.4,,0,,
6.4+-7.8,-7.8,6.4,,0,,
6.4+-8.0,-8.0,6.4,,0,,
6.4+0.0,0.0,6.4,,0,,
6.4+0.2,0.2,6.4,,0,,
6.4+0.4,0.4,6.4,,0,,
6.4+0.6,0.6,6.4,,0,,
6.4+0.8,0.8,6.4,,0,,
6.4+1.0,1.0,6.4,,0,,
6.4+1.2,1.2,6.4,,0,,
6.4+1.4,1.4,6.4,,0,,
6.4+1.6,1.6,6.4,,0,,
6.4+1.8,1.8,6.4,,0,,
6.4+2.0,2.0,6.4,,0,,
6.4+2.2,2.2,6.4,,0,,
6.4+2.4,2.4,6.4,,0,,
6.4+2.6,2.6,6.4,,0,,
6.4+2.8,2.8,6.4,,0,,
6.4+3.0,3.0,6.4,,0,,
6.4+3.2,3.2,6.4,,0,,
6.4+3.4,3.4,6.4,,0,,
6.4+3.6,3.6,6.4,,0,,
6.4+3.8,3.8,6.4,,0,,
6.4+4.0,4.0,6.4,,0,,
6.4+4.2,4.2,6.4,,0,,
6.4+4.4,4.4,6.4,,0,,
6.4+4.6,4.6,6.4,,0,,
6.4+4.8,4.8,6.4,,0,,
6.4+5.0,5.0,6.4,,0,,
6.4+5.2,5.2,6.4,,0,,
6.4+5.4,5.4,6.4,,0,,
6.4+5.6,5.6,6.4,,0,,
6.4+5.8,5.8,6.4,,0,,
6.4+6.0,6.0,6.4,,0,,
6.4+6.2,6.2,6.4,,0,,
6.4+6.4,6.4,6.4,,0,,
6.4+6.6,6.6,6.4,,0,,
6.4+6.8,6.8,6.4,,0,,
6.4+7.0,7.0,6.4,,0,,
6.4+7.2,7.2,6.4,,0,,
6.4+7.4,7.4,6.4,,0,,
6.4+7.6,7.6,6.4,,0,,
6.4+7.8,7.8,6.4,,0,,
6.4+8.0,8.0,6.4,,0,,
6.4+8.2,8.2,6.4,,0,,
6.4+8.4,8.4,6.4,,0,,
6.4+8.6,8.6,6.4,,0,,
6.4+8.8,8.8,6.4,,0,,
6.4+9.0,9.0,6.4,,0,,
6.4+9.2,9.2,6.4,,0,,
6.4+9.4,9.4,6.4,,0,,
6.4+9.6,9.6,6.4,,0,,
6.6+-0.2,-0.2,6.6,,0,,
6.6+-0.4,-0.4,6.6,,0,,
6.6+-0.6,-0.6,6.6,,0,,
6.6+-0.8,-0.8,6.6,,0,,
6.6+-1.0,-1.0,6.6,,0,,
6.6+-1.2,-1.2,6.6,,0,,
6.6+-1.4,-1.4,6.6,,0,,
6.6+-1.6,-1.6,6.6,,0,,
6.6+-1.8,-1.8,6.6,,0,,
6.6+-2.0,-2.0,6.6,,0,,
6.6+-2.2,-2.2,6.6,,0,,
6.6+-2.4,-2.4,6.6,,0,,
6.6+-2.6,-2.6,6.6,,0,,
6.6+-2.8,-2.8,6.6,,0,,
6.6+-3.0,-3.0,6.6,,0,,
6.6+-3.2,-3.2,6.6,,0,,
6.6+-3.4,-3.4,6.6,,0,,
6.6+-3.6,-3.6,6.6,,0,,
6.6+-3.8,-3.8,6.6,,0,,
6.6+-4.0,-4.0,6.6,,0,,
6.6+-4.2,-4.2,6.6,,0,,
6.6+-4.4,-4.4,6.6,,0,,
6.6+-4.6,-4.6,6.6,,0,,
6.6+-4.8,-4.8,6.6,,0,,
6.6+-5.0,-5.0,6.6,,0,,
6.6+-5.2,-5.2,6.6,,0,,
6.6+-5.4,-5.4,6.6,,0,,
6.6+-5.6,-5.6,6.6,,0,,
6.6+-5.8,-5.8,6.6,,0,,
6.6+-6.0,-6.0,6.6,,0,,
6.6+-6.2,-6.2,6.6,,0,,
6.6+-6.4,-6.4,6.6,,0,,
6.6+-6.6,-6.6,6.6,,0,,
6.6+-6.8,-6.8,6.6,,0,,
6.6+-7.0,-7.0,6.6,,0,,
6.6+-7.2,-7.2,6.6,,0,,
6.6+-7.4,-7.4,6.6,,0,,
6.6+-7.6,-7.6,6.6,,0,,
6.6+-7.8,-7.8,6.6,,0,,
6.6+-8.0,-8.0,6.6,,0,,
6.6+0.0,0.0,6.6,,0,,
6.6+0.2,0.2,6.6,,0,,
6.6+0.4,0.4,6.6,,0,,
6.6+0.6,0.6,6.6,,0,,
6.6+0.8,0.8,6.6,,0,,
6.6+1.0,1.0,6.6,,0,,
6.6+1.2,1.2,6.6,,0,,
6.6+1.4,1.4,6.6,,0,,
6.6+1.6,1.6,6.6,,0,,
6.6+1.8,1.8,6.6,,0,,
6.6+2.0,2.0,6.6,,0,,
6.6+2.2,2.2,6.6,,0,,
6.6+2.4,2.4,6.6,,0,,
6.6+2.6,2.6,6.6,,0,,
6.6+2.8,2.8,6.6,,0,,
6.6+3.0,3.0,6.6,,0,,
6.6+3.2,3.2,6.6,,0,,
6.6+3.4,3.4,6.6,,0,,
6.6+3.6,3.6,6.6,,0,,
6.6+3.8,3.8,6.6,,0,,
6.6+4.0,4.0,6.6,,0,,
6.6+4.2,4.2,6.6,,0,,
6.6+4.4,4.4,6.6,,0,,
6.6+4.6,4.6,6.6,,0,,
6.6+4.8,4.8,6.6,,0,,
6.6+5.0,5.0,6.6,,0,,
6.6+5.2,5.2,6.6,,0,,
6.6+5.4,5.4,6.6,,0,,
6.6+5.6,5.6,6.6,,0,,
6.6+5.8,5.8,6.6,,0,,
6.6+6.0,6.0,6.6,,0,,
6.6+6.2,6.2,6.6,,0,,
6.6+6.4,6.4,6.6,,0,,
6.6+6.6,6.6,6.6,,0,,
6.6+6.8,6.8,6.6,,0,,
6.6+7.0,7.0,6.6,,0,,
6.6+7.2,7.2,6.6,,0,,
6.6+7.4,7.4,6.6,,0,,
6.6+7.6,7.6,6.6,,0,,
6.6+7.8,7.8,6.6,,0,,
6.6+8.0,8.0,6.6,,0,,
6.6+8.2,8.2,6.6,,0,,
6.6+8.4,8.4,6.6,,0,,
6.6+8.6,8.6,6.6,,0,,
6.6+8.8,8.8,6.6,,0,,
6.6+9.0,9.0,6.6,,0,,
6.6+9.2,9.2,6.6,,0,,
6.6+9.4,9.4,6.6,,0,,
6.6+9.6,9.6,6.6,,0,,
6.8+-0.2,-0.2,6.8,,0,,
6.8+-0.4,-0.4,6.8,,0,,
6.8+-0.6,-0.6,6.8,,0,,
6.8+-0.8,-0.8,6.8,,0,,
6.8+-1.0,-1.0,6.8,,0,,
6.8+-1.2,-1.2,6.8,,0,,
6.8+-1.4,-1.4,6.8,,0,,
6.8+-1.6,-1.6,6.8,,0,,
6.8+-1.8,-1.8,6.8,,0,,
6.8+-2.0,-2.0,6.8,,0,,
6.8+-2.2,-2.2,6.8,,0,,
6.8+-2.4,-2.4,6.8,,0,,
6.8+-2.6,-2.6,6.8,,0,,
6.8+-2.8,-2.8,6.8,,0,,
6.8+-3.0,-3.0,6.8,,0,,
6.8+-3.2,-3.2,6.8,,0,,
6.8+-3.4,-3.4,6.8,,0,,
6.8+-3.6,-3.6,6.8,,0,,
6.8+-3.8,-3.8,6.8,,0,,
6.8+-4.0,-4.0,6.8,,0,,
6.8+-4.2,-4.2,6.8,,0,,
6.8+-4.4,-4.4,6.8,,0,,
6.8+-4.6,-4.6,6.8,,0,,
6.8+-4.8,-4.8,6.8,,0,,
6.8+-5.0,-5.0,6.8,,0,,
6.8+-5.2,-5.2,6.8,,0,,
6.8+-5.4,-5.4,6.8,,0,,
6.8+-5.6,-5.6,6.8,,0,,
6.8+-5.8,-5.8,6.8,,0,,
6.8+-6.0,-6.0,6.8,,0,,
6.8+-6.2,-6.2,6.8,,0,,
6.8+-6.4,-6.4,6.8,,0,,
6.8+-6.6,-6.6,6.8,,0,,
6.8+-6.8,-6.8,6.8,,0,,
6.8+-7.0,-7.0,6.8,,0,,
6.8+-7.2,-7.2,6.8,,0,,
6.8+-7.4,-7.4,6.8,,0,,
6.8+-7.6,-7.6,6.8,,0,,
6.8+-7.8,-7.8,6.8,,0,,
6.8+-8.0,-8.0,6.8,,0,,
6.8+0.0,0.0,6.8,,0,,
6.8+0.2,0.2,6.8,,0,,
6.8+0.4,0.4,6.8,,0,,
6.8+0.6,0.6,6.8,,0,,
6.8+0.8,0.8,6.8,,0,,
6.8+1.0,1.0,6.8,,0,,
6.8+1.2,1.2,6.8,,0,,
6.8+1.4,1.4,6.8,,0,,
6.8+1.6,1.6,6.8,,0,,
6.8+1.8,1.8,6.8,,0,,
6.8+2.0,2.0,6.8,,0,,
6.8+2.2,2.2,6.8,,0,,
6.8+2.4,2.4,6.8,,0,,
6.8+2.6,2.6,6.8,,0,,
6.8+2.8,2.8,6.8,,0,,
6.8+3.0,3.0,6.8,,0,,
6.8+3.2,3.2,6.8,,0,,
6.8+3.4,3.4,6.8,,0,,
6.8+3.6,3.6,6.8,,0,,
6.8+3.8,3.8,6.8,,0,,
6.8+4.0,4.0,6.8,,0,,
6.8+4.2,4.2,6.8,,0,,
6.8+4.4,4.4,6.8,,0,,
6.8+4.6,4.6,6.8,,0,,
6.8+4.8,4.8,6.8,,0,,
6.8+5.0,5.0,6.8,,0,,
6.8+5.2,5.2,6.8,,0,,
6.8+5.4,5.4,6.8,,0,,
6.8+5.6,5.6,6.8,,0,,
6.8+5.8,5.8,6.8,,0,,
6.8+6.0,6.0,6.8,,0,,
6.8+6.2,6.2,6.8,,0,,
6.8+6.4,6.4,6.8,,0,,
6.8+6.6,6.6,6.8,,0,,
6.8+6.8,6.8,6.8,,0,,
6.8+7.0,7.0,6.8,,0,,
6.8+7.2,7.2,6.8,,0,,
6.8+7.4,7.4,6.8,,0,,
6.8+7.6,7.6,6.8,,0,,
6.8+7.8,7.8,6.8,,0,,
6.8+8.0,8.0,6.8,,0,,
6.8+8.2,8.2,6.8,,0,,
6.8+8.4,8.4,6.8,,0,,
6.8+8.6,8.6,6.8,,0,,
6.8+8.8,8.8,6.8,,0,,
6.8+9.0,9.0,6.8,,0,,
6.8+9.2,9.2,6.8,,0,,
6.8+9.4,9.4,6.8,,0,,
6.8+9.6,9.6,6.8,,0,,
7.0+-0.2,-0.2,7.0,,0,,
7.0+-0.4,-0.4,7.0,,0,,
7.0+-0.6,-0.6,7.0,,0,,
7.0+-0.8,-0.8,7.0,,0,,
7.0+-1.0,-1.0,7.0,,0,,
7.0+-1.2,-1.2,7.0,,0,,
7.0+-1.4,-1.4,7.0,,0,,
7.0+-1.6,-1.6,7.0,,0,,
7.0+-1.8,-1.8,7.0,,0,,
7.0+-2.0,-2.0,7.0,,0,,
7.0+-2.2,-2.2,7.0,,0,,
7.0+-2.4,-2.4,7.0,,0,,
7.0+-2.6,-2.6,7.0,,0,,
7.0+-2.8,-2.8,7.0,,0,,
7.0+-3.0,-3.0,7.0,,0,,
7.0+-3.2,-3.2,7.0,,0,,
7.0+-3.4,-3.4,7.0,,0,,
7.0+-3.6,-3.6,7.0,,0,,
7.0+-3.8,-3.8,7.0,,0,,
7.0+-4.0,-4.0,7.0,,0,,
7.0+-4.2,-4.2,7.0,,0,,
7.0+-4.4,-4.4,7.0,,0,,
7.0+-4.6,-4.6,7.0,,0,,
7.0+-4.8,-4.8,7.0,,0,,
7.0+-5.0,-5.0,7.0,,0,,
7.0+-5.2,-5.2,7.0,,0,,
7.0+-5.4,-5.4,7.0,,0,,
7.0+-5.6,-5.6,7.0,,0,,
7.0+-5.8,-5.8,7.0,,0,,
7.0+-6.0,-6.0,7.0,,0,,
7.0+-6.2,-6.2,7.0,,0,,
7.0+-6.4,-6.4,7.0,,0,,
7.0+-6.6,-6.6,7.0,,0,,
7.0+-6.8,-6.8,7.0,,0,,
7.0+-7.0,-7.0,7.0,,0,,
7.0+-7.2,-7.2,7.0,,0,,
7.0+-7.4,-7.4,7.0,,0,,
7.0+-7.6,-7.6,7.0,,0,,
7.0+-7.8,-7.8,7.0,,0,,
7.0+-8.0,-8.0,7.0,,0,,
7.0+0.0,0.0,7.0,,0,,
7.0+0.2,0.2,7.0,,0,,
7.0+0.4,0.4,7.0,,0,,
7.0+0.6,0.6,7.0,,0,,
7.0+0.8,0.8,7.0,,0,,
7.0+1.0,1.0,7.0,,0,,
7.0+1.2,1.2,7.0,,0,,
7.0+1.4,1.4,7.0,,0,,
7.0+1.6,1.6,7.0,,0,,
7.0+1.8,1.8,7.0,,0,,
7.0+2.0,2.0,7.0,,0,,
7.0+2.2,2.2,7.0,,0,,
7.0+2.4,2.4,7.0,,0,,
7.0+2.6,2.6,7.0,,0,,
7.0+2.8,2.8,7.0,,0,,
7.0+3.0,3.0,7.0,,0,,
7.0+3.2,3.2,7.0,,0,,
7.0+3.4,3.4,7.0,,0,,
7.0+3.6,3.6,7.0,,0,,
7.0+3.8,3.8,7.0,,0,,
7.0+4.0,4.0,7.0,,0,,
7.0+4.2,4.2,7.0,,0,,
7.0+4.4,4.4,7.0,,0,,
7.0+4.6,4.6,7.0,,0,,
7.0+4.8,4.8,7.0,,0,,
7.0+5.0,5.0,7.0,,0,,
7.0+5.2,5.2,7.0,,0,,
7.0+5.4,5.4,7.0,,0,,
7.0+5.6,5.6,7.0,,0,,
7.0+5.8,5.8,7.0,,0,,
7.0+6.0,6.0,7.0,,0,,
7.0+6.2,6.2,7.0,,0,,
7.0+6.4,6.4,7.0,,0,,
7.0+6.6,6.6,7.0,,0,,
7.0+6.8,6.8,7.0,,0,,
7.0+7.0,7.0,7.0,,0,,
7.0+7.2,7.2,7.0,,0,,
7.0+7.4,7.4,7.0,,0,,
7.0+7.6,7.6,7.0,,0,,
7.0+7.8,7.8,7.0,,0,,
7.0+8.0,8.0,7.0,,0,,
7.0+8.2,8.2,7.0,,0,,
7.0+8.4,8.4,7.0,,0,,
7.0+8.6,8.6,7.0,,0,,
7.0+8.8,8.8,7.0,,0,,
7.0+9.0,9.0,7.0,,0,,
7.0+9.2,9.2,7.0,,0,,
7.0+9.4,9.4,7.0,,0,,
7.0+9.6,9.6,7.0,,0,,
7.2+-0.2,-0.2,7.2,,0,,
7.2+-0.4,-0.4,7.2,,0,,
7.2+-0.6,-0.6,7.2,,0,,
7.2+-0.8,-0.8,7.2,,0,,
7.2+-1.0,-1.0,7.2,,0,,
7.2+-1.2,-1.2,7.2,,0,,
7.2+-1.4,-1.4,7.2,,0,,
7.2+-1.6,-1.6,7.2,,0,,
7.2+-1.8,-1.8,7.2,,0,,
7.2+-2.0,-2.0,7.2,,0,,
7.2+-2.2,-2.2,7.2,,0,,
7.2+-2.4,-2.4,7.2,,0,,
7.2+-2.6,-2.6,7.2,,0,,
7.2+-2.8,-2.8,7.2,,0,,
7.2+-3.0,-3.0,7.2,,0,,
7.2+-3.2,-3.2,7.2,,0,,
7.2+-3.4,-3.4,7.2,,0,,
7.2+-3.6,-3.6,7.2,,0,,
7.2+-3.8,-3.8,7.2,,0,,
7.2+-4.0,-4.0,7.2,,0,,
7.2+-4.2,-4.2,7.2,,0,,
7.2+-4.4,-4.4,7.2,,0,,
7.2+-4.6,-4.6,7.2,,0,,
7.2+-4.8,-4.8,7.2,,0,,
7.2+-5.0,-5.0,7.2,,0,,
7.2+-5.2,-5.2,7.2,,0,,
7.2+-5.4,-5.4,7.2,,0,,
7.2+-5.6,-5.6,7.2,,0,,
7.2+-5.8,-5.8,7.2,,0,,
7.2+-6.0,-6.0,7.2,,0,,
7.2+-6.2,-6.2,7.2,,0,,
7.2+-6.4,-6.4,7.2,,0,,
7.2+-6.6,-6.6,7.2,,0,,
7.2+-6.8,-6.8,7.2,,0,,
7.2+-7.0,-7.0,7.2,,0,,
7.2+-7.2,-7.2,7.2,,0,,
7.2+-7.4,-7.4,7.2,,0,,
7.2+-7.6,-7.6,7.2,,0,,
7.2+-7.8,-7.8,7.2,,0,,
7.2+-8.0,-8.0,7.2,,0,,
7.2+0.0,0.0,7.2,,0,,
7.2+0.2,0.2,7.2,,0,,
7.2+0.4,0.4,7.2,,0,,
7.2+0.6,0.6,7.2,,0,,
7.2+0.8,0.8,7.2,,0,,
7.2+1.0,1.0,7.2,,0,,
7.2+1.2,1.2,7.2,,0,,
7.2+1.4,1.4,7.2,,0,,
7.2+1.6,1.6,7.2,,0,,
7.2+1.8,1.8,7.2,,0,,
7.2+2.0,2.0,7.2,,0,,
7.2+2.2,2.2,7.2,,0,,
7.2+2.4,2.4,7.2,,0,,
7.2+2.6,2.6,7.2,,0,,
7.2+2.8,2.8,7.2,,0,,
7.2+3.0,3.0,7.2,,0,,
7.2+3.2,3.2,7.2,,0,,
7.2+3.4,3.4,7.2,,0,,
7.2+3.6,3.6,7.2,,0,,
7.2+3.8,3.8,7.2,,0,,
7.2+4.0,4.0,7.2,,0,,
7.2+4.2,4.2,7.2,,0,,
7.2+4.4,4.4,7.2,,0,,
7.2+4.6,4.6,7.2,,0,,
7.2+4.8,4.8,7.2,,0,,
7.2+5.0,5.0,7.2,,0,,
7.2+5.2,5.2,7.2,,0,,
7.2+5.4,5.4,7.2,,0,,
7.2+5.6,5.6,7.2,,0,,
7.2+5.8,5.8,7.2,,0,,
7.2+6.0,6.0,7.2,,0,,
7.2+6.2,6.2,7.2,,0,,
7.2+6.4,6.4,7.2,,0,,
7.2+6.6,6.6,7.2,,0,,
7.2+6.8,6.8,7.2,,0,,
7.2+7.0,7.0,7.2,,0,,
7.2+7.2,7.2,7.2,,0,,
7.2+7.4,7.4,7.2,,0,,
7.2+7.6,7.6,7.2,,0,,
7.2+7.8,7.8,7.2,,0,,
7.2+8.0,8.0,7.2,,0,,
7.2+8.2,8.2,7.2,,0,,
7.2+8.4,8.4,7.2,,0,,
7.2+8.6,8.6,7.2,,0,,
7.2+8.8,8.8,7.2,,0,,
7.2+9.0,9.0,7.2,,0,,
7.2+9.2,9.2,7.2,,0,,
7.2+9.4,9.4,7.2,,0,,
7.2+9.6,9.6,7.2,,0,,
7.4+-0.2,-0.2,7.4,,0,,
7.4+-0.4,-0.4,7.4,,0,,
7.4+-0.6,-0.6,7.4,,0,,
7.4+-0.8,-0.8,7.4,,0,,
7.4+-1.0,-1.0,7.4,,0,,
7.4+-1.2,-1.2,7.4,,0,,
7.4+-1.4,-1.4,7.4,,0,,
7.4+-1.6,-1.6,7.4,,0,,
7.4+-1.8,-1.8,7.4,,0,,
7.4+-2.0,-2.0,7.4,,0,,
7.4+-2.2,-2.2,7.4,,0,,
7.4+-2.4,-2.4,7.4,,0,,
7.4+-2.6,-2.6,7.4,,0,,
7.4+-2.8,-2.8,7.4,,0,,
7.4+-3.0,-3.0,7.4,,0,,
7.4+-3.2,-3.2,7.4,,0,,
7.4+-3.4,-3.4,7.4,,0,,
7.4+-3.6,-3.6,7.4,,0,,
7.4+-3.8,-3.8,7.4,,0,,
7.4+-4.0,-4.0,7.4,,0,,
7.4+-4.2,-4.2,7.4,,0,,
7.4+-4.4,-4.4,7.4,,0,,
7.4+-4.6,-4.6,7.4,,0,,
7.4+-4.8,-4.8,7.4,,0,,
7.4+-5.0,-5.0,7.4,,0,,
7.4+-5.2,-5.2,7.4,,0,,
7.4+-5.4,-5.4,7.4,,0,,
7.4+-5.6,-5.6,7.4,,0,,
7.4+-5.8,-5.8,7.4,,0,,
7.4+-6.0,-6.0,7.4,,0,,
7.4+-6.2,-6.2,7.4,,0,,
7.4+-6.4,-6.4,7.4,,0,,
7.4+-6.6,-6.6,7.4,,0,,
7.4+-6.8,-6.8,7.4,,0,,
7.4+-7.0,-7.0,7.4,,0,,
7.4+-7.2,-7.2,7.4,,0,,
7.4+-7.4,-7.4,7.4,,0,,
7.4+-7.6,-7.6,7.4,,0,,
7.4+-7.8,-7.8,7.4,,0,,
7.4+-8.0,-8.0,7.4,,0,,
7.4+0.0,0.0,7.4,,0,,
7.4+0.2,0.2,7.4,,0,,
7.4+0.4,0.4,7.4,,0,,
7.4+0.6,0.6,7.4,,0,,
7.4+0.8,0.8,7.4,,0,,
7.4+1.0,1.0,7.4,,0,,
7.4+1.2,1.2,7.4,,0,,
7.4+1.4,1.4,7.4,,0,,
7.4+1.6,1.6,7.4,,0,,
7.4+1.8,1.8,7.4,,0,,
7.4+2.0,2.0,7.4,,0,,
7.4+2.2,2.2,7.4,,0,,
7.4+2.4,2.4,7.4,,0,,
7.4+2.6,2.6,7.4,,0,,
7.4+2.8,2.8,7.4,,0,,
7.4+3.0,3.0,7.4,,0,,
7.4+3.2,3.2,7.4,,0,,
7.4+3.4,3.4,7.4,,0,,
7.4+3.6,3.6,7.4,,0,,
7.4+3.8,3.8,7.4,,0,,
7.4+4.0,4.0,7.4,,0,,
7.4+4.2,4.2,7.4,,0,,
7.4+4.4,4.4,7.4,,0,,
7.4+4.6,4.6,7.4,,0,,
7.4+4.8,4.8,7.4,,0,,
7.4+5.0,5.0,7.4,,0,,
7.4+5.2,5.2,7.4,,0,,
7.4+5.4,5.4,7.4,,0,,
7.4+5.6,5.6,7.4,,0,,
7.4+5.8,5.8,7.4,,0,,
7.4+6.0,6.0,7.4,,0,,
7.4+6.2,6.2,7.4,,0,,
7.4+6.4,6.4,7.4,,0,,
7.4+6.6,6.6,7.4,,0,,
7.4+6.8,6.8,7.4,,0,,
7.4+7.0,7.0,7.4,,0,,
7.4+7.2,7.2,7.4,,0,,
7.4+7.4,7.4,7.4,,0,,
7.4+7.6,7.6,7.4,,0,,
7.4+7.8,7.8,7.4,,0,,
7.4+8.0,8.0,7.4,,0,,
7.4+8.2,8.2,7.4,,0,,
7.4+8.4,8.4,7.4,,0,,
7.4+8.6,8.6,7.4,,0,,
7.4+8.8,8.8,7.4,,0,,
7.4+9.0,9.0,7.4,,0,,
7.4+9.2,9.2,7.4,,0,,
7.4+9.4,9.4,7.4,,0,,
7.4+9.6,9.6,7.4,,0,,
7.6+-0.2,-0.2,7.6,,0,,
7.6+-0.4,-0.4,7.6,,0,,
7.6+-0.6,-0.6,7.6,,0,,
7.6+-0.8,-0.8,7.6,,0,,
7.6+-1.0,-1.0,7.6,,0,,
7.6+-1.2,-1.2,7.6,,0,,
7.6+-1.4,-1.4,7.6,,0,,
7.6+-1.6,-1.6,7.6,,0,,
7.6+-1.8,-1.8,7.6,,0,,
7.6+-2.0,-2.0,7.6,,0,,
7.6+-2.2,-2.2,7.6,,0,,
7.6+-2.4,-2.4,7.6,,0,,
7.6+-2.6,-2.6,7.6,,0,,
7.6+-2.8,-2.8,7.6,,0,,
7.6+-3.0,-3.0,7.6,,0,,
7.6+-3.2,-3.2,7.6,,0,,
7.6+-3.4,-3.4,7.6,,0,,
7.6+-3.6,-3.6,7.6,,0,,
7.6+-3.8,-3.8,7.6,,0,,
7.6+-4.0,-4.0,7.6,,0,,
7.6+-4.2,-4.2,7.6,,0,,
7.6+-4.4,-4.4,7.6,,0,,
7.6+-4.6,-4.6,7.6,,0,,
7.6+-4.8,-4.8,7.6,,0,,
7.6+-5.0,-5.0,7.6,,0,,
7.6+-5.2,-5.2,7.6,,0,,
7.6+-5.4,-5.4,7.6,,0,,
7.6+-5.6,-5.6,7.6,,0,,
7.6+-5.8,-5.8,7.6,,0,,
7.6+-6.0,-6.0,7.6,,0,,
7.6+-6.2,-6.2,7.6,,0,,
7.6+-6.4,-6.4,7.6,,0,,
7.6+-6.6,-6.6,7.6,,0,,
7.6+-6.8,-6.8,7.6,,0,,
7.6+-7.0,-7.0,7.6,,0,,
7.6+-7.2,-7.2,7.6,,0,,
7.6+-7.4,-7.4,7.6,,0,,
7.6+-7.6,-7.6,7.6,,0,,
7.6+-7.8,-7.8,7.6,,0,,
7.6+-8.0,-8.0,7.6,,0,,
7.6+0.0,0.0,7.6,,0,,
7.6+0.2,0.2,7.6,,0,,
7.6+0.4,0.4,7.6,,0,,
7.6+0.6,0.6,7.6,,0,,
7.6+0.8,0.8,7.6,,0,,
7.6+1.0,1.0,7.6,,0,,
7.6+1.2,1.2,7.6,,0,,
7.6+1.4,1.4,7.6,,0,,
7.6+1.6,1.6,7.6,,0,,
7.6+1.8,1.8,7.6,,0,,
7.6+2.0,2.0,7.6,,0,,
7.6+2.2,2.2,7.6,,0,,
7.6+2.4,2.4,7.6,,0,,
7.6+2.6,2.6,7.6,,0,,
7.6+2.8,2.8,7.6,,0,,
7.6+3.0,3.0,7.6,,0,,
7.6+3.2,3.2,7.6,,0,,
7.6+3.4,3.4,7.6,,0,,
7.6+3.6,3.6,7.6,,0,,
7.6+3.8,3.8,7.6,,0,,
7.6+4.0,4.0,7.6,,0,,
7.6+4.2,4.2,7.6,,0,,
7.6+4.4,4.4,7.6,,0,,
7.6+4.6,4.6,7.6,,0,,
7.6+4.8,4.8,7.6,,0,,
7.6+5.0,5.0,7.6,,0,,
7.6+5.2,5.2,7.6,,0,,
7.6+5.4,5.4,7.6,,0,,
7.6+5.6,5.6,7.6,,0,,
7.6+5.8,5.8,7.6,,0,,
7.6+6.0,6.0,7.6,,0,,
7.6+6.2,6.2,7.6,,0,,
7.6+6.4,6.4,7.6,,0,,
7.6+6.6,6.6,7.6,,0,,
7.6+6.8,6.8,7.6,,0,,
7.6+7.0,7.0,7.6,,0,,
7.6+7.2,7.2,7.6,,0,,
7.6+7.4,7.4,7.6,,0,,
7.6+7.6,7.6,7.6,,0,,
7.6+7.8,7.8,7.6,,0,,
7.6+8.0,8.0,7.6,,0,,
7.6+8.2,8.2,7.6,,0,,
7.6+8.4,8.4,7.6,,0,,
7.6+8.6,8.6,7.6,,0,,
7.6+8.8,8.8,7.6,,0,,
7.6+9.0,9.0,7.6,,0,,
7.6+9.2,9.2,7.6,,0,,
7.6+9.4,9.4,7.6,,0,,
7.6+9.6,9.6,7.6,,0,,
7.8+-0.2,-0.2,7.8,,0,,
7.8+-0.4,-0.4,7.8,,0,,
7.8+-0.6,-0.6,7.8,,0,,
7.8+-0.8,-0.8,7.8,,0,,
7.8+-1.0,-1.0,7.8,,0,,
7.8+-1.2,-1.2,7.8,,0,,
7.8+-1.4,-1.4,7.8,,0,,
7.8+-1.6,-1.6,7.8,,0,,
7.8+-1.8,-1.8,7.8,,0,,
7.8+-2.0,-2.0,7.8,,0,,
7.8+-2.2,-2.2,7.8,,0,,
7.8+-2.4,-2.4,7.8,,0,,
7.8+-2.6,-2.6,7.8,,0,,
7.8+-2.8,-2.8,7.8,,0,,
7.8+-3.0,-3.0,7.8,,0,,
7.8+-3.2,-3.2,7.8,,0,,
7.8+-3.4,-3.4,7.8,,0,,
7.8+-3.6,-3.6,7.8,,0,,
7.8+-3.8,-3.8,7.8,,0,,
7.8+-4.0,-4.0,7.8,,0,,
7.8+-4.2,-4.2,7.8,,0,,
7.8+-4.4,-4.4,7.8,,0,,
7.8+-4.6,-4.6,7.8,,0,,
7.8+-4.8,-4.8,7.8,,0,,
7.8+-5.0,-5.0,7.8,,0,,
7.8+-5.2,-5.2,7.8,,0,,
7.8+-5.4,-5.4,7.8,,0,,
7.8+-5.6,-5.6,7.8,,0,,
7.8+-5.8,-5.8,7.8,,0,,
7.8+-6.0,-6.0,7.8,,0,,
7.8+-6.2,-6.2,7.8,,0,,
7.8+-6.4,-6.4,7.8,,0,,
7.8+-6.6,-6.6,7.8,,0,,
7.8+-6.8,-6.8,7.8,,0,,
7.8+-7.0,-7.0,7.8,,0,,
7.8+-7.2,-7.2,7.8,,0,,
7.8+-7.4,-7.4,7.8,,0,,
7.8+-7.6,-7.6,7.8,,0,,
7.8+-7.8,-7.8,7.8,,0,,
7.8+-8.0,-8.0,7.8,,0,,
7.8+0.0,0.0,7.8,,0,,
7.8+0.2,0.2,7.8,,0,,
7.8+0.4,0.4,7.8,,0,,
7.8+0.6,0.6,7.8,,0,,
7.8+0.8,0.8,7.8,,0,,
7.8+1.0,1.0,7.8,,0,,
7.8+1.2,1.2,7.8,,0,,
7.8+1.4,1.4,7.8,,0,,
7.8+1.6,1.6,7.8,,0,,
7.8+1.8,1.8,7.8,,0,,
7.8+2.0,2.0,7.8,,0,,
7.8+2.2,2.2,7.8,,0,,
7.8+2.4,2.4,7.8,,0,,
7.8+2.6,2.6,7.8,,0,,
7.8+2.8,2.8,7.8,,0,,
7.8+3.0,3.0,7.8,,0,,
7.8+3.2,3.2,7.8,,0,,
7.8+3.4,3.4,7.8,,0,,
7.8+3.6,3.6,7.8,,0,,
7.8+3.8,3.8,7.8,,0,,
7.8+4.0,4.0,7.8,,0,,
7.8+4.2,4.2,7.8,,0,,
7.8+4.4,4.4,7.8,,0,,
7.8+4.6,4.6,7.8,,0,,
7.8+4.8,4.8,7.8,,0,,
7.8+5.0,5.0,7.8,,0,,
7.8+5.2,5.2,7.8,,0,,
7.8+5.4,5.4,7.8,,0,,
7.8+5.6,5.6,7.8,,0,,
7.8+5.8,5.8,7.8,,0,,
7.8+6.0,6.0,7.8,,0,,
7.8+6.2,6.2,7.8,,0,,
7.8+6.4,6.4,7.8,,0,,
7.8+6.6,6.6,7.8,,0,,
7.8+6.8,6.8,7.8,,0,,
7.8+7.0,7.0,7.8,,0,,
7.8+7.2,7.2,7.8,,0,,
7.8+7.4,7.4,7.8,,0,,
7.8+7.6,7.6,7.8,,0,,
7.8+7.8,7.8,7.8,,0,,
7.8+8.0,8.0,7.8,,0,,
7.8+8.2,8.2,7.8,,0,,
7.8+8.4,8.4,7.8,,0,,
7.8+8.6,8.6,7.8,,0,,
7.8+8.8,8.8,7.8,,0,,
7.8+9.0,9.0,7.8,,0,,
7.8+9.2,9.2,7.8,,0,,
7.8+9.4,9.4,7.8,,0,,
7.8+9.6,9.6,7.8,,0,,
8.0+-0.2,-0.2,8.0,,0,,
8.0+-0.4,-0.4,8.0,,0,,
8.0+-0.6,-0.6,8.0,,0,,
8.0+-0.8,-0.8,8.0,,0,,
8.0+-1.0,-1.0,8.0,,0,,
8.0+-1.2,-1.2,8.0,,0,,
8.0+-1.4,-1.4,8.0,,0,,
8.0+-1.6,-1.6,8.0,,0,,
8.0+-1.8,-1.8,8.0,,0,,
8.0+-2.0,-2.0,8.0,,0,,
8.0+-2.2,-2.2,8.0,,0,,
8.0+-2.4,-2.4,8.0,,0,,
8.0+-2.6,-2.6,8.0,,0,,
8.0+-2.8,-2.8,8.0,,0,,
8.0+-3.0,-3.0,8.0,,0,,
8.0+-3.2,-3.2,8.0,,0,,
8.0+-3.4,-3.4,8.0,,0,,
8.0+-3.6,-3.6,8.0,,0,,
8.0+-3.8,-3.8,8.0,,0,,
8.0+-4.0,-4.0,8.0,,0,,
8.0+-4.2,-4.2,8.0,,0,,
8.0+-4.4,-4.4,8.0,,0,,
8.0+-4.6,-4.6,8.0,,0,,
8.0+-4.8,-4.8,8.0,,0,,
8.0+-5.0,-5.0,8.0,,0,,
8.0+-5.2,-5.2,8.0,,0,,
8.0+-5.4,-5.4,8.0,,0,,
8.0+-5.6,-5.6,8.0,,0,,
8.0+-5.8,-5.8,8.0,,0,,
8.0+-6.0,-6.0,8.0,,0,,
8.0+-6.2,-6.2,8.0,,0,,
8.0+-6.4,-6.4,8.0,,0,,
8.0+-6.6,-6.6,8.0,,0,,
8.0+-6.8,-6.8,8.0,,0,,
8.0+-7.0,-7.0,8.0,,0,,
8.0+-7.2,-7.2,8.0,,0,,
8.0+-7.4,-7.4,8.0,,0,,
8.0+-7.6,-7.6,8.0,,0,,
8.0+-7.8,-7.8,8.0,,0,,
8.0+-8.0,-8.0,8.0,,0,,
8.0+0.0,0.0,8.0,,0,,
8.0+0.2,0.2,8.0,,0,,
8.0+0.4,0.4,8.0,,0,,
8.0+0.6,0.6,8.0,,0,,
8.0+0.8,0.8,8.0,,0,,
8.0+1.0,1.0,8.0,,0,,
8.0+1.2,1.2,8.0,,0,,
8.0+1.4,1.4,8.0,,0,,
8.0+1.6,1.6,8.0,,0,,
8.0+1.8,1.8,8.0,,0,,
8.0+2.0,2.0,8.0,,0,,
8.0+2.2,2.2,8.0,,0,,
8.0+2.4,2.4,8.0,,0,,
8.0+2.6,2.6,8.0,,0,,
8.0+2.8,2.8,8.0,,0,,
8.0+3.0,3.0,8.0,,0,,
8.0+3.2,3.2,8.0,,0,,
8.0+3.4,3.4,8.0,,0,,
8.0+3.6,3.6,8.0,,0,,
8.0+3.8,3.8,8.0,,0,,
8.0+4.0,4.0,8.0,,0,,
8.0+4.2,4.2,8.0,,0,,
8.0+4.4,4.4,8.0,,0,,
8.0+4.6,4.6,8.0,,0,,
8.0+4.8,4.8,8.0,,0,,
8.0+5.0,5.0,8.0,,0,,
8.0+5.2,5.2,8.0,,0,,
8.0+5.4,5.4,8.0,,0,,
8.0+5.6,5.6,8.0,,0,,
8.0+5.8,5.8,8.0,,0,,
8.0+6.0,6.0,8.0,,0,,
8.0+6.2,6.2,8.0,,0,,
8.0+6.4,6.4,8.0,,0,,
8.0+6.6,6.6,8.0,,0,,
8.0+6.8,6.8,8.0,,0,,
8.0+7.0,7.0,8.0,,0,,
8.0+7.2,7.2,8.0,,0,,
8.0+7.4,7.4,8.0,,0,,
8.0+7.6,7.6,8.0,,0,,
8.0+7.8,7.8,8.0,,0,,
8.0+8.0,8.0,8.0,,0,,
8.0+8.2,8.2,8.0,,0,,
8.0+8.4,8.4,8.0,,0,,
8.0+8.6,8.6,8.0,,0,,
8.0+8.8,8.8,8.0,,0,,
8.0+9.0,9.0,8.0,,0,,
8.0+9.2,9.2,8.0,,0,,
8.0+9.4,9.4,8.0,,0,,
8.0+9.6,9.6,8.0,,0,,
8.2+-0.2,-0.2,8.2,,0,,
8.2+-0.4,-0.4,8.2,,0,,
8.2+-0.6,-0.6,8.2,,0,,
8.2+-0.8,-0.8,8.2,,0,,
8.2+-1.0,-1.0,8.2,,0,,
8.2+-1.2,-1.2,8.2,,0,,
8.2+-1.4,-1.4,8.2,,0,,
8.2+-1.6,-1.6,8.2,,0,,
8.2+-1.8,-1.8,8.2,,0,,
8.2+-2.0,-2.0,8.2,,0,,
8.2+-2.2,-2.2,8.2,,0,,
8.2+-2.4,-2.4,8.2,,0,,
8.2+-2.6,-2.6,8.2,,0,,
8.2+-2.8,-2.8,8.2,,0,,
8.2+-3.0,-3.0,8.2,,0,,
8.2+-3.2,-3.2,8.2,,0,,
8.2+-3.4,-3.4,8.2,,0,,
8.2+-3.6,-3.6,8.2,,0,,
8.2+-3.8,-3.8,8.2,,0,,
8.2+-4.0,-4.0,8.2,,0,,
8.2+-4.2,-4.2,8.2,,0,,
8.2+-4.4,-4.4,8.2,,0,,
8.2+-4.6,-4.6,8.2,,0,,
8.2+-4.8,-4.8,8.2,,0,,
8.2+-5.0,-5.0,8.2,,0,,
8.2+-5.2,-5.2,8.2,,0,,
8.2+-5.4,-5.4,8.2,,0,,
8.2+-5.6,-5.6,8.2,,0,,
8.2+-5.8,-5.8,8.2,,0,,
8.2+-6.0,-6.0,8.2,,0,,
8.2+-6.2,-6.2,8.2,,0,,
8.2+-6.4,-6.4,8.2,,0,,
8.2+-6.6,-6.6,8.2,,0,,
8.2+-6.8,-6.8,8.2,,0,,
8.2+-7.0,-7.0,8.2,,0,,
8.2+-7.2,-7.2,8.2,,0,,
8.2+-7.4,-7.4,8.2,,0,,
8.2+-7.6,-7.6,8.2,,0,,
8.2+-7.8,-7.8,8.2,,0,,
8.2+-8.0,-8.0,8.2,,0,,
8.2+0.0,0.0,8.2,,0,,
8.2+0.2,0.2,8.2,,0,,
8.2+0.4,0.4,8.2,,0,,
8.2+0.6,0.6,8.2,,0,,
8.2+0.8,0.8,8.2,,0,,
8.2+1.0,1.0,8.2,,0,,
8.2+1.2,1.2,8.2,,0,,
8.2+1.4,1.4,8.2,,0,,
8.2+1.6,1.6,8.2,,0,,
8.2+1.8,1.8,8.2,,0,,
8.2+2.0,2.0,8.2,,0,,
8.2+2.2,2.2,8.2,,0,,
8.2+2.4,2.4,8.2,,0,,
8.2+2.6,2.6,8.2,,0,,
8.2+2.8,2.8,8.2,,0,,
8.2+3.0,3.0,8.2,,0,,
8.2+3.2,3.2,8.2,,0,,
8.2+3.4,3.4,8.2,,0,,
8.2+3.6,3.6,8.2,,0,,
8.2+3.8,3.8,8.2,,0,,
8.2+4.0,4.0,8.2,,0,,
8.2+4.2,4.2,8.2,,0,,
8.2+4.4,4.4,8.2,,0,,
8.2+4.6,4.6,8.2,,0,,
8.2+4.8,4.8,8.2,,0,,
8.2+5.0,5.0,8.2,,0,,
8.2+5.2,5.2,8.2,,0,,
8.2+5.4,5.4,8.2,,0,,
8.2+5.6,5.6,8.2,,0,,
8.2+5.8,5.8,8.2,,0,,
8.2+6.0,6.0,8.2,,0,,
8.2+6.2,6.2,8.2,,0,,
8.2+6.4,6.4,8.2,,0,,
8.2+6.6,6.6,8.2,,0,,
8.2+6.8,6.8,8.2,,0,,
8.2+7.0,7.0,8.2,,0,,
8.2+7.2,7.2,8.2,,0,,
8.2+7.4,7.4,8.2,,0,,
8.2+7.6,7.6,8.2,,0,,
8.2+7.8,7.8,8.2,,0,,
8.2+8.0,8.0,8.2,,0,,
8.2+8.2,8.2,8.2,,0,,
8.2+8.4,8.4,8.2,,0,,
8.2+8.6,8.6,8.2,,0,,
8.2+8.8,8.8,8.2,,0,,
8.2+9.0,9.0,8.2,,0,,
8.2+9.2,9.2,8.2,,0,,
8.2+9.4,9.4,8.2,,0,,
8.2+9.6,9.6,8.2,,0,,
8.4+-0.2,-0.2,8.4,,0,,
8.4+-0.4,-0.4,8.4,,0,,
8.4+-0.6,-0.6,8.4,,0,,
8.4+-0.8,-0.8,8.4,,0,,
8.4+-1.0,-1.0,8.4,,0,,
8.4+-1.2,-1.2,8.4,,0,,
8.4+-1.4,-1.4,8.4,,0,,
8.4+-1.6,-1.6,8.4,,0,,
8.4+-1.8,-1.8,8.4,,0,,
8.4+-2.0,-2.0,8.4,,0,,
8.4+-2.2,-2.2,8.4,,0,,
8.4+-2.4,-2.4,8.4,,0,,
8.4+-2.6,-2.6,8.4,,0,,
8.4+-2.8,-2.8,8.4,,0,,
8.4+-3.0,-3.0,8.4,,0,,
8.4+-3.2,-3.2,8.4,,0,,
8.4+-3.4,-3.4,8.4,,0,,
8.4+-3.6,-3.6,8.4,,0,,
8.4+-3.8,-3.8,8.4,,0,,
8.4+-4.0,-4.0,8.4,,0,,
8.4+-4.2,-4.2,8.4,,0,,
8.4+-4.4,-4.4,8.4,,0,,
8.4+-4.6,-4.6,8.4,,0,,
8.4+-4.8,-4.8,8.4,,0,,
8.4+-5.0,-5.0,8.4,,0,,
8.4+-5.2,-5.2,8.4,,0,,
8.4+-5.4,-5.4,8.4,,0,,
8.4+-5.6,-5.6,8.4,,0,,
8.4+-5.8,-5.8,8.4,,0,,
8.4+-6.0,-6.0,8.4,,0,,
8.4+-6.2,-6.2,8.4,,0,,
8.4+-6.4,-6.4,8.4,,0,,
8.4+-6.6,-6.6,8.4,,0,,
8.4+-6.8,-6.8,8.4,,0,,
8.4+-7.0,-7.0,8.4,,0,,
8.4+-7.2,-7.2,8.4,,0,,
8.4+-7.4,-7.4,8.4,,0,,
8.4+-7.6,-7.6,8.4,,0,,
8.4+-7.8,-7.8,8.4,,0,,
8.4+-8.0,-8.0,8.4,,0,,
8.4+0.0,0.0,8.4,,0,,
8.4+0.2,0.2,8.4,,0,,
8.4+0.4,0.4,8.4,,0,,
8.4+0.6,0.6,8.4,,0,,
8.4+0.8,0.8,8.4,,0,,
8.4+1.0,1.0,8.4,,0,,
8.4+1.2,1.2,8.4,,0,,
8.4+1.4,1.4,8.4,,0,,
8.4+1.6,1.6,8.4,,0,,
8.4+1.8,1.8,8.4,,0,,
8.4+2.0,2.0,8.4,,0,,
8.4+2.2,2.2,8.4,,0,,
8.4+2.4,2.4,8.4,,0,,
8.4+2.6,2.6,8.4,,0,,
8.4+2.8,2.8,8.4,,0,,
8.4+3.0,3.0,8.4,,0,,
8.4+3.2,3.2,8.4,,0,,
8.4+3.4,3.4,8.4,,0,,
8.4+3.6,3.6,8.4,,0,,
8.4+3.8,3.8,8.4,,0,,
8.4+4.0,4.0,8.4,,0,,
8.4+4.2,4.2,8.4,,0,,
8.4+4.4,4.4,8.4,,0,,
8.4+4.6,4.6,8.4,,0,,
8.4+4.8,4.8,8.4,,0,,
8.4+5.0,5.0,8.4,,0,,
8.4+5.2,5.2,8.4,,0,,
8.4+5.4,5.4,8.4,,0,,
8.4+5.6,5.6,8.4,,0,,
8.4+5.8,5.8,8.4,,0,,
8.4+6.0,6.0,8.4,,0,,
8.4+6.2,6.2,8.4,,0,,
8.4+6.4,6.4,8.4,,0,,
8.4+6.6,6.6,8.4,,0,,
8.4+6.8,6.8,8.4,,0,,
8.4+7.0,7.0,8.4,,0,,
8.4+7.2,7.2,8.4,,0,,
8.4+7.4,7.4,8.4,,0,,
8.4+7.6,7.6,8.4,,0,,
8.4+7.8,7.8,8.4,,0,,
8.4+8.0,8.0,8.4,,0,,
8.4+8.2,8.2,8.4,,0,,
8.4+8.4,8.4,8.4,,0,,
8.4+8.6,8.6,8.4,,0,,
8.4+8.8,8.8,8.4,,0,,
8.4+9.0,9.0,8.4,,0,,
8.4+9.2,9.2,8.4,,0,,
8.4+9.4,9.4,8.4,,0,,
8.4+9.6,9.6,8.4,,0,,
8.6+-0.2,-0.2,8.6,,0,,
8.6+-0.4,-0.4,8.6,,0,,
8.6+-0.6,-0.6,8.6,,0,,
8.6+-0.8,-0.8,8.6,,0,,
8.6+-1.0,-1.0,8.6,,0,,
8.6+-1.2,-1.2,8.6,,0,,
8.6+-1.4,-1.4,8.6,,0,,
8.6+-1.6,-1.6,8.6,,0,,
8.6+-1.8,-1.8,8.6,,0,,
8.6+-2.0,-2.0,8.6,,0,,
8.6+-2.2,-2.2,8.6,,0,,
8.6+-2.4,-2.4,8.6,,0,,
8.6+-2.6,-2.6,8.6,,0,,
8.6+-2.8,-2.8,8.6,,0,,
8.6+-3.0,-3.0,8.6,,0,,
8.6+-3.2,-3.2,8.6,,0,,
8.6+-3.4,-3.4,8.6,,0,,
8.6+-3.6,-3.6,8.6,,0,,
8.6+-3.8,-3.8,8.6,,0,,
8.6+-4.0,-4.0,8.6,,0,,
8.6+-4.2,-4.2,8.6,,0,,
8.6+-4.4,-4.4,8.6,,0,,
8.6+-4.6,-4.6,8.6,,0,,
8.6+-4.8,-4.8,8.6,,0,,
8.6+-5.0,-5.0,8.6,,0,,
8.6+-5.2,-5.2,8.6,,0,,
8.6+-5.4,-5.4,8.6,,0,,
8.6+-5.6,-5.6,8.6,,0,,
8.6+-5.8,-5.8,8.6,,0,,
8.6+-6.0,-6.0,8.6,,0,,
8.6+-6.2,-6.2,8.6,,0,,
8.6+-6.4,-6.4,8.6,,0,,
8.6+-6.6,-6.6,8.6,,0,,
8.6+-6.8,-6.8,8.6,,0,,
8.6+-7.0,-7.0,8.6,,0,,
8.6+-7.2,-7.2,8.6,,0,,
8.6+-7.4,-7.4,8.6,,0,,
8.6+-7.6,-7.6,8.6,,0,,
8.6+-7.8,-7.8,8.6,,0,,
8.6+-8.0,-8.0,8.6,,0,,
8.6+0.0,0.0,8.6,,0,,
8.6+0.2,0.2,8.6,,0,,
8.6+0.4,0.4,8.6,,0,,
8.6+0.6,0.6,8.6,,0,,
8.6+0.8,0.8,8.6,,0,,
8.6+1.0,1.0,8.6,,0,,
8.6+1.2,1.2,8.6,,0,,
8.6+1.4,1.4,8.6,,0,,
8.6+1.6,1.6,8.6,,0,,
8.6+1.8,1.8,8.6,,0,,
8.6+2.0,2.0,8.6,,0,,
8.6+2.2,2.2,8.6,,0,,
8.6+2.4,2.4,8.6,,0,,
8.6+2.6,2.6,8.6,,0,,
8.6+2.8,2.8,8.6,,0,,
8.6+3.0,3.0,8.6,,0,,
8.6+3.2,3.2,8.6,,0,,
8.6+3.4,3.4,8.6,,0,,
8.6+3.6,3.6,8.6,,0,,
8.6+3.8,3.8,8.6,,0,,
8.6+4.0,4.0,8.6,,0,,
8.6+4.2,4.2,8.6,,0,,
8.6+4.4,4.4,8.6,,0,,
8.6+4.6,4.6,8.6,,0,,
8.6+4.8,4.8,8.6,,0,,
8.6+5.0,5.0,8.6,,0,,
8.6+5.2,5.2,8.6,,0,,
8.6+5.4,5.4,8.6,,0,,
8.6+5.6,5.6,8.6,,0,,
8.6+5.8,5.8,8.6,,0,,
8.6+6.0,6.0,8.6,,0,,
8.6+6.2,6.2,8.6,,0,,
8.6+6.4,6.4,8.6,,0,,
8.6+6.6,6.6,8.6,,0,,
8.6+6.8,6.8,8.6,,0,,
8.6+7.0,7.0,8.6,,0,,
8.6+7.2,7.2,8.6,,0,,
8.6+7.4,7.4,8.6,,0,,
8.6+7.6,7.6,8.6,,0,,
8.6+7.8,7.8,8.6,,0,,
8.6+8.0,8.0,8.6,,0,,
8.6+8.2,8.2,8.6,,0,,
8.6+8.4,8.4,8.6,,0,,
8.6+8.6,8.6,8.6,,0,,
8.6+8.8,8.8,8.6,,0,,
8.6+9.0,9.0,8.6,,0,,
8.6+9.2,9.2,8.6,,0,,
8.6+9.4,9.4,8.6,,0,,
8.6+9.6,9.6,8.6,,0,,
8.8+-0.2,-0.2,8.8,,0,,
8.8+-0.4,-0.4,8.8,,0,,
8.8+-0.6,-0.6,8.8,,0,,
8.8+-0.8,-0.8,8.8,,0,,
8.8+-1.0,-1.0,8.8,,0,,
8.8+-1.2,-1.2,8.8,,0,,
8.8+-1.4,-1.4,8.8,,0,,
8.8+-1.6,-1.6,8.8,,0,,
8.8+-1.8,-1.8,8.8,,0,,
8.8+-2.0,-2.0,8.8,,0,,
8.8+-2.2,-2.2,8.8,,0,,
8.8+-2.4,-2.4,8.8,,0,,
8.8+-2.6,-2.6,8.8,,0,,
8.8+-2.8,-2.8,8.8,,0,,
8.8+-3.0,-3.0,8.8,,0,,
8.8+-3.2,-3.2,8.8,,0,,
8.8+-3.4,-3.4,8.8,,0,,
8.8+-3.6,-3.6,8.8,,0,,
8.8+-3.8,-3.8,8.8,,0,,
8.8+-4.0,-4.0,8.8,,0,,
8.8+-4.2,-4.2,8.8,,0,,
8.8+-4.4,-4.4,8.8,,0,,
8.8+-4.6,-4.6,8.8,,0,,
8.8+-4.8,-4.8,8.8,,0,,
8.8+-5.0,-5.0,8.8,,0,,
8.8+-5.2,-5.2,8.8,,0,,
8.8+-5.4,-5.4,8.8,,0,,
8.8+-5.6,-5.6,8.8,,0,,
8.8+-5.8,-5.8,8.8,,0,,
8.8+-6.0,-6.0,8.8,,0,,
8.8+-6.2,-6.2,8.8,,0,,
8.8+-6.4,-6.4,8.8,,0,,
8.8+-6.6,-6.6,8.8,,0,,
8.8+-6.8,-6.8,8.8,,0,,
8.8+-7.0,-7.0,8.8,,0,,
8.8+-7.2,-7.2,8.8,,0,,
8.8+-7.4,-7.4,8.8,,0,,
8.8+-7.6,-7.6,8.8,,0,,
8.8+-7.8,-7.8,8.8,,0,,
8.8+-8.0,-8.0,8.8,,0,,
8.8+0.0,0.0,8.8,,0,,
8.8+0.2,0.2,8.8,,0,,
8.8+0.4,0.4,8.8,,0,,
8.8+0.6,0.6,8.8,,0,,
8.8+0.8,0.8,8.8,,0,,
8.8+1.0,1.0,8.8,,0,,
8.8+1.2,1.2,8.8,,0,,
8.8+1.4,1.4,8.8,,0,,
8.8+1.6,1.6,8.8,,0,,
8.8+1.8,1.8,8.8,,0,,
8.8+2.0,2.0,8.8,,0,,
8.8+2.2,2.2,8.8,,0,,
8.8+2.4,2.4,8.8,,0,,
8.8+2.6,2.6,8.8,,0,,
8.8+2.8,2.8,8.8,,0,,
8.8+3.0,3.0,8.8,,0,,
8.8+3.2,3.2,8.8,,0,,
8.8+3.4,3.4,8.8,,0,,
8.8+3.6,3.6,8.8,,0,,
8.8+3.8,3.8,8.8,,0,,
8.8+4.0,4.0,8.8,,0,,
8.8+4.2,4.2,8.8,,0,,
8.8+4.4,4.4,8.8,,0,,
8.8+4.6,4.6,8.8,,0,,
8.8+4.8,4.8,8.8,,0,,
8.8+5.0,5.0,8.8,,0,,
8.8+5.2,5.2,8.8,,0,,
8.8+5.4,5.4,8.8,,0,,
8.8+5.6,5.6,8.8,,0,,
8.8+5.8,5.8,8.8,,0,,
8.8+6.0,6.0,8.8,,0,,
8.8+6.2,6.2,8.8,,0,,
8.8+6.4,6.4,8.8,,0,,
8.8+6.6,6.6,8.8,,0,,
8.8+6.8,6.8,8.8,,0,,
8.8+7.0,7.0,8.8,,0,,
8.8+7.2,7.2,8.8,,0,,
8.8+7.4,7.4,8.8,,0,,
8.8+7.6,7.6,8.8,,0,,
8.8+7.8,7.8,8.8,,0,,
8.8+8.0,8.0,8.8,,0,,
8.8+8.2,8.2,8.8,,0,,
8.8+8.4,8.4,8.8,,0,,
8.8+8.6,8.6,8.8,,0,,
8.8+8.8,8.8,8.8,,0,,
8.8+9.0,9.0,8.8,,0,,
8.8+9.2,9.2,8.8,,0,,
8.8+9.4,9.4,8.8,,0,,
8.8+9.6,9.6,8.8,,0,,
9.0+-0.2,-0.2,9.0,,0,,
9.0+-0.4,-0.4,9.0,,0,,
9.0+-0.6,-0.6,9.0,,0,,
9.0+-0.8,-0.8,9.0,,0,,
9.0+-1.0,-1.0,9.0,,0,,
9.0+-1.2,-1.2,9.0,,0,,
9.0+-1.4,-1.4,9.0,,0,,
9.0+-1.6,-1.6,9.0,,0,,
9.0+-1.8,-1.8,9.0,,0,,
9.0+-2.0,-2.0,9.0,,0,,
9.0+-2.2,-2.2,9.0,,0,,
9.0+-2.4,-2.4,9.0,,0,,
9.0+-2.6,-2.6,9.0,,0,,
9.0+-2.8,-2.8,9.0,,0,,
9.0+-3.0,-3.0,9.0,,0,,
9.0+-3.2,-3.2,9.0,,0,,
9.0+-3.4,-3.4,9.0,,0,,
9.0+-3.6,-3.6,9.0,,0,,
9.0+-3.8,-3.8,9.0,,0,,
9.0+-4.0,-4.0,9.0,,0,,
9.0+-4.2,-4.2,9.0,,0,,
9.0+-4.4,-4.4,9.0,,0,,
9.0+-4.6,-4.6,9.0,,0,,
9.0+-4.8,-4.8,9.0,,0,,
9.0+-5.0,-5.0,9.0,,0,,
9.0+-5.2,-5.2,9.0,,0,,
9.0+-5.4,-5.4,9.0,,0,,
9.0+-5.6,-5.6,9.0,,0,,
9.0+-5.8,-5.8,9.0,,0,,
9.0+-6.0,-6.0,9.0,,0,,
9.0+-6.2,-6.2,9.0,,0,,
9.0+-6.4,-6.4,9.0,,0,,
9.0+-6.6,-6.6,9.0,,0,,
9.0+-6.8,-6.8,9.0,,0,,
9.0+-7.0,-7.0,9.0,,0,,
9.0+-7.2,-7.2,9.0,,0,,
9.0+-7.4,-7.4,9.0,,0,,
9.0+-7.6,-7.6,9.0,,0,,
9.0+-7.8,-7.8,9.0,,0,,
9.0+-8.0,-8.0,9.0,,0,,
9.0+0.0,0.0,9.0,,0,,
9.0+0.2,0.2,9.0,,0,,
9.0+0.4,0.4,9.0,,0,,
9.0+0.6,0.6,9.0,,0,,
9.0+0.8,0.8,9.0,,0,,
9.0+1.0,1.0,9.0,,0,,
9.0+1.2,1.2,9.0,,0,,
9.0+1.4,1.4,9.0,,0,,
9.0+1.6,1.6,9.0,,0,,
9.0+1.8,1.8,9.0,,0,,
9.0+2.0,2.0,9.0,,0,,
9.0+2.2,2.2,9.0,,0,,
9.0+2.4,2.4,9.0,,0,,
9.0+2.6,2.6,9.0,,0,,
9.0+2.8,2.8,9.0,,0,,
9.0+3.0,3.0,9.0,,0,,
9.0+3.2,3.2,9.0,,0,,
9.0+3.4,3.4,9.0,,0,,
9.0+3.6,3.6,9.0,,0,,
9.0+3.8,3.8,9.0,,0,,
9.0+4.0,4.0,9.0,,0,,
9.0+4.2,4.2,9.0,,0,,
9.0+4.4,4.4,9.0,,0,,
9.0+4.6,4.6,9.0,,0,,
9.0+4.8,4.8,9.0,,0,,
9.0+5.0,5.0,9.0,,0,,
9.0+5.2,5.2,9.0,,0,,
9.0+5.4,5.4,9.0,,0,,
9.0+5.6,5.6,9.0,,0,,
9.0+5.8,5.8,9.0,,0,,
9.0+6.0,6.0,9.0,,0,,
9.0+6.2,6.2,9.0,,0,,
9.0+6.4,6.4,9.0,,0,,
9.0+6.6,6.6,9.0,,0,,
9.0+6.8,6.8,9.0,,0,,
9.0+7.0,7.0,9.0,,0,,
9.0+7.2,7.2,9.0,,0,,
9.0+7.4,7.4,9.0,,0,,
9.0+7.6,7.6,9.0,,0,,
9.0+7.8,7.8,9.0,,0,,
9.0+8.0,8.0,9.0,,0,,
9.0+8.2,8.2,9.0,,0,,
9.0+8.4,8.4,9.0,,0,,
9.0+8.6,8.6,9.0,,0,,
9.0+8.8,8.8,9.0,,0,,
9.0+9.0,9.0,9.0,,0,,
9.0+9.2,9.2,9.0,,0,,
9.0+9.4,9.4,9.0,,0,,
9.0+9.6,9.6,9.0,,0,,
9.2+-0.2,-0.2,9.2,,0,,
9.2+-0.4,-0.4,9.2,,0,,
9.2+-0.6,-0.6,9.2,,0,,
9.2+-0.8,-0.8,9.2,,0,,
9.2+-1.0,-1.0,9.2,,0,,
9.2+-1.2,-1.2,9.2,,0,,
9.2+-1.4,-1.4,9.2,,0,,
9.2+-1.6,-1.6,9.2,,0,,
9.2+-1.8,-1.8,9.2,,0,,
9.2+-2.0,-2.0,9.2,,0,,
9.2+-2.2,-2.2,9.2,,0,,
9.2+-2.4,-2.4,9.2,,0,,
9.2+-2.6,-2.6,9.2,,0,,
9.2+-2.8,-2.8,9.2,,0,,
9.2+-3.0,-3.0,9.2,,0,,
9.2+-3.2,-3.2,9.2,,0,,
9.2+-3.4,-3.4,9.2,,0,,
9.2+-3.6,-3.6,9.2,,0,,
9.2+-3.8,-3.8,9.2,,0,,
9.2+-4.0,-4.0,9.2,,0,,
9.2+-4.2,-4.2,9.2,,0,,
9.2+-4.4,-4.4,9.2,,0,,
9.2+-4.6,-4.6,9.2,,0,,
9.2+-4.8,-4.8,9.2,,0,,
9.2+-5.0,-5.0,9.2,,0,,
9.2+-5.2,-5.2,9.2,,0,,
9.2+-5.4,-5.4,9.2,,0,,
9.2+-5.6,-5.6,9.2,,0,,
9.2+-5.8,-5.8,9.2,,0,,
9.2+-6.0,-6.0,9.2,,0,,
9.2+-6.2,-6.2,9.2,,0,,
9.2+-6.4,-6.4,9.2,,0,,
9.2+-6.6,-6.6,9.2,,0,,
9.2+-6.8,-6.8,9.2,,0,,
9.2+-7.0,-7.0,9.2,,0,,
9.2+-7.2,-7.2,9.2,,0,,
9.2+-7.4,-7.4,9.2,,0,,
9.2+-7.6,-7.6,9.2,,0,,
9.2+-7.8,-7.8,9.2,,0,,
9.2+-8.0,-8.0,9.2,,0,,
9.2+0.0,0.0,9.2,,0,,
9.2+0.2,0.2,9.2,,0,,
9.2+0.4,0.4,9.2,,0,,
9.2+0.6,0.6,9.2,,0,,
9.2+0.8,0.8,9.2,,0,,
9.2+1.0,1.0,9.2,,0,,
9.2+1.2,1.2,9.2,,0,,
9.2+1.4,1.4,9.2,,0,,
9.2+1.6,1.6,9.2,,0,,
9.2+1.8,1.8,9.2,,0,,
9.2+2.0,2.0,9.2,,0,,
9.2+2.2,2.2,9.2,,0,,
9.2+2.4,2.4,9.2,,0,,
9.2+2.6,2.6,9.2,,0,,
9.2+2.8,2.8,9.2,,0,,
9.2+3.0,3.0,9.2,,0,,
9.2+3.2,3.2,9.2,,0,,
9.2+3.4,3.4,9.2,,0,,
9.2+3.6,3.6,9.2,,0,,
9.2+3.8,3.8,9.2,,0,,
9.2+4.0,4.0,9.2,,0,,
9.2+4.2,4.2,9.2,,0,,
9.2+4.4,4.4,9.2,,0,,
9.2+4.6,4.6,9.2,,0,,
9.2+4.8,4.8,9.2,,0,,
9.2+5.0,5.0,9.2,,0,,
9.2+5.2,5.2,9.2,,0,,
9.2+5.4,5.4,9.2,,0,,
9.2+5.6,5.6,9.2,,0,,
9.2+5.8,5.8,9.2,,0,,
9.2+6.0,6.0,9.2,,0,,
9.2+6.2,6.2,9.2,,0,,
9.2+6.4,6.4,9.2,,0,,
9.2+6.6,6.6,9.2,,0,,
9.2+6.8,6.8,9.2,,0,,
9.2+7.0,7.0,9.2,,0,,
9.2+7.2,7.2,9.2,,0,,
9.2+7.4,7.4,9.2,,0,,
9.2+7.6,7.6,9.2,,0,,
9.2+7.8,7.8,9.2,,0,,
9.2+8.0,8.0,9.2,,0,,
9.2+8.2,8.2,9.2,,0,,
9.2+8.4,8.4,9.2,,0,,
9.2+8.6,8.6,9.2,,0,,
9.2+8.8,8.8,9.2,,0,,
9.2+9.0,9.0,9.2,,0,,
9.2+9.2,9.2,9.2,,0,,
9.2+9.4,9.4,9.2,,0,,
9.2+9.6,9.6,9.2,,0,,
9.4+-0.2,-0.2,9.4,,0,,
9.4+-0.4,-0.4,9.4,,0,,
9.4+-0.6,-0.6,9.4,,0,,
9.4+-0.8,-0.8,9.4,,0,,
9.4+-1.0,-1.0,9.4,,0,,
9.4+-1.2,-1.2,9.4,,0,,
9.4+-1.4,-1.4,9.4,,0,,
9.4+-1.6,-1.6,9.4,,0,,
9.4+-1.8,-1.8,9.4,,0,,
9.4+-2.0,-2.0,9.4,,0,,
9.4+-2.2,-2.2,9.4,,0,,
9.4+-2.4,-2.4,9.4,,0,,
9.4+-2.6,-2.6,9.4,,0,,
9.4+-2.8,-2.8,9.4,,0,,
9.4+-3.0,-3.0,9.4,,0,,
9.4+-3.2,-3.2,9.4,,0,,
9.4+-3.4,-3.4,9.4,,0,,
9.4+-3.6,-3.6,9.4,,0,,
9.4+-3.8,-3.8,9.4,,0,,
9.4+-4.0,-4.0,9.4,,0,,
9.4+-4.2,-4.2,9.4,,0,,
9.4+-4.4,-4.4,9.4,,0,,
9.4+-4.6,-4.6,9.4,,0,,
9.4+-4.8,-4.8,9.4,,0,,
9.4+-5.0,-5.0,9.4,,0,,
9.4+-5.2,-5.2,9.4,,0,,
9.4+-5.4,-5.4,9.4,,0,,
9.4+-5.6,-5.6,9.4,,0,,
9.4+-5.8,-5.8,9.4,,0,,
9.4+-6.0,-6.0,9.4,,0,,
9.4+-6.2,-6.2,9.4,,0,,
9.4+-6.4,-6.4,9.4,,0,,
9.4+-6.6,-6.6,9.4,,0,,
9.4+-6.8,-6.8,9.4,,0,,
9.4+-7.0,-7.0,9.4,,0,,
9.4+-7.2,-7.2,9.4,,0,,
9.4+-7.4,-7.4,9.4,,0,,
9.4+-7.6,-7.6,9.4,,0,,
9.4+-7.8,-7.8,9.4,,0,,
9.4+-8.0,-8.0,9.4,,0,,
9.4+0.0,0.0,9.4,,0,,
9.4+0.2,0.2,9.4,,0,,
9.4+0.4,0.4,9.4,,0,,
9.4+0.6,0.6,9.4,,0,,
9.4+0.8,0.8,9.4,,0,,
9.4+1.0,1.0,9.4,,0,,
9.4+1.2,1.2,9.4,,0,,
9.4+1.4,1.4,9.4,,0,,
9.4+1.6,1.6,9.4,,0,,
9.4+1.8,1.8,9.4,,0,,
9.4+2.0,2.0,9.4,,0,,
9.4+2.2,2.2,9.4,,0,,
9.4+2.4,2.4,9.4,,0,,
9.4+2.6,2.6,9.4,,0,,
9.4+2.8,2.8,9.4,,0,,
9.4+3.0,3.0,9.4,,0,,
9.4+3.2,3.2,9.4,,0,,
9.4+3.4,3.4,9.4,,0,,
9.4+3.6,3.6,9.4,,0,,
9.4+3.8,3.8,9.4,,0,,
9.4+4.0,4.0,9.4,,0,,
9.4+4.2,4.2,9.4,,0,,
9.4+4.4,4.4,9.4,,0,,
9.4+4.6,4.6,9.4,,0,,
9.4+4.8,4.8,9.4,,0,,
9.4+5.0,5.0,9.4,,0,,
9.4+5.2,5.2,9.4,,0,,
9.4+5.4,5.4,9.4,,0,,
9.4+5.6,5.6,9.4,,0,,
9.4+5.8,5.8,9.4,,0,,
9.4+6.0,6.0,9.4,,0,,
9.4+6.2,6.2,9.4,,0,,
9.4+6.4,6.4,9.4,,0,,
9.4+6.6,6.6,9.4,,0,,
9.4+6.8,6.8,9.4,,0,,
9.4+7.0,7.0,9.4,,0,,
9.4+7.2,7.2,9.4,,0,,
9.4+7.4,7.4,9.4,,0,,
9.4+7.6,7.6,9.4,,0,,
9.4+7.8,7.8,9.4,,0,,
9.4+8.0,8.0,9.4,,0,,
9.4+8.2,8.2,9.4,,0,,
9.4+8.4,8.4,9.4,,0,,
9.4+8.6,8.6,9.4,,0,,
9.4+8.8,8.8,9.4,,0,,
9.4+9.0,9.0,9.4,,0,,
9.4+9.2,9.2,9.4,,0,,
9.4+9.4,9.4,9.4,,0,,
9.4+9.6,9.6,9.4,,0,,
9.6+-0.2,-0.2,9.6,,0,,
9.6+-0.4,-0.4,9.6,,0,,
9.6+-0.6,-0.6,9.6,,0,,
9.6+-0.8,-0.8,9.6,,0,,
9.6+-1.0,-1.0,9.6,,0,,
9.6+-1.2,-1.2,9.6,,0,,
9.6+-1.4,-1.4,9.6,,0,,
9.6+-1.6,-1.6,9.6,,0,,
9.6+-1.8,-1.8,9.6,,0,,
9.6+-2.0,-2.0,9.6,,0,,
9.6+-2.2,-2.2,9.6,,0,,
9.6+-2.4,-2.4,9.6,,0,,
9.6+-2.6,-2.6,9.6,,0,,
9.6+-2.8,-2.8,9.6,,0,,
9.6+-3.0,-3.0,9.6,,0,,
9.6+-3.2,-3.2,9.6,,0,,
9.6+-3.4,-3.4,9.6,,0,,
9.6+-3.6,-3.6,9.6,,0,,
9.6+-3.8,-3.8,9.6,,0,,
9.6+-4.0,-4.0,9.6,,0,,
9.6+-4.2,-4.2,9.6,,0,,
9.6+-4.4,-4.4,9.6,,0,,
9.6+-4.6,-4.6,9.6,,0,,
9.6+-4.8,-4.8,9.6,,0,,
9.6+-5.0,-5.0,9.6,,0,,
9.6+-5.2,-5.2,9.6,,0,,
9.6+-5.4,-5.4,9.6,,0,,
9.6+-5.6,-5.6,9.6,,0,,
9.6+-5.8,-5.8,9.6,,0,,
9.6+-6.0,-6.0,9.6,,0,,
9.6+-6.2,-6.2,9.6,,0,,
9.6+-6.4,-6.4,9.6,,0,,
9.6+-6.6,-6.6,9.6,,0,,
9.6+-6.8,-6.8,9.6,,0,,
9.6+-7.0,-7.0,9.6,,0,,
9.6+-7.2,-7.2,9.6,,0,,
9.6+-7.4,-7.4,9.6,,0,,
9.6+-7.6,-7.6,9.6,,0,,
9.6+-7.8,-7.8,9.6,,0,,
9.6+-8.0,-8.0,9.6,,0,,
9.6+0.0,0.0,9.6,,0,,
9.6+0.2,0.2,9.6,,0,,
9.6+0.4,0.4,9.6,,0,,
9.6+0.6,0.6,9.6,,0,,
9.6+0.8,0.8,9.6,,0,,
9.6+1.0,1.0,9.6,,0,,
9.6+1.2,1.2,9.6,,0,,
9.6+1.4,1.4,9.6,,0,,
9.6+1.6,1.6,9.6,,0,,
9.6+1.8,1.8,9.6,,0,,
9.6+2.0,2.0,9.6,,0,,
9.6+2.2,2.2,9.6,,0,,
9.6+2.4,2.4,9.6,,0,,
9.6+2.6,2.6,9.6,,0,,
9.6+2.8,2.8,9.6,,0,,
9.6+3.0,3.0,9.6,,0,,
9.6+3.2,3.2,9.6,,0,,
9.6+3.4,3.4,9.6,,0,,
9.6+3.6,3.6,9.6,,0,,
9.6+3.8,3.8,9.6,,0,,
9.6+4.0,4.0,9.6,,0,,
9.6+4.2,4.2,9.6,,0,,
9.6+4.4,4.4,9.6,,0,,
9.6+4.6,4.6,9.6,,0,,
9.6+4.8,4.8,9.6,,0,,
9.6+5.0,5.0,9.6,,0,,
9.6+5.2,5.2,9.6,,0,,
9.6+5.4,5.4,9.6,,0,,
9.6+5.6,5.6,9.6,,0,,
9.6+5.8,5.8,9.6,,0,,
9.6+6.0,6.0,9.6,,0,,
9.6+6.2,6.2,9.6,,0,,
9.6+6.4,6.4,9.6,,0,,
9.6+6.6,6.6,9.6,,0,,
9.6+6.8,6.8,9.6,,0,,
9.6+7.0,7.0,9.6,,0,,
9.6+7.2,7.2,9.6,,0,,
9.6+7.4,7.4,9.6,,0,,
9.6+7.6,7.6,9.6,,0,,
9.6+7.8,7.8,9.6,,0,,
9.6+8.0,8.0,9.6,,0,,
9.6+8.2,8.2,9.6,,0,,
9.6+8.4,8.4,9.6,,0,,
9.6+8.6,8.6,9.6,,0,,
9.6+8.8,8.8,9.6,,0,,
9.6+9.0,9.0,9.6,,0,,
9.6+9.2,9.2,9.6,,0,,
9.6+9.4,9.4,9.6,,0,,
9.6+9.6,9.6,9.6,,0,,
