BIN_COMBINED_STR,BIN_VPD_F,BIN_TA_F,VPD_F_SHAPVALS,VPD_F_SHAPVALS_COUNTS,VPD_F_SHAPVALS_P25,VPD_F_SHAPVALS_P75
-0.2+-0.2,-0.2,-0.2,-0.114775345,119,-0.1646062135696411,-0.04972882755100727
-0.2+-0.4,-0.4,-0.2,-0.1640488,119,-0.2200337052345276,-0.09174716100096703
-0.2+-0.6,-0.6,-0.2,-0.22019997,119,-0.2697865664958954,-0.12358809635043144
-0.2+-0.8,-0.8,-0.2,-0.24423286,118,-0.31062575429677963,-0.1407199203968048
-0.2+-1.0,-1.0,-0.2,-0.22568251,118,-0.3200371488928795,-0.09190014004707336
-0.2+-1.2,-1.2,-0.2,-0.1640482,111,-0.3067494332790375,-0.04545786418020725
-0.2+-1.4,-1.4,-0.2,-0.17016965,95,-0.2952580004930496,-0.013194894418120384
-0.2+-1.6,-1.6,-0.2,-0.16189805,55,-0.3082827180624008,0.001566968858242035
-0.2+-1.8,-1.8,-0.2,-0.06371955,26,-0.2620878294110298,0.1089952327311039
-0.2+-2.0,-2.0,-0.2,-0.19916396,5,-0.2790565490722656,0.21610990166664124
-0.2+-2.2,-2.2,-0.2,,0,,
-0.2+-2.4,-2.4,-0.2,,0,,
-0.2+-2.6,-2.6,-0.2,,0,,
-0.2+-2.8,-2.8,-0.2,,0,,
-0.2+-3.0,-3.0,-0.2,,0,,
-0.2+-3.2,-3.2,-0.2,,0,,
-0.2+-3.4,-3.4,-0.2,,0,,
-0.2+-3.6,-3.6,-0.2,,0,,
-0.2+-3.8,-3.8,-0.2,,0,,
-0.2+-4.0,-4.0,-0.2,,0,,
-0.2+-4.2,-4.2,-0.2,,0,,
-0.2+-4.4,-4.4,-0.2,,0,,
-0.2+-4.6,-4.6,-0.2,,0,,
-0.2+-4.8,-4.8,-0.2,,0,,
-0.2+-5.0,-5.0,-0.2,,0,,
-0.2+-5.2,-5.2,-0.2,,0,,
-0.2+-5.4,-5.4,-0.2,,0,,
-0.2+-5.6,-5.6,-0.2,,0,,
-0.2+-5.8,-5.8,-0.2,,0,,
-0.2+-6.0,-6.0,-0.2,,0,,
-0.2+-6.2,-6.2,-0.2,,0,,
-0.2+-6.4,-6.4,-0.2,,0,,
-0.2+-6.6,-6.6,-0.2,,0,,
-0.2+-6.8,-6.8,-0.2,,0,,
-0.2+-7.0,-7.0,-0.2,,0,,
-0.2+-7.2,-7.2,-0.2,,0,,
-0.2+-7.4,-7.4,-0.2,,0,,
-0.2+-7.6,-7.6,-0.2,,0,,
-0.2+-7.8,-7.8,-0.2,,0,,
-0.2+-8.0,-8.0,-0.2,,0,,
-0.2+0.0,0.0,-0.2,-0.035364114,119,-0.09448732808232307,0.036560265347361565
-0.2+0.2,0.2,-0.2,0.028891657,117,-0.03700154274702072,0.09495626389980316
-0.2+0.4,0.4,-0.2,0.11160833,109,0.029076799750328064,0.1970282793045044
-0.2+0.6,0.6,-0.2,0.1866192,102,0.11460079066455364,0.28107698261737823
-0.2+0.8,0.8,-0.2,0.25728256,85,0.14596085250377655,0.3809159994125366
-0.2+1.0,1.0,-0.2,0.28841823,62,0.17234498634934425,0.43862898647785187
-0.2+1.2,1.2,-0.2,0.378385,43,0.21333841234445572,0.5104469358921051
-0.2+1.4,1.4,-0.2,0.299905,31,0.08690761774778366,0.47147491574287415
-0.2+1.6,1.6,-0.2,0.49590957,22,0.24040794745087624,0.6168439090251923
-0.2+1.8,1.8,-0.2,0.33747858,12,0.15935277566313744,0.5047002956271172
-0.2+2.0,2.0,-0.2,0.36628878,4,0.2974469065666199,0.4634425863623619
-0.2+2.2,2.2,-0.2,0.40952408,4,0.1723415032029152,0.5463186725974083
-0.2+2.4,2.4,-0.2,0.0015316904,2,-0.29509083926677704,0.29815421998500824
-0.2+2.6,2.6,-0.2,,0,,
-0.2+2.8,2.8,-0.2,,0,,
-0.2+3.0,3.0,-0.2,-0.43798697,1,-0.43798696994781494,-0.43798696994781494
-0.2+3.2,3.2,-0.2,,0,,
-0.2+3.4,3.4,-0.2,,0,,
-0.2+3.6,3.6,-0.2,,0,,
-0.2+3.8,3.8,-0.2,,0,,
-0.2+4.0,4.0,-0.2,,0,,
-0.2+4.2,4.2,-0.2,,0,,
-0.2+4.4,4.4,-0.2,,0,,
-0.2+4.6,4.6,-0.2,,0,,
-0.2+4.8,4.8,-0.2,,0,,
-0.2+5.0,5.0,-0.2,,0,,
-0.2+5.2,5.2,-0.2,,0,,
-0.2+5.4,5.4,-0.2,,0,,
-0.2+5.6,5.6,-0.2,,0,,
-0.2+5.8,5.8,-0.2,,0,,
-0.2+6.0,6.0,-0.2,,0,,
-0.2+6.2,6.2,-0.2,,0,,
-0.2+6.4,6.4,-0.2,,0,,
-0.2+6.6,6.6,-0.2,,0,,
-0.2+6.8,6.8,-0.2,,0,,
-0.2+7.0,7.0,-0.2,,0,,
-0.2+7.2,7.2,-0.2,,0,,
-0.2+7.4,7.4,-0.2,,0,,
-0.2+7.6,7.6,-0.2,,0,,
-0.2+7.8,7.8,-0.2,,0,,
-0.2+8.0,8.0,-0.2,,0,,
-0.2+8.2,8.2,-0.2,,0,,
-0.2+8.4,8.4,-0.2,,0,,
-0.2+8.6,8.6,-0.2,,0,,
-0.2+8.8,8.8,-0.2,,0,,
-0.2+9.0,9.0,-0.2,,0,,
-0.2+9.2,9.2,-0.2,,0,,
-0.2+9.4,9.4,-0.2,,0,,
-0.2+9.6,9.6,-0.2,,0,,
-0.4+-0.2,-0.2,-0.4,-0.09607761,119,-0.15465786308050156,-0.04550452344119549
-0.4+-0.4,-0.4,-0.4,-0.1520029,119,-0.20375792682170868,-0.08347727730870247
-0.4+-0.6,-0.6,-0.4,-0.20426522,119,-0.2682533860206604,-0.12076157331466675
-0.4+-0.8,-0.8,-0.4,-0.224524,119,-0.29281018674373627,-0.13853245973587036
-0.4+-1.0,-1.0,-0.4,-0.207259,119,-0.3241025507450104,-0.09899972379207611
-0.4+-1.2,-1.2,-0.4,-0.15282778,117,-0.29274752736091614,-0.048657119274139404
-0.4+-1.4,-1.4,-0.4,-0.17056891,101,-0.30734220147132874,-0.02766593173146248
-0.4+-1.6,-1.6,-0.4,-0.15858236,65,-0.27763986587524414,0.06897101551294327
-0.4+-1.8,-1.8,-0.4,-0.045682646,30,-0.29750534892082214,0.0972900390625
-0.4+-2.0,-2.0,-0.4,-0.25207132,8,-0.31674881279468536,0.24436680600047112
-0.4+-2.2,-2.2,-0.4,,0,,
-0.4+-2.4,-2.4,-0.4,,0,,
-0.4+-2.6,-2.6,-0.4,,0,,
-0.4+-2.8,-2.8,-0.4,,0,,
-0.4+-3.0,-3.0,-0.4,,0,,
-0.4+-3.2,-3.2,-0.4,,0,,
-0.4+-3.4,-3.4,-0.4,,0,,
-0.4+-3.6,-3.6,-0.4,,0,,
-0.4+-3.8,-3.8,-0.4,,0,,
-0.4+-4.0,-4.0,-0.4,,0,,
-0.4+-4.2,-4.2,-0.4,,0,,
-0.4+-4.4,-4.4,-0.4,,0,,
-0.4+-4.6,-4.6,-0.4,,0,,
-0.4+-4.8,-4.8,-0.4,,0,,
-0.4+-5.0,-5.0,-0.4,,0,,
-0.4+-5.2,-5.2,-0.4,,0,,
-0.4+-5.4,-5.4,-0.4,,0,,
-0.4+-5.6,-5.6,-0.4,,0,,
-0.4+-5.8,-5.8,-0.4,,0,,
-0.4+-6.0,-6.0,-0.4,,0,,
-0.4+-6.2,-6.2,-0.4,,0,,
-0.4+-6.4,-6.4,-0.4,,0,,
-0.4+-6.6,-6.6,-0.4,,0,,
-0.4+-6.8,-6.8,-0.4,,0,,
-0.4+-7.0,-7.0,-0.4,,0,,
-0.4+-7.2,-7.2,-0.4,,0,,
-0.4+-7.4,-7.4,-0.4,,0,,
-0.4+-7.6,-7.6,-0.4,,0,,
-0.4+-7.8,-7.8,-0.4,,0,,
-0.4+-8.0,-8.0,-0.4,,0,,
-0.4+0.0,0.0,-0.4,-0.025488053,118,-0.08411043137311935,0.04397676978260279
-0.4+0.2,0.2,-0.4,0.054302104,109,-0.01822197437286377,0.151397243142128
-0.4+0.4,0.4,-0.4,0.14545165,100,0.027874178253114223,0.2195880226790905
-0.4+0.6,0.6,-0.4,0.18778369,90,0.07368540577590466,0.32599029690027237
-0.4+0.8,0.8,-0.4,0.24971277,66,0.10338155552744865,0.39612580090761185
-0.4+1.0,1.0,-0.4,0.25456962,47,0.12301883846521378,0.40199556946754456
-0.4+1.2,1.2,-0.4,0.32872677,30,0.1929943896830082,0.47854848951101303
-0.4+1.4,1.4,-0.4,0.32179326,20,0.0817253477871418,0.46207571774721146
-0.4+1.6,1.6,-0.4,0.28631783,10,0.16774705052375793,0.3752557262778282
-0.4+1.8,1.8,-0.4,0.3793962,6,0.302034929394722,0.40147341787815094
-0.4+2.0,2.0,-0.4,0.2948828,3,0.20365778729319572,0.4445895403623581
-0.4+2.2,2.2,-0.4,0.477653,1,0.47765299677848816,0.47765299677848816
-0.4+2.4,2.4,-0.4,-0.5636745,1,-0.5636745095252991,-0.5636745095252991
-0.4+2.6,2.6,-0.4,-0.19773245,1,-0.19773244857788086,-0.19773244857788086
-0.4+2.8,2.8,-0.4,-0.43184537,1,-0.43184536695480347,-0.43184536695480347
-0.4+3.0,3.0,-0.4,,0,,
-0.4+3.2,3.2,-0.4,,0,,
-0.4+3.4,3.4,-0.4,-0.35342294,1,-0.35342293977737427,-0.35342293977737427
-0.4+3.6,3.6,-0.4,,0,,
-0.4+3.8,3.8,-0.4,,0,,
-0.4+4.0,4.0,-0.4,,0,,
-0.4+4.2,4.2,-0.4,,0,,
-0.4+4.4,4.4,-0.4,,0,,
-0.4+4.6,4.6,-0.4,,0,,
-0.4+4.8,4.8,-0.4,,0,,
-0.4+5.0,5.0,-0.4,,0,,
-0.4+5.2,5.2,-0.4,,0,,
-0.4+5.4,5.4,-0.4,,0,,
-0.4+5.6,5.6,-0.4,,0,,
-0.4+5.8,5.8,-0.4,,0,,
-0.4+6.0,6.0,-0.4,,0,,
-0.4+6.2,6.2,-0.4,,0,,
-0.4+6.4,6.4,-0.4,,0,,
-0.4+6.6,6.6,-0.4,,0,,
-0.4+6.8,6.8,-0.4,,0,,
-0.4+7.0,7.0,-0.4,,0,,
-0.4+7.2,7.2,-0.4,,0,,
-0.4+7.4,7.4,-0.4,,0,,
-0.4+7.6,7.6,-0.4,,0,,
-0.4+7.8,7.8,-0.4,,0,,
-0.4+8.0,8.0,-0.4,,0,,
-0.4+8.2,8.2,-0.4,,0,,
-0.4+8.4,8.4,-0.4,,0,,
-0.4+8.6,8.6,-0.4,,0,,
-0.4+8.8,8.8,-0.4,,0,,
-0.4+9.0,9.0,-0.4,,0,,
-0.4+9.2,9.2,-0.4,,0,,
-0.4+9.4,9.4,-0.4,,0,,
-0.4+9.6,9.6,-0.4,,0,,
-0.6+-0.2,-0.2,-0.6,-0.069820136,117,-0.1329841911792755,-0.009703542105853558
-0.6+-0.4,-0.4,-0.6,-0.1392972,119,-0.19068099558353424,-0.07356266304850578
-0.6+-0.6,-0.6,-0.6,-0.1826709,119,-0.2509091794490814,-0.1033225730061531
-0.6+-0.8,-0.8,-0.6,-0.2128607,119,-0.29658885300159454,-0.13320144265890121
-0.6+-1.0,-1.0,-0.6,-0.21612403,119,-0.313884437084198,-0.11078891530632973
-0.6+-1.2,-1.2,-0.6,-0.19392252,118,-0.3223813995718956,-0.05078024882823229
-0.6+-1.4,-1.4,-0.6,-0.18467602,100,-0.2888868525624275,0.0009263053070753813
-0.6+-1.6,-1.6,-0.6,-0.1371081,67,-0.25658198446035385,0.1117531880736351
-0.6+-1.8,-1.8,-0.6,-0.09005272,30,-0.32397717237472534,0.12203371152281761
-0.6+-2.0,-2.0,-0.6,-0.11941827,11,-0.27742160856723785,0.061733145266771317
-0.6+-2.2,-2.2,-0.6,-1.0793395,1,-1.0793395042419434,-1.0793395042419434
-0.6+-2.4,-2.4,-0.6,,0,,
-0.6+-2.6,-2.6,-0.6,,0,,
-0.6+-2.8,-2.8,-0.6,,0,,
-0.6+-3.0,-3.0,-0.6,,0,,
-0.6+-3.2,-3.2,-0.6,,0,,
-0.6+-3.4,-3.4,-0.6,,0,,
-0.6+-3.6,-3.6,-0.6,,0,,
-0.6+-3.8,-3.8,-0.6,,0,,
-0.6+-4.0,-4.0,-0.6,,0,,
-0.6+-4.2,-4.2,-0.6,,0,,
-0.6+-4.4,-4.4,-0.6,,0,,
-0.6+-4.6,-4.6,-0.6,,0,,
-0.6+-4.8,-4.8,-0.6,,0,,
-0.6+-5.0,-5.0,-0.6,,0,,
-0.6+-5.2,-5.2,-0.6,,0,,
-0.6+-5.4,-5.4,-0.6,,0,,
-0.6+-5.6,-5.6,-0.6,,0,,
-0.6+-5.8,-5.8,-0.6,,0,,
-0.6+-6.0,-6.0,-0.6,,0,,
-0.6+-6.2,-6.2,-0.6,,0,,
-0.6+-6.4,-6.4,-0.6,,0,,
-0.6+-6.6,-6.6,-0.6,,0,,
-0.6+-6.8,-6.8,-0.6,,0,,
-0.6+-7.0,-7.0,-0.6,,0,,
-0.6+-7.2,-7.2,-0.6,,0,,
-0.6+-7.4,-7.4,-0.6,,0,,
-0.6+-7.6,-7.6,-0.6,,0,,
-0.6+-7.8,-7.8,-0.6,,0,,
-0.6+-8.0,-8.0,-0.6,,0,,
-0.6+0.0,0.0,-0.6,-0.0043047117,112,-0.0689097698777914,0.08876935765147209
-0.6+0.2,0.2,-0.6,0.07256688,103,-0.014227897394448519,0.14534436166286469
-0.6+0.4,0.4,-0.6,0.18697315,88,0.07479368522763252,0.28564175963401794
-0.6+0.6,0.6,-0.6,0.21403971,75,0.09967286139726639,0.31929878890514374
-0.6+0.8,0.8,-0.6,0.23754488,43,0.12107621133327484,0.3403904139995575
-0.6+1.0,1.0,-0.6,0.18203218,29,0.11744024604558945,0.3166590929031372
-0.6+1.2,1.2,-0.6,0.31072587,20,0.18983279168605804,0.40598873049020767
-0.6+1.4,1.4,-0.6,0.2864339,14,0.0671385657042265,0.353984072804451
-0.6+1.6,1.6,-0.6,0.3346519,5,0.3302172124385834,0.37412330508232117
-0.6+1.8,1.8,-0.6,0.3266154,3,0.23265916109085083,0.41360044479370117
-0.6+2.0,2.0,-0.6,-0.19825046,2,-0.4575350508093834,0.06103413552045822
-0.6+2.2,2.2,-0.6,-0.3443769,1,-0.34437689185142517,-0.34437689185142517
-0.6+2.4,2.4,-0.6,,0,,
-0.6+2.6,2.6,-0.6,,0,,
-0.6+2.8,2.8,-0.6,,0,,
-0.6+3.0,3.0,-0.6,,0,,
-0.6+3.2,3.2,-0.6,,0,,
-0.6+3.4,3.4,-0.6,,0,,
-0.6+3.6,3.6,-0.6,,0,,
-0.6+3.8,3.8,-0.6,,0,,
-0.6+4.0,4.0,-0.6,,0,,
-0.6+4.2,4.2,-0.6,,0,,
-0.6+4.4,4.4,-0.6,,0,,
-0.6+4.6,4.6,-0.6,,0,,
-0.6+4.8,4.8,-0.6,,0,,
-0.6+5.0,5.0,-0.6,,0,,
-0.6+5.2,5.2,-0.6,,0,,
-0.6+5.4,5.4,-0.6,,0,,
-0.6+5.6,5.6,-0.6,,0,,
-0.6+5.8,5.8,-0.6,,0,,
-0.6+6.0,6.0,-0.6,,0,,
-0.6+6.2,6.2,-0.6,,0,,
-0.6+6.4,6.4,-0.6,,0,,
-0.6+6.6,6.6,-0.6,,0,,
-0.6+6.8,6.8,-0.6,,0,,
-0.6+7.0,7.0,-0.6,,0,,
-0.6+7.2,7.2,-0.6,,0,,
-0.6+7.4,7.4,-0.6,,0,,
-0.6+7.6,7.6,-0.6,,0,,
-0.6+7.8,7.8,-0.6,,0,,
-0.6+8.0,8.0,-0.6,,0,,
-0.6+8.2,8.2,-0.6,,0,,
-0.6+8.4,8.4,-0.6,,0,,
-0.6+8.6,8.6,-0.6,,0,,
-0.6+8.8,8.8,-0.6,,0,,
-0.6+9.0,9.0,-0.6,,0,,
-0.6+9.2,9.2,-0.6,,0,,
-0.6+9.4,9.4,-0.6,,0,,
-0.6+9.6,9.6,-0.6,,0,,
-0.8+-0.2,-0.2,-0.8,-0.052672036,112,-0.1365155726671219,0.0435022683814168
-0.8+-0.4,-0.4,-0.8,-0.12245786,118,-0.17795390635728836,-0.051894442178308964
-0.8+-0.6,-0.6,-0.8,-0.16893843,119,-0.22971217334270477,-0.10266914963722229
-0.8+-0.8,-0.8,-0.8,-0.21023491,119,-0.28439587354660034,-0.1333148181438446
-0.8+-1.0,-1.0,-0.8,-0.20422629,118,-0.3023707866668701,-0.10814590193331242
-0.8+-1.2,-1.2,-0.8,-0.165516,118,-0.2935660108923912,-0.08083127625286579
-0.8+-1.4,-1.4,-0.8,-0.16651186,104,-0.27763529121875763,0.025321454741060734
-0.8+-1.6,-1.6,-0.8,-0.1396275,69,-0.26261043548583984,0.051845625042915344
-0.8+-1.8,-1.8,-0.8,-0.12006505,31,-0.3016093373298645,0.07019519805908203
-0.8+-2.0,-2.0,-0.8,-0.1453916,11,-0.269033245742321,-0.08242703974246979
-0.8+-2.2,-2.2,-0.8,-0.17545517,2,-0.3183820638805628,-0.03252827934920788
-0.8+-2.4,-2.4,-0.8,-0.9689451,1,-0.9689450860023499,-0.9689450860023499
-0.8+-2.6,-2.6,-0.8,,0,,
-0.8+-2.8,-2.8,-0.8,,0,,
-0.8+-3.0,-3.0,-0.8,,0,,
-0.8+-3.2,-3.2,-0.8,,0,,
-0.8+-3.4,-3.4,-0.8,,0,,
-0.8+-3.6,-3.6,-0.8,,0,,
-0.8+-3.8,-3.8,-0.8,,0,,
-0.8+-4.0,-4.0,-0.8,,0,,
-0.8+-4.2,-4.2,-0.8,,0,,
-0.8+-4.4,-4.4,-0.8,,0,,
-0.8+-4.6,-4.6,-0.8,,0,,
-0.8+-4.8,-4.8,-0.8,,0,,
-0.8+-5.0,-5.0,-0.8,,0,,
-0.8+-5.2,-5.2,-0.8,,0,,
-0.8+-5.4,-5.4,-0.8,,0,,
-0.8+-5.6,-5.6,-0.8,,0,,
-0.8+-5.8,-5.8,-0.8,,0,,
-0.8+-6.0,-6.0,-0.8,,0,,
-0.8+-6.2,-6.2,-0.8,,0,,
-0.8+-6.4,-6.4,-0.8,,0,,
-0.8+-6.6,-6.6,-0.8,,0,,
-0.8+-6.8,-6.8,-0.8,,0,,
-0.8+-7.0,-7.0,-0.8,,0,,
-0.8+-7.2,-7.2,-0.8,,0,,
-0.8+-7.4,-7.4,-0.8,,0,,
-0.8+-7.6,-7.6,-0.8,,0,,
-0.8+-7.8,-7.8,-0.8,,0,,
-0.8+-8.0,-8.0,-0.8,,0,,
-0.8+0.0,0.0,-0.8,0.015993886,106,-0.07572708651423454,0.11062947288155556
-0.8+0.2,0.2,-0.8,0.06479681,92,-0.021935118827968836,0.17945416271686554
-0.8+0.4,0.4,-0.8,0.14366701,74,0.02751994412392378,0.29132747650146484
-0.8+0.6,0.6,-0.8,0.18212509,48,0.09303449932485819,0.3059070482850075
-0.8+0.8,0.8,-0.8,0.18777719,31,0.0035298150032758713,0.28351688385009766
-0.8+1.0,1.0,-0.8,0.21316645,19,0.14472952485084534,0.38361509144306183
-0.8+1.2,1.2,-0.8,0.22118989,9,-0.05766044557094574,0.24363720417022705
-0.8+1.4,1.4,-0.8,0.26670015,5,0.25624895095825195,0.2892114520072937
-0.8+1.6,1.6,-0.8,0.45067185,3,0.3435531258583069,0.581362783908844
-0.8+1.8,1.8,-0.8,0.19239333,1,0.19239333271980286,0.19239333271980286
-0.8+2.0,2.0,-0.8,0.05445996,2,-0.3637804836034775,0.47270040214061737
-0.8+2.2,2.2,-0.8,,0,,
-0.8+2.4,2.4,-0.8,,0,,
-0.8+2.6,2.6,-0.8,,0,,
-0.8+2.8,2.8,-0.8,,0,,
-0.8+3.0,3.0,-0.8,,0,,
-0.8+3.2,3.2,-0.8,,0,,
-0.8+3.4,3.4,-0.8,,0,,
-0.8+3.6,3.6,-0.8,,0,,
-0.8+3.8,3.8,-0.8,,0,,
-0.8+4.0,4.0,-0.8,,0,,
-0.8+4.2,4.2,-0.8,,0,,
-0.8+4.4,4.4,-0.8,,0,,
-0.8+4.6,4.6,-0.8,,0,,
-0.8+4.8,4.8,-0.8,,0,,
-0.8+5.0,5.0,-0.8,,0,,
-0.8+5.2,5.2,-0.8,,0,,
-0.8+5.4,5.4,-0.8,,0,,
-0.8+5.6,5.6,-0.8,,0,,
-0.8+5.8,5.8,-0.8,,0,,
-0.8+6.0,6.0,-0.8,,0,,
-0.8+6.2,6.2,-0.8,,0,,
-0.8+6.4,6.4,-0.8,,0,,
-0.8+6.6,6.6,-0.8,,0,,
-0.8+6.8,6.8,-0.8,,0,,
-0.8+7.0,7.0,-0.8,,0,,
-0.8+7.2,7.2,-0.8,,0,,
-0.8+7.4,7.4,-0.8,,0,,
-0.8+7.6,7.6,-0.8,,0,,
-0.8+7.8,7.8,-0.8,,0,,
-0.8+8.0,8.0,-0.8,,0,,
-0.8+8.2,8.2,-0.8,,0,,
-0.8+8.4,8.4,-0.8,,0,,
-0.8+8.6,8.6,-0.8,,0,,
-0.8+8.8,8.8,-0.8,,0,,
-0.8+9.0,9.0,-0.8,,0,,
-0.8+9.2,9.2,-0.8,,0,,
-0.8+9.4,9.4,-0.8,,0,,
-0.8+9.6,9.6,-0.8,,0,,
-1.0+-0.2,-0.2,-1.0,-0.036651988,107,-0.11265715956687927,0.03363843634724617
-1.0+-0.4,-0.4,-1.0,-0.11949967,114,-0.17021451890468597,-0.0444964999333024
-1.0+-0.6,-0.6,-1.0,-0.1601431,118,-0.2280731499195099,-0.0954493097960949
-1.0+-0.8,-0.8,-1.0,-0.20746343,119,-0.2597958445549011,-0.11327847093343735
-1.0+-1.0,-1.0,-1.0,-0.20017095,119,-0.30525149405002594,-0.12048375234007835
-1.0+-1.2,-1.2,-1.0,-0.20901516,118,-0.2822614684700966,-0.0857604406774044
-1.0+-1.4,-1.4,-1.0,-0.20572332,104,-0.2875984162092209,-0.019283763598650694
-1.0+-1.6,-1.6,-1.0,-0.1490939,70,-0.2663373202085495,0.026862937957048416
-1.0+-1.8,-1.8,-1.0,-0.107185066,33,-0.28753986954689026,0.038455285131931305
-1.0+-2.0,-2.0,-1.0,-0.12595518,12,-0.2845068499445915,-0.05340373935177922
-1.0+-2.2,-2.2,-1.0,-0.3951156,3,-0.49422717094421387,-0.12836600095033646
-1.0+-2.4,-2.4,-1.0,,0,,
-1.0+-2.6,-2.6,-1.0,,0,,
-1.0+-2.8,-2.8,-1.0,,0,,
-1.0+-3.0,-3.0,-1.0,,0,,
-1.0+-3.2,-3.2,-1.0,,0,,
-1.0+-3.4,-3.4,-1.0,,0,,
-1.0+-3.6,-3.6,-1.0,,0,,
-1.0+-3.8,-3.8,-1.0,,0,,
-1.0+-4.0,-4.0,-1.0,,0,,
-1.0+-4.2,-4.2,-1.0,,0,,
-1.0+-4.4,-4.4,-1.0,,0,,
-1.0+-4.6,-4.6,-1.0,,0,,
-1.0+-4.8,-4.8,-1.0,,0,,
-1.0+-5.0,-5.0,-1.0,,0,,
-1.0+-5.2,-5.2,-1.0,,0,,
-1.0+-5.4,-5.4,-1.0,,0,,
-1.0+-5.6,-5.6,-1.0,,0,,
-1.0+-5.8,-5.8,-1.0,,0,,
-1.0+-6.0,-6.0,-1.0,,0,,
-1.0+-6.2,-6.2,-1.0,,0,,
-1.0+-6.4,-6.4,-1.0,,0,,
-1.0+-6.6,-6.6,-1.0,,0,,
-1.0+-6.8,-6.8,-1.0,,0,,
-1.0+-7.0,-7.0,-1.0,,0,,
-1.0+-7.2,-7.2,-1.0,,0,,
-1.0+-7.4,-7.4,-1.0,,0,,
-1.0+-7.6,-7.6,-1.0,,0,,
-1.0+-7.8,-7.8,-1.0,,0,,
-1.0+-8.0,-8.0,-1.0,,0,,
-1.0+0.0,0.0,-1.0,0.01157202,93,-0.04285173490643501,0.10753625631332397
-1.0+0.2,0.2,-1.0,0.105992556,80,0.008962942054495215,0.20941513031721115
-1.0+0.4,0.4,-1.0,0.08125057,52,0.0052902186289429665,0.19224437698721886
-1.0+0.6,0.6,-1.0,0.09331201,36,0.012443729909136891,0.2355559878051281
-1.0+0.8,0.8,-1.0,0.14376226,20,0.011975669767707586,0.23989523947238922
-1.0+1.0,1.0,-1.0,0.20267482,16,0.048576206900179386,0.2517849989235401
-1.0+1.2,1.2,-1.0,0.18303782,8,0.03235607035458088,0.2495071291923523
-1.0+1.4,1.4,-1.0,0.37250274,3,0.3542982339859009,0.3879423141479492
-1.0+1.6,1.6,-1.0,0.51853883,3,0.30528855696320534,0.5433372259140015
-1.0+1.8,1.8,-1.0,,0,,
-1.0+2.0,2.0,-1.0,,0,,
-1.0+2.2,2.2,-1.0,,0,,
-1.0+2.4,2.4,-1.0,,0,,
-1.0+2.6,2.6,-1.0,,0,,
-1.0+2.8,2.8,-1.0,,0,,
-1.0+3.0,3.0,-1.0,,0,,
-1.0+3.2,3.2,-1.0,,0,,
-1.0+3.4,3.4,-1.0,,0,,
-1.0+3.6,3.6,-1.0,,0,,
-1.0+3.8,3.8,-1.0,,0,,
-1.0+4.0,4.0,-1.0,,0,,
-1.0+4.2,4.2,-1.0,,0,,
-1.0+4.4,4.4,-1.0,,0,,
-1.0+4.6,4.6,-1.0,,0,,
-1.0+4.8,4.8,-1.0,,0,,
-1.0+5.0,5.0,-1.0,,0,,
-1.0+5.2,5.2,-1.0,,0,,
-1.0+5.4,5.4,-1.0,,0,,
-1.0+5.6,5.6,-1.0,,0,,
-1.0+5.8,5.8,-1.0,,0,,
-1.0+6.0,6.0,-1.0,,0,,
-1.0+6.2,6.2,-1.0,,0,,
-1.0+6.4,6.4,-1.0,,0,,
-1.0+6.6,6.6,-1.0,,0,,
-1.0+6.8,6.8,-1.0,,0,,
-1.0+7.0,7.0,-1.0,,0,,
-1.0+7.2,7.2,-1.0,,0,,
-1.0+7.4,7.4,-1.0,,0,,
-1.0+7.6,7.6,-1.0,,0,,
-1.0+7.8,7.8,-1.0,,0,,
-1.0+8.0,8.0,-1.0,,0,,
-1.0+8.2,8.2,-1.0,,0,,
-1.0+8.4,8.4,-1.0,,0,,
-1.0+8.6,8.6,-1.0,,0,,
-1.0+8.8,8.8,-1.0,,0,,
-1.0+9.0,9.0,-1.0,,0,,
-1.0+9.2,9.2,-1.0,,0,,
-1.0+9.4,9.4,-1.0,,0,,
-1.0+9.6,9.6,-1.0,,0,,
-1.2+-0.2,-0.2,-1.2,-0.04327056,98,-0.10862462408840656,0.06251434702426195
-1.2+-0.4,-0.4,-1.2,-0.08353354,110,-0.1567625105381012,-0.0022704340517520905
-1.2+-0.6,-0.6,-1.2,-0.138197,117,-0.2175566554069519,-0.047256533056497574
-1.2+-0.8,-0.8,-1.2,-0.1988529,119,-0.26153624057769775,-0.10620498657226562
-1.2+-1.0,-1.0,-1.2,-0.20126101,119,-0.2922145277261734,-0.09808934107422829
-1.2+-1.2,-1.2,-1.2,-0.18868917,118,-0.27712494879961014,-0.0770811103284359
-1.2+-1.4,-1.4,-1.2,-0.18330249,104,-0.30598022788763046,-0.026847231667488813
-1.2+-1.6,-1.6,-1.2,-0.1325047,74,-0.2814272716641426,0.08468004874885082
-1.2+-1.8,-1.8,-1.2,-0.13799874,33,-0.3291356563568115,0.0758904442191124
-1.2+-2.0,-2.0,-1.2,-0.11604967,13,-0.2103162407875061,0.24298050999641418
-1.2+-2.2,-2.2,-1.2,-0.23295964,3,-0.59611726552248,-0.04333864897489548
-1.2+-2.4,-2.4,-1.2,,0,,
-1.2+-2.6,-2.6,-1.2,-0.39735582,1,-0.3973558247089386,-0.3973558247089386
-1.2+-2.8,-2.8,-1.2,,0,,
-1.2+-3.0,-3.0,-1.2,,0,,
-1.2+-3.2,-3.2,-1.2,,0,,
-1.2+-3.4,-3.4,-1.2,,0,,
-1.2+-3.6,-3.6,-1.2,,0,,
-1.2+-3.8,-3.8,-1.2,,0,,
-1.2+-4.0,-4.0,-1.2,,0,,
-1.2+-4.2,-4.2,-1.2,,0,,
-1.2+-4.4,-4.4,-1.2,,0,,
-1.2+-4.6,-4.6,-1.2,,0,,
-1.2+-4.8,-4.8,-1.2,,0,,
-1.2+-5.0,-5.0,-1.2,,0,,
-1.2+-5.2,-5.2,-1.2,,0,,
-1.2+-5.4,-5.4,-1.2,,0,,
-1.2+-5.6,-5.6,-1.2,,0,,
-1.2+-5.8,-5.8,-1.2,,0,,
-1.2+-6.0,-6.0,-1.2,,0,,
-1.2+-6.2,-6.2,-1.2,,0,,
-1.2+-6.4,-6.4,-1.2,,0,,
-1.2+-6.6,-6.6,-1.2,,0,,
-1.2+-6.8,-6.8,-1.2,,0,,
-1.2+-7.0,-7.0,-1.2,,0,,
-1.2+-7.2,-7.2,-1.2,,0,,
-1.2+-7.4,-7.4,-1.2,,0,,
-1.2+-7.6,-7.6,-1.2,,0,,
-1.2+-7.8,-7.8,-1.2,,0,,
-1.2+-8.0,-8.0,-1.2,,0,,
-1.2+0.0,0.0,-1.2,0.030944044,79,-0.0648590587079525,0.1673801690340042
-1.2+0.2,0.2,-1.2,0.07086068,58,-0.06194118410348892,0.1518954411149025
-1.2+0.4,0.4,-1.2,0.13205728,37,-0.0031100220512598753,0.18282845616340637
-1.2+0.6,0.6,-1.2,0.11243187,26,0.020222952123731375,0.20815062150359154
-1.2+0.8,0.8,-1.2,0.1708145,20,0.05683417897671461,0.3041759133338928
-1.2+1.0,1.0,-1.2,0.10385136,10,-0.008499144576489925,0.2156338132917881
-1.2+1.2,1.2,-1.2,0.18407172,7,0.16228719055652618,0.29513104259967804
-1.2+1.4,1.4,-1.2,0.2522719,2,0.18468175642192364,0.31986200250685215
-1.2+1.6,1.6,-1.2,,0,,
-1.2+1.8,1.8,-1.2,,0,,
-1.2+2.0,2.0,-1.2,,0,,
-1.2+2.2,2.2,-1.2,,0,,
-1.2+2.4,2.4,-1.2,,0,,
-1.2+2.6,2.6,-1.2,,0,,
-1.2+2.8,2.8,-1.2,,0,,
-1.2+3.0,3.0,-1.2,,0,,
-1.2+3.2,3.2,-1.2,,0,,
-1.2+3.4,3.4,-1.2,,0,,
-1.2+3.6,3.6,-1.2,,0,,
-1.2+3.8,3.8,-1.2,,0,,
-1.2+4.0,4.0,-1.2,,0,,
-1.2+4.2,4.2,-1.2,,0,,
-1.2+4.4,4.4,-1.2,,0,,
-1.2+4.6,4.6,-1.2,,0,,
-1.2+4.8,4.8,-1.2,,0,,
-1.2+5.0,5.0,-1.2,,0,,
-1.2+5.2,5.2,-1.2,,0,,
-1.2+5.4,5.4,-1.2,,0,,
-1.2+5.6,5.6,-1.2,,0,,
-1.2+5.8,5.8,-1.2,,0,,
-1.2+6.0,6.0,-1.2,,0,,
-1.2+6.2,6.2,-1.2,,0,,
-1.2+6.4,6.4,-1.2,,0,,
-1.2+6.6,6.6,-1.2,,0,,
-1.2+6.8,6.8,-1.2,,0,,
-1.2+7.0,7.0,-1.2,,0,,
-1.2+7.2,7.2,-1.2,,0,,
-1.2+7.4,7.4,-1.2,,0,,
-1.2+7.6,7.6,-1.2,,0,,
-1.2+7.8,7.8,-1.2,,0,,
-1.2+8.0,8.0,-1.2,,0,,
-1.2+8.2,8.2,-1.2,,0,,
-1.2+8.4,8.4,-1.2,,0,,
-1.2+8.6,8.6,-1.2,,0,,
-1.2+8.8,8.8,-1.2,,0,,
-1.2+9.0,9.0,-1.2,,0,,
-1.2+9.2,9.2,-1.2,,0,,
-1.2+9.4,9.4,-1.2,,0,,
-1.2+9.6,9.6,-1.2,,0,,
-1.4+-0.2,-0.2,-1.4,-0.015189971,85,-0.09833881258964539,0.0752604603767395
-1.4+-0.4,-0.4,-1.4,-0.07704223,104,-0.13428591191768646,0.006414378760382533
-1.4+-0.6,-0.6,-1.4,-0.13800547,113,-0.20114944875240326,-0.061245642602443695
-1.4+-0.8,-0.8,-1.4,-0.17629012,119,-0.24413271248340607,-0.0927894152700901
-1.4+-1.0,-1.0,-1.4,-0.18332258,118,-0.2577149346470833,-0.09095677174627781
-1.4+-1.2,-1.2,-1.4,-0.15778635,118,-0.2638143301010132,-0.05285923462361097
-1.4+-1.4,-1.4,-1.4,-0.17992836,105,-0.2964404225349426,0.01039552129805088
-1.4+-1.6,-1.6,-1.4,-0.15105343,72,-0.2407914623618126,0.016660166438668966
-1.4+-1.8,-1.8,-1.4,-0.1126481,35,-0.3065446615219116,0.002249425742775202
-1.4+-2.0,-2.0,-1.4,-0.17007229,12,-0.270107701420784,0.1360885091125965
-1.4+-2.2,-2.2,-1.4,-0.2209817,3,-0.36630209535360336,-0.026944749057292938
-1.4+-2.4,-2.4,-1.4,,0,,
-1.4+-2.6,-2.6,-1.4,,0,,
-1.4+-2.8,-2.8,-1.4,,0,,
-1.4+-3.0,-3.0,-1.4,,0,,
-1.4+-3.2,-3.2,-1.4,,0,,
-1.4+-3.4,-3.4,-1.4,,0,,
-1.4+-3.6,-3.6,-1.4,,0,,
-1.4+-3.8,-3.8,-1.4,,0,,
-1.4+-4.0,-4.0,-1.4,,0,,
-1.4+-4.2,-4.2,-1.4,,0,,
-1.4+-4.4,-4.4,-1.4,,0,,
-1.4+-4.6,-4.6,-1.4,,0,,
-1.4+-4.8,-4.8,-1.4,,0,,
-1.4+-5.0,-5.0,-1.4,,0,,
-1.4+-5.2,-5.2,-1.4,,0,,
-1.4+-5.4,-5.4,-1.4,,0,,
-1.4+-5.6,-5.6,-1.4,,0,,
-1.4+-5.8,-5.8,-1.4,,0,,
-1.4+-6.0,-6.0,-1.4,,0,,
-1.4+-6.2,-6.2,-1.4,,0,,
-1.4+-6.4,-6.4,-1.4,,0,,
-1.4+-6.6,-6.6,-1.4,,0,,
-1.4+-6.8,-6.8,-1.4,,0,,
-1.4+-7.0,-7.0,-1.4,,0,,
-1.4+-7.2,-7.2,-1.4,,0,,
-1.4+-7.4,-7.4,-1.4,,0,,
-1.4+-7.6,-7.6,-1.4,,0,,
-1.4+-7.8,-7.8,-1.4,,0,,
-1.4+-8.0,-8.0,-1.4,,0,,
-1.4+0.0,0.0,-1.4,-0.021097353,64,-0.09677816182374954,0.11077556386590004
-1.4+0.2,0.2,-1.4,0.0315361,39,-0.033490587025880814,0.11329896003007889
-1.4+0.4,0.4,-1.4,0.039272226,26,-0.037637075409293175,0.1536247581243515
-1.4+0.6,0.6,-1.4,0.06804484,20,-0.004700834979303181,0.118007592856884
-1.4+0.8,0.8,-1.4,0.0777218,9,-0.23491054773330688,0.14414221048355103
-1.4+1.0,1.0,-1.4,0.10551631,7,-0.12010068818926811,0.15228556841611862
-1.4+1.2,1.2,-1.4,0.25404564,3,-0.08772003650665283,0.27273011207580566
-1.4+1.4,1.4,-1.4,,0,,
-1.4+1.6,1.6,-1.4,,0,,
-1.4+1.8,1.8,-1.4,,0,,
-1.4+2.0,2.0,-1.4,,0,,
-1.4+2.2,2.2,-1.4,,0,,
-1.4+2.4,2.4,-1.4,,0,,
-1.4+2.6,2.6,-1.4,,0,,
-1.4+2.8,2.8,-1.4,,0,,
-1.4+3.0,3.0,-1.4,,0,,
-1.4+3.2,3.2,-1.4,,0,,
-1.4+3.4,3.4,-1.4,,0,,
-1.4+3.6,3.6,-1.4,,0,,
-1.4+3.8,3.8,-1.4,,0,,
-1.4+4.0,4.0,-1.4,,0,,
-1.4+4.2,4.2,-1.4,,0,,
-1.4+4.4,4.4,-1.4,,0,,
-1.4+4.6,4.6,-1.4,,0,,
-1.4+4.8,4.8,-1.4,,0,,
-1.4+5.0,5.0,-1.4,,0,,
-1.4+5.2,5.2,-1.4,,0,,
-1.4+5.4,5.4,-1.4,,0,,
-1.4+5.6,5.6,-1.4,,0,,
-1.4+5.8,5.8,-1.4,,0,,
-1.4+6.0,6.0,-1.4,,0,,
-1.4+6.2,6.2,-1.4,,0,,
-1.4+6.4,6.4,-1.4,,0,,
-1.4+6.6,6.6,-1.4,,0,,
-1.4+6.8,6.8,-1.4,,0,,
-1.4+7.0,7.0,-1.4,,0,,
-1.4+7.2,7.2,-1.4,,0,,
-1.4+7.4,7.4,-1.4,,0,,
-1.4+7.6,7.6,-1.4,,0,,
-1.4+7.8,7.8,-1.4,,0,,
-1.4+8.0,8.0,-1.4,,0,,
-1.4+8.2,8.2,-1.4,,0,,
-1.4+8.4,8.4,-1.4,,0,,
-1.4+8.6,8.6,-1.4,,0,,
-1.4+8.8,8.8,-1.4,,0,,
-1.4+9.0,9.0,-1.4,,0,,
-1.4+9.2,9.2,-1.4,,0,,
-1.4+9.4,9.4,-1.4,,0,,
-1.4+9.6,9.6,-1.4,,0,,
-1.6+-0.2,-0.2,-1.6,-0.054892074,67,-0.12923528254032135,0.019178387708961964
-1.6+-0.4,-0.4,-1.6,-0.09477316,89,-0.1506006121635437,-0.025866413488984108
-1.6+-0.6,-0.6,-1.6,-0.120083556,105,-0.19151785969734192,-0.06124512478709221
-1.6+-0.8,-0.8,-1.6,-0.18717062,112,-0.2561121881008148,-0.10554131492972374
-1.6+-1.0,-1.0,-1.6,-0.17896964,119,-0.24410922825336456,-0.07039859518408775
-1.6+-1.2,-1.2,-1.6,-0.15289026,117,-0.26224207878112793,-0.051131416112184525
-1.6+-1.4,-1.4,-1.6,-0.15658286,104,-0.2812899872660637,0.018778772559016943
-1.6+-1.6,-1.6,-1.6,-0.12894645,73,-0.24805250763893127,0.10922005027532578
-1.6+-1.8,-1.8,-1.6,-0.07615291,34,-0.3431118577718735,0.10929591953754425
-1.6+-2.0,-2.0,-1.6,-0.17362341,14,-0.20776023715734482,0.019407605985179543
-1.6+-2.2,-2.2,-1.6,,0,,
-1.6+-2.4,-2.4,-1.6,,0,,
-1.6+-2.6,-2.6,-1.6,,0,,
-1.6+-2.8,-2.8,-1.6,,0,,
-1.6+-3.0,-3.0,-1.6,,0,,
-1.6+-3.2,-3.2,-1.6,,0,,
-1.6+-3.4,-3.4,-1.6,,0,,
-1.6+-3.6,-3.6,-1.6,,0,,
-1.6+-3.8,-3.8,-1.6,,0,,
-1.6+-4.0,-4.0,-1.6,,0,,
-1.6+-4.2,-4.2,-1.6,,0,,
-1.6+-4.4,-4.4,-1.6,,0,,
-1.6+-4.6,-4.6,-1.6,,0,,
-1.6+-4.8,-4.8,-1.6,,0,,
-1.6+-5.0,-5.0,-1.6,,0,,
-1.6+-5.2,-5.2,-1.6,,0,,
-1.6+-5.4,-5.4,-1.6,,0,,
-1.6+-5.6,-5.6,-1.6,,0,,
-1.6+-5.8,-5.8,-1.6,,0,,
-1.6+-6.0,-6.0,-1.6,,0,,
-1.6+-6.2,-6.2,-1.6,,0,,
-1.6+-6.4,-6.4,-1.6,,0,,
-1.6+-6.6,-6.6,-1.6,,0,,
-1.6+-6.8,-6.8,-1.6,,0,,
-1.6+-7.0,-7.0,-1.6,,0,,
-1.6+-7.2,-7.2,-1.6,,0,,
-1.6+-7.4,-7.4,-1.6,,0,,
-1.6+-7.6,-7.6,-1.6,,0,,
-1.6+-7.8,-7.8,-1.6,,0,,
-1.6+-8.0,-8.0,-1.6,,0,,
-1.6+0.0,0.0,-1.6,-0.016427608,44,-0.09797967597842216,0.06753277964890003
-1.6+0.2,0.2,-1.6,0.037123475,19,-0.04797225631773472,0.12211938202381134
-1.6+0.4,0.4,-1.6,0.003911004,17,-0.0642094686627388,0.11646174639463425
-1.6+0.6,0.6,-1.6,0.038096096,11,0.002030505333095789,0.19356486201286316
-1.6+0.8,0.8,-1.6,-0.027444817,7,-0.11385814286768436,0.10778559371829033
-1.6+1.0,1.0,-1.6,-0.07656847,4,-0.20106635987758636,0.10394185595214367
-1.6+1.2,1.2,-1.6,-0.31033528,1,-0.31033527851104736,-0.31033527851104736
-1.6+1.4,1.4,-1.6,,0,,
-1.6+1.6,1.6,-1.6,,0,,
-1.6+1.8,1.8,-1.6,,0,,
-1.6+2.0,2.0,-1.6,,0,,
-1.6+2.2,2.2,-1.6,,0,,
-1.6+2.4,2.4,-1.6,,0,,
-1.6+2.6,2.6,-1.6,,0,,
-1.6+2.8,2.8,-1.6,,0,,
-1.6+3.0,3.0,-1.6,,0,,
-1.6+3.2,3.2,-1.6,,0,,
-1.6+3.4,3.4,-1.6,,0,,
-1.6+3.6,3.6,-1.6,,0,,
-1.6+3.8,3.8,-1.6,,0,,
-1.6+4.0,4.0,-1.6,,0,,
-1.6+4.2,4.2,-1.6,,0,,
-1.6+4.4,4.4,-1.6,,0,,
-1.6+4.6,4.6,-1.6,,0,,
-1.6+4.8,4.8,-1.6,,0,,
-1.6+5.0,5.0,-1.6,,0,,
-1.6+5.2,5.2,-1.6,,0,,
-1.6+5.4,5.4,-1.6,,0,,
-1.6+5.6,5.6,-1.6,,0,,
-1.6+5.8,5.8,-1.6,,0,,
-1.6+6.0,6.0,-1.6,,0,,
-1.6+6.2,6.2,-1.6,,0,,
-1.6+6.4,6.4,-1.6,,0,,
-1.6+6.6,6.6,-1.6,,0,,
-1.6+6.8,6.8,-1.6,,0,,
-1.6+7.0,7.0,-1.6,,0,,
-1.6+7.2,7.2,-1.6,,0,,
-1.6+7.4,7.4,-1.6,,0,,
-1.6+7.6,7.6,-1.6,,0,,
-1.6+7.8,7.8,-1.6,,0,,
-1.6+8.0,8.0,-1.6,,0,,
-1.6+8.2,8.2,-1.6,,0,,
-1.6+8.4,8.4,-1.6,,0,,
-1.6+8.6,8.6,-1.6,,0,,
-1.6+8.8,8.8,-1.6,,0,,
-1.6+9.0,9.0,-1.6,,0,,
-1.6+9.2,9.2,-1.6,,0,,
-1.6+9.4,9.4,-1.6,,0,,
-1.6+9.6,9.6,-1.6,,0,,
-1.8+-0.2,-0.2,-1.8,-0.061678052,47,-0.12248213589191437,0.011065942235291004
-1.8+-0.4,-0.4,-1.8,-0.08402872,81,-0.13501472771167755,-0.02394215576350689
-1.8+-0.6,-0.6,-1.8,-0.120206214,96,-0.20485208556056023,-0.0655655087903142
-1.8+-0.8,-0.8,-1.8,-0.1739023,112,-0.23252787813544273,-0.10181285627186298
-1.8+-1.0,-1.0,-1.8,-0.1872494,114,-0.2459484152495861,-0.07815009355545044
-1.8+-1.2,-1.2,-1.8,-0.15380727,115,-0.25140756368637085,-0.06278148293495178
-1.8+-1.4,-1.4,-1.8,-0.12325374,105,-0.24050216376781464,0.026801664382219315
-1.8+-1.6,-1.6,-1.8,-0.16309954,73,-0.27367904782295227,0.06730594485998154
-1.8+-1.8,-1.8,-1.8,-0.11121576,32,-0.37623465806245804,0.12031599693000317
-1.8+-2.0,-2.0,-1.8,-0.12727803,12,-0.27117833495140076,0.1005134005099535
-1.8+-2.2,-2.2,-1.8,-0.056917854,2,-0.10604709666222334,-0.00778860691934824
-1.8+-2.4,-2.4,-1.8,-0.608145,1,-0.608144998550415,-0.608144998550415
-1.8+-2.6,-2.6,-1.8,,0,,
-1.8+-2.8,-2.8,-1.8,,0,,
-1.8+-3.0,-3.0,-1.8,,0,,
-1.8+-3.2,-3.2,-1.8,,0,,
-1.8+-3.4,-3.4,-1.8,,0,,
-1.8+-3.6,-3.6,-1.8,,0,,
-1.8+-3.8,-3.8,-1.8,,0,,
-1.8+-4.0,-4.0,-1.8,,0,,
-1.8+-4.2,-4.2,-1.8,,0,,
-1.8+-4.4,-4.4,-1.8,,0,,
-1.8+-4.6,-4.6,-1.8,,0,,
-1.8+-4.8,-4.8,-1.8,,0,,
-1.8+-5.0,-5.0,-1.8,,0,,
-1.8+-5.2,-5.2,-1.8,,0,,
-1.8+-5.4,-5.4,-1.8,,0,,
-1.8+-5.6,-5.6,-1.8,,0,,
-1.8+-5.8,-5.8,-1.8,,0,,
-1.8+-6.0,-6.0,-1.8,,0,,
-1.8+-6.2,-6.2,-1.8,,0,,
-1.8+-6.4,-6.4,-1.8,,0,,
-1.8+-6.6,-6.6,-1.8,,0,,
-1.8+-6.8,-6.8,-1.8,,0,,
-1.8+-7.0,-7.0,-1.8,,0,,
-1.8+-7.2,-7.2,-1.8,,0,,
-1.8+-7.4,-7.4,-1.8,,0,,
-1.8+-7.6,-7.6,-1.8,,0,,
-1.8+-7.8,-7.8,-1.8,,0,,
-1.8+-8.0,-8.0,-1.8,,0,,
-1.8+0.0,0.0,-1.8,-0.03908973,27,-0.10782738775014877,0.08293165266513824
-1.8+0.2,0.2,-1.8,0.085141,16,-0.014091932214796543,0.13098584674298763
-1.8+0.4,0.4,-1.8,-0.013858919,12,-0.1551489569246769,0.12734200432896614
-1.8+0.6,0.6,-1.8,-0.0017186062,9,-0.0748710185289383,0.10170962661504745
-1.8+0.8,0.8,-1.8,-0.038035896,6,-0.1121300496160984,0.015154771041125059
-1.8+1.0,1.0,-1.8,-0.18835825,1,-0.18835824728012085,-0.18835824728012085
-1.8+1.2,1.2,-1.8,,0,,
-1.8+1.4,1.4,-1.8,,0,,
-1.8+1.6,1.6,-1.8,,0,,
-1.8+1.8,1.8,-1.8,,0,,
-1.8+2.0,2.0,-1.8,,0,,
-1.8+2.2,2.2,-1.8,,0,,
-1.8+2.4,2.4,-1.8,,0,,
-1.8+2.6,2.6,-1.8,,0,,
-1.8+2.8,2.8,-1.8,,0,,
-1.8+3.0,3.0,-1.8,,0,,
-1.8+3.2,3.2,-1.8,,0,,
-1.8+3.4,3.4,-1.8,,0,,
-1.8+3.6,3.6,-1.8,,0,,
-1.8+3.8,3.8,-1.8,,0,,
-1.8+4.0,4.0,-1.8,,0,,
-1.8+4.2,4.2,-1.8,,0,,
-1.8+4.4,4.4,-1.8,,0,,
-1.8+4.6,4.6,-1.8,,0,,
-1.8+4.8,4.8,-1.8,,0,,
-1.8+5.0,5.0,-1.8,,0,,
-1.8+5.2,5.2,-1.8,,0,,
-1.8+5.4,5.4,-1.8,,0,,
-1.8+5.6,5.6,-1.8,,0,,
-1.8+5.8,5.8,-1.8,,0,,
-1.8+6.0,6.0,-1.8,,0,,
-1.8+6.2,6.2,-1.8,,0,,
-1.8+6.4,6.4,-1.8,,0,,
-1.8+6.6,6.6,-1.8,,0,,
-1.8+6.8,6.8,-1.8,,0,,
-1.8+7.0,7.0,-1.8,,0,,
-1.8+7.2,7.2,-1.8,,0,,
-1.8+7.4,7.4,-1.8,,0,,
-1.8+7.6,7.6,-1.8,,0,,
-1.8+7.8,7.8,-1.8,,0,,
-1.8+8.0,8.0,-1.8,,0,,
-1.8+8.2,8.2,-1.8,,0,,
-1.8+8.4,8.4,-1.8,,0,,
-1.8+8.6,8.6,-1.8,,0,,
-1.8+8.8,8.8,-1.8,,0,,
-1.8+9.0,9.0,-1.8,,0,,
-1.8+9.2,9.2,-1.8,,0,,
-1.8+9.4,9.4,-1.8,,0,,
-1.8+9.6,9.6,-1.8,,0,,
-2.0+-0.2,-0.2,-2.0,-0.055293985,33,-0.13377049565315247,0.022369928658008575
-2.0+-0.4,-0.4,-2.0,-0.08602335,51,-0.15000563859939575,-0.038353122770786285
-2.0+-0.6,-0.6,-2.0,-0.11419531,87,-0.18227746337652206,-0.06711230427026749
-2.0+-0.8,-0.8,-2.0,-0.15978563,102,-0.22621988505125046,-0.1070355772972107
-2.0+-1.0,-1.0,-2.0,-0.1912686,110,-0.25245264172554016,-0.08902081102132797
-2.0+-1.2,-1.2,-2.0,-0.15263416,114,-0.2597374692559242,-0.058870808221399784
-2.0+-1.4,-1.4,-2.0,-0.14311051,105,-0.2765253186225891,0.0005833249306306243
-2.0+-1.6,-1.6,-2.0,-0.15211734,74,-0.2644623667001724,0.08663154020905495
-2.0+-1.8,-1.8,-2.0,-0.15632224,34,-0.2877066060900688,0.10996711626648903
-2.0+-2.0,-2.0,-2.0,-0.19461289,11,-0.2799537777900696,-0.027360213920474052
-2.0+-2.2,-2.2,-2.0,-0.0022615257,3,-0.15913233475293964,0.1546895174542442
-2.0+-2.4,-2.4,-2.0,-0.67563206,1,-0.6756320595741272,-0.6756320595741272
-2.0+-2.6,-2.6,-2.0,,0,,
-2.0+-2.8,-2.8,-2.0,,0,,
-2.0+-3.0,-3.0,-2.0,,0,,
-2.0+-3.2,-3.2,-2.0,,0,,
-2.0+-3.4,-3.4,-2.0,,0,,
-2.0+-3.6,-3.6,-2.0,,0,,
-2.0+-3.8,-3.8,-2.0,,0,,
-2.0+-4.0,-4.0,-2.0,,0,,
-2.0+-4.2,-4.2,-2.0,,0,,
-2.0+-4.4,-4.4,-2.0,,0,,
-2.0+-4.6,-4.6,-2.0,,0,,
-2.0+-4.8,-4.8,-2.0,,0,,
-2.0+-5.0,-5.0,-2.0,,0,,
-2.0+-5.2,-5.2,-2.0,,0,,
-2.0+-5.4,-5.4,-2.0,,0,,
-2.0+-5.6,-5.6,-2.0,,0,,
-2.0+-5.8,-5.8,-2.0,,0,,
-2.0+-6.0,-6.0,-2.0,,0,,
-2.0+-6.2,-6.2,-2.0,,0,,
-2.0+-6.4,-6.4,-2.0,,0,,
-2.0+-6.6,-6.6,-2.0,,0,,
-2.0+-6.8,-6.8,-2.0,,0,,
-2.0+-7.0,-7.0,-2.0,,0,,
-2.0+-7.2,-7.2,-2.0,,0,,
-2.0+-7.4,-7.4,-2.0,,0,,
-2.0+-7.6,-7.6,-2.0,,0,,
-2.0+-7.8,-7.8,-2.0,,0,,
-2.0+-8.0,-8.0,-2.0,,0,,
-2.0+0.0,0.0,-2.0,-0.048234552,20,-0.0819692350924015,0.014203223865479231
-2.0+0.2,0.2,-2.0,-0.005914349,9,-0.06213699281215668,0.02434682287275791
-2.0+0.4,0.4,-2.0,0.012656078,6,-0.06746572299744003,0.06432199897244573
-2.0+0.6,0.6,-2.0,0.05795894,4,0.001980704255402088,0.11581425927579403
-2.0+0.8,0.8,-2.0,-0.19166449,1,-0.19166448712348938,-0.19166448712348938
-2.0+1.0,1.0,-2.0,,0,,
-2.0+1.2,1.2,-2.0,,0,,
-2.0+1.4,1.4,-2.0,,0,,
-2.0+1.6,1.6,-2.0,,0,,
-2.0+1.8,1.8,-2.0,,0,,
-2.0+2.0,2.0,-2.0,,0,,
-2.0+2.2,2.2,-2.0,,0,,
-2.0+2.4,2.4,-2.0,,0,,
-2.0+2.6,2.6,-2.0,,0,,
-2.0+2.8,2.8,-2.0,,0,,
-2.0+3.0,3.0,-2.0,,0,,
-2.0+3.2,3.2,-2.0,,0,,
-2.0+3.4,3.4,-2.0,,0,,
-2.0+3.6,3.6,-2.0,,0,,
-2.0+3.8,3.8,-2.0,,0,,
-2.0+4.0,4.0,-2.0,,0,,
-2.0+4.2,4.2,-2.0,,0,,
-2.0+4.4,4.4,-2.0,,0,,
-2.0+4.6,4.6,-2.0,,0,,
-2.0+4.8,4.8,-2.0,,0,,
-2.0+5.0,5.0,-2.0,,0,,
-2.0+5.2,5.2,-2.0,,0,,
-2.0+5.4,5.4,-2.0,,0,,
-2.0+5.6,5.6,-2.0,,0,,
-2.0+5.8,5.8,-2.0,,0,,
-2.0+6.0,6.0,-2.0,,0,,
-2.0+6.2,6.2,-2.0,,0,,
-2.0+6.4,6.4,-2.0,,0,,
-2.0+6.6,6.6,-2.0,,0,,
-2.0+6.8,6.8,-2.0,,0,,
-2.0+7.0,7.0,-2.0,,0,,
-2.0+7.2,7.2,-2.0,,0,,
-2.0+7.4,7.4,-2.0,,0,,
-2.0+7.6,7.6,-2.0,,0,,
-2.0+7.8,7.8,-2.0,,0,,
-2.0+8.0,8.0,-2.0,,0,,
-2.0+8.2,8.2,-2.0,,0,,
-2.0+8.4,8.4,-2.0,,0,,
-2.0+8.6,8.6,-2.0,,0,,
-2.0+8.8,8.8,-2.0,,0,,
-2.0+9.0,9.0,-2.0,,0,,
-2.0+9.2,9.2,-2.0,,0,,
-2.0+9.4,9.4,-2.0,,0,,
-2.0+9.6,9.6,-2.0,,0,,
-2.2+-0.2,-0.2,-2.2,-0.09517247,21,-0.14307482540607452,-0.04685240611433983
-2.2+-0.4,-0.4,-2.2,-0.09241077,41,-0.18328139185905457,-0.056827738881111145
-2.2+-0.6,-0.6,-2.2,-0.117495656,58,-0.17556114122271538,-0.07293680496513844
-2.2+-0.8,-0.8,-2.2,-0.15159409,91,-0.2046646773815155,-0.08195148408412933
-2.2+-1.0,-1.0,-2.2,-0.17201161,108,-0.251633919775486,-0.08634163066744804
-2.2+-1.2,-1.2,-2.2,-0.13696337,109,-0.25411224365234375,-0.050476182252168655
-2.2+-1.4,-1.4,-2.2,-0.12996699,102,-0.28702975809574127,-0.011713639367371798
-2.2+-1.6,-1.6,-2.2,-0.0989058,71,-0.26083140075206757,0.07664700970053673
-2.2+-1.8,-1.8,-2.2,-0.18515395,30,-0.37331828474998474,0.10876686684787273
-2.2+-2.0,-2.0,-2.2,-0.2409296,14,-0.4270063191652298,-0.06621724739670753
-2.2+-2.2,-2.2,-2.2,-0.07335806,5,-0.17243069410324097,0.1077411025762558
-2.2+-2.4,-2.4,-2.2,-0.17863107,1,-0.17863106727600098,-0.17863106727600098
-2.2+-2.6,-2.6,-2.2,,0,,
-2.2+-2.8,-2.8,-2.2,,0,,
-2.2+-3.0,-3.0,-2.2,,0,,
-2.2+-3.2,-3.2,-2.2,,0,,
-2.2+-3.4,-3.4,-2.2,,0,,
-2.2+-3.6,-3.6,-2.2,,0,,
-2.2+-3.8,-3.8,-2.2,,0,,
-2.2+-4.0,-4.0,-2.2,,0,,
-2.2+-4.2,-4.2,-2.2,,0,,
-2.2+-4.4,-4.4,-2.2,,0,,
-2.2+-4.6,-4.6,-2.2,,0,,
-2.2+-4.8,-4.8,-2.2,,0,,
-2.2+-5.0,-5.0,-2.2,,0,,
-2.2+-5.2,-5.2,-2.2,,0,,
-2.2+-5.4,-5.4,-2.2,,0,,
-2.2+-5.6,-5.6,-2.2,,0,,
-2.2+-5.8,-5.8,-2.2,,0,,
-2.2+-6.0,-6.0,-2.2,,0,,
-2.2+-6.2,-6.2,-2.2,,0,,
-2.2+-6.4,-6.4,-2.2,,0,,
-2.2+-6.6,-6.6,-2.2,,0,,
-2.2+-6.8,-6.8,-2.2,,0,,
-2.2+-7.0,-7.0,-2.2,,0,,
-2.2+-7.2,-7.2,-2.2,,0,,
-2.2+-7.4,-7.4,-2.2,,0,,
-2.2+-7.6,-7.6,-2.2,,0,,
-2.2+-7.8,-7.8,-2.2,,0,,
-2.2+-8.0,-8.0,-2.2,,0,,
-2.2+0.0,0.0,-2.2,-0.037008446,13,-0.08225120604038239,-0.018817249685525894
-2.2+0.2,0.2,-2.2,0.084497795,9,-0.020886318758130074,0.17286694049835205
-2.2+0.4,0.4,-2.2,0.12979929,4,0.049994777888059616,0.21279263496398926
-2.2+0.6,0.6,-2.2,0.016860193,2,0.0009226056281477213,0.03279777872376144
-2.2+0.8,0.8,-2.2,,0,,
-2.2+1.0,1.0,-2.2,,0,,
-2.2+1.2,1.2,-2.2,,0,,
-2.2+1.4,1.4,-2.2,,0,,
-2.2+1.6,1.6,-2.2,,0,,
-2.2+1.8,1.8,-2.2,,0,,
-2.2+2.0,2.0,-2.2,,0,,
-2.2+2.2,2.2,-2.2,,0,,
-2.2+2.4,2.4,-2.2,,0,,
-2.2+2.6,2.6,-2.2,,0,,
-2.2+2.8,2.8,-2.2,,0,,
-2.2+3.0,3.0,-2.2,,0,,
-2.2+3.2,3.2,-2.2,,0,,
-2.2+3.4,3.4,-2.2,,0,,
-2.2+3.6,3.6,-2.2,,0,,
-2.2+3.8,3.8,-2.2,,0,,
-2.2+4.0,4.0,-2.2,,0,,
-2.2+4.2,4.2,-2.2,,0,,
-2.2+4.4,4.4,-2.2,,0,,
-2.2+4.6,4.6,-2.2,,0,,
-2.2+4.8,4.8,-2.2,,0,,
-2.2+5.0,5.0,-2.2,,0,,
-2.2+5.2,5.2,-2.2,,0,,
-2.2+5.4,5.4,-2.2,,0,,
-2.2+5.6,5.6,-2.2,,0,,
-2.2+5.8,5.8,-2.2,,0,,
-2.2+6.0,6.0,-2.2,,0,,
-2.2+6.2,6.2,-2.2,,0,,
-2.2+6.4,6.4,-2.2,,0,,
-2.2+6.6,6.6,-2.2,,0,,
-2.2+6.8,6.8,-2.2,,0,,
-2.2+7.0,7.0,-2.2,,0,,
-2.2+7.2,7.2,-2.2,,0,,
-2.2+7.4,7.4,-2.2,,0,,
-2.2+7.6,7.6,-2.2,,0,,
-2.2+7.8,7.8,-2.2,,0,,
-2.2+8.0,8.0,-2.2,,0,,
-2.2+8.2,8.2,-2.2,,0,,
-2.2+8.4,8.4,-2.2,,0,,
-2.2+8.6,8.6,-2.2,,0,,
-2.2+8.8,8.8,-2.2,,0,,
-2.2+9.0,9.0,-2.2,,0,,
-2.2+9.2,9.2,-2.2,,0,,
-2.2+9.4,9.4,-2.2,,0,,
-2.2+9.6,9.6,-2.2,,0,,
-2.4+-0.2,-0.2,-2.4,-0.059578177,10,-0.21058924868702888,0.004304682835936546
-2.4+-0.4,-0.4,-2.4,-0.14121285,23,-0.2638828754425049,-0.0651745330542326
-2.4+-0.6,-0.6,-2.4,-0.12641355,45,-0.1521049588918686,-0.042765431106090546
-2.4+-0.8,-0.8,-2.4,-0.14800727,72,-0.22544760257005692,-0.08298602513968945
-2.4+-1.0,-1.0,-2.4,-0.15623355,103,-0.26701150834560394,-0.07246080413460732
-2.4+-1.2,-1.2,-2.4,-0.1364389,108,-0.26040755212306976,-0.06207435671240091
-2.4+-1.4,-1.4,-2.4,-0.17842174,95,-0.2748461365699768,-0.026323925703763962
-2.4+-1.6,-1.6,-2.4,-0.12527195,68,-0.2686599791049957,0.046084776520729065
-2.4+-1.8,-1.8,-2.4,-0.18063435,29,-0.37640994787216187,0.06113255023956299
-2.4+-2.0,-2.0,-2.4,-0.16003707,12,-0.3003776967525482,-0.0019445328507572412
-2.4+-2.2,-2.2,-2.4,-0.14885329,6,-0.278969943523407,0.030542589724063873
-2.4+-2.4,-2.4,-2.4,-0.66201836,1,-0.662018358707428,-0.662018358707428
-2.4+-2.6,-2.6,-2.4,,0,,
-2.4+-2.8,-2.8,-2.4,,0,,
-2.4+-3.0,-3.0,-2.4,,0,,
-2.4+-3.2,-3.2,-2.4,,0,,
-2.4+-3.4,-3.4,-2.4,,0,,
-2.4+-3.6,-3.6,-2.4,,0,,
-2.4+-3.8,-3.8,-2.4,,0,,
-2.4+-4.0,-4.0,-2.4,,0,,
-2.4+-4.2,-4.2,-2.4,,0,,
-2.4+-4.4,-4.4,-2.4,,0,,
-2.4+-4.6,-4.6,-2.4,,0,,
-2.4+-4.8,-4.8,-2.4,,0,,
-2.4+-5.0,-5.0,-2.4,,0,,
-2.4+-5.2,-5.2,-2.4,,0,,
-2.4+-5.4,-5.4,-2.4,,0,,
-2.4+-5.6,-5.6,-2.4,,0,,
-2.4+-5.8,-5.8,-2.4,,0,,
-2.4+-6.0,-6.0,-2.4,,0,,
-2.4+-6.2,-6.2,-2.4,,0,,
-2.4+-6.4,-6.4,-2.4,,0,,
-2.4+-6.6,-6.6,-2.4,,0,,
-2.4+-6.8,-6.8,-2.4,,0,,
-2.4+-7.0,-7.0,-2.4,,0,,
-2.4+-7.2,-7.2,-2.4,,0,,
-2.4+-7.4,-7.4,-2.4,,0,,
-2.4+-7.6,-7.6,-2.4,,0,,
-2.4+-7.8,-7.8,-2.4,,0,,
-2.4+-8.0,-8.0,-2.4,,0,,
-2.4+0.0,0.0,-2.4,-0.09338576,10,-0.12980208918452263,-0.007462842273525894
-2.4+0.2,0.2,-2.4,-0.008634899,6,-0.1360027864575386,0.1104151513427496
-2.4+0.4,0.4,-2.4,-0.17891905,1,-0.17891904711723328,-0.17891904711723328
-2.4+0.6,0.6,-2.4,,0,,
-2.4+0.8,0.8,-2.4,,0,,
-2.4+1.0,1.0,-2.4,,0,,
-2.4+1.2,1.2,-2.4,,0,,
-2.4+1.4,1.4,-2.4,,0,,
-2.4+1.6,1.6,-2.4,,0,,
-2.4+1.8,1.8,-2.4,,0,,
-2.4+2.0,2.0,-2.4,,0,,
-2.4+2.2,2.2,-2.4,,0,,
-2.4+2.4,2.4,-2.4,,0,,
-2.4+2.6,2.6,-2.4,,0,,
-2.4+2.8,2.8,-2.4,,0,,
-2.4+3.0,3.0,-2.4,,0,,
-2.4+3.2,3.2,-2.4,,0,,
-2.4+3.4,3.4,-2.4,,0,,
-2.4+3.6,3.6,-2.4,,0,,
-2.4+3.8,3.8,-2.4,,0,,
-2.4+4.0,4.0,-2.4,,0,,
-2.4+4.2,4.2,-2.4,,0,,
-2.4+4.4,4.4,-2.4,,0,,
-2.4+4.6,4.6,-2.4,,0,,
-2.4+4.8,4.8,-2.4,,0,,
-2.4+5.0,5.0,-2.4,,0,,
-2.4+5.2,5.2,-2.4,,0,,
-2.4+5.4,5.4,-2.4,,0,,
-2.4+5.6,5.6,-2.4,,0,,
-2.4+5.8,5.8,-2.4,,0,,
-2.4+6.0,6.0,-2.4,,0,,
-2.4+6.2,6.2,-2.4,,0,,
-2.4+6.4,6.4,-2.4,,0,,
-2.4+6.6,6.6,-2.4,,0,,
-2.4+6.8,6.8,-2.4,,0,,
-2.4+7.0,7.0,-2.4,,0,,
-2.4+7.2,7.2,-2.4,,0,,
-2.4+7.4,7.4,-2.4,,0,,
-2.4+7.6,7.6,-2.4,,0,,
-2.4+7.8,7.8,-2.4,,0,,
-2.4+8.0,8.0,-2.4,,0,,
-2.4+8.2,8.2,-2.4,,0,,
-2.4+8.4,8.4,-2.4,,0,,
-2.4+8.6,8.6,-2.4,,0,,
-2.4+8.8,8.8,-2.4,,0,,
-2.4+9.0,9.0,-2.4,,0,,
-2.4+9.2,9.2,-2.4,,0,,
-2.4+9.4,9.4,-2.4,,0,,
-2.4+9.6,9.6,-2.4,,0,,
-2.6+-0.2,-0.2,-2.6,-0.029531894,8,-0.08246332034468651,0.020008774008601904
-2.6+-0.4,-0.4,-2.6,-0.11108474,13,-0.17076468467712402,-0.05768996477127075
-2.6+-0.6,-0.6,-2.6,-0.12493123,29,-0.19476239383220673,-0.08329525589942932
-2.6+-0.8,-0.8,-2.6,-0.16021365,55,-0.2515515238046646,-0.11638397350907326
-2.6+-1.0,-1.0,-2.6,-0.14840579,84,-0.20919127017259598,-0.0631079999729991
-2.6+-1.2,-1.2,-2.6,-0.132537,103,-0.24683770537376404,-0.04810819774866104
-2.6+-1.4,-1.4,-2.6,-0.15978834,91,-0.2808615267276764,-0.005234208889305592
-2.6+-1.6,-1.6,-2.6,-0.14048289,64,-0.2584499269723892,0.026706588454544544
-2.6+-1.8,-1.8,-2.6,-0.1735324,27,-0.32707807421684265,-0.018872909247875214
-2.6+-2.0,-2.0,-2.6,-0.19091517,12,-0.41830629855394363,-0.040095722302794456
-2.6+-2.2,-2.2,-2.6,-0.10493711,5,-0.37486302852630615,-0.08280086517333984
-2.6+-2.4,-2.4,-2.6,-0.12781748,2,-0.5099878460168839,0.2543528825044632
-2.6+-2.6,-2.6,-2.6,,0,,
-2.6+-2.8,-2.8,-2.6,,0,,
-2.6+-3.0,-3.0,-2.6,,0,,
-2.6+-3.2,-3.2,-2.6,,0,,
-2.6+-3.4,-3.4,-2.6,,0,,
-2.6+-3.6,-3.6,-2.6,,0,,
-2.6+-3.8,-3.8,-2.6,,0,,
-2.6+-4.0,-4.0,-2.6,,0,,
-2.6+-4.2,-4.2,-2.6,,0,,
-2.6+-4.4,-4.4,-2.6,,0,,
-2.6+-4.6,-4.6,-2.6,,0,,
-2.6+-4.8,-4.8,-2.6,,0,,
-2.6+-5.0,-5.0,-2.6,,0,,
-2.6+-5.2,-5.2,-2.6,,0,,
-2.6+-5.4,-5.4,-2.6,,0,,
-2.6+-5.6,-5.6,-2.6,,0,,
-2.6+-5.8,-5.8,-2.6,,0,,
-2.6+-6.0,-6.0,-2.6,,0,,
-2.6+-6.2,-6.2,-2.6,,0,,
-2.6+-6.4,-6.4,-2.6,,0,,
-2.6+-6.6,-6.6,-2.6,,0,,
-2.6+-6.8,-6.8,-2.6,,0,,
-2.6+-7.0,-7.0,-2.6,,0,,
-2.6+-7.2,-7.2,-2.6,,0,,
-2.6+-7.4,-7.4,-2.6,,0,,
-2.6+-7.6,-7.6,-2.6,,0,,
-2.6+-7.8,-7.8,-2.6,,0,,
-2.6+-8.0,-8.0,-2.6,,0,,
-2.6+0.0,0.0,-2.6,-0.06191873,7,-0.09689444676041603,-0.03649816568940878
-2.6+0.2,0.2,-2.6,-0.044897746,1,-0.04489774629473686,-0.04489774629473686
-2.6+0.4,0.4,-2.6,-0.11965503,1,-0.11965502798557281,-0.11965502798557281
-2.6+0.6,0.6,-2.6,,0,,
-2.6+0.8,0.8,-2.6,,0,,
-2.6+1.0,1.0,-2.6,,0,,
-2.6+1.2,1.2,-2.6,,0,,
-2.6+1.4,1.4,-2.6,,0,,
-2.6+1.6,1.6,-2.6,,0,,
-2.6+1.8,1.8,-2.6,,0,,
-2.6+2.0,2.0,-2.6,,0,,
-2.6+2.2,2.2,-2.6,,0,,
-2.6+2.4,2.4,-2.6,,0,,
-2.6+2.6,2.6,-2.6,,0,,
-2.6+2.8,2.8,-2.6,,0,,
-2.6+3.0,3.0,-2.6,,0,,
-2.6+3.2,3.2,-2.6,,0,,
-2.6+3.4,3.4,-2.6,,0,,
-2.6+3.6,3.6,-2.6,,0,,
-2.6+3.8,3.8,-2.6,,0,,
-2.6+4.0,4.0,-2.6,,0,,
-2.6+4.2,4.2,-2.6,,0,,
-2.6+4.4,4.4,-2.6,,0,,
-2.6+4.6,4.6,-2.6,,0,,
-2.6+4.8,4.8,-2.6,,0,,
-2.6+5.0,5.0,-2.6,,0,,
-2.6+5.2,5.2,-2.6,,0,,
-2.6+5.4,5.4,-2.6,,0,,
-2.6+5.6,5.6,-2.6,,0,,
-2.6+5.8,5.8,-2.6,,0,,
-2.6+6.0,6.0,-2.6,,0,,
-2.6+6.2,6.2,-2.6,,0,,
-2.6+6.4,6.4,-2.6,,0,,
-2.6+6.6,6.6,-2.6,,0,,
-2.6+6.8,6.8,-2.6,,0,,
-2.6+7.0,7.0,-2.6,,0,,
-2.6+7.2,7.2,-2.6,,0,,
-2.6+7.4,7.4,-2.6,,0,,
-2.6+7.6,7.6,-2.6,,0,,
-2.6+7.8,7.8,-2.6,,0,,
-2.6+8.0,8.0,-2.6,,0,,
-2.6+8.2,8.2,-2.6,,0,,
-2.6+8.4,8.4,-2.6,,0,,
-2.6+8.6,8.6,-2.6,,0,,
-2.6+8.8,8.8,-2.6,,0,,
-2.6+9.0,9.0,-2.6,,0,,
-2.6+9.2,9.2,-2.6,,0,,
-2.6+9.4,9.4,-2.6,,0,,
-2.6+9.6,9.6,-2.6,,0,,
-2.8+-0.2,-0.2,-2.8,0.0888753,6,-0.034142204094678164,0.16198083013296127
-2.8+-0.4,-0.4,-2.8,-0.11806206,11,-0.21928729116916656,-0.019959324970841408
-2.8+-0.6,-0.6,-2.8,-0.16537377,18,-0.19480493664741516,-0.05558950733393431
-2.8+-0.8,-0.8,-2.8,-0.15479276,33,-0.22042898833751678,-0.05639009550213814
-2.8+-1.0,-1.0,-2.8,-0.14261231,70,-0.2328604869544506,-0.08598269335925579
-2.8+-1.2,-1.2,-2.8,-0.115009256,95,-0.22975676506757736,-0.014516604132950306
-2.8+-1.4,-1.4,-2.8,-0.1363065,92,-0.25878383964300156,0.006262884708121419
-2.8+-1.6,-1.6,-2.8,-0.13179588,60,-0.2730482891201973,0.041237649507820606
-2.8+-1.8,-1.8,-2.8,-0.13557898,27,-0.32193470001220703,0.1203230768442154
-2.8+-2.0,-2.0,-2.8,-0.13828069,8,-0.22869554534554482,-0.1067106332629919
-2.8+-2.2,-2.2,-2.8,,0,,
-2.8+-2.4,-2.4,-2.8,-0.6016735,1,-0.6016734838485718,-0.6016734838485718
-2.8+-2.6,-2.6,-2.8,,0,,
-2.8+-2.8,-2.8,-2.8,,0,,
-2.8+-3.0,-3.0,-2.8,,0,,
-2.8+-3.2,-3.2,-2.8,,0,,
-2.8+-3.4,-3.4,-2.8,,0,,
-2.8+-3.6,-3.6,-2.8,,0,,
-2.8+-3.8,-3.8,-2.8,,0,,
-2.8+-4.0,-4.0,-2.8,,0,,
-2.8+-4.2,-4.2,-2.8,,0,,
-2.8+-4.4,-4.4,-2.8,,0,,
-2.8+-4.6,-4.6,-2.8,,0,,
-2.8+-4.8,-4.8,-2.8,,0,,
-2.8+-5.0,-5.0,-2.8,,0,,
-2.8+-5.2,-5.2,-2.8,,0,,
-2.8+-5.4,-5.4,-2.8,,0,,
-2.8+-5.6,-5.6,-2.8,,0,,
-2.8+-5.8,-5.8,-2.8,,0,,
-2.8+-6.0,-6.0,-2.8,,0,,
-2.8+-6.2,-6.2,-2.8,,0,,
-2.8+-6.4,-6.4,-2.8,,0,,
-2.8+-6.6,-6.6,-2.8,,0,,
-2.8+-6.8,-6.8,-2.8,,0,,
-2.8+-7.0,-7.0,-2.8,,0,,
-2.8+-7.2,-7.2,-2.8,,0,,
-2.8+-7.4,-7.4,-2.8,,0,,
-2.8+-7.6,-7.6,-2.8,,0,,
-2.8+-7.8,-7.8,-2.8,,0,,
-2.8+-8.0,-8.0,-2.8,,0,,
-2.8+0.0,0.0,-2.8,-0.18775325,2,-0.19899404793977737,-0.1765124425292015
-2.8+0.2,0.2,-2.8,-0.09178562,1,-0.09178561717271805,-0.09178561717271805
-2.8+0.4,0.4,-2.8,,0,,
-2.8+0.6,0.6,-2.8,,0,,
-2.8+0.8,0.8,-2.8,,0,,
-2.8+1.0,1.0,-2.8,,0,,
-2.8+1.2,1.2,-2.8,,0,,
-2.8+1.4,1.4,-2.8,,0,,
-2.8+1.6,1.6,-2.8,,0,,
-2.8+1.8,1.8,-2.8,,0,,
-2.8+2.0,2.0,-2.8,,0,,
-2.8+2.2,2.2,-2.8,,0,,
-2.8+2.4,2.4,-2.8,,0,,
-2.8+2.6,2.6,-2.8,,0,,
-2.8+2.8,2.8,-2.8,,0,,
-2.8+3.0,3.0,-2.8,,0,,
-2.8+3.2,3.2,-2.8,,0,,
-2.8+3.4,3.4,-2.8,,0,,
-2.8+3.6,3.6,-2.8,,0,,
-2.8+3.8,3.8,-2.8,,0,,
-2.8+4.0,4.0,-2.8,,0,,
-2.8+4.2,4.2,-2.8,,0,,
-2.8+4.4,4.4,-2.8,,0,,
-2.8+4.6,4.6,-2.8,,0,,
-2.8+4.8,4.8,-2.8,,0,,
-2.8+5.0,5.0,-2.8,,0,,
-2.8+5.2,5.2,-2.8,,0,,
-2.8+5.4,5.4,-2.8,,0,,
-2.8+5.6,5.6,-2.8,,0,,
-2.8+5.8,5.8,-2.8,,0,,
-2.8+6.0,6.0,-2.8,,0,,
-2.8+6.2,6.2,-2.8,,0,,
-2.8+6.4,6.4,-2.8,,0,,
-2.8+6.6,6.6,-2.8,,0,,
-2.8+6.8,6.8,-2.8,,0,,
-2.8+7.0,7.0,-2.8,,0,,
-2.8+7.2,7.2,-2.8,,0,,
-2.8+7.4,7.4,-2.8,,0,,
-2.8+7.6,7.6,-2.8,,0,,
-2.8+7.8,7.8,-2.8,,0,,
-2.8+8.0,8.0,-2.8,,0,,
-2.8+8.2,8.2,-2.8,,0,,
-2.8+8.4,8.4,-2.8,,0,,
-2.8+8.6,8.6,-2.8,,0,,
-2.8+8.8,8.8,-2.8,,0,,
-2.8+9.0,9.0,-2.8,,0,,
-2.8+9.2,9.2,-2.8,,0,,
-2.8+9.4,9.4,-2.8,,0,,
-2.8+9.6,9.6,-2.8,,0,,
-3.0+-0.2,-0.2,-3.0,-0.13200648,3,-0.1352454423904419,-0.09373835287988186
-3.0+-0.4,-0.4,-3.0,-0.10300062,7,-0.14519302546977997,0.0347847118973732
-3.0+-0.6,-0.6,-3.0,-0.16073401,9,-0.19553039968013763,0.05032873898744583
-3.0+-0.8,-0.8,-3.0,-0.22243205,24,-0.2490922212600708,-0.0978543609380722
-3.0+-1.0,-1.0,-3.0,-0.1259116,47,-0.22248312085866928,-0.04869972914457321
-3.0+-1.2,-1.2,-3.0,-0.13922718,74,-0.22578078880906105,-0.05333629250526428
-3.0+-1.4,-1.4,-3.0,-0.14104056,77,-0.2480732649564743,-0.025599578395485878
-3.0+-1.6,-1.6,-3.0,-0.12360321,53,-0.2265331745147705,0.05991607904434204
-3.0+-1.8,-1.8,-3.0,-0.0842501,21,-0.2329982966184616,0.03950953856110573
-3.0+-2.0,-2.0,-3.0,-0.12589815,7,-0.15431173145771027,-0.02496642991900444
-3.0+-2.2,-2.2,-3.0,-0.24780546,1,-0.24780546128749847,-0.24780546128749847
-3.0+-2.4,-2.4,-3.0,,0,,
-3.0+-2.6,-2.6,-3.0,,0,,
-3.0+-2.8,-2.8,-3.0,,0,,
-3.0+-3.0,-3.0,-3.0,,0,,
-3.0+-3.2,-3.2,-3.0,,0,,
-3.0+-3.4,-3.4,-3.0,,0,,
-3.0+-3.6,-3.6,-3.0,,0,,
-3.0+-3.8,-3.8,-3.0,,0,,
-3.0+-4.0,-4.0,-3.0,,0,,
-3.0+-4.2,-4.2,-3.0,,0,,
-3.0+-4.4,-4.4,-3.0,,0,,
-3.0+-4.6,-4.6,-3.0,,0,,
-3.0+-4.8,-4.8,-3.0,,0,,
-3.0+-5.0,-5.0,-3.0,,0,,
-3.0+-5.2,-5.2,-3.0,,0,,
-3.0+-5.4,-5.4,-3.0,,0,,
-3.0+-5.6,-5.6,-3.0,,0,,
-3.0+-5.8,-5.8,-3.0,,0,,
-3.0+-6.0,-6.0,-3.0,,0,,
-3.0+-6.2,-6.2,-3.0,,0,,
-3.0+-6.4,-6.4,-3.0,,0,,
-3.0+-6.6,-6.6,-3.0,,0,,
-3.0+-6.8,-6.8,-3.0,,0,,
-3.0+-7.0,-7.0,-3.0,,0,,
-3.0+-7.2,-7.2,-3.0,,0,,
-3.0+-7.4,-7.4,-3.0,,0,,
-3.0+-7.6,-7.6,-3.0,,0,,
-3.0+-7.8,-7.8,-3.0,,0,,
-3.0+-8.0,-8.0,-3.0,,0,,
-3.0+0.0,0.0,-3.0,-0.20352776,1,-0.2035277634859085,-0.2035277634859085
-3.0+0.2,0.2,-3.0,-0.21080264,1,-0.21080264449119568,-0.21080264449119568
-3.0+0.4,0.4,-3.0,,0,,
-3.0+0.6,0.6,-3.0,,0,,
-3.0+0.8,0.8,-3.0,,0,,
-3.0+1.0,1.0,-3.0,,0,,
-3.0+1.2,1.2,-3.0,,0,,
-3.0+1.4,1.4,-3.0,,0,,
-3.0+1.6,1.6,-3.0,,0,,
-3.0+1.8,1.8,-3.0,,0,,
-3.0+2.0,2.0,-3.0,,0,,
-3.0+2.2,2.2,-3.0,,0,,
-3.0+2.4,2.4,-3.0,,0,,
-3.0+2.6,2.6,-3.0,,0,,
-3.0+2.8,2.8,-3.0,,0,,
-3.0+3.0,3.0,-3.0,,0,,
-3.0+3.2,3.2,-3.0,,0,,
-3.0+3.4,3.4,-3.0,,0,,
-3.0+3.6,3.6,-3.0,,0,,
-3.0+3.8,3.8,-3.0,,0,,
-3.0+4.0,4.0,-3.0,,0,,
-3.0+4.2,4.2,-3.0,,0,,
-3.0+4.4,4.4,-3.0,,0,,
-3.0+4.6,4.6,-3.0,,0,,
-3.0+4.8,4.8,-3.0,,0,,
-3.0+5.0,5.0,-3.0,,0,,
-3.0+5.2,5.2,-3.0,,0,,
-3.0+5.4,5.4,-3.0,,0,,
-3.0+5.6,5.6,-3.0,,0,,
-3.0+5.8,5.8,-3.0,,0,,
-3.0+6.0,6.0,-3.0,,0,,
-3.0+6.2,6.2,-3.0,,0,,
-3.0+6.4,6.4,-3.0,,0,,
-3.0+6.6,6.6,-3.0,,0,,
-3.0+6.8,6.8,-3.0,,0,,
-3.0+7.0,7.0,-3.0,,0,,
-3.0+7.2,7.2,-3.0,,0,,
-3.0+7.4,7.4,-3.0,,0,,
-3.0+7.6,7.6,-3.0,,0,,
-3.0+7.8,7.8,-3.0,,0,,
-3.0+8.0,8.0,-3.0,,0,,
-3.0+8.2,8.2,-3.0,,0,,
-3.0+8.4,8.4,-3.0,,0,,
-3.0+8.6,8.6,-3.0,,0,,
-3.0+8.8,8.8,-3.0,,0,,
-3.0+9.0,9.0,-3.0,,0,,
-3.0+9.2,9.2,-3.0,,0,,
-3.0+9.4,9.4,-3.0,,0,,
-3.0+9.6,9.6,-3.0,,0,,
-3.2+-0.2,-0.2,-3.2,-0.23429906,2,-0.23452389240264893,-0.23407423496246338
-3.2+-0.4,-0.4,-3.2,-0.13284896,3,-0.1604228839278221,-0.1105630025267601
-3.2+-0.6,-0.6,-3.2,-0.07426505,7,-0.09585516899824142,0.07485601305961609
-3.2+-0.8,-0.8,-3.2,-0.17537844,12,-0.24758872389793396,-0.13776874914765358
-3.2+-1.0,-1.0,-3.2,-0.143603,34,-0.25655023753643036,-0.08658654056489468
-3.2+-1.2,-1.2,-3.2,-0.12595822,60,-0.200975701212883,-0.04537832736968994
-3.2+-1.4,-1.4,-3.2,-0.12916993,67,-0.20303169637918472,-0.01674436405301094
-3.2+-1.6,-1.6,-3.2,-0.18641028,35,-0.26681748032569885,0.013545265421271324
-3.2+-1.8,-1.8,-3.2,-0.15517382,21,-0.33557403087615967,0.03131469339132309
-3.2+-2.0,-2.0,-3.2,-0.10083814,7,-0.11366771161556244,0.04600930120795965
-3.2+-2.2,-2.2,-3.2,-0.111518666,2,-0.19325778540223837,-0.029779543168842793
-3.2+-2.4,-2.4,-3.2,,0,,
-3.2+-2.6,-2.6,-3.2,,0,,
-3.2+-2.8,-2.8,-3.2,,0,,
-3.2+-3.0,-3.0,-3.2,,0,,
-3.2+-3.2,-3.2,-3.2,,0,,
-3.2+-3.4,-3.4,-3.2,,0,,
-3.2+-3.6,-3.6,-3.2,,0,,
-3.2+-3.8,-3.8,-3.2,,0,,
-3.2+-4.0,-4.0,-3.2,,0,,
-3.2+-4.2,-4.2,-3.2,,0,,
-3.2+-4.4,-4.4,-3.2,,0,,
-3.2+-4.6,-4.6,-3.2,,0,,
-3.2+-4.8,-4.8,-3.2,,0,,
-3.2+-5.0,-5.0,-3.2,,0,,
-3.2+-5.2,-5.2,-3.2,,0,,
-3.2+-5.4,-5.4,-3.2,,0,,
-3.2+-5.6,-5.6,-3.2,,0,,
-3.2+-5.8,-5.8,-3.2,,0,,
-3.2+-6.0,-6.0,-3.2,,0,,
-3.2+-6.2,-6.2,-3.2,,0,,
-3.2+-6.4,-6.4,-3.2,,0,,
-3.2+-6.6,-6.6,-3.2,,0,,
-3.2+-6.8,-6.8,-3.2,,0,,
-3.2+-7.0,-7.0,-3.2,,0,,
-3.2+-7.2,-7.2,-3.2,,0,,
-3.2+-7.4,-7.4,-3.2,,0,,
-3.2+-7.6,-7.6,-3.2,,0,,
-3.2+-7.8,-7.8,-3.2,,0,,
-3.2+-8.0,-8.0,-3.2,,0,,
-3.2+0.0,0.0,-3.2,-0.16993314,1,-0.16993314027786255,-0.16993314027786255
-3.2+0.2,0.2,-3.2,,0,,
-3.2+0.4,0.4,-3.2,,0,,
-3.2+0.6,0.6,-3.2,,0,,
-3.2+0.8,0.8,-3.2,,0,,
-3.2+1.0,1.0,-3.2,,0,,
-3.2+1.2,1.2,-3.2,,0,,
-3.2+1.4,1.4,-3.2,,0,,
-3.2+1.6,1.6,-3.2,,0,,
-3.2+1.8,1.8,-3.2,,0,,
-3.2+2.0,2.0,-3.2,,0,,
-3.2+2.2,2.2,-3.2,,0,,
-3.2+2.4,2.4,-3.2,,0,,
-3.2+2.6,2.6,-3.2,,0,,
-3.2+2.8,2.8,-3.2,,0,,
-3.2+3.0,3.0,-3.2,,0,,
-3.2+3.2,3.2,-3.2,,0,,
-3.2+3.4,3.4,-3.2,,0,,
-3.2+3.6,3.6,-3.2,,0,,
-3.2+3.8,3.8,-3.2,,0,,
-3.2+4.0,4.0,-3.2,,0,,
-3.2+4.2,4.2,-3.2,,0,,
-3.2+4.4,4.4,-3.2,,0,,
-3.2+4.6,4.6,-3.2,,0,,
-3.2+4.8,4.8,-3.2,,0,,
-3.2+5.0,5.0,-3.2,,0,,
-3.2+5.2,5.2,-3.2,,0,,
-3.2+5.4,5.4,-3.2,,0,,
-3.2+5.6,5.6,-3.2,,0,,
-3.2+5.8,5.8,-3.2,,0,,
-3.2+6.0,6.0,-3.2,,0,,
-3.2+6.2,6.2,-3.2,,0,,
-3.2+6.4,6.4,-3.2,,0,,
-3.2+6.6,6.6,-3.2,,0,,
-3.2+6.8,6.8,-3.2,,0,,
-3.2+7.0,7.0,-3.2,,0,,
-3.2+7.2,7.2,-3.2,,0,,
-3.2+7.4,7.4,-3.2,,0,,
-3.2+7.6,7.6,-3.2,,0,,
-3.2+7.8,7.8,-3.2,,0,,
-3.2+8.0,8.0,-3.2,,0,,
-3.2+8.2,8.2,-3.2,,0,,
-3.2+8.4,8.4,-3.2,,0,,
-3.2+8.6,8.6,-3.2,,0,,
-3.2+8.8,8.8,-3.2,,0,,
-3.2+9.0,9.0,-3.2,,0,,
-3.2+9.2,9.2,-3.2,,0,,
-3.2+9.4,9.4,-3.2,,0,,
-3.2+9.6,9.6,-3.2,,0,,
-3.4+-0.2,-0.2,-3.4,-0.16220568,1,-0.16220568120479584,-0.16220568120479584
-3.4+-0.4,-0.4,-3.4,-0.18852255,2,-0.23891025967895985,-0.13813484273850918
-3.4+-0.6,-0.6,-3.4,0.040009663,5,-0.09236481785774231,0.041566405445337296
-3.4+-0.8,-0.8,-3.4,-0.08565086,8,-0.23384496942162514,0.021238856483250856
-3.4+-1.0,-1.0,-3.4,-0.13849217,21,-0.1784675568342209,-0.03214215859770775
-3.4+-1.2,-1.2,-3.4,-0.1671105,38,-0.21594837680459023,-0.09726455993950367
-3.4+-1.4,-1.4,-3.4,-0.11466083,42,-0.16989558935165405,-0.027942809741944075
-3.4+-1.6,-1.6,-3.4,-0.08842089,33,-0.2646027207374573,0.05646258592605591
-3.4+-1.8,-1.8,-3.4,-0.21615335,11,-0.2974032312631607,-0.07898293249309063
-3.4+-2.0,-2.0,-3.4,-0.08710505,4,-0.24180018156766891,0.08372982777655125
-3.4+-2.2,-2.2,-3.4,-0.17483509,1,-0.17483508586883545,-0.17483508586883545
-3.4+-2.4,-2.4,-3.4,,0,,
-3.4+-2.6,-2.6,-3.4,,0,,
-3.4+-2.8,-2.8,-3.4,,0,,
-3.4+-3.0,-3.0,-3.4,,0,,
-3.4+-3.2,-3.2,-3.4,,0,,
-3.4+-3.4,-3.4,-3.4,,0,,
-3.4+-3.6,-3.6,-3.4,,0,,
-3.4+-3.8,-3.8,-3.4,,0,,
-3.4+-4.0,-4.0,-3.4,,0,,
-3.4+-4.2,-4.2,-3.4,,0,,
-3.4+-4.4,-4.4,-3.4,,0,,
-3.4+-4.6,-4.6,-3.4,,0,,
-3.4+-4.8,-4.8,-3.4,,0,,
-3.4+-5.0,-5.0,-3.4,,0,,
-3.4+-5.2,-5.2,-3.4,,0,,
-3.4+-5.4,-5.4,-3.4,,0,,
-3.4+-5.6,-5.6,-3.4,,0,,
-3.4+-5.8,-5.8,-3.4,,0,,
-3.4+-6.0,-6.0,-3.4,,0,,
-3.4+-6.2,-6.2,-3.4,,0,,
-3.4+-6.4,-6.4,-3.4,,0,,
-3.4+-6.6,-6.6,-3.4,,0,,
-3.4+-6.8,-6.8,-3.4,,0,,
-3.4+-7.0,-7.0,-3.4,,0,,
-3.4+-7.2,-7.2,-3.4,,0,,
-3.4+-7.4,-7.4,-3.4,,0,,
-3.4+-7.6,-7.6,-3.4,,0,,
-3.4+-7.8,-7.8,-3.4,,0,,
-3.4+-8.0,-8.0,-3.4,,0,,
-3.4+0.0,0.0,-3.4,-0.28945008,1,-0.289450079202652,-0.289450079202652
-3.4+0.2,0.2,-3.4,,0,,
-3.4+0.4,0.4,-3.4,,0,,
-3.4+0.6,0.6,-3.4,,0,,
-3.4+0.8,0.8,-3.4,,0,,
-3.4+1.0,1.0,-3.4,,0,,
-3.4+1.2,1.2,-3.4,,0,,
-3.4+1.4,1.4,-3.4,,0,,
-3.4+1.6,1.6,-3.4,,0,,
-3.4+1.8,1.8,-3.4,,0,,
-3.4+2.0,2.0,-3.4,,0,,
-3.4+2.2,2.2,-3.4,,0,,
-3.4+2.4,2.4,-3.4,,0,,
-3.4+2.6,2.6,-3.4,,0,,
-3.4+2.8,2.8,-3.4,,0,,
-3.4+3.0,3.0,-3.4,,0,,
-3.4+3.2,3.2,-3.4,,0,,
-3.4+3.4,3.4,-3.4,,0,,
-3.4+3.6,3.6,-3.4,,0,,
-3.4+3.8,3.8,-3.4,,0,,
-3.4+4.0,4.0,-3.4,,0,,
-3.4+4.2,4.2,-3.4,,0,,
-3.4+4.4,4.4,-3.4,,0,,
-3.4+4.6,4.6,-3.4,,0,,
-3.4+4.8,4.8,-3.4,,0,,
-3.4+5.0,5.0,-3.4,,0,,
-3.4+5.2,5.2,-3.4,,0,,
-3.4+5.4,5.4,-3.4,,0,,
-3.4+5.6,5.6,-3.4,,0,,
-3.4+5.8,5.8,-3.4,,0,,
-3.4+6.0,6.0,-3.4,,0,,
-3.4+6.2,6.2,-3.4,,0,,
-3.4+6.4,6.4,-3.4,,0,,
-3.4+6.6,6.6,-3.4,,0,,
-3.4+6.8,6.8,-3.4,,0,,
-3.4+7.0,7.0,-3.4,,0,,
-3.4+7.2,7.2,-3.4,,0,,
-3.4+7.4,7.4,-3.4,,0,,
-3.4+7.6,7.6,-3.4,,0,,
-3.4+7.8,7.8,-3.4,,0,,
-3.4+8.0,8.0,-3.4,,0,,
-3.4+8.2,8.2,-3.4,,0,,
-3.4+8.4,8.4,-3.4,,0,,
-3.4+8.6,8.6,-3.4,,0,,
-3.4+8.8,8.8,-3.4,,0,,
-3.4+9.0,9.0,-3.4,,0,,
-3.4+9.2,9.2,-3.4,,0,,
-3.4+9.4,9.4,-3.4,,0,,
-3.4+9.6,9.6,-3.4,,0,,
-3.6+-0.2,-0.2,-3.6,-0.15991046,1,-0.15991045534610748,-0.15991045534610748
-3.6+-0.4,-0.4,-3.6,-0.20969373,2,-0.23354583978652954,-0.1858416199684143
-3.6+-0.6,-0.6,-3.6,-0.26283455,4,-0.32106365263462067,-0.21873806789517403
-3.6+-0.8,-0.8,-3.6,-0.13057794,5,-0.23600858449935913,-0.032997746020555496
-3.6+-1.0,-1.0,-3.6,-0.1492336,13,-0.22233086824417114,-0.027132747694849968
-3.6+-1.2,-1.2,-3.6,-0.13997807,25,-0.28646260499954224,-0.0321328230202198
-3.6+-1.4,-1.4,-3.6,-0.09995854,32,-0.18154361844062805,0.02045110845938325
-3.6+-1.6,-1.6,-3.6,-0.10127723,27,-0.31727728247642517,0.013325723353773355
-3.6+-1.8,-1.8,-3.6,-0.08663296,11,-0.1951853111386299,0.07506987173110247
-3.6+-2.0,-2.0,-3.6,-0.05463907,1,-0.054639071226119995,-0.054639071226119995
-3.6+-2.2,-2.2,-3.6,-0.3907208,1,-0.39072081446647644,-0.39072081446647644
-3.6+-2.4,-2.4,-3.6,,0,,
-3.6+-2.6,-2.6,-3.6,,0,,
-3.6+-2.8,-2.8,-3.6,,0,,
-3.6+-3.0,-3.0,-3.6,,0,,
-3.6+-3.2,-3.2,-3.6,,0,,
-3.6+-3.4,-3.4,-3.6,,0,,
-3.6+-3.6,-3.6,-3.6,,0,,
-3.6+-3.8,-3.8,-3.6,,0,,
-3.6+-4.0,-4.0,-3.6,,0,,
-3.6+-4.2,-4.2,-3.6,,0,,
-3.6+-4.4,-4.4,-3.6,,0,,
-3.6+-4.6,-4.6,-3.6,,0,,
-3.6+-4.8,-4.8,-3.6,,0,,
-3.6+-5.0,-5.0,-3.6,,0,,
-3.6+-5.2,-5.2,-3.6,,0,,
-3.6+-5.4,-5.4,-3.6,,0,,
-3.6+-5.6,-5.6,-3.6,,0,,
-3.6+-5.8,-5.8,-3.6,,0,,
-3.6+-6.0,-6.0,-3.6,,0,,
-3.6+-6.2,-6.2,-3.6,,0,,
-3.6+-6.4,-6.4,-3.6,,0,,
-3.6+-6.6,-6.6,-3.6,,0,,
-3.6+-6.8,-6.8,-3.6,,0,,
-3.6+-7.0,-7.0,-3.6,,0,,
-3.6+-7.2,-7.2,-3.6,,0,,
-3.6+-7.4,-7.4,-3.6,,0,,
-3.6+-7.6,-7.6,-3.6,,0,,
-3.6+-7.8,-7.8,-3.6,,0,,
-3.6+-8.0,-8.0,-3.6,,0,,
-3.6+0.0,0.0,-3.6,,0,,
-3.6+0.2,0.2,-3.6,,0,,
-3.6+0.4,0.4,-3.6,,0,,
-3.6+0.6,0.6,-3.6,,0,,
-3.6+0.8,0.8,-3.6,,0,,
-3.6+1.0,1.0,-3.6,,0,,
-3.6+1.2,1.2,-3.6,,0,,
-3.6+1.4,1.4,-3.6,,0,,
-3.6+1.6,1.6,-3.6,,0,,
-3.6+1.8,1.8,-3.6,,0,,
-3.6+2.0,2.0,-3.6,,0,,
-3.6+2.2,2.2,-3.6,,0,,
-3.6+2.4,2.4,-3.6,,0,,
-3.6+2.6,2.6,-3.6,,0,,
-3.6+2.8,2.8,-3.6,,0,,
-3.6+3.0,3.0,-3.6,,0,,
-3.6+3.2,3.2,-3.6,,0,,
-3.6+3.4,3.4,-3.6,,0,,
-3.6+3.6,3.6,-3.6,,0,,
-3.6+3.8,3.8,-3.6,,0,,
-3.6+4.0,4.0,-3.6,,0,,
-3.6+4.2,4.2,-3.6,,0,,
-3.6+4.4,4.4,-3.6,,0,,
-3.6+4.6,4.6,-3.6,,0,,
-3.6+4.8,4.8,-3.6,,0,,
-3.6+5.0,5.0,-3.6,,0,,
-3.6+5.2,5.2,-3.6,,0,,
-3.6+5.4,5.4,-3.6,,0,,
-3.6+5.6,5.6,-3.6,,0,,
-3.6+5.8,5.8,-3.6,,0,,
-3.6+6.0,6.0,-3.6,,0,,
-3.6+6.2,6.2,-3.6,,0,,
-3.6+6.4,6.4,-3.6,,0,,
-3.6+6.6,6.6,-3.6,,0,,
-3.6+6.8,6.8,-3.6,,0,,
-3.6+7.0,7.0,-3.6,,0,,
-3.6+7.2,7.2,-3.6,,0,,
-3.6+7.4,7.4,-3.6,,0,,
-3.6+7.6,7.6,-3.6,,0,,
-3.6+7.8,7.8,-3.6,,0,,
-3.6+8.0,8.0,-3.6,,0,,
-3.6+8.2,8.2,-3.6,,0,,
-3.6+8.4,8.4,-3.6,,0,,
-3.6+8.6,8.6,-3.6,,0,,
-3.6+8.8,8.8,-3.6,,0,,
-3.6+9.0,9.0,-3.6,,0,,
-3.6+9.2,9.2,-3.6,,0,,
-3.6+9.4,9.4,-3.6,,0,,
-3.6+9.6,9.6,-3.6,,0,,
-3.8+-0.2,-0.2,-3.8,,0,,
-3.8+-0.4,-0.4,-3.8,-0.15757823,1,-0.1575782299041748,-0.1575782299041748
-3.8+-0.6,-0.6,-3.8,,0,,
-3.8+-0.8,-0.8,-3.8,-0.25000268,4,-0.2905668392777443,-0.21293817646801472
-3.8+-1.0,-1.0,-3.8,-0.19747415,7,-0.2730950117111206,-0.13430609181523323
-3.8+-1.2,-1.2,-3.8,-0.082758136,19,-0.20619329810142517,0.11852821335196495
-3.8+-1.4,-1.4,-3.8,-0.18861943,21,-0.28801366686820984,-0.03726913779973984
-3.8+-1.6,-1.6,-3.8,-0.07554659,18,-0.25677454471588135,-0.029538354836404324
-3.8+-1.8,-1.8,-3.8,-0.1300753,9,-0.18790771067142487,0.07822968065738678
-3.8+-2.0,-2.0,-3.8,-0.054446917,2,-0.09388117305934429,-0.01501266099512577
-3.8+-2.2,-2.2,-3.8,,0,,
-3.8+-2.4,-2.4,-3.8,,0,,
-3.8+-2.6,-2.6,-3.8,,0,,
-3.8+-2.8,-2.8,-3.8,,0,,
-3.8+-3.0,-3.0,-3.8,,0,,
-3.8+-3.2,-3.2,-3.8,,0,,
-3.8+-3.4,-3.4,-3.8,,0,,
-3.8+-3.6,-3.6,-3.8,,0,,
-3.8+-3.8,-3.8,-3.8,,0,,
-3.8+-4.0,-4.0,-3.8,,0,,
-3.8+-4.2,-4.2,-3.8,,0,,
-3.8+-4.4,-4.4,-3.8,,0,,
-3.8+-4.6,-4.6,-3.8,,0,,
-3.8+-4.8,-4.8,-3.8,,0,,
-3.8+-5.0,-5.0,-3.8,,0,,
-3.8+-5.2,-5.2,-3.8,,0,,
-3.8+-5.4,-5.4,-3.8,,0,,
-3.8+-5.6,-5.6,-3.8,,0,,
-3.8+-5.8,-5.8,-3.8,,0,,
-3.8+-6.0,-6.0,-3.8,,0,,
-3.8+-6.2,-6.2,-3.8,,0,,
-3.8+-6.4,-6.4,-3.8,,0,,
-3.8+-6.6,-6.6,-3.8,,0,,
-3.8+-6.8,-6.8,-3.8,,0,,
-3.8+-7.0,-7.0,-3.8,,0,,
-3.8+-7.2,-7.2,-3.8,,0,,
-3.8+-7.4,-7.4,-3.8,,0,,
-3.8+-7.6,-7.6,-3.8,,0,,
-3.8+-7.8,-7.8,-3.8,,0,,
-3.8+-8.0,-8.0,-3.8,,0,,
-3.8+0.0,0.0,-3.8,,0,,
-3.8+0.2,0.2,-3.8,,0,,
-3.8+0.4,0.4,-3.8,,0,,
-3.8+0.6,0.6,-3.8,,0,,
-3.8+0.8,0.8,-3.8,,0,,
-3.8+1.0,1.0,-3.8,,0,,
-3.8+1.2,1.2,-3.8,,0,,
-3.8+1.4,1.4,-3.8,,0,,
-3.8+1.6,1.6,-3.8,,0,,
-3.8+1.8,1.8,-3.8,,0,,
-3.8+2.0,2.0,-3.8,,0,,
-3.8+2.2,2.2,-3.8,,0,,
-3.8+2.4,2.4,-3.8,,0,,
-3.8+2.6,2.6,-3.8,,0,,
-3.8+2.8,2.8,-3.8,,0,,
-3.8+3.0,3.0,-3.8,,0,,
-3.8+3.2,3.2,-3.8,,0,,
-3.8+3.4,3.4,-3.8,,0,,
-3.8+3.6,3.6,-3.8,,0,,
-3.8+3.8,3.8,-3.8,,0,,
-3.8+4.0,4.0,-3.8,,0,,
-3.8+4.2,4.2,-3.8,,0,,
-3.8+4.4,4.4,-3.8,,0,,
-3.8+4.6,4.6,-3.8,,0,,
-3.8+4.8,4.8,-3.8,,0,,
-3.8+5.0,5.0,-3.8,,0,,
-3.8+5.2,5.2,-3.8,,0,,
-3.8+5.4,5.4,-3.8,,0,,
-3.8+5.6,5.6,-3.8,,0,,
-3.8+5.8,5.8,-3.8,,0,,
-3.8+6.0,6.0,-3.8,,0,,
-3.8+6.2,6.2,-3.8,,0,,
-3.8+6.4,6.4,-3.8,,0,,
-3.8+6.6,6.6,-3.8,,0,,
-3.8+6.8,6.8,-3.8,,0,,
-3.8+7.0,7.0,-3.8,,0,,
-3.8+7.2,7.2,-3.8,,0,,
-3.8+7.4,7.4,-3.8,,0,,
-3.8+7.6,7.6,-3.8,,0,,
-3.8+7.8,7.8,-3.8,,0,,
-3.8+8.0,8.0,-3.8,,0,,
-3.8+8.2,8.2,-3.8,,0,,
-3.8+8.4,8.4,-3.8,,0,,
-3.8+8.6,8.6,-3.8,,0,,
-3.8+8.8,8.8,-3.8,,0,,
-3.8+9.0,9.0,-3.8,,0,,
-3.8+9.2,9.2,-3.8,,0,,
-3.8+9.4,9.4,-3.8,,0,,
-3.8+9.6,9.6,-3.8,,0,,
-4.0+-0.2,-0.2,-4.0,,0,,
-4.0+-0.4,-0.4,-4.0,-0.16111492,1,-0.1611149162054062,-0.1611149162054062
-4.0+-0.6,-0.6,-4.0,-0.16147602,1,-0.1614760160446167,-0.1614760160446167
-4.0+-0.8,-0.8,-4.0,-0.24953711,2,-0.25676894560456276,-0.24230528995394707
-4.0+-1.0,-1.0,-4.0,-0.17862892,4,-0.272237841039896,0.004523120820522308
-4.0+-1.2,-1.2,-4.0,-0.12633255,10,-0.18019837886095047,-0.03322811424732208
-4.0+-1.4,-1.4,-4.0,-0.09537638,13,-0.19944331049919128,-0.046342633664608
-4.0+-1.6,-1.6,-4.0,-0.112953514,16,-0.2835981100797653,-0.03252487722784281
-4.0+-1.8,-1.8,-4.0,-0.03672431,8,-0.20165707916021347,0.085441455245018
-4.0+-2.0,-2.0,-4.0,-0.035421018,3,-0.09555691666901112,0.03696903772652149
-4.0+-2.2,-2.2,-4.0,,0,,
-4.0+-2.4,-2.4,-4.0,,0,,
-4.0+-2.6,-2.6,-4.0,,0,,
-4.0+-2.8,-2.8,-4.0,,0,,
-4.0+-3.0,-3.0,-4.0,,0,,
-4.0+-3.2,-3.2,-4.0,,0,,
-4.0+-3.4,-3.4,-4.0,,0,,
-4.0+-3.6,-3.6,-4.0,,0,,
-4.0+-3.8,-3.8,-4.0,,0,,
-4.0+-4.0,-4.0,-4.0,,0,,
-4.0+-4.2,-4.2,-4.0,,0,,
-4.0+-4.4,-4.4,-4.0,,0,,
-4.0+-4.6,-4.6,-4.0,,0,,
-4.0+-4.8,-4.8,-4.0,,0,,
-4.0+-5.0,-5.0,-4.0,,0,,
-4.0+-5.2,-5.2,-4.0,,0,,
-4.0+-5.4,-5.4,-4.0,,0,,
-4.0+-5.6,-5.6,-4.0,,0,,
-4.0+-5.8,-5.8,-4.0,,0,,
-4.0+-6.0,-6.0,-4.0,,0,,
-4.0+-6.2,-6.2,-4.0,,0,,
-4.0+-6.4,-6.4,-4.0,,0,,
-4.0+-6.6,-6.6,-4.0,,0,,
-4.0+-6.8,-6.8,-4.0,,0,,
-4.0+-7.0,-7.0,-4.0,,0,,
-4.0+-7.2,-7.2,-4.0,,0,,
-4.0+-7.4,-7.4,-4.0,,0,,
-4.0+-7.6,-7.6,-4.0,,0,,
-4.0+-7.8,-7.8,-4.0,,0,,
-4.0+-8.0,-8.0,-4.0,,0,,
-4.0+0.0,0.0,-4.0,,0,,
-4.0+0.2,0.2,-4.0,,0,,
-4.0+0.4,0.4,-4.0,,0,,
-4.0+0.6,0.6,-4.0,,0,,
-4.0+0.8,0.8,-4.0,,0,,
-4.0+1.0,1.0,-4.0,,0,,
-4.0+1.2,1.2,-4.0,,0,,
-4.0+1.4,1.4,-4.0,,0,,
-4.0+1.6,1.6,-4.0,,0,,
-4.0+1.8,1.8,-4.0,,0,,
-4.0+2.0,2.0,-4.0,,0,,
-4.0+2.2,2.2,-4.0,,0,,
-4.0+2.4,2.4,-4.0,,0,,
-4.0+2.6,2.6,-4.0,,0,,
-4.0+2.8,2.8,-4.0,,0,,
-4.0+3.0,3.0,-4.0,,0,,
-4.0+3.2,3.2,-4.0,,0,,
-4.0+3.4,3.4,-4.0,,0,,
-4.0+3.6,3.6,-4.0,,0,,
-4.0+3.8,3.8,-4.0,,0,,
-4.0+4.0,4.0,-4.0,,0,,
-4.0+4.2,4.2,-4.0,,0,,
-4.0+4.4,4.4,-4.0,,0,,
-4.0+4.6,4.6,-4.0,,0,,
-4.0+4.8,4.8,-4.0,,0,,
-4.0+5.0,5.0,-4.0,,0,,
-4.0+5.2,5.2,-4.0,,0,,
-4.0+5.4,5.4,-4.0,,0,,
-4.0+5.6,5.6,-4.0,,0,,
-4.0+5.8,5.8,-4.0,,0,,
-4.0+6.0,6.0,-4.0,,0,,
-4.0+6.2,6.2,-4.0,,0,,
-4.0+6.4,6.4,-4.0,,0,,
-4.0+6.6,6.6,-4.0,,0,,
-4.0+6.8,6.8,-4.0,,0,,
-4.0+7.0,7.0,-4.0,,0,,
-4.0+7.2,7.2,-4.0,,0,,
-4.0+7.4,7.4,-4.0,,0,,
-4.0+7.6,7.6,-4.0,,0,,
-4.0+7.8,7.8,-4.0,,0,,
-4.0+8.0,8.0,-4.0,,0,,
-4.0+8.2,8.2,-4.0,,0,,
-4.0+8.4,8.4,-4.0,,0,,
-4.0+8.6,8.6,-4.0,,0,,
-4.0+8.8,8.8,-4.0,,0,,
-4.0+9.0,9.0,-4.0,,0,,
-4.0+9.2,9.2,-4.0,,0,,
-4.0+9.4,9.4,-4.0,,0,,
-4.0+9.6,9.6,-4.0,,0,,
-4.2+-0.2,-0.2,-4.2,,0,,
-4.2+-0.4,-0.4,-4.2,,0,,
-4.2+-0.6,-0.6,-4.2,,0,,
-4.2+-0.8,-0.8,-4.2,-0.34239328,1,-0.34239327907562256,-0.34239327907562256
-4.2+-1.0,-1.0,-4.2,-0.1588446,3,-0.23641235381364822,-0.11833394318819046
-4.2+-1.2,-1.2,-4.2,-0.15250844,6,-0.208572905510664,-0.11128338053822517
-4.2+-1.4,-1.4,-4.2,-0.03305855,7,-0.18987121060490608,-0.0185142420232296
-4.2+-1.6,-1.6,-4.2,-0.2251033,11,-0.32226186990737915,0.04685746040195227
-4.2+-1.8,-1.8,-4.2,0.0041959584,4,-0.1252787448465824,0.08278924785554409
-4.2+-2.0,-2.0,-4.2,-0.055498403,2,-0.08714758115820587,-0.02384922676719725
-4.2+-2.2,-2.2,-4.2,,0,,
-4.2+-2.4,-2.4,-4.2,,0,,
-4.2+-2.6,-2.6,-4.2,,0,,
-4.2+-2.8,-2.8,-4.2,,0,,
-4.2+-3.0,-3.0,-4.2,,0,,
-4.2+-3.2,-3.2,-4.2,,0,,
-4.2+-3.4,-3.4,-4.2,,0,,
-4.2+-3.6,-3.6,-4.2,,0,,
-4.2+-3.8,-3.8,-4.2,,0,,
-4.2+-4.0,-4.0,-4.2,,0,,
-4.2+-4.2,-4.2,-4.2,,0,,
-4.2+-4.4,-4.4,-4.2,,0,,
-4.2+-4.6,-4.6,-4.2,,0,,
-4.2+-4.8,-4.8,-4.2,,0,,
-4.2+-5.0,-5.0,-4.2,,0,,
-4.2+-5.2,-5.2,-4.2,,0,,
-4.2+-5.4,-5.4,-4.2,,0,,
-4.2+-5.6,-5.6,-4.2,,0,,
-4.2+-5.8,-5.8,-4.2,,0,,
-4.2+-6.0,-6.0,-4.2,,0,,
-4.2+-6.2,-6.2,-4.2,,0,,
-4.2+-6.4,-6.4,-4.2,,0,,
-4.2+-6.6,-6.6,-4.2,,0,,
-4.2+-6.8,-6.8,-4.2,,0,,
-4.2+-7.0,-7.0,-4.2,,0,,
-4.2+-7.2,-7.2,-4.2,,0,,
-4.2+-7.4,-7.4,-4.2,,0,,
-4.2+-7.6,-7.6,-4.2,,0,,
-4.2+-7.8,-7.8,-4.2,,0,,
-4.2+-8.0,-8.0,-4.2,,0,,
-4.2+0.0,0.0,-4.2,,0,,
-4.2+0.2,0.2,-4.2,,0,,
-4.2+0.4,0.4,-4.2,,0,,
-4.2+0.6,0.6,-4.2,,0,,
-4.2+0.8,0.8,-4.2,,0,,
-4.2+1.0,1.0,-4.2,,0,,
-4.2+1.2,1.2,-4.2,,0,,
-4.2+1.4,1.4,-4.2,,0,,
-4.2+1.6,1.6,-4.2,,0,,
-4.2+1.8,1.8,-4.2,,0,,
-4.2+2.0,2.0,-4.2,,0,,
-4.2+2.2,2.2,-4.2,,0,,
-4.2+2.4,2.4,-4.2,,0,,
-4.2+2.6,2.6,-4.2,,0,,
-4.2+2.8,2.8,-4.2,,0,,
-4.2+3.0,3.0,-4.2,,0,,
-4.2+3.2,3.2,-4.2,,0,,
-4.2+3.4,3.4,-4.2,,0,,
-4.2+3.6,3.6,-4.2,,0,,
-4.2+3.8,3.8,-4.2,,0,,
-4.2+4.0,4.0,-4.2,,0,,
-4.2+4.2,4.2,-4.2,,0,,
-4.2+4.4,4.4,-4.2,,0,,
-4.2+4.6,4.6,-4.2,,0,,
-4.2+4.8,4.8,-4.2,,0,,
-4.2+5.0,5.0,-4.2,,0,,
-4.2+5.2,5.2,-4.2,,0,,
-4.2+5.4,5.4,-4.2,,0,,
-4.2+5.6,5.6,-4.2,,0,,
-4.2+5.8,5.8,-4.2,,0,,
-4.2+6.0,6.0,-4.2,,0,,
-4.2+6.2,6.2,-4.2,,0,,
-4.2+6.4,6.4,-4.2,,0,,
-4.2+6.6,6.6,-4.2,,0,,
-4.2+6.8,6.8,-4.2,,0,,
-4.2+7.0,7.0,-4.2,,0,,
-4.2+7.2,7.2,-4.2,,0,,
-4.2+7.4,7.4,-4.2,,0,,
-4.2+7.6,7.6,-4.2,,0,,
-4.2+7.8,7.8,-4.2,,0,,
-4.2+8.0,8.0,-4.2,,0,,
-4.2+8.2,8.2,-4.2,,0,,
-4.2+8.4,8.4,-4.2,,0,,
-4.2+8.6,8.6,-4.2,,0,,
-4.2+8.8,8.8,-4.2,,0,,
-4.2+9.0,9.0,-4.2,,0,,
-4.2+9.2,9.2,-4.2,,0,,
-4.2+9.4,9.4,-4.2,,0,,
-4.2+9.6,9.6,-4.2,,0,,
-4.4+-0.2,-0.2,-4.4,,0,,
-4.4+-0.4,-0.4,-4.4,,0,,
-4.4+-0.6,-0.6,-4.4,,0,,
-4.4+-0.8,-0.8,-4.4,-0.37298813,1,-0.37298813462257385,-0.37298813462257385
-4.4+-1.0,-1.0,-4.4,-0.35002777,1,-0.35002776980400085,-0.35002776980400085
-4.4+-1.2,-1.2,-4.4,-0.034215674,4,-0.16416770033538342,0.06401740346336737
-4.4+-1.4,-1.4,-4.4,-0.1587584,6,-0.25454575195908546,-0.041415707441046834
-4.4+-1.6,-1.6,-4.4,-0.2291635,7,-0.3208719342947006,-0.1267780289053917
-4.4+-1.8,-1.8,-4.4,-0.20753777,4,-0.5056779757142067,-0.030832366086542606
-4.4+-2.0,-2.0,-4.4,-0.10130794,4,-0.1306018978357315,-0.024784011766314507
-4.4+-2.2,-2.2,-4.4,,0,,
-4.4+-2.4,-2.4,-4.4,,0,,
-4.4+-2.6,-2.6,-4.4,,0,,
-4.4+-2.8,-2.8,-4.4,,0,,
-4.4+-3.0,-3.0,-4.4,,0,,
-4.4+-3.2,-3.2,-4.4,,0,,
-4.4+-3.4,-3.4,-4.4,,0,,
-4.4+-3.6,-3.6,-4.4,,0,,
-4.4+-3.8,-3.8,-4.4,,0,,
-4.4+-4.0,-4.0,-4.4,,0,,
-4.4+-4.2,-4.2,-4.4,,0,,
-4.4+-4.4,-4.4,-4.4,,0,,
-4.4+-4.6,-4.6,-4.4,,0,,
-4.4+-4.8,-4.8,-4.4,,0,,
-4.4+-5.0,-5.0,-4.4,,0,,
-4.4+-5.2,-5.2,-4.4,,0,,
-4.4+-5.4,-5.4,-4.4,,0,,
-4.4+-5.6,-5.6,-4.4,,0,,
-4.4+-5.8,-5.8,-4.4,,0,,
-4.4+-6.0,-6.0,-4.4,,0,,
-4.4+-6.2,-6.2,-4.4,,0,,
-4.4+-6.4,-6.4,-4.4,,0,,
-4.4+-6.6,-6.6,-4.4,,0,,
-4.4+-6.8,-6.8,-4.4,,0,,
-4.4+-7.0,-7.0,-4.4,,0,,
-4.4+-7.2,-7.2,-4.4,,0,,
-4.4+-7.4,-7.4,-4.4,,0,,
-4.4+-7.6,-7.6,-4.4,,0,,
-4.4+-7.8,-7.8,-4.4,,0,,
-4.4+-8.0,-8.0,-4.4,,0,,
-4.4+0.0,0.0,-4.4,,0,,
-4.4+0.2,0.2,-4.4,,0,,
-4.4+0.4,0.4,-4.4,,0,,
-4.4+0.6,0.6,-4.4,,0,,
-4.4+0.8,0.8,-4.4,,0,,
-4.4+1.0,1.0,-4.4,,0,,
-4.4+1.2,1.2,-4.4,,0,,
-4.4+1.4,1.4,-4.4,,0,,
-4.4+1.6,1.6,-4.4,,0,,
-4.4+1.8,1.8,-4.4,,0,,
-4.4+2.0,2.0,-4.4,,0,,
-4.4+2.2,2.2,-4.4,,0,,
-4.4+2.4,2.4,-4.4,,0,,
-4.4+2.6,2.6,-4.4,,0,,
-4.4+2.8,2.8,-4.4,,0,,
-4.4+3.0,3.0,-4.4,,0,,
-4.4+3.2,3.2,-4.4,,0,,
-4.4+3.4,3.4,-4.4,,0,,
-4.4+3.6,3.6,-4.4,,0,,
-4.4+3.8,3.8,-4.4,,0,,
-4.4+4.0,4.0,-4.4,,0,,
-4.4+4.2,4.2,-4.4,,0,,
-4.4+4.4,4.4,-4.4,,0,,
-4.4+4.6,4.6,-4.4,,0,,
-4.4+4.8,4.8,-4.4,,0,,
-4.4+5.0,5.0,-4.4,,0,,
-4.4+5.2,5.2,-4.4,,0,,
-4.4+5.4,5.4,-4.4,,0,,
-4.4+5.6,5.6,-4.4,,0,,
-4.4+5.8,5.8,-4.4,,0,,
-4.4+6.0,6.0,-4.4,,0,,
-4.4+6.2,6.2,-4.4,,0,,
-4.4+6.4,6.4,-4.4,,0,,
-4.4+6.6,6.6,-4.4,,0,,
-4.4+6.8,6.8,-4.4,,0,,
-4.4+7.0,7.0,-4.4,,0,,
-4.4+7.2,7.2,-4.4,,0,,
-4.4+7.4,7.4,-4.4,,0,,
-4.4+7.6,7.6,-4.4,,0,,
-4.4+7.8,7.8,-4.4,,0,,
-4.4+8.0,8.0,-4.4,,0,,
-4.4+8.2,8.2,-4.4,,0,,
-4.4+8.4,8.4,-4.4,,0,,
-4.4+8.6,8.6,-4.4,,0,,
-4.4+8.8,8.8,-4.4,,0,,
-4.4+9.0,9.0,-4.4,,0,,
-4.4+9.2,9.2,-4.4,,0,,
-4.4+9.4,9.4,-4.4,,0,,
-4.4+9.6,9.6,-4.4,,0,,
-4.6+-0.2,-0.2,-4.6,,0,,
-4.6+-0.4,-0.4,-4.6,,0,,
-4.6+-0.6,-0.6,-4.6,,0,,
-4.6+-0.8,-0.8,-4.6,,0,,
-4.6+-1.0,-1.0,-4.6,,0,,
-4.6+-1.2,-1.2,-4.6,-0.21232909,2,-0.22247645631432533,-0.20218173786997795
-4.6+-1.4,-1.4,-4.6,-0.06526942,5,-0.22976940870285034,-0.006015028804540634
-4.6+-1.6,-1.6,-4.6,-0.08309089,5,-0.3065584897994995,-0.022076359018683434
-4.6+-1.8,-1.8,-4.6,-0.11400203,1,-0.11400202661752701,-0.11400202661752701
-4.6+-2.0,-2.0,-4.6,0.024844103,3,-0.0785093642771244,0.0600738562643528
-4.6+-2.2,-2.2,-4.6,,0,,
-4.6+-2.4,-2.4,-4.6,,0,,
-4.6+-2.6,-2.6,-4.6,,0,,
-4.6+-2.8,-2.8,-4.6,,0,,
-4.6+-3.0,-3.0,-4.6,,0,,
-4.6+-3.2,-3.2,-4.6,,0,,
-4.6+-3.4,-3.4,-4.6,,0,,
-4.6+-3.6,-3.6,-4.6,,0,,
-4.6+-3.8,-3.8,-4.6,,0,,
-4.6+-4.0,-4.0,-4.6,,0,,
-4.6+-4.2,-4.2,-4.6,,0,,
-4.6+-4.4,-4.4,-4.6,,0,,
-4.6+-4.6,-4.6,-4.6,,0,,
-4.6+-4.8,-4.8,-4.6,,0,,
-4.6+-5.0,-5.0,-4.6,,0,,
-4.6+-5.2,-5.2,-4.6,,0,,
-4.6+-5.4,-5.4,-4.6,,0,,
-4.6+-5.6,-5.6,-4.6,,0,,
-4.6+-5.8,-5.8,-4.6,,0,,
-4.6+-6.0,-6.0,-4.6,,0,,
-4.6+-6.2,-6.2,-4.6,,0,,
-4.6+-6.4,-6.4,-4.6,,0,,
-4.6+-6.6,-6.6,-4.6,,0,,
-4.6+-6.8,-6.8,-4.6,,0,,
-4.6+-7.0,-7.0,-4.6,,0,,
-4.6+-7.2,-7.2,-4.6,,0,,
-4.6+-7.4,-7.4,-4.6,,0,,
-4.6+-7.6,-7.6,-4.6,,0,,
-4.6+-7.8,-7.8,-4.6,,0,,
-4.6+-8.0,-8.0,-4.6,,0,,
-4.6+0.0,0.0,-4.6,,0,,
-4.6+0.2,0.2,-4.6,,0,,
-4.6+0.4,0.4,-4.6,,0,,
-4.6+0.6,0.6,-4.6,,0,,
-4.6+0.8,0.8,-4.6,,0,,
-4.6+1.0,1.0,-4.6,,0,,
-4.6+1.2,1.2,-4.6,,0,,
-4.6+1.4,1.4,-4.6,,0,,
-4.6+1.6,1.6,-4.6,,0,,
-4.6+1.8,1.8,-4.6,,0,,
-4.6+2.0,2.0,-4.6,,0,,
-4.6+2.2,2.2,-4.6,,0,,
-4.6+2.4,2.4,-4.6,,0,,
-4.6+2.6,2.6,-4.6,,0,,
-4.6+2.8,2.8,-4.6,,0,,
-4.6+3.0,3.0,-4.6,,0,,
-4.6+3.2,3.2,-4.6,,0,,
-4.6+3.4,3.4,-4.6,,0,,
-4.6+3.6,3.6,-4.6,,0,,
-4.6+3.8,3.8,-4.6,,0,,
-4.6+4.0,4.0,-4.6,,0,,
-4.6+4.2,4.2,-4.6,,0,,
-4.6+4.4,4.4,-4.6,,0,,
-4.6+4.6,4.6,-4.6,,0,,
-4.6+4.8,4.8,-4.6,,0,,
-4.6+5.0,5.0,-4.6,,0,,
-4.6+5.2,5.2,-4.6,,0,,
-4.6+5.4,5.4,-4.6,,0,,
-4.6+5.6,5.6,-4.6,,0,,
-4.6+5.8,5.8,-4.6,,0,,
-4.6+6.0,6.0,-4.6,,0,,
-4.6+6.2,6.2,-4.6,,0,,
-4.6+6.4,6.4,-4.6,,0,,
-4.6+6.6,6.6,-4.6,,0,,
-4.6+6.8,6.8,-4.6,,0,,
-4.6+7.0,7.0,-4.6,,0,,
-4.6+7.2,7.2,-4.6,,0,,
-4.6+7.4,7.4,-4.6,,0,,
-4.6+7.6,7.6,-4.6,,0,,
-4.6+7.8,7.8,-4.6,,0,,
-4.6+8.0,8.0,-4.6,,0,,
-4.6+8.2,8.2,-4.6,,0,,
-4.6+8.4,8.4,-4.6,,0,,
-4.6+8.6,8.6,-4.6,,0,,
-4.6+8.8,8.8,-4.6,,0,,
-4.6+9.0,9.0,-4.6,,0,,
-4.6+9.2,9.2,-4.6,,0,,
-4.6+9.4,9.4,-4.6,,0,,
-4.6+9.6,9.6,-4.6,,0,,
-4.8+-0.2,-0.2,-4.8,,0,,
-4.8+-0.4,-0.4,-4.8,,0,,
-4.8+-0.6,-0.6,-4.8,,0,,
-4.8+-0.8,-0.8,-4.8,,0,,
-4.8+-1.0,-1.0,-4.8,-0.44853878,1,-0.44853878021240234,-0.44853878021240234
-4.8+-1.2,-1.2,-4.8,-0.09560444,1,-0.09560444205999374,-0.09560444205999374
-4.8+-1.4,-1.4,-4.8,-0.106353626,5,-0.37195494771003723,0.13362377882003784
-4.8+-1.6,-1.6,-4.8,-0.19325131,4,-0.21688967943191528,-0.13817155174911022
-4.8+-1.8,-1.8,-4.8,,0,,
-4.8+-2.0,-2.0,-4.8,0.0486613,2,0.013583789579570293,0.08373881224542856
-4.8+-2.2,-2.2,-4.8,,0,,
-4.8+-2.4,-2.4,-4.8,,0,,
-4.8+-2.6,-2.6,-4.8,,0,,
-4.8+-2.8,-2.8,-4.8,,0,,
-4.8+-3.0,-3.0,-4.8,,0,,
-4.8+-3.2,-3.2,-4.8,,0,,
-4.8+-3.4,-3.4,-4.8,,0,,
-4.8+-3.6,-3.6,-4.8,,0,,
-4.8+-3.8,-3.8,-4.8,,0,,
-4.8+-4.0,-4.0,-4.8,,0,,
-4.8+-4.2,-4.2,-4.8,,0,,
-4.8+-4.4,-4.4,-4.8,,0,,
-4.8+-4.6,-4.6,-4.8,,0,,
-4.8+-4.8,-4.8,-4.8,,0,,
-4.8+-5.0,-5.0,-4.8,,0,,
-4.8+-5.2,-5.2,-4.8,,0,,
-4.8+-5.4,-5.4,-4.8,,0,,
-4.8+-5.6,-5.6,-4.8,,0,,
-4.8+-5.8,-5.8,-4.8,,0,,
-4.8+-6.0,-6.0,-4.8,,0,,
-4.8+-6.2,-6.2,-4.8,,0,,
-4.8+-6.4,-6.4,-4.8,,0,,
-4.8+-6.6,-6.6,-4.8,,0,,
-4.8+-6.8,-6.8,-4.8,,0,,
-4.8+-7.0,-7.0,-4.8,,0,,
-4.8+-7.2,-7.2,-4.8,,0,,
-4.8+-7.4,-7.4,-4.8,,0,,
-4.8+-7.6,-7.6,-4.8,,0,,
-4.8+-7.8,-7.8,-4.8,,0,,
-4.8+-8.0,-8.0,-4.8,,0,,
-4.8+0.0,0.0,-4.8,,0,,
-4.8+0.2,0.2,-4.8,,0,,
-4.8+0.4,0.4,-4.8,,0,,
-4.8+0.6,0.6,-4.8,,0,,
-4.8+0.8,0.8,-4.8,,0,,
-4.8+1.0,1.0,-4.8,,0,,
-4.8+1.2,1.2,-4.8,,0,,
-4.8+1.4,1.4,-4.8,,0,,
-4.8+1.6,1.6,-4.8,,0,,
-4.8+1.8,1.8,-4.8,,0,,
-4.8+2.0,2.0,-4.8,,0,,
-4.8+2.2,2.2,-4.8,,0,,
-4.8+2.4,2.4,-4.8,,0,,
-4.8+2.6,2.6,-4.8,,0,,
-4.8+2.8,2.8,-4.8,,0,,
-4.8+3.0,3.0,-4.8,,0,,
-4.8+3.2,3.2,-4.8,,0,,
-4.8+3.4,3.4,-4.8,,0,,
-4.8+3.6,3.6,-4.8,,0,,
-4.8+3.8,3.8,-4.8,,0,,
-4.8+4.0,4.0,-4.8,,0,,
-4.8+4.2,4.2,-4.8,,0,,
-4.8+4.4,4.4,-4.8,,0,,
-4.8+4.6,4.6,-4.8,,0,,
-4.8+4.8,4.8,-4.8,,0,,
-4.8+5.0,5.0,-4.8,,0,,
-4.8+5.2,5.2,-4.8,,0,,
-4.8+5.4,5.4,-4.8,,0,,
-4.8+5.6,5.6,-4.8,,0,,
-4.8+5.8,5.8,-4.8,,0,,
-4.8+6.0,6.0,-4.8,,0,,
-4.8+6.2,6.2,-4.8,,0,,
-4.8+6.4,6.4,-4.8,,0,,
-4.8+6.6,6.6,-4.8,,0,,
-4.8+6.8,6.8,-4.8,,0,,
-4.8+7.0,7.0,-4.8,,0,,
-4.8+7.2,7.2,-4.8,,0,,
-4.8+7.4,7.4,-4.8,,0,,
-4.8+7.6,7.6,-4.8,,0,,
-4.8+7.8,7.8,-4.8,,0,,
-4.8+8.0,8.0,-4.8,,0,,
-4.8+8.2,8.2,-4.8,,0,,
-4.8+8.4,8.4,-4.8,,0,,
-4.8+8.6,8.6,-4.8,,0,,
-4.8+8.8,8.8,-4.8,,0,,
-4.8+9.0,9.0,-4.8,,0,,
-4.8+9.2,9.2,-4.8,,0,,
-4.8+9.4,9.4,-4.8,,0,,
-4.8+9.6,9.6,-4.8,,0,,
-5.0+-0.2,-0.2,-5.0,,0,,
-5.0+-0.4,-0.4,-5.0,,0,,
-5.0+-0.6,-0.6,-5.0,,0,,
-5.0+-0.8,-0.8,-5.0,,0,,
-5.0+-1.0,-1.0,-5.0,,0,,
-5.0+-1.2,-1.2,-5.0,0.1474602,1,0.1474602073431015,0.1474602073431015
-5.0+-1.4,-1.4,-5.0,-0.0045266673,2,-0.10549290105700493,0.09643956646323204
-5.0+-1.6,-1.6,-5.0,-0.16045079,4,-0.29256178066134453,-0.06885410007089376
-5.0+-1.8,-1.8,-5.0,,0,,
-5.0+-2.0,-2.0,-5.0,0.11472808,1,0.11472807824611664,0.11472807824611664
-5.0+-2.2,-2.2,-5.0,,0,,
-5.0+-2.4,-2.4,-5.0,,0,,
-5.0+-2.6,-2.6,-5.0,,0,,
-5.0+-2.8,-2.8,-5.0,,0,,
-5.0+-3.0,-3.0,-5.0,,0,,
-5.0+-3.2,-3.2,-5.0,,0,,
-5.0+-3.4,-3.4,-5.0,,0,,
-5.0+-3.6,-3.6,-5.0,,0,,
-5.0+-3.8,-3.8,-5.0,,0,,
-5.0+-4.0,-4.0,-5.0,,0,,
-5.0+-4.2,-4.2,-5.0,,0,,
-5.0+-4.4,-4.4,-5.0,,0,,
-5.0+-4.6,-4.6,-5.0,,0,,
-5.0+-4.8,-4.8,-5.0,,0,,
-5.0+-5.0,-5.0,-5.0,,0,,
-5.0+-5.2,-5.2,-5.0,,0,,
-5.0+-5.4,-5.4,-5.0,,0,,
-5.0+-5.6,-5.6,-5.0,,0,,
-5.0+-5.8,-5.8,-5.0,,0,,
-5.0+-6.0,-6.0,-5.0,,0,,
-5.0+-6.2,-6.2,-5.0,,0,,
-5.0+-6.4,-6.4,-5.0,,0,,
-5.0+-6.6,-6.6,-5.0,,0,,
-5.0+-6.8,-6.8,-5.0,,0,,
-5.0+-7.0,-7.0,-5.0,,0,,
-5.0+-7.2,-7.2,-5.0,,0,,
-5.0+-7.4,-7.4,-5.0,,0,,
-5.0+-7.6,-7.6,-5.0,,0,,
-5.0+-7.8,-7.8,-5.0,,0,,
-5.0+-8.0,-8.0,-5.0,,0,,
-5.0+0.0,0.0,-5.0,,0,,
-5.0+0.2,0.2,-5.0,,0,,
-5.0+0.4,0.4,-5.0,,0,,
-5.0+0.6,0.6,-5.0,,0,,
-5.0+0.8,0.8,-5.0,,0,,
-5.0+1.0,1.0,-5.0,,0,,
-5.0+1.2,1.2,-5.0,,0,,
-5.0+1.4,1.4,-5.0,,0,,
-5.0+1.6,1.6,-5.0,,0,,
-5.0+1.8,1.8,-5.0,,0,,
-5.0+2.0,2.0,-5.0,,0,,
-5.0+2.2,2.2,-5.0,,0,,
-5.0+2.4,2.4,-5.0,,0,,
-5.0+2.6,2.6,-5.0,,0,,
-5.0+2.8,2.8,-5.0,,0,,
-5.0+3.0,3.0,-5.0,,0,,
-5.0+3.2,3.2,-5.0,,0,,
-5.0+3.4,3.4,-5.0,,0,,
-5.0+3.6,3.6,-5.0,,0,,
-5.0+3.8,3.8,-5.0,,0,,
-5.0+4.0,4.0,-5.0,,0,,
-5.0+4.2,4.2,-5.0,,0,,
-5.0+4.4,4.4,-5.0,,0,,
-5.0+4.6,4.6,-5.0,,0,,
-5.0+4.8,4.8,-5.0,,0,,
-5.0+5.0,5.0,-5.0,,0,,
-5.0+5.2,5.2,-5.0,,0,,
-5.0+5.4,5.4,-5.0,,0,,
-5.0+5.6,5.6,-5.0,,0,,
-5.0+5.8,5.8,-5.0,,0,,
-5.0+6.0,6.0,-5.0,,0,,
-5.0+6.2,6.2,-5.0,,0,,
-5.0+6.4,6.4,-5.0,,0,,
-5.0+6.6,6.6,-5.0,,0,,
-5.0+6.8,6.8,-5.0,,0,,
-5.0+7.0,7.0,-5.0,,0,,
-5.0+7.2,7.2,-5.0,,0,,
-5.0+7.4,7.4,-5.0,,0,,
-5.0+7.6,7.6,-5.0,,0,,
-5.0+7.8,7.8,-5.0,,0,,
-5.0+8.0,8.0,-5.0,,0,,
-5.0+8.2,8.2,-5.0,,0,,
-5.0+8.4,8.4,-5.0,,0,,
-5.0+8.6,8.6,-5.0,,0,,
-5.0+8.8,8.8,-5.0,,0,,
-5.0+9.0,9.0,-5.0,,0,,
-5.0+9.2,9.2,-5.0,,0,,
-5.0+9.4,9.4,-5.0,,0,,
-5.0+9.6,9.6,-5.0,,0,,
-5.2+-0.2,-0.2,-5.2,,0,,
-5.2+-0.4,-0.4,-5.2,,0,,
-5.2+-0.6,-0.6,-5.2,,0,,
-5.2+-0.8,-0.8,-5.2,,0,,
-5.2+-1.0,-1.0,-5.2,,0,,
-5.2+-1.2,-1.2,-5.2,-0.22531036,1,-0.22531035542488098,-0.22531035542488098
-5.2+-1.4,-1.4,-5.2,0.21530315,1,0.21530315279960632,0.21530315279960632
-5.2+-1.6,-1.6,-5.2,-0.29483944,2,-0.32666100561618805,-0.2630178779363632
-5.2+-1.8,-1.8,-5.2,,0,,
-5.2+-2.0,-2.0,-5.2,0.11155267,1,0.11155267059803009,0.11155267059803009
-5.2+-2.2,-2.2,-5.2,,0,,
-5.2+-2.4,-2.4,-5.2,,0,,
-5.2+-2.6,-2.6,-5.2,,0,,
-5.2+-2.8,-2.8,-5.2,,0,,
-5.2+-3.0,-3.0,-5.2,,0,,
-5.2+-3.2,-3.2,-5.2,,0,,
-5.2+-3.4,-3.4,-5.2,,0,,
-5.2+-3.6,-3.6,-5.2,,0,,
-5.2+-3.8,-3.8,-5.2,,0,,
-5.2+-4.0,-4.0,-5.2,,0,,
-5.2+-4.2,-4.2,-5.2,,0,,
-5.2+-4.4,-4.4,-5.2,,0,,
-5.2+-4.6,-4.6,-5.2,,0,,
-5.2+-4.8,-4.8,-5.2,,0,,
-5.2+-5.0,-5.0,-5.2,,0,,
-5.2+-5.2,-5.2,-5.2,,0,,
-5.2+-5.4,-5.4,-5.2,,0,,
-5.2+-5.6,-5.6,-5.2,,0,,
-5.2+-5.8,-5.8,-5.2,,0,,
-5.2+-6.0,-6.0,-5.2,,0,,
-5.2+-6.2,-6.2,-5.2,,0,,
-5.2+-6.4,-6.4,-5.2,,0,,
-5.2+-6.6,-6.6,-5.2,,0,,
-5.2+-6.8,-6.8,-5.2,,0,,
-5.2+-7.0,-7.0,-5.2,,0,,
-5.2+-7.2,-7.2,-5.2,,0,,
-5.2+-7.4,-7.4,-5.2,,0,,
-5.2+-7.6,-7.6,-5.2,,0,,
-5.2+-7.8,-7.8,-5.2,,0,,
-5.2+-8.0,-8.0,-5.2,,0,,
-5.2+0.0,0.0,-5.2,,0,,
-5.2+0.2,0.2,-5.2,,0,,
-5.2+0.4,0.4,-5.2,,0,,
-5.2+0.6,0.6,-5.2,,0,,
-5.2+0.8,0.8,-5.2,,0,,
-5.2+1.0,1.0,-5.2,,0,,
-5.2+1.2,1.2,-5.2,,0,,
-5.2+1.4,1.4,-5.2,,0,,
-5.2+1.6,1.6,-5.2,,0,,
-5.2+1.8,1.8,-5.2,,0,,
-5.2+2.0,2.0,-5.2,,0,,
-5.2+2.2,2.2,-5.2,,0,,
-5.2+2.4,2.4,-5.2,,0,,
-5.2+2.6,2.6,-5.2,,0,,
-5.2+2.8,2.8,-5.2,,0,,
-5.2+3.0,3.0,-5.2,,0,,
-5.2+3.2,3.2,-5.2,,0,,
-5.2+3.4,3.4,-5.2,,0,,
-5.2+3.6,3.6,-5.2,,0,,
-5.2+3.8,3.8,-5.2,,0,,
-5.2+4.0,4.0,-5.2,,0,,
-5.2+4.2,4.2,-5.2,,0,,
-5.2+4.4,4.4,-5.2,,0,,
-5.2+4.6,4.6,-5.2,,0,,
-5.2+4.8,4.8,-5.2,,0,,
-5.2+5.0,5.0,-5.2,,0,,
-5.2+5.2,5.2,-5.2,,0,,
-5.2+5.4,5.4,-5.2,,0,,
-5.2+5.6,5.6,-5.2,,0,,
-5.2+5.8,5.8,-5.2,,0,,
-5.2+6.0,6.0,-5.2,,0,,
-5.2+6.2,6.2,-5.2,,0,,
-5.2+6.4,6.4,-5.2,,0,,
-5.2+6.6,6.6,-5.2,,0,,
-5.2+6.8,6.8,-5.2,,0,,
-5.2+7.0,7.0,-5.2,,0,,
-5.2+7.2,7.2,-5.2,,0,,
-5.2+7.4,7.4,-5.2,,0,,
-5.2+7.6,7.6,-5.2,,0,,
-5.2+7.8,7.8,-5.2,,0,,
-5.2+8.0,8.0,-5.2,,0,,
-5.2+8.2,8.2,-5.2,,0,,
-5.2+8.4,8.4,-5.2,,0,,
-5.2+8.6,8.6,-5.2,,0,,
-5.2+8.8,8.8,-5.2,,0,,
-5.2+9.0,9.0,-5.2,,0,,
-5.2+9.2,9.2,-5.2,,0,,
-5.2+9.4,9.4,-5.2,,0,,
-5.2+9.6,9.6,-5.2,,0,,
-5.4+-0.2,-0.2,-5.4,,0,,
-5.4+-0.4,-0.4,-5.4,,0,,
-5.4+-0.6,-0.6,-5.4,,0,,
-5.4+-0.8,-0.8,-5.4,,0,,
-5.4+-1.0,-1.0,-5.4,,0,,
-5.4+-1.2,-1.2,-5.4,,0,,
-5.4+-1.4,-1.4,-5.4,,0,,
-5.4+-1.6,-1.6,-5.4,-0.33249792,1,-0.3324979245662689,-0.3324979245662689
-5.4+-1.8,-1.8,-5.4,,0,,
-5.4+-2.0,-2.0,-5.4,-0.029227534,1,-0.02922753430902958,-0.02922753430902958
-5.4+-2.2,-2.2,-5.4,,0,,
-5.4+-2.4,-2.4,-5.4,,0,,
-5.4+-2.6,-2.6,-5.4,,0,,
-5.4+-2.8,-2.8,-5.4,,0,,
-5.4+-3.0,-3.0,-5.4,,0,,
-5.4+-3.2,-3.2,-5.4,,0,,
-5.4+-3.4,-3.4,-5.4,,0,,
-5.4+-3.6,-3.6,-5.4,,0,,
-5.4+-3.8,-3.8,-5.4,,0,,
-5.4+-4.0,-4.0,-5.4,,0,,
-5.4+-4.2,-4.2,-5.4,,0,,
-5.4+-4.4,-4.4,-5.4,,0,,
-5.4+-4.6,-4.6,-5.4,,0,,
-5.4+-4.8,-4.8,-5.4,,0,,
-5.4+-5.0,-5.0,-5.4,,0,,
-5.4+-5.2,-5.2,-5.4,,0,,
-5.4+-5.4,-5.4,-5.4,,0,,
-5.4+-5.6,-5.6,-5.4,,0,,
-5.4+-5.8,-5.8,-5.4,,0,,
-5.4+-6.0,-6.0,-5.4,,0,,
-5.4+-6.2,-6.2,-5.4,,0,,
-5.4+-6.4,-6.4,-5.4,,0,,
-5.4+-6.6,-6.6,-5.4,,0,,
-5.4+-6.8,-6.8,-5.4,,0,,
-5.4+-7.0,-7.0,-5.4,,0,,
-5.4+-7.2,-7.2,-5.4,,0,,
-5.4+-7.4,-7.4,-5.4,,0,,
-5.4+-7.6,-7.6,-5.4,,0,,
-5.4+-7.8,-7.8,-5.4,,0,,
-5.4+-8.0,-8.0,-5.4,,0,,
-5.4+0.0,0.0,-5.4,,0,,
-5.4+0.2,0.2,-5.4,,0,,
-5.4+0.4,0.4,-5.4,,0,,
-5.4+0.6,0.6,-5.4,,0,,
-5.4+0.8,0.8,-5.4,,0,,
-5.4+1.0,1.0,-5.4,,0,,
-5.4+1.2,1.2,-5.4,,0,,
-5.4+1.4,1.4,-5.4,,0,,
-5.4+1.6,1.6,-5.4,,0,,
-5.4+1.8,1.8,-5.4,,0,,
-5.4+2.0,2.0,-5.4,,0,,
-5.4+2.2,2.2,-5.4,,0,,
-5.4+2.4,2.4,-5.4,,0,,
-5.4+2.6,2.6,-5.4,,0,,
-5.4+2.8,2.8,-5.4,,0,,
-5.4+3.0,3.0,-5.4,,0,,
-5.4+3.2,3.2,-5.4,,0,,
-5.4+3.4,3.4,-5.4,,0,,
-5.4+3.6,3.6,-5.4,,0,,
-5.4+3.8,3.8,-5.4,,0,,
-5.4+4.0,4.0,-5.4,,0,,
-5.4+4.2,4.2,-5.4,,0,,
-5.4+4.4,4.4,-5.4,,0,,
-5.4+4.6,4.6,-5.4,,0,,
-5.4+4.8,4.8,-5.4,,0,,
-5.4+5.0,5.0,-5.4,,0,,
-5.4+5.2,5.2,-5.4,,0,,
-5.4+5.4,5.4,-5.4,,0,,
-5.4+5.6,5.6,-5.4,,0,,
-5.4+5.8,5.8,-5.4,,0,,
-5.4+6.0,6.0,-5.4,,0,,
-5.4+6.2,6.2,-5.4,,0,,
-5.4+6.4,6.4,-5.4,,0,,
-5.4+6.6,6.6,-5.4,,0,,
-5.4+6.8,6.8,-5.4,,0,,
-5.4+7.0,7.0,-5.4,,0,,
-5.4+7.2,7.2,-5.4,,0,,
-5.4+7.4,7.4,-5.4,,0,,
-5.4+7.6,7.6,-5.4,,0,,
-5.4+7.8,7.8,-5.4,,0,,
-5.4+8.0,8.0,-5.4,,0,,
-5.4+8.2,8.2,-5.4,,0,,
-5.4+8.4,8.4,-5.4,,0,,
-5.4+8.6,8.6,-5.4,,0,,
-5.4+8.8,8.8,-5.4,,0,,
-5.4+9.0,9.0,-5.4,,0,,
-5.4+9.2,9.2,-5.4,,0,,
-5.4+9.4,9.4,-5.4,,0,,
-5.4+9.6,9.6,-5.4,,0,,
-5.6+-0.2,-0.2,-5.6,,0,,
-5.6+-0.4,-0.4,-5.6,,0,,
-5.6+-0.6,-0.6,-5.6,,0,,
-5.6+-0.8,-0.8,-5.6,,0,,
-5.6+-1.0,-1.0,-5.6,,0,,
-5.6+-1.2,-1.2,-5.6,,0,,
-5.6+-1.4,-1.4,-5.6,-0.18852447,1,-0.18852446973323822,-0.18852446973323822
-5.6+-1.6,-1.6,-5.6,-0.33708996,1,-0.3370899558067322,-0.3370899558067322
-5.6+-1.8,-1.8,-5.6,,0,,
-5.6+-2.0,-2.0,-5.6,-0.04048202,1,-0.040482018142938614,-0.040482018142938614
-5.6+-2.2,-2.2,-5.6,,0,,
-5.6+-2.4,-2.4,-5.6,,0,,
-5.6+-2.6,-2.6,-5.6,,0,,
-5.6+-2.8,-2.8,-5.6,,0,,
-5.6+-3.0,-3.0,-5.6,,0,,
-5.6+-3.2,-3.2,-5.6,,0,,
-5.6+-3.4,-3.4,-5.6,,0,,
-5.6+-3.6,-3.6,-5.6,,0,,
-5.6+-3.8,-3.8,-5.6,,0,,
-5.6+-4.0,-4.0,-5.6,,0,,
-5.6+-4.2,-4.2,-5.6,,0,,
-5.6+-4.4,-4.4,-5.6,,0,,
-5.6+-4.6,-4.6,-5.6,,0,,
-5.6+-4.8,-4.8,-5.6,,0,,
-5.6+-5.0,-5.0,-5.6,,0,,
-5.6+-5.2,-5.2,-5.6,,0,,
-5.6+-5.4,-5.4,-5.6,,0,,
-5.6+-5.6,-5.6,-5.6,,0,,
-5.6+-5.8,-5.8,-5.6,,0,,
-5.6+-6.0,-6.0,-5.6,,0,,
-5.6+-6.2,-6.2,-5.6,,0,,
-5.6+-6.4,-6.4,-5.6,,0,,
-5.6+-6.6,-6.6,-5.6,,0,,
-5.6+-6.8,-6.8,-5.6,,0,,
-5.6+-7.0,-7.0,-5.6,,0,,
-5.6+-7.2,-7.2,-5.6,,0,,
-5.6+-7.4,-7.4,-5.6,,0,,
-5.6+-7.6,-7.6,-5.6,,0,,
-5.6+-7.8,-7.8,-5.6,,0,,
-5.6+-8.0,-8.0,-5.6,,0,,
-5.6+0.0,0.0,-5.6,,0,,
-5.6+0.2,0.2,-5.6,,0,,
-5.6+0.4,0.4,-5.6,,0,,
-5.6+0.6,0.6,-5.6,,0,,
-5.6+0.8,0.8,-5.6,,0,,
-5.6+1.0,1.0,-5.6,,0,,
-5.6+1.2,1.2,-5.6,,0,,
-5.6+1.4,1.4,-5.6,,0,,
-5.6+1.6,1.6,-5.6,,0,,
-5.6+1.8,1.8,-5.6,,0,,
-5.6+2.0,2.0,-5.6,,0,,
-5.6+2.2,2.2,-5.6,,0,,
-5.6+2.4,2.4,-5.6,,0,,
-5.6+2.6,2.6,-5.6,,0,,
-5.6+2.8,2.8,-5.6,,0,,
-5.6+3.0,3.0,-5.6,,0,,
-5.6+3.2,3.2,-5.6,,0,,
-5.6+3.4,3.4,-5.6,,0,,
-5.6+3.6,3.6,-5.6,,0,,
-5.6+3.8,3.8,-5.6,,0,,
-5.6+4.0,4.0,-5.6,,0,,
-5.6+4.2,4.2,-5.6,,0,,
-5.6+4.4,4.4,-5.6,,0,,
-5.6+4.6,4.6,-5.6,,0,,
-5.6+4.8,4.8,-5.6,,0,,
-5.6+5.0,5.0,-5.6,,0,,
-5.6+5.2,5.2,-5.6,,0,,
-5.6+5.4,5.4,-5.6,,0,,
-5.6+5.6,5.6,-5.6,,0,,
-5.6+5.8,5.8,-5.6,,0,,
-5.6+6.0,6.0,-5.6,,0,,
-5.6+6.2,6.2,-5.6,,0,,
-5.6+6.4,6.4,-5.6,,0,,
-5.6+6.6,6.6,-5.6,,0,,
-5.6+6.8,6.8,-5.6,,0,,
-5.6+7.0,7.0,-5.6,,0,,
-5.6+7.2,7.2,-5.6,,0,,
-5.6+7.4,7.4,-5.6,,0,,
-5.6+7.6,7.6,-5.6,,0,,
-5.6+7.8,7.8,-5.6,,0,,
-5.6+8.0,8.0,-5.6,,0,,
-5.6+8.2,8.2,-5.6,,0,,
-5.6+8.4,8.4,-5.6,,0,,
-5.6+8.6,8.6,-5.6,,0,,
-5.6+8.8,8.8,-5.6,,0,,
-5.6+9.0,9.0,-5.6,,0,,
-5.6+9.2,9.2,-5.6,,0,,
-5.6+9.4,9.4,-5.6,,0,,
-5.6+9.6,9.6,-5.6,,0,,
-5.8+-0.2,-0.2,-5.8,,0,,
-5.8+-0.4,-0.4,-5.8,,0,,
-5.8+-0.6,-0.6,-5.8,,0,,
-5.8+-0.8,-0.8,-5.8,,0,,
-5.8+-1.0,-1.0,-5.8,,0,,
-5.8+-1.2,-1.2,-5.8,,0,,
-5.8+-1.4,-1.4,-5.8,,0,,
-5.8+-1.6,-1.6,-5.8,-0.18062992,1,-0.1806299239397049,-0.1806299239397049
-5.8+-1.8,-1.8,-5.8,,0,,
-5.8+-2.0,-2.0,-5.8,,0,,
-5.8+-2.2,-2.2,-5.8,,0,,
-5.8+-2.4,-2.4,-5.8,,0,,
-5.8+-2.6,-2.6,-5.8,,0,,
-5.8+-2.8,-2.8,-5.8,,0,,
-5.8+-3.0,-3.0,-5.8,,0,,
-5.8+-3.2,-3.2,-5.8,,0,,
-5.8+-3.4,-3.4,-5.8,,0,,
-5.8+-3.6,-3.6,-5.8,,0,,
-5.8+-3.8,-3.8,-5.8,,0,,
-5.8+-4.0,-4.0,-5.8,,0,,
-5.8+-4.2,-4.2,-5.8,,0,,
-5.8+-4.4,-4.4,-5.8,,0,,
-5.8+-4.6,-4.6,-5.8,,0,,
-5.8+-4.8,-4.8,-5.8,,0,,
-5.8+-5.0,-5.0,-5.8,,0,,
-5.8+-5.2,-5.2,-5.8,,0,,
-5.8+-5.4,-5.4,-5.8,,0,,
-5.8+-5.6,-5.6,-5.8,,0,,
-5.8+-5.8,-5.8,-5.8,,0,,
-5.8+-6.0,-6.0,-5.8,,0,,
-5.8+-6.2,-6.2,-5.8,,0,,
-5.8+-6.4,-6.4,-5.8,,0,,
-5.8+-6.6,-6.6,-5.8,,0,,
-5.8+-6.8,-6.8,-5.8,,0,,
-5.8+-7.0,-7.0,-5.8,,0,,
-5.8+-7.2,-7.2,-5.8,,0,,
-5.8+-7.4,-7.4,-5.8,,0,,
-5.8+-7.6,-7.6,-5.8,,0,,
-5.8+-7.8,-7.8,-5.8,,0,,
-5.8+-8.0,-8.0,-5.8,,0,,
-5.8+0.0,0.0,-5.8,,0,,
-5.8+0.2,0.2,-5.8,,0,,
-5.8+0.4,0.4,-5.8,,0,,
-5.8+0.6,0.6,-5.8,,0,,
-5.8+0.8,0.8,-5.8,,0,,
-5.8+1.0,1.0,-5.8,,0,,
-5.8+1.2,1.2,-5.8,,0,,
-5.8+1.4,1.4,-5.8,,0,,
-5.8+1.6,1.6,-5.8,,0,,
-5.8+1.8,1.8,-5.8,,0,,
-5.8+2.0,2.0,-5.8,,0,,
-5.8+2.2,2.2,-5.8,,0,,
-5.8+2.4,2.4,-5.8,,0,,
-5.8+2.6,2.6,-5.8,,0,,
-5.8+2.8,2.8,-5.8,,0,,
-5.8+3.0,3.0,-5.8,,0,,
-5.8+3.2,3.2,-5.8,,0,,
-5.8+3.4,3.4,-5.8,,0,,
-5.8+3.6,3.6,-5.8,,0,,
-5.8+3.8,3.8,-5.8,,0,,
-5.8+4.0,4.0,-5.8,,0,,
-5.8+4.2,4.2,-5.8,,0,,
-5.8+4.4,4.4,-5.8,,0,,
-5.8+4.6,4.6,-5.8,,0,,
-5.8+4.8,4.8,-5.8,,0,,
-5.8+5.0,5.0,-5.8,,0,,
-5.8+5.2,5.2,-5.8,,0,,
-5.8+5.4,5.4,-5.8,,0,,
-5.8+5.6,5.6,-5.8,,0,,
-5.8+5.8,5.8,-5.8,,0,,
-5.8+6.0,6.0,-5.8,,0,,
-5.8+6.2,6.2,-5.8,,0,,
-5.8+6.4,6.4,-5.8,,0,,
-5.8+6.6,6.6,-5.8,,0,,
-5.8+6.8,6.8,-5.8,,0,,
-5.8+7.0,7.0,-5.8,,0,,
-5.8+7.2,7.2,-5.8,,0,,
-5.8+7.4,7.4,-5.8,,0,,
-5.8+7.6,7.6,-5.8,,0,,
-5.8+7.8,7.8,-5.8,,0,,
-5.8+8.0,8.0,-5.8,,0,,
-5.8+8.2,8.2,-5.8,,0,,
-5.8+8.4,8.4,-5.8,,0,,
-5.8+8.6,8.6,-5.8,,0,,
-5.8+8.8,8.8,-5.8,,0,,
-5.8+9.0,9.0,-5.8,,0,,
-5.8+9.2,9.2,-5.8,,0,,
-5.8+9.4,9.4,-5.8,,0,,
-5.8+9.6,9.6,-5.8,,0,,
-6.0+-0.2,-0.2,-6.0,,0,,
-6.0+-0.4,-0.4,-6.0,,0,,
-6.0+-0.6,-0.6,-6.0,,0,,
-6.0+-0.8,-0.8,-6.0,,0,,
-6.0+-1.0,-1.0,-6.0,,0,,
-6.0+-1.2,-1.2,-6.0,,0,,
-6.0+-1.4,-1.4,-6.0,,0,,
-6.0+-1.6,-1.6,-6.0,,0,,
-6.0+-1.8,-1.8,-6.0,,0,,
-6.0+-2.0,-2.0,-6.0,,0,,
-6.0+-2.2,-2.2,-6.0,,0,,
-6.0+-2.4,-2.4,-6.0,,0,,
-6.0+-2.6,-2.6,-6.0,,0,,
-6.0+-2.8,-2.8,-6.0,,0,,
-6.0+-3.0,-3.0,-6.0,,0,,
-6.0+-3.2,-3.2,-6.0,,0,,
-6.0+-3.4,-3.4,-6.0,,0,,
-6.0+-3.6,-3.6,-6.0,,0,,
-6.0+-3.8,-3.8,-6.0,,0,,
-6.0+-4.0,-4.0,-6.0,,0,,
-6.0+-4.2,-4.2,-6.0,,0,,
-6.0+-4.4,-4.4,-6.0,,0,,
-6.0+-4.6,-4.6,-6.0,,0,,
-6.0+-4.8,-4.8,-6.0,,0,,
-6.0+-5.0,-5.0,-6.0,,0,,
-6.0+-5.2,-5.2,-6.0,,0,,
-6.0+-5.4,-5.4,-6.0,,0,,
-6.0+-5.6,-5.6,-6.0,,0,,
-6.0+-5.8,-5.8,-6.0,,0,,
-6.0+-6.0,-6.0,-6.0,,0,,
-6.0+-6.2,-6.2,-6.0,,0,,
-6.0+-6.4,-6.4,-6.0,,0,,
-6.0+-6.6,-6.6,-6.0,,0,,
-6.0+-6.8,-6.8,-6.0,,0,,
-6.0+-7.0,-7.0,-6.0,,0,,
-6.0+-7.2,-7.2,-6.0,,0,,
-6.0+-7.4,-7.4,-6.0,,0,,
-6.0+-7.6,-7.6,-6.0,,0,,
-6.0+-7.8,-7.8,-6.0,,0,,
-6.0+-8.0,-8.0,-6.0,,0,,
-6.0+0.0,0.0,-6.0,,0,,
-6.0+0.2,0.2,-6.0,,0,,
-6.0+0.4,0.4,-6.0,,0,,
-6.0+0.6,0.6,-6.0,,0,,
-6.0+0.8,0.8,-6.0,,0,,
-6.0+1.0,1.0,-6.0,,0,,
-6.0+1.2,1.2,-6.0,,0,,
-6.0+1.4,1.4,-6.0,,0,,
-6.0+1.6,1.6,-6.0,,0,,
-6.0+1.8,1.8,-6.0,,0,,
-6.0+2.0,2.0,-6.0,,0,,
-6.0+2.2,2.2,-6.0,,0,,
-6.0+2.4,2.4,-6.0,,0,,
-6.0+2.6,2.6,-6.0,,0,,
-6.0+2.8,2.8,-6.0,,0,,
-6.0+3.0,3.0,-6.0,,0,,
-6.0+3.2,3.2,-6.0,,0,,
-6.0+3.4,3.4,-6.0,,0,,
-6.0+3.6,3.6,-6.0,,0,,
-6.0+3.8,3.8,-6.0,,0,,
-6.0+4.0,4.0,-6.0,,0,,
-6.0+4.2,4.2,-6.0,,0,,
-6.0+4.4,4.4,-6.0,,0,,
-6.0+4.6,4.6,-6.0,,0,,
-6.0+4.8,4.8,-6.0,,0,,
-6.0+5.0,5.0,-6.0,,0,,
-6.0+5.2,5.2,-6.0,,0,,
-6.0+5.4,5.4,-6.0,,0,,
-6.0+5.6,5.6,-6.0,,0,,
-6.0+5.8,5.8,-6.0,,0,,
-6.0+6.0,6.0,-6.0,,0,,
-6.0+6.2,6.2,-6.0,,0,,
-6.0+6.4,6.4,-6.0,,0,,
-6.0+6.6,6.6,-6.0,,0,,
-6.0+6.8,6.8,-6.0,,0,,
-6.0+7.0,7.0,-6.0,,0,,
-6.0+7.2,7.2,-6.0,,0,,
-6.0+7.4,7.4,-6.0,,0,,
-6.0+7.6,7.6,-6.0,,0,,
-6.0+7.8,7.8,-6.0,,0,,
-6.0+8.0,8.0,-6.0,,0,,
-6.0+8.2,8.2,-6.0,,0,,
-6.0+8.4,8.4,-6.0,,0,,
-6.0+8.6,8.6,-6.0,,0,,
-6.0+8.8,8.8,-6.0,,0,,
-6.0+9.0,9.0,-6.0,,0,,
-6.0+9.2,9.2,-6.0,,0,,
-6.0+9.4,9.4,-6.0,,0,,
-6.0+9.6,9.6,-6.0,,0,,
-6.2+-0.2,-0.2,-6.2,,0,,
-6.2+-0.4,-0.4,-6.2,,0,,
-6.2+-0.6,-0.6,-6.2,,0,,
-6.2+-0.8,-0.8,-6.2,,0,,
-6.2+-1.0,-1.0,-6.2,,0,,
-6.2+-1.2,-1.2,-6.2,,0,,
-6.2+-1.4,-1.4,-6.2,,0,,
-6.2+-1.6,-1.6,-6.2,,0,,
-6.2+-1.8,-1.8,-6.2,,0,,
-6.2+-2.0,-2.0,-6.2,,0,,
-6.2+-2.2,-2.2,-6.2,,0,,
-6.2+-2.4,-2.4,-6.2,,0,,
-6.2+-2.6,-2.6,-6.2,,0,,
-6.2+-2.8,-2.8,-6.2,,0,,
-6.2+-3.0,-3.0,-6.2,,0,,
-6.2+-3.2,-3.2,-6.2,,0,,
-6.2+-3.4,-3.4,-6.2,,0,,
-6.2+-3.6,-3.6,-6.2,,0,,
-6.2+-3.8,-3.8,-6.2,,0,,
-6.2+-4.0,-4.0,-6.2,,0,,
-6.2+-4.2,-4.2,-6.2,,0,,
-6.2+-4.4,-4.4,-6.2,,0,,
-6.2+-4.6,-4.6,-6.2,,0,,
-6.2+-4.8,-4.8,-6.2,,0,,
-6.2+-5.0,-5.0,-6.2,,0,,
-6.2+-5.2,-5.2,-6.2,,0,,
-6.2+-5.4,-5.4,-6.2,,0,,
-6.2+-5.6,-5.6,-6.2,,0,,
-6.2+-5.8,-5.8,-6.2,,0,,
-6.2+-6.0,-6.0,-6.2,,0,,
-6.2+-6.2,-6.2,-6.2,,0,,
-6.2+-6.4,-6.4,-6.2,,0,,
-6.2+-6.6,-6.6,-6.2,,0,,
-6.2+-6.8,-6.8,-6.2,,0,,
-6.2+-7.0,-7.0,-6.2,,0,,
-6.2+-7.2,-7.2,-6.2,,0,,
-6.2+-7.4,-7.4,-6.2,,0,,
-6.2+-7.6,-7.6,-6.2,,0,,
-6.2+-7.8,-7.8,-6.2,,0,,
-6.2+-8.0,-8.0,-6.2,,0,,
-6.2+0.0,0.0,-6.2,,0,,
-6.2+0.2,0.2,-6.2,,0,,
-6.2+0.4,0.4,-6.2,,0,,
-6.2+0.6,0.6,-6.2,,0,,
-6.2+0.8,0.8,-6.2,,0,,
-6.2+1.0,1.0,-6.2,,0,,
-6.2+1.2,1.2,-6.2,,0,,
-6.2+1.4,1.4,-6.2,,0,,
-6.2+1.6,1.6,-6.2,,0,,
-6.2+1.8,1.8,-6.2,,0,,
-6.2+2.0,2.0,-6.2,,0,,
-6.2+2.2,2.2,-6.2,,0,,
-6.2+2.4,2.4,-6.2,,0,,
-6.2+2.6,2.6,-6.2,,0,,
-6.2+2.8,2.8,-6.2,,0,,
-6.2+3.0,3.0,-6.2,,0,,
-6.2+3.2,3.2,-6.2,,0,,
-6.2+3.4,3.4,-6.2,,0,,
-6.2+3.6,3.6,-6.2,,0,,
-6.2+3.8,3.8,-6.2,,0,,
-6.2+4.0,4.0,-6.2,,0,,
-6.2+4.2,4.2,-6.2,,0,,
-6.2+4.4,4.4,-6.2,,0,,
-6.2+4.6,4.6,-6.2,,0,,
-6.2+4.8,4.8,-6.2,,0,,
-6.2+5.0,5.0,-6.2,,0,,
-6.2+5.2,5.2,-6.2,,0,,
-6.2+5.4,5.4,-6.2,,0,,
-6.2+5.6,5.6,-6.2,,0,,
-6.2+5.8,5.8,-6.2,,0,,
-6.2+6.0,6.0,-6.2,,0,,
-6.2+6.2,6.2,-6.2,,0,,
-6.2+6.4,6.4,-6.2,,0,,
-6.2+6.6,6.6,-6.2,,0,,
-6.2+6.8,6.8,-6.2,,0,,
-6.2+7.0,7.0,-6.2,,0,,
-6.2+7.2,7.2,-6.2,,0,,
-6.2+7.4,7.4,-6.2,,0,,
-6.2+7.6,7.6,-6.2,,0,,
-6.2+7.8,7.8,-6.2,,0,,
-6.2+8.0,8.0,-6.2,,0,,
-6.2+8.2,8.2,-6.2,,0,,
-6.2+8.4,8.4,-6.2,,0,,
-6.2+8.6,8.6,-6.2,,0,,
-6.2+8.8,8.8,-6.2,,0,,
-6.2+9.0,9.0,-6.2,,0,,
-6.2+9.2,9.2,-6.2,,0,,
-6.2+9.4,9.4,-6.2,,0,,
-6.2+9.6,9.6,-6.2,,0,,
-6.4+-0.2,-0.2,-6.4,,0,,
-6.4+-0.4,-0.4,-6.4,,0,,
-6.4+-0.6,-0.6,-6.4,,0,,
-6.4+-0.8,-0.8,-6.4,,0,,
-6.4+-1.0,-1.0,-6.4,,0,,
-6.4+-1.2,-1.2,-6.4,,0,,
-6.4+-1.4,-1.4,-6.4,,0,,
-6.4+-1.6,-1.6,-6.4,,0,,
-6.4+-1.8,-1.8,-6.4,,0,,
-6.4+-2.0,-2.0,-6.4,,0,,
-6.4+-2.2,-2.2,-6.4,,0,,
-6.4+-2.4,-2.4,-6.4,,0,,
-6.4+-2.6,-2.6,-6.4,,0,,
-6.4+-2.8,-2.8,-6.4,,0,,
-6.4+-3.0,-3.0,-6.4,,0,,
-6.4+-3.2,-3.2,-6.4,,0,,
-6.4+-3.4,-3.4,-6.4,,0,,
-6.4+-3.6,-3.6,-6.4,,0,,
-6.4+-3.8,-3.8,-6.4,,0,,
-6.4+-4.0,-4.0,-6.4,,0,,
-6.4+-4.2,-4.2,-6.4,,0,,
-6.4+-4.4,-4.4,-6.4,,0,,
-6.4+-4.6,-4.6,-6.4,,0,,
-6.4+-4.8,-4.8,-6.4,,0,,
-6.4+-5.0,-5.0,-6.4,,0,,
-6.4+-5.2,-5.2,-6.4,,0,,
-6.4+-5.4,-5.4,-6.4,,0,,
-6.4+-5.6,-5.6,-6.4,,0,,
-6.4+-5.8,-5.8,-6.4,,0,,
-6.4+-6.0,-6.0,-6.4,,0,,
-6.4+-6.2,-6.2,-6.4,,0,,
-6.4+-6.4,-6.4,-6.4,,0,,
-6.4+-6.6,-6.6,-6.4,,0,,
-6.4+-6.8,-6.8,-6.4,,0,,
-6.4+-7.0,-7.0,-6.4,,0,,
-6.4+-7.2,-7.2,-6.4,,0,,
-6.4+-7.4,-7.4,-6.4,,0,,
-6.4+-7.6,-7.6,-6.4,,0,,
-6.4+-7.8,-7.8,-6.4,,0,,
-6.4+-8.0,-8.0,-6.4,,0,,
-6.4+0.0,0.0,-6.4,,0,,
-6.4+0.2,0.2,-6.4,,0,,
-6.4+0.4,0.4,-6.4,,0,,
-6.4+0.6,0.6,-6.4,,0,,
-6.4+0.8,0.8,-6.4,,0,,
-6.4+1.0,1.0,-6.4,,0,,
-6.4+1.2,1.2,-6.4,,0,,
-6.4+1.4,1.4,-6.4,,0,,
-6.4+1.6,1.6,-6.4,,0,,
-6.4+1.8,1.8,-6.4,,0,,
-6.4+2.0,2.0,-6.4,,0,,
-6.4+2.2,2.2,-6.4,,0,,
-6.4+2.4,2.4,-6.4,,0,,
-6.4+2.6,2.6,-6.4,,0,,
-6.4+2.8,2.8,-6.4,,0,,
-6.4+3.0,3.0,-6.4,,0,,
-6.4+3.2,3.2,-6.4,,0,,
-6.4+3.4,3.4,-6.4,,0,,
-6.4+3.6,3.6,-6.4,,0,,
-6.4+3.8,3.8,-6.4,,0,,
-6.4+4.0,4.0,-6.4,,0,,
-6.4+4.2,4.2,-6.4,,0,,
-6.4+4.4,4.4,-6.4,,0,,
-6.4+4.6,4.6,-6.4,,0,,
-6.4+4.8,4.8,-6.4,,0,,
-6.4+5.0,5.0,-6.4,,0,,
-6.4+5.2,5.2,-6.4,,0,,
-6.4+5.4,5.4,-6.4,,0,,
-6.4+5.6,5.6,-6.4,,0,,
-6.4+5.8,5.8,-6.4,,0,,
-6.4+6.0,6.0,-6.4,,0,,
-6.4+6.2,6.2,-6.4,,0,,
-6.4+6.4,6.4,-6.4,,0,,
-6.4+6.6,6.6,-6.4,,0,,
-6.4+6.8,6.8,-6.4,,0,,
-6.4+7.0,7.0,-6.4,,0,,
-6.4+7.2,7.2,-6.4,,0,,
-6.4+7.4,7.4,-6.4,,0,,
-6.4+7.6,7.6,-6.4,,0,,
-6.4+7.8,7.8,-6.4,,0,,
-6.4+8.0,8.0,-6.4,,0,,
-6.4+8.2,8.2,-6.4,,0,,
-6.4+8.4,8.4,-6.4,,0,,
-6.4+8.6,8.6,-6.4,,0,,
-6.4+8.8,8.8,-6.4,,0,,
-6.4+9.0,9.0,-6.4,,0,,
-6.4+9.2,9.2,-6.4,,0,,
-6.4+9.4,9.4,-6.4,,0,,
-6.4+9.6,9.6,-6.4,,0,,
-6.6+-0.2,-0.2,-6.6,,0,,
-6.6+-0.4,-0.4,-6.6,,0,,
-6.6+-0.6,-0.6,-6.6,,0,,
-6.6+-0.8,-0.8,-6.6,,0,,
-6.6+-1.0,-1.0,-6.6,,0,,
-6.6+-1.2,-1.2,-6.6,,0,,
-6.6+-1.4,-1.4,-6.6,,0,,
-6.6+-1.6,-1.6,-6.6,,0,,
-6.6+-1.8,-1.8,-6.6,,0,,
-6.6+-2.0,-2.0,-6.6,,0,,
-6.6+-2.2,-2.2,-6.6,,0,,
-6.6+-2.4,-2.4,-6.6,,0,,
-6.6+-2.6,-2.6,-6.6,,0,,
-6.6+-2.8,-2.8,-6.6,,0,,
-6.6+-3.0,-3.0,-6.6,,0,,
-6.6+-3.2,-3.2,-6.6,,0,,
-6.6+-3.4,-3.4,-6.6,,0,,
-6.6+-3.6,-3.6,-6.6,,0,,
-6.6+-3.8,-3.8,-6.6,,0,,
-6.6+-4.0,-4.0,-6.6,,0,,
-6.6+-4.2,-4.2,-6.6,,0,,
-6.6+-4.4,-4.4,-6.6,,0,,
-6.6+-4.6,-4.6,-6.6,,0,,
-6.6+-4.8,-4.8,-6.6,,0,,
-6.6+-5.0,-5.0,-6.6,,0,,
-6.6+-5.2,-5.2,-6.6,,0,,
-6.6+-5.4,-5.4,-6.6,,0,,
-6.6+-5.6,-5.6,-6.6,,0,,
-6.6+-5.8,-5.8,-6.6,,0,,
-6.6+-6.0,-6.0,-6.6,,0,,
-6.6+-6.2,-6.2,-6.6,,0,,
-6.6+-6.4,-6.4,-6.6,,0,,
-6.6+-6.6,-6.6,-6.6,,0,,
-6.6+-6.8,-6.8,-6.6,,0,,
-6.6+-7.0,-7.0,-6.6,,0,,
-6.6+-7.2,-7.2,-6.6,,0,,
-6.6+-7.4,-7.4,-6.6,,0,,
-6.6+-7.6,-7.6,-6.6,,0,,
-6.6+-7.8,-7.8,-6.6,,0,,
-6.6+-8.0,-8.0,-6.6,,0,,
-6.6+0.0,0.0,-6.6,,0,,
-6.6+0.2,0.2,-6.6,,0,,
-6.6+0.4,0.4,-6.6,,0,,
-6.6+0.6,0.6,-6.6,,0,,
-6.6+0.8,0.8,-6.6,,0,,
-6.6+1.0,1.0,-6.6,,0,,
-6.6+1.2,1.2,-6.6,,0,,
-6.6+1.4,1.4,-6.6,,0,,
-6.6+1.6,1.6,-6.6,,0,,
-6.6+1.8,1.8,-6.6,,0,,
-6.6+2.0,2.0,-6.6,,0,,
-6.6+2.2,2.2,-6.6,,0,,
-6.6+2.4,2.4,-6.6,,0,,
-6.6+2.6,2.6,-6.6,,0,,
-6.6+2.8,2.8,-6.6,,0,,
-6.6+3.0,3.0,-6.6,,0,,
-6.6+3.2,3.2,-6.6,,0,,
-6.6+3.4,3.4,-6.6,,0,,
-6.6+3.6,3.6,-6.6,,0,,
-6.6+3.8,3.8,-6.6,,0,,
-6.6+4.0,4.0,-6.6,,0,,
-6.6+4.2,4.2,-6.6,,0,,
-6.6+4.4,4.4,-6.6,,0,,
-6.6+4.6,4.6,-6.6,,0,,
-6.6+4.8,4.8,-6.6,,0,,
-6.6+5.0,5.0,-6.6,,0,,
-6.6+5.2,5.2,-6.6,,0,,
-6.6+5.4,5.4,-6.6,,0,,
-6.6+5.6,5.6,-6.6,,0,,
-6.6+5.8,5.8,-6.6,,0,,
-6.6+6.0,6.0,-6.6,,0,,
-6.6+6.2,6.2,-6.6,,0,,
-6.6+6.4,6.4,-6.6,,0,,
-6.6+6.6,6.6,-6.6,,0,,
-6.6+6.8,6.8,-6.6,,0,,
-6.6+7.0,7.0,-6.6,,0,,
-6.6+7.2,7.2,-6.6,,0,,
-6.6+7.4,7.4,-6.6,,0,,
-6.6+7.6,7.6,-6.6,,0,,
-6.6+7.8,7.8,-6.6,,0,,
-6.6+8.0,8.0,-6.6,,0,,
-6.6+8.2,8.2,-6.6,,0,,
-6.6+8.4,8.4,-6.6,,0,,
-6.6+8.6,8.6,-6.6,,0,,
-6.6+8.8,8.8,-6.6,,0,,
-6.6+9.0,9.0,-6.6,,0,,
-6.6+9.2,9.2,-6.6,,0,,
-6.6+9.4,9.4,-6.6,,0,,
-6.6+9.6,9.6,-6.6,,0,,
-6.8+-0.2,-0.2,-6.8,,0,,
-6.8+-0.4,-0.4,-6.8,,0,,
-6.8+-0.6,-0.6,-6.8,,0,,
-6.8+-0.8,-0.8,-6.8,,0,,
-6.8+-1.0,-1.0,-6.8,,0,,
-6.8+-1.2,-1.2,-6.8,,0,,
-6.8+-1.4,-1.4,-6.8,,0,,
-6.8+-1.6,-1.6,-6.8,,0,,
-6.8+-1.8,-1.8,-6.8,,0,,
-6.8+-2.0,-2.0,-6.8,,0,,
-6.8+-2.2,-2.2,-6.8,,0,,
-6.8+-2.4,-2.4,-6.8,,0,,
-6.8+-2.6,-2.6,-6.8,,0,,
-6.8+-2.8,-2.8,-6.8,,0,,
-6.8+-3.0,-3.0,-6.8,,0,,
-6.8+-3.2,-3.2,-6.8,,0,,
-6.8+-3.4,-3.4,-6.8,,0,,
-6.8+-3.6,-3.6,-6.8,,0,,
-6.8+-3.8,-3.8,-6.8,,0,,
-6.8+-4.0,-4.0,-6.8,,0,,
-6.8+-4.2,-4.2,-6.8,,0,,
-6.8+-4.4,-4.4,-6.8,,0,,
-6.8+-4.6,-4.6,-6.8,,0,,
-6.8+-4.8,-4.8,-6.8,,0,,
-6.8+-5.0,-5.0,-6.8,,0,,
-6.8+-5.2,-5.2,-6.8,,0,,
-6.8+-5.4,-5.4,-6.8,,0,,
-6.8+-5.6,-5.6,-6.8,,0,,
-6.8+-5.8,-5.8,-6.8,,0,,
-6.8+-6.0,-6.0,-6.8,,0,,
-6.8+-6.2,-6.2,-6.8,,0,,
-6.8+-6.4,-6.4,-6.8,,0,,
-6.8+-6.6,-6.6,-6.8,,0,,
-6.8+-6.8,-6.8,-6.8,,0,,
-6.8+-7.0,-7.0,-6.8,,0,,
-6.8+-7.2,-7.2,-6.8,,0,,
-6.8+-7.4,-7.4,-6.8,,0,,
-6.8+-7.6,-7.6,-6.8,,0,,
-6.8+-7.8,-7.8,-6.8,,0,,
-6.8+-8.0,-8.0,-6.8,,0,,
-6.8+0.0,0.0,-6.8,,0,,
-6.8+0.2,0.2,-6.8,,0,,
-6.8+0.4,0.4,-6.8,,0,,
-6.8+0.6,0.6,-6.8,,0,,
-6.8+0.8,0.8,-6.8,,0,,
-6.8+1.0,1.0,-6.8,,0,,
-6.8+1.2,1.2,-6.8,,0,,
-6.8+1.4,1.4,-6.8,,0,,
-6.8+1.6,1.6,-6.8,,0,,
-6.8+1.8,1.8,-6.8,,0,,
-6.8+2.0,2.0,-6.8,,0,,
-6.8+2.2,2.2,-6.8,,0,,
-6.8+2.4,2.4,-6.8,,0,,
-6.8+2.6,2.6,-6.8,,0,,
-6.8+2.8,2.8,-6.8,,0,,
-6.8+3.0,3.0,-6.8,,0,,
-6.8+3.2,3.2,-6.8,,0,,
-6.8+3.4,3.4,-6.8,,0,,
-6.8+3.6,3.6,-6.8,,0,,
-6.8+3.8,3.8,-6.8,,0,,
-6.8+4.0,4.0,-6.8,,0,,
-6.8+4.2,4.2,-6.8,,0,,
-6.8+4.4,4.4,-6.8,,0,,
-6.8+4.6,4.6,-6.8,,0,,
-6.8+4.8,4.8,-6.8,,0,,
-6.8+5.0,5.0,-6.8,,0,,
-6.8+5.2,5.2,-6.8,,0,,
-6.8+5.4,5.4,-6.8,,0,,
-6.8+5.6,5.6,-6.8,,0,,
-6.8+5.8,5.8,-6.8,,0,,
-6.8+6.0,6.0,-6.8,,0,,
-6.8+6.2,6.2,-6.8,,0,,
-6.8+6.4,6.4,-6.8,,0,,
-6.8+6.6,6.6,-6.8,,0,,
-6.8+6.8,6.8,-6.8,,0,,
-6.8+7.0,7.0,-6.8,,0,,
-6.8+7.2,7.2,-6.8,,0,,
-6.8+7.4,7.4,-6.8,,0,,
-6.8+7.6,7.6,-6.8,,0,,
-6.8+7.8,7.8,-6.8,,0,,
-6.8+8.0,8.0,-6.8,,0,,
-6.8+8.2,8.2,-6.8,,0,,
-6.8+8.4,8.4,-6.8,,0,,
-6.8+8.6,8.6,-6.8,,0,,
-6.8+8.8,8.8,-6.8,,0,,
-6.8+9.0,9.0,-6.8,,0,,
-6.8+9.2,9.2,-6.8,,0,,
-6.8+9.4,9.4,-6.8,,0,,
-6.8+9.6,9.6,-6.8,,0,,
-7.0+-0.2,-0.2,-7.0,,0,,
-7.0+-0.4,-0.4,-7.0,,0,,
-7.0+-0.6,-0.6,-7.0,,0,,
-7.0+-0.8,-0.8,-7.0,,0,,
-7.0+-1.0,-1.0,-7.0,,0,,
-7.0+-1.2,-1.2,-7.0,,0,,
-7.0+-1.4,-1.4,-7.0,,0,,
-7.0+-1.6,-1.6,-7.0,,0,,
-7.0+-1.8,-1.8,-7.0,,0,,
-7.0+-2.0,-2.0,-7.0,,0,,
-7.0+-2.2,-2.2,-7.0,,0,,
-7.0+-2.4,-2.4,-7.0,,0,,
-7.0+-2.6,-2.6,-7.0,,0,,
-7.0+-2.8,-2.8,-7.0,,0,,
-7.0+-3.0,-3.0,-7.0,,0,,
-7.0+-3.2,-3.2,-7.0,,0,,
-7.0+-3.4,-3.4,-7.0,,0,,
-7.0+-3.6,-3.6,-7.0,,0,,
-7.0+-3.8,-3.8,-7.0,,0,,
-7.0+-4.0,-4.0,-7.0,,0,,
-7.0+-4.2,-4.2,-7.0,,0,,
-7.0+-4.4,-4.4,-7.0,,0,,
-7.0+-4.6,-4.6,-7.0,,0,,
-7.0+-4.8,-4.8,-7.0,,0,,
-7.0+-5.0,-5.0,-7.0,,0,,
-7.0+-5.2,-5.2,-7.0,,0,,
-7.0+-5.4,-5.4,-7.0,,0,,
-7.0+-5.6,-5.6,-7.0,,0,,
-7.0+-5.8,-5.8,-7.0,,0,,
-7.0+-6.0,-6.0,-7.0,,0,,
-7.0+-6.2,-6.2,-7.0,,0,,
-7.0+-6.4,-6.4,-7.0,,0,,
-7.0+-6.6,-6.6,-7.0,,0,,
-7.0+-6.8,-6.8,-7.0,,0,,
-7.0+-7.0,-7.0,-7.0,,0,,
-7.0+-7.2,-7.2,-7.0,,0,,
-7.0+-7.4,-7.4,-7.0,,0,,
-7.0+-7.6,-7.6,-7.0,,0,,
-7.0+-7.8,-7.8,-7.0,,0,,
-7.0+-8.0,-8.0,-7.0,,0,,
-7.0+0.0,0.0,-7.0,,0,,
-7.0+0.2,0.2,-7.0,,0,,
-7.0+0.4,0.4,-7.0,,0,,
-7.0+0.6,0.6,-7.0,,0,,
-7.0+0.8,0.8,-7.0,,0,,
-7.0+1.0,1.0,-7.0,,0,,
-7.0+1.2,1.2,-7.0,,0,,
-7.0+1.4,1.4,-7.0,,0,,
-7.0+1.6,1.6,-7.0,,0,,
-7.0+1.8,1.8,-7.0,,0,,
-7.0+2.0,2.0,-7.0,,0,,
-7.0+2.2,2.2,-7.0,,0,,
-7.0+2.4,2.4,-7.0,,0,,
-7.0+2.6,2.6,-7.0,,0,,
-7.0+2.8,2.8,-7.0,,0,,
-7.0+3.0,3.0,-7.0,,0,,
-7.0+3.2,3.2,-7.0,,0,,
-7.0+3.4,3.4,-7.0,,0,,
-7.0+3.6,3.6,-7.0,,0,,
-7.0+3.8,3.8,-7.0,,0,,
-7.0+4.0,4.0,-7.0,,0,,
-7.0+4.2,4.2,-7.0,,0,,
-7.0+4.4,4.4,-7.0,,0,,
-7.0+4.6,4.6,-7.0,,0,,
-7.0+4.8,4.8,-7.0,,0,,
-7.0+5.0,5.0,-7.0,,0,,
-7.0+5.2,5.2,-7.0,,0,,
-7.0+5.4,5.4,-7.0,,0,,
-7.0+5.6,5.6,-7.0,,0,,
-7.0+5.8,5.8,-7.0,,0,,
-7.0+6.0,6.0,-7.0,,0,,
-7.0+6.2,6.2,-7.0,,0,,
-7.0+6.4,6.4,-7.0,,0,,
-7.0+6.6,6.6,-7.0,,0,,
-7.0+6.8,6.8,-7.0,,0,,
-7.0+7.0,7.0,-7.0,,0,,
-7.0+7.2,7.2,-7.0,,0,,
-7.0+7.4,7.4,-7.0,,0,,
-7.0+7.6,7.6,-7.0,,0,,
-7.0+7.8,7.8,-7.0,,0,,
-7.0+8.0,8.0,-7.0,,0,,
-7.0+8.2,8.2,-7.0,,0,,
-7.0+8.4,8.4,-7.0,,0,,
-7.0+8.6,8.6,-7.0,,0,,
-7.0+8.8,8.8,-7.0,,0,,
-7.0+9.0,9.0,-7.0,,0,,
-7.0+9.2,9.2,-7.0,,0,,
-7.0+9.4,9.4,-7.0,,0,,
-7.0+9.6,9.6,-7.0,,0,,
-7.2+-0.2,-0.2,-7.2,,0,,
-7.2+-0.4,-0.4,-7.2,,0,,
-7.2+-0.6,-0.6,-7.2,,0,,
-7.2+-0.8,-0.8,-7.2,,0,,
-7.2+-1.0,-1.0,-7.2,,0,,
-7.2+-1.2,-1.2,-7.2,,0,,
-7.2+-1.4,-1.4,-7.2,,0,,
-7.2+-1.6,-1.6,-7.2,,0,,
-7.2+-1.8,-1.8,-7.2,,0,,
-7.2+-2.0,-2.0,-7.2,,0,,
-7.2+-2.2,-2.2,-7.2,,0,,
-7.2+-2.4,-2.4,-7.2,,0,,
-7.2+-2.6,-2.6,-7.2,,0,,
-7.2+-2.8,-2.8,-7.2,,0,,
-7.2+-3.0,-3.0,-7.2,,0,,
-7.2+-3.2,-3.2,-7.2,,0,,
-7.2+-3.4,-3.4,-7.2,,0,,
-7.2+-3.6,-3.6,-7.2,,0,,
-7.2+-3.8,-3.8,-7.2,,0,,
-7.2+-4.0,-4.0,-7.2,,0,,
-7.2+-4.2,-4.2,-7.2,,0,,
-7.2+-4.4,-4.4,-7.2,,0,,
-7.2+-4.6,-4.6,-7.2,,0,,
-7.2+-4.8,-4.8,-7.2,,0,,
-7.2+-5.0,-5.0,-7.2,,0,,
-7.2+-5.2,-5.2,-7.2,,0,,
-7.2+-5.4,-5.4,-7.2,,0,,
-7.2+-5.6,-5.6,-7.2,,0,,
-7.2+-5.8,-5.8,-7.2,,0,,
-7.2+-6.0,-6.0,-7.2,,0,,
-7.2+-6.2,-6.2,-7.2,,0,,
-7.2+-6.4,-6.4,-7.2,,0,,
-7.2+-6.6,-6.6,-7.2,,0,,
-7.2+-6.8,-6.8,-7.2,,0,,
-7.2+-7.0,-7.0,-7.2,,0,,
-7.2+-7.2,-7.2,-7.2,,0,,
-7.2+-7.4,-7.4,-7.2,,0,,
-7.2+-7.6,-7.6,-7.2,,0,,
-7.2+-7.8,-7.8,-7.2,,0,,
-7.2+-8.0,-8.0,-7.2,,0,,
-7.2+0.0,0.0,-7.2,,0,,
-7.2+0.2,0.2,-7.2,,0,,
-7.2+0.4,0.4,-7.2,,0,,
-7.2+0.6,0.6,-7.2,,0,,
-7.2+0.8,0.8,-7.2,,0,,
-7.2+1.0,1.0,-7.2,,0,,
-7.2+1.2,1.2,-7.2,,0,,
-7.2+1.4,1.4,-7.2,,0,,
-7.2+1.6,1.6,-7.2,,0,,
-7.2+1.8,1.8,-7.2,,0,,
-7.2+2.0,2.0,-7.2,,0,,
-7.2+2.2,2.2,-7.2,,0,,
-7.2+2.4,2.4,-7.2,,0,,
-7.2+2.6,2.6,-7.2,,0,,
-7.2+2.8,2.8,-7.2,,0,,
-7.2+3.0,3.0,-7.2,,0,,
-7.2+3.2,3.2,-7.2,,0,,
-7.2+3.4,3.4,-7.2,,0,,
-7.2+3.6,3.6,-7.2,,0,,
-7.2+3.8,3.8,-7.2,,0,,
-7.2+4.0,4.0,-7.2,,0,,
-7.2+4.2,4.2,-7.2,,0,,
-7.2+4.4,4.4,-7.2,,0,,
-7.2+4.6,4.6,-7.2,,0,,
-7.2+4.8,4.8,-7.2,,0,,
-7.2+5.0,5.0,-7.2,,0,,
-7.2+5.2,5.2,-7.2,,0,,
-7.2+5.4,5.4,-7.2,,0,,
-7.2+5.6,5.6,-7.2,,0,,
-7.2+5.8,5.8,-7.2,,0,,
-7.2+6.0,6.0,-7.2,,0,,
-7.2+6.2,6.2,-7.2,,0,,
-7.2+6.4,6.4,-7.2,,0,,
-7.2+6.6,6.6,-7.2,,0,,
-7.2+6.8,6.8,-7.2,,0,,
-7.2+7.0,7.0,-7.2,,0,,
-7.2+7.2,7.2,-7.2,,0,,
-7.2+7.4,7.4,-7.2,,0,,
-7.2+7.6,7.6,-7.2,,0,,
-7.2+7.8,7.8,-7.2,,0,,
-7.2+8.0,8.0,-7.2,,0,,
-7.2+8.2,8.2,-7.2,,0,,
-7.2+8.4,8.4,-7.2,,0,,
-7.2+8.6,8.6,-7.2,,0,,
-7.2+8.8,8.8,-7.2,,0,,
-7.2+9.0,9.0,-7.2,,0,,
-7.2+9.2,9.2,-7.2,,0,,
-7.2+9.4,9.4,-7.2,,0,,
-7.2+9.6,9.6,-7.2,,0,,
-7.4+-0.2,-0.2,-7.4,,0,,
-7.4+-0.4,-0.4,-7.4,,0,,
-7.4+-0.6,-0.6,-7.4,,0,,
-7.4+-0.8,-0.8,-7.4,,0,,
-7.4+-1.0,-1.0,-7.4,,0,,
-7.4+-1.2,-1.2,-7.4,,0,,
-7.4+-1.4,-1.4,-7.4,,0,,
-7.4+-1.6,-1.6,-7.4,,0,,
-7.4+-1.8,-1.8,-7.4,,0,,
-7.4+-2.0,-2.0,-7.4,,0,,
-7.4+-2.2,-2.2,-7.4,,0,,
-7.4+-2.4,-2.4,-7.4,,0,,
-7.4+-2.6,-2.6,-7.4,,0,,
-7.4+-2.8,-2.8,-7.4,,0,,
-7.4+-3.0,-3.0,-7.4,,0,,
-7.4+-3.2,-3.2,-7.4,,0,,
-7.4+-3.4,-3.4,-7.4,,0,,
-7.4+-3.6,-3.6,-7.4,,0,,
-7.4+-3.8,-3.8,-7.4,,0,,
-7.4+-4.0,-4.0,-7.4,,0,,
-7.4+-4.2,-4.2,-7.4,,0,,
-7.4+-4.4,-4.4,-7.4,,0,,
-7.4+-4.6,-4.6,-7.4,,0,,
-7.4+-4.8,-4.8,-7.4,,0,,
-7.4+-5.0,-5.0,-7.4,,0,,
-7.4+-5.2,-5.2,-7.4,,0,,
-7.4+-5.4,-5.4,-7.4,,0,,
-7.4+-5.6,-5.6,-7.4,,0,,
-7.4+-5.8,-5.8,-7.4,,0,,
-7.4+-6.0,-6.0,-7.4,,0,,
-7.4+-6.2,-6.2,-7.4,,0,,
-7.4+-6.4,-6.4,-7.4,,0,,
-7.4+-6.6,-6.6,-7.4,,0,,
-7.4+-6.8,-6.8,-7.4,,0,,
-7.4+-7.0,-7.0,-7.4,,0,,
-7.4+-7.2,-7.2,-7.4,,0,,
-7.4+-7.4,-7.4,-7.4,,0,,
-7.4+-7.6,-7.6,-7.4,,0,,
-7.4+-7.8,-7.8,-7.4,,0,,
-7.4+-8.0,-8.0,-7.4,,0,,
-7.4+0.0,0.0,-7.4,,0,,
-7.4+0.2,0.2,-7.4,,0,,
-7.4+0.4,0.4,-7.4,,0,,
-7.4+0.6,0.6,-7.4,,0,,
-7.4+0.8,0.8,-7.4,,0,,
-7.4+1.0,1.0,-7.4,,0,,
-7.4+1.2,1.2,-7.4,,0,,
-7.4+1.4,1.4,-7.4,,0,,
-7.4+1.6,1.6,-7.4,,0,,
-7.4+1.8,1.8,-7.4,,0,,
-7.4+2.0,2.0,-7.4,,0,,
-7.4+2.2,2.2,-7.4,,0,,
-7.4+2.4,2.4,-7.4,,0,,
-7.4+2.6,2.6,-7.4,,0,,
-7.4+2.8,2.8,-7.4,,0,,
-7.4+3.0,3.0,-7.4,,0,,
-7.4+3.2,3.2,-7.4,,0,,
-7.4+3.4,3.4,-7.4,,0,,
-7.4+3.6,3.6,-7.4,,0,,
-7.4+3.8,3.8,-7.4,,0,,
-7.4+4.0,4.0,-7.4,,0,,
-7.4+4.2,4.2,-7.4,,0,,
-7.4+4.4,4.4,-7.4,,0,,
-7.4+4.6,4.6,-7.4,,0,,
-7.4+4.8,4.8,-7.4,,0,,
-7.4+5.0,5.0,-7.4,,0,,
-7.4+5.2,5.2,-7.4,,0,,
-7.4+5.4,5.4,-7.4,,0,,
-7.4+5.6,5.6,-7.4,,0,,
-7.4+5.8,5.8,-7.4,,0,,
-7.4+6.0,6.0,-7.4,,0,,
-7.4+6.2,6.2,-7.4,,0,,
-7.4+6.4,6.4,-7.4,,0,,
-7.4+6.6,6.6,-7.4,,0,,
-7.4+6.8,6.8,-7.4,,0,,
-7.4+7.0,7.0,-7.4,,0,,
-7.4+7.2,7.2,-7.4,,0,,
-7.4+7.4,7.4,-7.4,,0,,
-7.4+7.6,7.6,-7.4,,0,,
-7.4+7.8,7.8,-7.4,,0,,
-7.4+8.0,8.0,-7.4,,0,,
-7.4+8.2,8.2,-7.4,,0,,
-7.4+8.4,8.4,-7.4,,0,,
-7.4+8.6,8.6,-7.4,,0,,
-7.4+8.8,8.8,-7.4,,0,,
-7.4+9.0,9.0,-7.4,,0,,
-7.4+9.2,9.2,-7.4,,0,,
-7.4+9.4,9.4,-7.4,,0,,
-7.4+9.6,9.6,-7.4,,0,,
-7.6+-0.2,-0.2,-7.6,,0,,
-7.6+-0.4,-0.4,-7.6,,0,,
-7.6+-0.6,-0.6,-7.6,,0,,
-7.6+-0.8,-0.8,-7.6,,0,,
-7.6+-1.0,-1.0,-7.6,,0,,
-7.6+-1.2,-1.2,-7.6,,0,,
-7.6+-1.4,-1.4,-7.6,,0,,
-7.6+-1.6,-1.6,-7.6,,0,,
-7.6+-1.8,-1.8,-7.6,,0,,
-7.6+-2.0,-2.0,-7.6,,0,,
-7.6+-2.2,-2.2,-7.6,,0,,
-7.6+-2.4,-2.4,-7.6,,0,,
-7.6+-2.6,-2.6,-7.6,,0,,
-7.6+-2.8,-2.8,-7.6,,0,,
-7.6+-3.0,-3.0,-7.6,,0,,
-7.6+-3.2,-3.2,-7.6,,0,,
-7.6+-3.4,-3.4,-7.6,,0,,
-7.6+-3.6,-3.6,-7.6,,0,,
-7.6+-3.8,-3.8,-7.6,,0,,
-7.6+-4.0,-4.0,-7.6,,0,,
-7.6+-4.2,-4.2,-7.6,,0,,
-7.6+-4.4,-4.4,-7.6,,0,,
-7.6+-4.6,-4.6,-7.6,,0,,
-7.6+-4.8,-4.8,-7.6,,0,,
-7.6+-5.0,-5.0,-7.6,,0,,
-7.6+-5.2,-5.2,-7.6,,0,,
-7.6+-5.4,-5.4,-7.6,,0,,
-7.6+-5.6,-5.6,-7.6,,0,,
-7.6+-5.8,-5.8,-7.6,,0,,
-7.6+-6.0,-6.0,-7.6,,0,,
-7.6+-6.2,-6.2,-7.6,,0,,
-7.6+-6.4,-6.4,-7.6,,0,,
-7.6+-6.6,-6.6,-7.6,,0,,
-7.6+-6.8,-6.8,-7.6,,0,,
-7.6+-7.0,-7.0,-7.6,,0,,
-7.6+-7.2,-7.2,-7.6,,0,,
-7.6+-7.4,-7.4,-7.6,,0,,
-7.6+-7.6,-7.6,-7.6,,0,,
-7.6+-7.8,-7.8,-7.6,,0,,
-7.6+-8.0,-8.0,-7.6,,0,,
-7.6+0.0,0.0,-7.6,,0,,
-7.6+0.2,0.2,-7.6,,0,,
-7.6+0.4,0.4,-7.6,,0,,
-7.6+0.6,0.6,-7.6,,0,,
-7.6+0.8,0.8,-7.6,,0,,
-7.6+1.0,1.0,-7.6,,0,,
-7.6+1.2,1.2,-7.6,,0,,
-7.6+1.4,1.4,-7.6,,0,,
-7.6+1.6,1.6,-7.6,,0,,
-7.6+1.8,1.8,-7.6,,0,,
-7.6+2.0,2.0,-7.6,,0,,
-7.6+2.2,2.2,-7.6,,0,,
-7.6+2.4,2.4,-7.6,,0,,
-7.6+2.6,2.6,-7.6,,0,,
-7.6+2.8,2.8,-7.6,,0,,
-7.6+3.0,3.0,-7.6,,0,,
-7.6+3.2,3.2,-7.6,,0,,
-7.6+3.4,3.4,-7.6,,0,,
-7.6+3.6,3.6,-7.6,,0,,
-7.6+3.8,3.8,-7.6,,0,,
-7.6+4.0,4.0,-7.6,,0,,
-7.6+4.2,4.2,-7.6,,0,,
-7.6+4.4,4.4,-7.6,,0,,
-7.6+4.6,4.6,-7.6,,0,,
-7.6+4.8,4.8,-7.6,,0,,
-7.6+5.0,5.0,-7.6,,0,,
-7.6+5.2,5.2,-7.6,,0,,
-7.6+5.4,5.4,-7.6,,0,,
-7.6+5.6,5.6,-7.6,,0,,
-7.6+5.8,5.8,-7.6,,0,,
-7.6+6.0,6.0,-7.6,,0,,
-7.6+6.2,6.2,-7.6,,0,,
-7.6+6.4,6.4,-7.6,,0,,
-7.6+6.6,6.6,-7.6,,0,,
-7.6+6.8,6.8,-7.6,,0,,
-7.6+7.0,7.0,-7.6,,0,,
-7.6+7.2,7.2,-7.6,,0,,
-7.6+7.4,7.4,-7.6,,0,,
-7.6+7.6,7.6,-7.6,,0,,
-7.6+7.8,7.8,-7.6,,0,,
-7.6+8.0,8.0,-7.6,,0,,
-7.6+8.2,8.2,-7.6,,0,,
-7.6+8.4,8.4,-7.6,,0,,
-7.6+8.6,8.6,-7.6,,0,,
-7.6+8.8,8.8,-7.6,,0,,
-7.6+9.0,9.0,-7.6,,0,,
-7.6+9.2,9.2,-7.6,,0,,
-7.6+9.4,9.4,-7.6,,0,,
-7.6+9.6,9.6,-7.6,,0,,
-7.8+-0.2,-0.2,-7.8,,0,,
-7.8+-0.4,-0.4,-7.8,,0,,
-7.8+-0.6,-0.6,-7.8,,0,,
-7.8+-0.8,-0.8,-7.8,,0,,
-7.8+-1.0,-1.0,-7.8,,0,,
-7.8+-1.2,-1.2,-7.8,,0,,
-7.8+-1.4,-1.4,-7.8,,0,,
-7.8+-1.6,-1.6,-7.8,,0,,
-7.8+-1.8,-1.8,-7.8,,0,,
-7.8+-2.0,-2.0,-7.8,,0,,
-7.8+-2.2,-2.2,-7.8,,0,,
-7.8+-2.4,-2.4,-7.8,,0,,
-7.8+-2.6,-2.6,-7.8,,0,,
-7.8+-2.8,-2.8,-7.8,,0,,
-7.8+-3.0,-3.0,-7.8,,0,,
-7.8+-3.2,-3.2,-7.8,,0,,
-7.8+-3.4,-3.4,-7.8,,0,,
-7.8+-3.6,-3.6,-7.8,,0,,
-7.8+-3.8,-3.8,-7.8,,0,,
-7.8+-4.0,-4.0,-7.8,,0,,
-7.8+-4.2,-4.2,-7.8,,0,,
-7.8+-4.4,-4.4,-7.8,,0,,
-7.8+-4.6,-4.6,-7.8,,0,,
-7.8+-4.8,-4.8,-7.8,,0,,
-7.8+-5.0,-5.0,-7.8,,0,,
-7.8+-5.2,-5.2,-7.8,,0,,
-7.8+-5.4,-5.4,-7.8,,0,,
-7.8+-5.6,-5.6,-7.8,,0,,
-7.8+-5.8,-5.8,-7.8,,0,,
-7.8+-6.0,-6.0,-7.8,,0,,
-7.8+-6.2,-6.2,-7.8,,0,,
-7.8+-6.4,-6.4,-7.8,,0,,
-7.8+-6.6,-6.6,-7.8,,0,,
-7.8+-6.8,-6.8,-7.8,,0,,
-7.8+-7.0,-7.0,-7.8,,0,,
-7.8+-7.2,-7.2,-7.8,,0,,
-7.8+-7.4,-7.4,-7.8,,0,,
-7.8+-7.6,-7.6,-7.8,,0,,
-7.8+-7.8,-7.8,-7.8,,0,,
-7.8+-8.0,-8.0,-7.8,,0,,
-7.8+0.0,0.0,-7.8,,0,,
-7.8+0.2,0.2,-7.8,,0,,
-7.8+0.4,0.4,-7.8,,0,,
-7.8+0.6,0.6,-7.8,,0,,
-7.8+0.8,0.8,-7.8,,0,,
-7.8+1.0,1.0,-7.8,,0,,
-7.8+1.2,1.2,-7.8,,0,,
-7.8+1.4,1.4,-7.8,,0,,
-7.8+1.6,1.6,-7.8,,0,,
-7.8+1.8,1.8,-7.8,,0,,
-7.8+2.0,2.0,-7.8,,0,,
-7.8+2.2,2.2,-7.8,,0,,
-7.8+2.4,2.4,-7.8,,0,,
-7.8+2.6,2.6,-7.8,,0,,
-7.8+2.8,2.8,-7.8,,0,,
-7.8+3.0,3.0,-7.8,,0,,
-7.8+3.2,3.2,-7.8,,0,,
-7.8+3.4,3.4,-7.8,,0,,
-7.8+3.6,3.6,-7.8,,0,,
-7.8+3.8,3.8,-7.8,,0,,
-7.8+4.0,4.0,-7.8,,0,,
-7.8+4.2,4.2,-7.8,,0,,
-7.8+4.4,4.4,-7.8,,0,,
-7.8+4.6,4.6,-7.8,,0,,
-7.8+4.8,4.8,-7.8,,0,,
-7.8+5.0,5.0,-7.8,,0,,
-7.8+5.2,5.2,-7.8,,0,,
-7.8+5.4,5.4,-7.8,,0,,
-7.8+5.6,5.6,-7.8,,0,,
-7.8+5.8,5.8,-7.8,,0,,
-7.8+6.0,6.0,-7.8,,0,,
-7.8+6.2,6.2,-7.8,,0,,
-7.8+6.4,6.4,-7.8,,0,,
-7.8+6.6,6.6,-7.8,,0,,
-7.8+6.8,6.8,-7.8,,0,,
-7.8+7.0,7.0,-7.8,,0,,
-7.8+7.2,7.2,-7.8,,0,,
-7.8+7.4,7.4,-7.8,,0,,
-7.8+7.6,7.6,-7.8,,0,,
-7.8+7.8,7.8,-7.8,,0,,
-7.8+8.0,8.0,-7.8,,0,,
-7.8+8.2,8.2,-7.8,,0,,
-7.8+8.4,8.4,-7.8,,0,,
-7.8+8.6,8.6,-7.8,,0,,
-7.8+8.8,8.8,-7.8,,0,,
-7.8+9.0,9.0,-7.8,,0,,
-7.8+9.2,9.2,-7.8,,0,,
-7.8+9.4,9.4,-7.8,,0,,
-7.8+9.6,9.6,-7.8,,0,,
-8.0+-0.2,-0.2,-8.0,,0,,
-8.0+-0.4,-0.4,-8.0,,0,,
-8.0+-0.6,-0.6,-8.0,,0,,
-8.0+-0.8,-0.8,-8.0,,0,,
-8.0+-1.0,-1.0,-8.0,,0,,
-8.0+-1.2,-1.2,-8.0,,0,,
-8.0+-1.4,-1.4,-8.0,,0,,
-8.0+-1.6,-1.6,-8.0,,0,,
-8.0+-1.8,-1.8,-8.0,,0,,
-8.0+-2.0,-2.0,-8.0,,0,,
-8.0+-2.2,-2.2,-8.0,,0,,
-8.0+-2.4,-2.4,-8.0,,0,,
-8.0+-2.6,-2.6,-8.0,,0,,
-8.0+-2.8,-2.8,-8.0,,0,,
-8.0+-3.0,-3.0,-8.0,,0,,
-8.0+-3.2,-3.2,-8.0,,0,,
-8.0+-3.4,-3.4,-8.0,,0,,
-8.0+-3.6,-3.6,-8.0,,0,,
-8.0+-3.8,-3.8,-8.0,,0,,
-8.0+-4.0,-4.0,-8.0,,0,,
-8.0+-4.2,-4.2,-8.0,,0,,
-8.0+-4.4,-4.4,-8.0,,0,,
-8.0+-4.6,-4.6,-8.0,,0,,
-8.0+-4.8,-4.8,-8.0,,0,,
-8.0+-5.0,-5.0,-8.0,,0,,
-8.0+-5.2,-5.2,-8.0,,0,,
-8.0+-5.4,-5.4,-8.0,,0,,
-8.0+-5.6,-5.6,-8.0,,0,,
-8.0+-5.8,-5.8,-8.0,,0,,
-8.0+-6.0,-6.0,-8.0,,0,,
-8.0+-6.2,-6.2,-8.0,,0,,
-8.0+-6.4,-6.4,-8.0,,0,,
-8.0+-6.6,-6.6,-8.0,,0,,
-8.0+-6.8,-6.8,-8.0,,0,,
-8.0+-7.0,-7.0,-8.0,,0,,
-8.0+-7.2,-7.2,-8.0,,0,,
-8.0+-7.4,-7.4,-8.0,,0,,
-8.0+-7.6,-7.6,-8.0,,0,,
-8.0+-7.8,-7.8,-8.0,,0,,
-8.0+-8.0,-8.0,-8.0,,0,,
-8.0+0.0,0.0,-8.0,,0,,
-8.0+0.2,0.2,-8.0,,0,,
-8.0+0.4,0.4,-8.0,,0,,
-8.0+0.6,0.6,-8.0,,0,,
-8.0+0.8,0.8,-8.0,,0,,
-8.0+1.0,1.0,-8.0,,0,,
-8.0+1.2,1.2,-8.0,,0,,
-8.0+1.4,1.4,-8.0,,0,,
-8.0+1.6,1.6,-8.0,,0,,
-8.0+1.8,1.8,-8.0,,0,,
-8.0+2.0,2.0,-8.0,,0,,
-8.0+2.2,2.2,-8.0,,0,,
-8.0+2.4,2.4,-8.0,,0,,
-8.0+2.6,2.6,-8.0,,0,,
-8.0+2.8,2.8,-8.0,,0,,
-8.0+3.0,3.0,-8.0,,0,,
-8.0+3.2,3.2,-8.0,,0,,
-8.0+3.4,3.4,-8.0,,0,,
-8.0+3.6,3.6,-8.0,,0,,
-8.0+3.8,3.8,-8.0,,0,,
-8.0+4.0,4.0,-8.0,,0,,
-8.0+4.2,4.2,-8.0,,0,,
-8.0+4.4,4.4,-8.0,,0,,
-8.0+4.6,4.6,-8.0,,0,,
-8.0+4.8,4.8,-8.0,,0,,
-8.0+5.0,5.0,-8.0,,0,,
-8.0+5.2,5.2,-8.0,,0,,
-8.0+5.4,5.4,-8.0,,0,,
-8.0+5.6,5.6,-8.0,,0,,
-8.0+5.8,5.8,-8.0,,0,,
-8.0+6.0,6.0,-8.0,,0,,
-8.0+6.2,6.2,-8.0,,0,,
-8.0+6.4,6.4,-8.0,,0,,
-8.0+6.6,6.6,-8.0,,0,,
-8.0+6.8,6.8,-8.0,,0,,
-8.0+7.0,7.0,-8.0,,0,,
-8.0+7.2,7.2,-8.0,,0,,
-8.0+7.4,7.4,-8.0,,0,,
-8.0+7.6,7.6,-8.0,,0,,
-8.0+7.8,7.8,-8.0,,0,,
-8.0+8.0,8.0,-8.0,,0,,
-8.0+8.2,8.2,-8.0,,0,,
-8.0+8.4,8.4,-8.0,,0,,
-8.0+8.6,8.6,-8.0,,0,,
-8.0+8.8,8.8,-8.0,,0,,
-8.0+9.0,9.0,-8.0,,0,,
-8.0+9.2,9.2,-8.0,,0,,
-8.0+9.4,9.4,-8.0,,0,,
-8.0+9.6,9.6,-8.0,,0,,
0.0+-0.2,-0.2,0.0,-0.113867305,119,-0.17087135463953018,-0.0642814002931118
0.0+-0.4,-0.4,0.0,-0.17369188,118,-0.23473213613033295,-0.12036910094320774
0.0+-0.6,-0.6,0.0,-0.21616319,118,-0.2733276039361954,-0.14592115581035614
0.0+-0.8,-0.8,0.0,-0.23577252,118,-0.3034304976463318,-0.14737873524427414
0.0+-1.0,-1.0,0.0,-0.19642898,116,-0.3189767301082611,-0.06997266411781311
0.0+-1.2,-1.2,0.0,-0.14028952,111,-0.32138878107070923,-0.026468122377991676
0.0+-1.4,-1.4,0.0,-0.20682034,90,-0.3175136670470238,0.04445856413803995
0.0+-1.6,-1.6,0.0,-0.14758188,51,-0.32721254229545593,0.06608667224645615
0.0+-1.8,-1.8,0.0,0.013478781,20,-0.2415250986814499,0.11669677868485451
0.0+-2.0,-2.0,0.0,0.03142223,4,-0.45759505592286587,0.06557097472250462
0.0+-2.2,-2.2,0.0,,0,,
0.0+-2.4,-2.4,0.0,,0,,
0.0+-2.6,-2.6,0.0,,0,,
0.0+-2.8,-2.8,0.0,,0,,
0.0+-3.0,-3.0,0.0,,0,,
0.0+-3.2,-3.2,0.0,,0,,
0.0+-3.4,-3.4,0.0,,0,,
0.0+-3.6,-3.6,0.0,,0,,
0.0+-3.8,-3.8,0.0,,0,,
0.0+-4.0,-4.0,0.0,,0,,
0.0+-4.2,-4.2,0.0,,0,,
0.0+-4.4,-4.4,0.0,,0,,
0.0+-4.6,-4.6,0.0,,0,,
0.0+-4.8,-4.8,0.0,,0,,
0.0+-5.0,-5.0,0.0,,0,,
0.0+-5.2,-5.2,0.0,,0,,
0.0+-5.4,-5.4,0.0,,0,,
0.0+-5.6,-5.6,0.0,,0,,
0.0+-5.8,-5.8,0.0,,0,,
0.0+-6.0,-6.0,0.0,,0,,
0.0+-6.2,-6.2,0.0,,0,,
0.0+-6.4,-6.4,0.0,,0,,
0.0+-6.6,-6.6,0.0,,0,,
0.0+-6.8,-6.8,0.0,,0,,
0.0+-7.0,-7.0,0.0,,0,,
0.0+-7.2,-7.2,0.0,,0,,
0.0+-7.4,-7.4,0.0,,0,,
0.0+-7.6,-7.6,0.0,,0,,
0.0+-7.8,-7.8,0.0,,0,,
0.0+-8.0,-8.0,0.0,,0,,
0.0+0.0,0.0,0.0,-0.05768651,119,-0.12027124688029289,0.013037409167736769
0.0+0.2,0.2,0.0,0.01609051,119,-0.03801695443689823,0.0983830951154232
0.0+0.4,0.4,0.0,0.0962809,117,0.03757074475288391,0.16744762659072876
0.0+0.6,0.6,0.0,0.17706756,110,0.0959043987095356,0.26120368391275406
0.0+0.8,0.8,0.0,0.25877577,100,0.16419707611203194,0.3682936355471611
0.0+1.0,1.0,0.0,0.34735456,84,0.2026604823768139,0.4737892597913742
0.0+1.2,1.2,0.0,0.35173243,70,0.19592395797371864,0.49727606028318405
0.0+1.4,1.4,0.0,0.3626873,41,0.192671999335289,0.4903469979763031
0.0+1.6,1.6,0.0,0.43338466,27,0.3494674265384674,0.60038161277771
0.0+1.8,1.8,0.0,0.44346198,19,0.276657834649086,0.6622722446918488
0.0+2.0,2.0,0.0,0.3537747,14,0.22263987362384796,0.6549784690141678
0.0+2.2,2.2,0.0,0.34169894,6,0.29467929899692535,0.6053331419825554
0.0+2.4,2.4,0.0,0.47394204,3,0.011636137962341309,0.4810059517621994
0.0+2.6,2.6,0.0,-0.24590574,1,-0.24590574204921722,-0.24590574204921722
0.0+2.8,2.8,0.0,,0,,
0.0+3.0,3.0,0.0,-0.76771873,1,-0.7677187323570251,-0.7677187323570251
0.0+3.2,3.2,0.0,-0.20091884,1,-0.20091883838176727,-0.20091883838176727
0.0+3.4,3.4,0.0,-0.56944716,1,-0.5694471597671509,-0.5694471597671509
0.0+3.6,3.6,0.0,,0,,
0.0+3.8,3.8,0.0,,0,,
0.0+4.0,4.0,0.0,,0,,
0.0+4.2,4.2,0.0,,0,,
0.0+4.4,4.4,0.0,,0,,
0.0+4.6,4.6,0.0,,0,,
0.0+4.8,4.8,0.0,,0,,
0.0+5.0,5.0,0.0,,0,,
0.0+5.2,5.2,0.0,,0,,
0.0+5.4,5.4,0.0,,0,,
0.0+5.6,5.6,0.0,,0,,
0.0+5.8,5.8,0.0,,0,,
0.0+6.0,6.0,0.0,,0,,
0.0+6.2,6.2,0.0,,0,,
0.0+6.4,6.4,0.0,,0,,
0.0+6.6,6.6,0.0,,0,,
0.0+6.8,6.8,0.0,,0,,
0.0+7.0,7.0,0.0,,0,,
0.0+7.2,7.2,0.0,,0,,
0.0+7.4,7.4,0.0,,0,,
0.0+7.6,7.6,0.0,,0,,
0.0+7.8,7.8,0.0,,0,,
0.0+8.0,8.0,0.0,,0,,
0.0+8.2,8.2,0.0,,0,,
0.0+8.4,8.4,0.0,,0,,
0.0+8.6,8.6,0.0,,0,,
0.0+8.8,8.8,0.0,,0,,
0.0+9.0,9.0,0.0,,0,,
0.0+9.2,9.2,0.0,,0,,
0.0+9.4,9.4,0.0,,0,,
0.0+9.6,9.6,0.0,,0,,
0.2+-0.2,-0.2,0.2,-0.11661942,119,-0.17256031930446625,-0.07370197400450706
0.2+-0.4,-0.4,0.2,-0.17560075,118,-0.2241925448179245,-0.12159936130046844
0.2+-0.6,-0.6,0.2,-0.20252773,119,-0.2593638002872467,-0.14083553105592728
0.2+-0.8,-0.8,0.2,-0.22696975,116,-0.29917801171541214,-0.13153086602687836
0.2+-1.0,-1.0,0.2,-0.20179678,111,-0.3537558615207672,-0.039606813341379166
0.2+-1.2,-1.2,0.2,-0.15139337,106,-0.30170445144176483,-0.03476496832445264
0.2+-1.4,-1.4,0.2,-0.13900778,81,-0.30777162313461304,-0.0006567451637238264
0.2+-1.6,-1.6,0.2,-0.16562384,43,-0.30606335401535034,0.08217748999595642
0.2+-1.8,-1.8,0.2,-0.010261162,12,-0.22583044692873955,0.13935250416398048
0.2+-2.0,-2.0,0.2,0.059566297,1,0.05956629663705826,0.05956629663705826
0.2+-2.2,-2.2,0.2,,0,,
0.2+-2.4,-2.4,0.2,,0,,
0.2+-2.6,-2.6,0.2,,0,,
0.2+-2.8,-2.8,0.2,,0,,
0.2+-3.0,-3.0,0.2,,0,,
0.2+-3.2,-3.2,0.2,,0,,
0.2+-3.4,-3.4,0.2,,0,,
0.2+-3.6,-3.6,0.2,,0,,
0.2+-3.8,-3.8,0.2,,0,,
0.2+-4.0,-4.0,0.2,,0,,
0.2+-4.2,-4.2,0.2,,0,,
0.2+-4.4,-4.4,0.2,,0,,
0.2+-4.6,-4.6,0.2,,0,,
0.2+-4.8,-4.8,0.2,,0,,
0.2+-5.0,-5.0,0.2,,0,,
0.2+-5.2,-5.2,0.2,,0,,
0.2+-5.4,-5.4,0.2,,0,,
0.2+-5.6,-5.6,0.2,,0,,
0.2+-5.8,-5.8,0.2,,0,,
0.2+-6.0,-6.0,0.2,,0,,
0.2+-6.2,-6.2,0.2,,0,,
0.2+-6.4,-6.4,0.2,,0,,
0.2+-6.6,-6.6,0.2,,0,,
0.2+-6.8,-6.8,0.2,,0,,
0.2+-7.0,-7.0,0.2,,0,,
0.2+-7.2,-7.2,0.2,,0,,
0.2+-7.4,-7.4,0.2,,0,,
0.2+-7.6,-7.6,0.2,,0,,
0.2+-7.8,-7.8,0.2,,0,,
0.2+-8.0,-8.0,0.2,,0,,
0.2+0.0,0.0,0.2,-0.07088577,119,-0.12783215939998627,-0.01578481961041689
0.2+0.2,0.2,0.2,0.00731466,119,-0.04894385114312172,0.0710362121462822
0.2+0.4,0.4,0.2,0.073678225,119,0.023523776791989803,0.15072042495012283
0.2+0.6,0.6,0.2,0.14685462,117,0.08849170058965683,0.22423243522644043
0.2+0.8,0.8,0.2,0.23522717,113,0.15733520686626434,0.32411521673202515
0.2+1.0,1.0,0.2,0.3170849,104,0.2271023616194725,0.41300344467163086
0.2+1.2,1.2,0.2,0.38339007,86,0.22946781292557716,0.5010470077395439
0.2+1.4,1.4,0.2,0.43635517,68,0.2947215773165226,0.6123289614915848
0.2+1.6,1.6,0.2,0.52957886,44,0.24481859803199768,0.6590123325586319
0.2+1.8,1.8,0.2,0.5173283,27,0.2791791260242462,0.6847498118877411
0.2+2.0,2.0,0.2,0.56670254,21,0.32792046666145325,0.7789314389228821
0.2+2.2,2.2,0.2,0.4145353,13,0.2383018285036087,0.646861732006073
0.2+2.4,2.4,0.2,0.6336954,8,0.20478129666298628,0.7972952723503113
0.2+2.6,2.6,0.2,0.6210293,6,0.37556542456150055,0.8486112952232361
0.2+2.8,2.8,0.2,0.42535663,2,0.22226489894092083,0.6284483317285776
0.2+3.0,3.0,0.2,0.3133672,1,0.31336718797683716,0.31336718797683716
0.2+3.2,3.2,0.2,-0.7635982,1,-0.7635982036590576,-0.7635982036590576
0.2+3.4,3.4,0.2,-0.17388466,1,-0.17388466000556946,-0.17388466000556946
0.2+3.6,3.6,0.2,,0,,
0.2+3.8,3.8,0.2,,0,,
0.2+4.0,4.0,0.2,,0,,
0.2+4.2,4.2,0.2,,0,,
0.2+4.4,4.4,0.2,,0,,
0.2+4.6,4.6,0.2,,0,,
0.2+4.8,4.8,0.2,,0,,
0.2+5.0,5.0,0.2,,0,,
0.2+5.2,5.2,0.2,,0,,
0.2+5.4,5.4,0.2,,0,,
0.2+5.6,5.6,0.2,,0,,
0.2+5.8,5.8,0.2,,0,,
0.2+6.0,6.0,0.2,,0,,
0.2+6.2,6.2,0.2,,0,,
0.2+6.4,6.4,0.2,,0,,
0.2+6.6,6.6,0.2,,0,,
0.2+6.8,6.8,0.2,,0,,
0.2+7.0,7.0,0.2,,0,,
0.2+7.2,7.2,0.2,,0,,
0.2+7.4,7.4,0.2,,0,,
0.2+7.6,7.6,0.2,,0,,
0.2+7.8,7.8,0.2,,0,,
0.2+8.0,8.0,0.2,,0,,
0.2+8.2,8.2,0.2,,0,,
0.2+8.4,8.4,0.2,,0,,
0.2+8.6,8.6,0.2,,0,,
0.2+8.8,8.8,0.2,,0,,
0.2+9.0,9.0,0.2,,0,,
0.2+9.2,9.2,0.2,,0,,
0.2+9.4,9.4,0.2,,0,,
0.2+9.6,9.6,0.2,,0,,
0.4+-0.2,-0.2,0.4,-0.1357228,119,-0.17734020203351974,-0.07990428060293198
0.4+-0.4,-0.4,0.4,-0.16984913,117,-0.22108261287212372,-0.10419675707817078
0.4+-0.6,-0.6,0.4,-0.19385216,114,-0.26529473811388016,-0.09997377544641495
0.4+-0.8,-0.8,0.4,-0.21598876,115,-0.30702657997608185,-0.11613435298204422
0.4+-1.0,-1.0,0.4,-0.19938552,104,-0.30540015548467636,-0.02201599394902587
0.4+-1.2,-1.2,0.4,-0.1298393,96,-0.29545021057128906,0.005036993185058236
0.4+-1.4,-1.4,0.4,-0.1383741,63,-0.3242921829223633,-0.009735405910760164
0.4+-1.6,-1.6,0.4,-0.13303143,28,-0.29989419132471085,0.15973541885614395
0.4+-1.8,-1.8,0.4,-0.13196422,5,-0.39116212725639343,0.19350606203079224
0.4+-2.0,-2.0,0.4,0.005147472,1,0.005147472023963928,0.005147472023963928
0.4+-2.2,-2.2,0.4,,0,,
0.4+-2.4,-2.4,0.4,,0,,
0.4+-2.6,-2.6,0.4,,0,,
0.4+-2.8,-2.8,0.4,,0,,
0.4+-3.0,-3.0,0.4,,0,,
0.4+-3.2,-3.2,0.4,,0,,
0.4+-3.4,-3.4,0.4,,0,,
0.4+-3.6,-3.6,0.4,,0,,
0.4+-3.8,-3.8,0.4,,0,,
0.4+-4.0,-4.0,0.4,,0,,
0.4+-4.2,-4.2,0.4,,0,,
0.4+-4.4,-4.4,0.4,,0,,
0.4+-4.6,-4.6,0.4,,0,,
0.4+-4.8,-4.8,0.4,,0,,
0.4+-5.0,-5.0,0.4,,0,,
0.4+-5.2,-5.2,0.4,,0,,
0.4+-5.4,-5.4,0.4,,0,,
0.4+-5.6,-5.6,0.4,,0,,
0.4+-5.8,-5.8,0.4,,0,,
0.4+-6.0,-6.0,0.4,,0,,
0.4+-6.2,-6.2,0.4,,0,,
0.4+-6.4,-6.4,0.4,,0,,
0.4+-6.6,-6.6,0.4,,0,,
0.4+-6.8,-6.8,0.4,,0,,
0.4+-7.0,-7.0,0.4,,0,,
0.4+-7.2,-7.2,0.4,,0,,
0.4+-7.4,-7.4,0.4,,0,,
0.4+-7.6,-7.6,0.4,,0,,
0.4+-7.8,-7.8,0.4,,0,,
0.4+-8.0,-8.0,0.4,,0,,
0.4+0.0,0.0,0.4,-0.07460665,119,-0.11912998929619789,-0.01299291756004095
0.4+0.2,0.2,0.4,-0.004814974,119,-0.06538939103484154,0.045479003340005875
0.4+0.4,0.4,0.4,0.070782,119,0.00033400452230125666,0.14385203272104263
0.4+0.6,0.6,0.4,0.16175614,119,0.06257285550236702,0.21117324382066727
0.4+0.8,0.8,0.4,0.2224465,118,0.1428489275276661,0.31229685992002487
0.4+1.0,1.0,0.4,0.30269557,112,0.19947518408298492,0.3821251913905144
0.4+1.2,1.2,0.4,0.37171012,104,0.23587244376540184,0.4760286957025528
0.4+1.4,1.4,0.4,0.4305573,87,0.24245888739824295,0.5681880414485931
0.4+1.6,1.6,0.4,0.467884,67,0.2774812877178192,0.633192628622055
0.4+1.8,1.8,0.4,0.5164089,49,0.3182253837585449,0.7690793871879578
0.4+2.0,2.0,0.4,0.6807677,32,0.40035106986761093,0.7993172258138657
0.4+2.2,2.2,0.4,0.63653743,20,0.3903804123401642,0.8257490396499634
0.4+2.4,2.4,0.4,0.5526708,14,0.3534387946128845,0.7877491563558578
0.4+2.6,2.6,0.4,0.353081,10,0.22888591140508652,0.6406655460596085
0.4+2.8,2.8,0.4,0.46378118,6,0.38194573670625687,0.5045592039823532
0.4+3.0,3.0,0.4,0.62370574,3,0.5113602429628372,0.6900226175785065
0.4+3.2,3.2,0.4,0.2570453,3,-0.007507815957069397,0.6117348223924637
0.4+3.4,3.4,0.4,-0.44131044,1,-0.44131043553352356,-0.44131043553352356
0.4+3.6,3.6,0.4,,0,,
0.4+3.8,3.8,0.4,,0,,
0.4+4.0,4.0,0.4,,0,,
0.4+4.2,4.2,0.4,,0,,
0.4+4.4,4.4,0.4,,0,,
0.4+4.6,4.6,0.4,,0,,
0.4+4.8,4.8,0.4,,0,,
0.4+5.0,5.0,0.4,,0,,
0.4+5.2,5.2,0.4,,0,,
0.4+5.4,5.4,0.4,,0,,
0.4+5.6,5.6,0.4,,0,,
0.4+5.8,5.8,0.4,,0,,
0.4+6.0,6.0,0.4,,0,,
0.4+6.2,6.2,0.4,,0,,
0.4+6.4,6.4,0.4,,0,,
0.4+6.6,6.6,0.4,,0,,
0.4+6.8,6.8,0.4,,0,,
0.4+7.0,7.0,0.4,,0,,
0.4+7.2,7.2,0.4,,0,,
0.4+7.4,7.4,0.4,,0,,
0.4+7.6,7.6,0.4,,0,,
0.4+7.8,7.8,0.4,,0,,
0.4+8.0,8.0,0.4,,0,,
0.4+8.2,8.2,0.4,,0,,
0.4+8.4,8.4,0.4,,0,,
0.4+8.6,8.6,0.4,,0,,
0.4+8.8,8.8,0.4,,0,,
0.4+9.0,9.0,0.4,,0,,
0.4+9.2,9.2,0.4,,0,,
0.4+9.4,9.4,0.4,,0,,
0.4+9.6,9.6,0.4,,0,,
0.6+-0.2,-0.2,0.6,-0.1282782,117,-0.18031837046146393,-0.056644488126039505
0.6+-0.4,-0.4,0.6,-0.1596651,116,-0.22483042255043983,-0.09504262916743755
0.6+-0.6,-0.6,0.6,-0.19587651,112,-0.24659552797675133,-0.1165756806731224
0.6+-0.8,-0.8,0.6,-0.17922106,107,-0.2975318431854248,-0.08954117074608803
0.6+-1.0,-1.0,0.6,-0.17808762,92,-0.3179711848497391,0.0003868949133902788
0.6+-1.2,-1.2,0.6,-0.19158101,72,-0.2832002267241478,-0.005564941093325615
0.6+-1.4,-1.4,0.6,-0.13702288,41,-0.27880141139030457,-0.004153203219175339
0.6+-1.6,-1.6,0.6,-0.12654006,17,-0.3265828788280487,0.1904708594083786
0.6+-1.8,-1.8,0.6,-0.14984913,5,-0.16121231019496918,-0.012245139107108116
0.6+-2.0,-2.0,0.6,,0,,
0.6+-2.2,-2.2,0.6,,0,,
0.6+-2.4,-2.4,0.6,,0,,
0.6+-2.6,-2.6,0.6,,0,,
0.6+-2.8,-2.8,0.6,,0,,
0.6+-3.0,-3.0,0.6,,0,,
0.6+-3.2,-3.2,0.6,,0,,
0.6+-3.4,-3.4,0.6,,0,,
0.6+-3.6,-3.6,0.6,,0,,
0.6+-3.8,-3.8,0.6,,0,,
0.6+-4.0,-4.0,0.6,,0,,
0.6+-4.2,-4.2,0.6,,0,,
0.6+-4.4,-4.4,0.6,,0,,
0.6+-4.6,-4.6,0.6,,0,,
0.6+-4.8,-4.8,0.6,,0,,
0.6+-5.0,-5.0,0.6,,0,,
0.6+-5.2,-5.2,0.6,,0,,
0.6+-5.4,-5.4,0.6,,0,,
0.6+-5.6,-5.6,0.6,,0,,
0.6+-5.8,-5.8,0.6,,0,,
0.6+-6.0,-6.0,0.6,,0,,
0.6+-6.2,-6.2,0.6,,0,,
0.6+-6.4,-6.4,0.6,,0,,
0.6+-6.6,-6.6,0.6,,0,,
0.6+-6.8,-6.8,0.6,,0,,
0.6+-7.0,-7.0,0.6,,0,,
0.6+-7.2,-7.2,0.6,,0,,
0.6+-7.4,-7.4,0.6,,0,,
0.6+-7.6,-7.6,0.6,,0,,
0.6+-7.8,-7.8,0.6,,0,,
0.6+-8.0,-8.0,0.6,,0,,
0.6+0.0,0.0,0.6,-0.074927315,119,-0.1330852285027504,0.008037204388529062
0.6+0.2,0.2,0.6,-0.0175631,119,-0.07342726737260818,0.045337485149502754
0.6+0.4,0.4,0.6,0.059105568,119,-0.01809714362025261,0.1274612545967102
0.6+0.6,0.6,0.6,0.13334268,119,0.04396652989089489,0.1945909932255745
0.6+0.8,0.8,0.6,0.2103967,119,0.10715192928910255,0.2733799070119858
0.6+1.0,1.0,0.6,0.2808253,117,0.16815249621868134,0.35154232382774353
0.6+1.2,1.2,0.6,0.35524076,117,0.2346060872077942,0.4671783745288849
0.6+1.4,1.4,0.6,0.41101432,105,0.20555096864700317,0.5136749744415283
0.6+1.6,1.6,0.6,0.48411286,93,0.24200545251369476,0.6157139539718628
0.6+1.8,1.8,0.6,0.52570486,70,0.3200078159570694,0.7086747884750366
0.6+2.0,2.0,0.6,0.6337031,49,0.41728949546813965,0.8055546283721924
0.6+2.2,2.2,0.6,0.65932506,38,0.3857850208878517,0.8667701035737991
0.6+2.4,2.4,0.6,0.67055565,22,0.42763175070285797,0.8187676519155502
0.6+2.6,2.6,0.6,0.6066619,14,0.25398506224155426,0.9237841367721558
0.6+2.8,2.8,0.6,0.4371478,8,0.040850148536264896,0.7707962989807129
0.6+3.0,3.0,0.6,0.40290633,3,0.34077121317386627,0.5087717324495316
0.6+3.2,3.2,0.6,0.57437897,3,0.4482012391090393,0.5830462276935577
0.6+3.4,3.4,0.6,0.16087094,1,0.16087093949317932,0.16087093949317932
0.6+3.6,3.6,0.6,0.19023027,1,0.19023026525974274,0.19023026525974274
0.6+3.8,3.8,0.6,,0,,
0.6+4.0,4.0,0.6,,0,,
0.6+4.2,4.2,0.6,,0,,
0.6+4.4,4.4,0.6,,0,,
0.6+4.6,4.6,0.6,,0,,
0.6+4.8,4.8,0.6,,0,,
0.6+5.0,5.0,0.6,,0,,
0.6+5.2,5.2,0.6,,0,,
0.6+5.4,5.4,0.6,,0,,
0.6+5.6,5.6,0.6,,0,,
0.6+5.8,5.8,0.6,,0,,
0.6+6.0,6.0,0.6,,0,,
0.6+6.2,6.2,0.6,,0,,
0.6+6.4,6.4,0.6,,0,,
0.6+6.6,6.6,0.6,,0,,
0.6+6.8,6.8,0.6,,0,,
0.6+7.0,7.0,0.6,,0,,
0.6+7.2,7.2,0.6,,0,,
0.6+7.4,7.4,0.6,,0,,
0.6+7.6,7.6,0.6,,0,,
0.6+7.8,7.8,0.6,,0,,
0.6+8.0,8.0,0.6,,0,,
0.6+8.2,8.2,0.6,,0,,
0.6+8.4,8.4,0.6,,0,,
0.6+8.6,8.6,0.6,,0,,
0.6+8.8,8.8,0.6,,0,,
0.6+9.0,9.0,0.6,,0,,
0.6+9.2,9.2,0.6,,0,,
0.6+9.4,9.4,0.6,,0,,
0.6+9.6,9.6,0.6,,0,,
0.8+-0.2,-0.2,0.8,-0.123244464,114,-0.16412080079317093,-0.053839377127587795
0.8+-0.4,-0.4,0.8,-0.13986075,108,-0.21744565665721893,-0.06331454776227474
0.8+-0.6,-0.6,0.8,-0.1676503,97,-0.282917320728302,-0.08926128596067429
0.8+-0.8,-0.8,0.8,-0.15320799,87,-0.30244792997837067,-0.05774740315973759
0.8+-1.0,-1.0,0.8,-0.12991913,67,-0.2559034526348114,0.015221221838146448
0.8+-1.2,-1.2,0.8,-0.14861101,46,-0.26815304160118103,0.035930230282247066
0.8+-1.4,-1.4,0.8,-0.10562003,24,-0.2881867438554764,0.06865846179425716
0.8+-1.6,-1.6,0.8,-0.16411555,9,-0.19303399324417114,0.10877387225627899
0.8+-1.8,-1.8,0.8,-0.13454735,1,-0.13454735279083252,-0.13454735279083252
0.8+-2.0,-2.0,0.8,,0,,
0.8+-2.2,-2.2,0.8,,0,,
0.8+-2.4,-2.4,0.8,,0,,
0.8+-2.6,-2.6,0.8,,0,,
0.8+-2.8,-2.8,0.8,,0,,
0.8+-3.0,-3.0,0.8,,0,,
0.8+-3.2,-3.2,0.8,,0,,
0.8+-3.4,-3.4,0.8,,0,,
0.8+-3.6,-3.6,0.8,,0,,
0.8+-3.8,-3.8,0.8,,0,,
0.8+-4.0,-4.0,0.8,,0,,
0.8+-4.2,-4.2,0.8,,0,,
0.8+-4.4,-4.4,0.8,,0,,
0.8+-4.6,-4.6,0.8,,0,,
0.8+-4.8,-4.8,0.8,,0,,
0.8+-5.0,-5.0,0.8,,0,,
0.8+-5.2,-5.2,0.8,,0,,
0.8+-5.4,-5.4,0.8,,0,,
0.8+-5.6,-5.6,0.8,,0,,
0.8+-5.8,-5.8,0.8,,0,,
0.8+-6.0,-6.0,0.8,,0,,
0.8+-6.2,-6.2,0.8,,0,,
0.8+-6.4,-6.4,0.8,,0,,
0.8+-6.6,-6.6,0.8,,0,,
0.8+-6.8,-6.8,0.8,,0,,
0.8+-7.0,-7.0,0.8,,0,,
0.8+-7.2,-7.2,0.8,,0,,
0.8+-7.4,-7.4,0.8,,0,,
0.8+-7.6,-7.6,0.8,,0,,
0.8+-7.8,-7.8,0.8,,0,,
0.8+-8.0,-8.0,0.8,,0,,
0.8+0.0,0.0,0.8,-0.07670784,115,-0.14521344006061554,-0.018174010328948498
0.8+0.2,0.2,0.8,-0.018567763,119,-0.07888152822852135,0.0483599491417408
0.8+0.4,0.4,0.8,0.04967165,119,-0.030057387426495552,0.12387953698635101
0.8+0.6,0.6,0.8,0.11725428,119,0.026794783771038055,0.18464896082878113
0.8+0.8,0.8,0.8,0.17960276,119,0.0919775478541851,0.2499285191297531
0.8+1.0,1.0,0.8,0.25739098,119,0.16594449430704117,0.3543738126754761
0.8+1.2,1.2,0.8,0.33294007,118,0.20762110501527786,0.41342632472515106
0.8+1.4,1.4,0.8,0.39008734,115,0.24146763235330582,0.49655573070049286
0.8+1.6,1.6,0.8,0.47340414,113,0.258472740650177,0.5899882316589355
0.8+1.8,1.8,0.8,0.49459055,97,0.3064544200897217,0.6441548466682434
0.8+2.0,2.0,0.8,0.5913096,68,0.40113988518714905,0.7547942399978638
0.8+2.2,2.2,0.8,0.6370281,52,0.36401868611574173,0.7999882102012634
0.8+2.4,2.4,0.8,0.6820631,36,0.4939633682370186,0.9081210643053055
0.8+2.6,2.6,0.8,0.82782316,26,0.5929086357355118,0.9685345590114594
0.8+2.8,2.8,0.8,0.799803,15,0.5315757393836975,0.9205984175205231
0.8+3.0,3.0,0.8,0.533887,10,0.34158165752887726,0.9475011974573135
0.8+3.2,3.2,0.8,0.67703664,5,0.28006869554519653,1.0078767538070679
0.8+3.4,3.4,0.8,0.41048235,2,0.33692988753318787,0.48403480648994446
0.8+3.6,3.6,0.8,0.51770175,2,0.42082059383392334,0.614582896232605
0.8+3.8,3.8,0.8,0.29233125,1,0.2923312485218048,0.2923312485218048
0.8+4.0,4.0,0.8,0.46736908,1,0.46736907958984375,0.46736907958984375
0.8+4.2,4.2,0.8,,0,,
0.8+4.4,4.4,0.8,,0,,
0.8+4.6,4.6,0.8,,0,,
0.8+4.8,4.8,0.8,,0,,
0.8+5.0,5.0,0.8,,0,,
0.8+5.2,5.2,0.8,,0,,
0.8+5.4,5.4,0.8,,0,,
0.8+5.6,5.6,0.8,,0,,
0.8+5.8,5.8,0.8,,0,,
0.8+6.0,6.0,0.8,,0,,
0.8+6.2,6.2,0.8,,0,,
0.8+6.4,6.4,0.8,,0,,
0.8+6.6,6.6,0.8,,0,,
0.8+6.8,6.8,0.8,,0,,
0.8+7.0,7.0,0.8,,0,,
0.8+7.2,7.2,0.8,,0,,
0.8+7.4,7.4,0.8,,0,,
0.8+7.6,7.6,0.8,,0,,
0.8+7.8,7.8,0.8,,0,,
0.8+8.0,8.0,0.8,,0,,
0.8+8.2,8.2,0.8,,0,,
0.8+8.4,8.4,0.8,,0,,
0.8+8.6,8.6,0.8,,0,,
0.8+8.8,8.8,0.8,,0,,
0.8+9.0,9.0,0.8,,0,,
0.8+9.2,9.2,0.8,,0,,
0.8+9.4,9.4,0.8,,0,,
0.8+9.6,9.6,0.8,,0,,
1.0+-0.2,-0.2,1.0,-0.11778896,99,-0.1935819536447525,-0.05585566908121109
1.0+-0.4,-0.4,1.0,-0.13899162,94,-0.233624916523695,-0.022685644682496786
1.0+-0.6,-0.6,1.0,-0.17274967,79,-0.3103431761264801,-0.06274627894163132
1.0+-0.8,-0.8,1.0,-0.1398208,57,-0.27080440521240234,-0.05473753809928894
1.0+-1.0,-1.0,1.0,-0.11830741,42,-0.23604551330208778,0.062118398025631905
1.0+-1.2,-1.2,1.0,-0.12743548,26,-0.3250364437699318,0.04006768623366952
1.0+-1.4,-1.4,1.0,-0.09611257,17,-0.1917550414800644,0.09184210002422333
1.0+-1.6,-1.6,1.0,-0.16497804,7,-0.43321526050567627,0.012542830780148506
1.0+-1.8,-1.8,1.0,-0.20076972,1,-0.20076972246170044,-0.20076972246170044
1.0+-2.0,-2.0,1.0,,0,,
1.0+-2.2,-2.2,1.0,,0,,
1.0+-2.4,-2.4,1.0,,0,,
1.0+-2.6,-2.6,1.0,,0,,
1.0+-2.8,-2.8,1.0,,0,,
1.0+-3.0,-3.0,1.0,,0,,
1.0+-3.2,-3.2,1.0,,0,,
1.0+-3.4,-3.4,1.0,,0,,
1.0+-3.6,-3.6,1.0,,0,,
1.0+-3.8,-3.8,1.0,,0,,
1.0+-4.0,-4.0,1.0,,0,,
1.0+-4.2,-4.2,1.0,,0,,
1.0+-4.4,-4.4,1.0,,0,,
1.0+-4.6,-4.6,1.0,,0,,
1.0+-4.8,-4.8,1.0,,0,,
1.0+-5.0,-5.0,1.0,,0,,
1.0+-5.2,-5.2,1.0,,0,,
1.0+-5.4,-5.4,1.0,,0,,
1.0+-5.6,-5.6,1.0,,0,,
1.0+-5.8,-5.8,1.0,,0,,
1.0+-6.0,-6.0,1.0,,0,,
1.0+-6.2,-6.2,1.0,,0,,
1.0+-6.4,-6.4,1.0,,0,,
1.0+-6.6,-6.6,1.0,,0,,
1.0+-6.8,-6.8,1.0,,0,,
1.0+-7.0,-7.0,1.0,,0,,
1.0+-7.2,-7.2,1.0,,0,,
1.0+-7.4,-7.4,1.0,,0,,
1.0+-7.6,-7.6,1.0,,0,,
1.0+-7.8,-7.8,1.0,,0,,
1.0+-8.0,-8.0,1.0,,0,,
1.0+0.0,0.0,1.0,-0.07957115,110,-0.15032919868826866,-0.012687570881098509
1.0+0.2,0.2,1.0,-0.018710263,113,-0.09321416169404984,0.035210493952035904
1.0+0.4,0.4,1.0,0.035533037,117,-0.024406874552369118,0.11395251005887985
1.0+0.6,0.6,1.0,0.1060427,118,0.02766810404136777,0.16702685877680779
1.0+0.8,0.8,1.0,0.15419072,119,0.06713145226240158,0.2507605105638504
1.0+1.0,1.0,1.0,0.23656195,119,0.14217214286327362,0.3336910307407379
1.0+1.2,1.2,1.0,0.30707294,119,0.17677506059408188,0.4046861231327057
1.0+1.4,1.4,1.0,0.36219656,118,0.21066299080848694,0.4695037007331848
1.0+1.6,1.6,1.0,0.44632903,115,0.2908891439437866,0.5475193560123444
1.0+1.8,1.8,1.0,0.50747246,110,0.31530246138572693,0.6532866954803467
1.0+2.0,2.0,1.0,0.5469971,98,0.3514387235045433,0.6918458193540573
1.0+2.2,2.2,1.0,0.6438738,76,0.4022514149546623,0.7693340331315994
1.0+2.4,2.4,1.0,0.6974365,50,0.47646259516477585,0.8731382340192795
1.0+2.6,2.6,1.0,0.7587787,34,0.5655447095632553,1.0586023777723312
1.0+2.8,2.8,1.0,0.8746537,29,0.6463415026664734,0.9973223805427551
1.0+3.0,3.0,1.0,0.86708665,19,0.5884505808353424,0.9504480957984924
1.0+3.2,3.2,1.0,0.7778894,12,0.4438043162226677,0.887484684586525
1.0+3.4,3.4,1.0,0.7852266,9,0.43701016902923584,1.0244084596633911
1.0+3.6,3.6,1.0,0.09473819,5,0.08499382436275482,0.5508381128311157
1.0+3.8,3.8,1.0,0.21020593,1,0.21020592749118805,0.21020592749118805
1.0+4.0,4.0,1.0,0.56706214,1,0.5670621395111084,0.5670621395111084
1.0+4.2,4.2,1.0,0.7170688,1,0.7170687913894653,0.7170687913894653
1.0+4.4,4.4,1.0,0.4236871,1,0.4236871004104614,0.4236871004104614
1.0+4.6,4.6,1.0,0.3524427,1,0.3524427115917206,0.3524427115917206
1.0+4.8,4.8,1.0,,0,,
1.0+5.0,5.0,1.0,,0,,
1.0+5.2,5.2,1.0,,0,,
1.0+5.4,5.4,1.0,,0,,
1.0+5.6,5.6,1.0,,0,,
1.0+5.8,5.8,1.0,,0,,
1.0+6.0,6.0,1.0,,0,,
1.0+6.2,6.2,1.0,,0,,
1.0+6.4,6.4,1.0,,0,,
1.0+6.6,6.6,1.0,,0,,
1.0+6.8,6.8,1.0,,0,,
1.0+7.0,7.0,1.0,,0,,
1.0+7.2,7.2,1.0,,0,,
1.0+7.4,7.4,1.0,,0,,
1.0+7.6,7.6,1.0,,0,,
1.0+7.8,7.8,1.0,,0,,
1.0+8.0,8.0,1.0,,0,,
1.0+8.2,8.2,1.0,,0,,
1.0+8.4,8.4,1.0,,0,,
1.0+8.6,8.6,1.0,,0,,
1.0+8.8,8.8,1.0,,0,,
1.0+9.0,9.0,1.0,,0,,
1.0+9.2,9.2,1.0,,0,,
1.0+9.4,9.4,1.0,,0,,
1.0+9.6,9.6,1.0,,0,,
1.2+-0.2,-0.2,1.2,-0.09781032,80,-0.16163622960448265,-0.0029809465631842613
1.2+-0.4,-0.4,1.2,-0.1279339,63,-0.2085583209991455,-0.060584643855690956
1.2+-0.6,-0.6,1.2,-0.13363028,46,-0.21259887516498566,-0.004494716296903789
1.2+-0.8,-0.8,1.2,-0.1631887,36,-0.3058880716562271,0.029010829515755177
1.2+-1.0,-1.0,1.2,-0.120136715,23,-0.2844989597797394,0.10793477669358253
1.2+-1.2,-1.2,1.2,-0.12364608,17,-0.3324083387851715,-0.008440198376774788
1.2+-1.4,-1.4,1.2,0.07314706,7,-0.3149229362607002,0.0994846411049366
1.2+-1.6,-1.6,1.2,0.4396209,3,-0.0944443941116333,0.633838027715683
1.2+-1.8,-1.8,1.2,0.59237605,1,0.5923760533332825,0.5923760533332825
1.2+-2.0,-2.0,1.2,,0,,
1.2+-2.2,-2.2,1.2,,0,,
1.2+-2.4,-2.4,1.2,,0,,
1.2+-2.6,-2.6,1.2,,0,,
1.2+-2.8,-2.8,1.2,,0,,
1.2+-3.0,-3.0,1.2,,0,,
1.2+-3.2,-3.2,1.2,,0,,
1.2+-3.4,-3.4,1.2,,0,,
1.2+-3.6,-3.6,1.2,,0,,
1.2+-3.8,-3.8,1.2,,0,,
1.2+-4.0,-4.0,1.2,,0,,
1.2+-4.2,-4.2,1.2,,0,,
1.2+-4.4,-4.4,1.2,,0,,
1.2+-4.6,-4.6,1.2,,0,,
1.2+-4.8,-4.8,1.2,,0,,
1.2+-5.0,-5.0,1.2,,0,,
1.2+-5.2,-5.2,1.2,,0,,
1.2+-5.4,-5.4,1.2,,0,,
1.2+-5.6,-5.6,1.2,,0,,
1.2+-5.8,-5.8,1.2,,0,,
1.2+-6.0,-6.0,1.2,,0,,
1.2+-6.2,-6.2,1.2,,0,,
1.2+-6.4,-6.4,1.2,,0,,
1.2+-6.6,-6.6,1.2,,0,,
1.2+-6.8,-6.8,1.2,,0,,
1.2+-7.0,-7.0,1.2,,0,,
1.2+-7.2,-7.2,1.2,,0,,
1.2+-7.4,-7.4,1.2,,0,,
1.2+-7.6,-7.6,1.2,,0,,
1.2+-7.8,-7.8,1.2,,0,,
1.2+-8.0,-8.0,1.2,,0,,
1.2+0.0,0.0,1.2,-0.061700936,91,-0.14562173932790756,0.014418126549571753
1.2+0.2,0.2,1.2,-0.021113487,103,-0.1081247515976429,0.03560671769082546
1.2+0.4,0.4,1.2,0.021676768,111,-0.04194345138967037,0.1151779480278492
1.2+0.6,0.6,1.2,0.10710549,116,0.014039987698197365,0.1745484247803688
1.2+0.8,0.8,1.2,0.16926637,115,0.06405198574066162,0.2543034851551056
1.2+1.0,1.0,1.2,0.23143631,118,0.11635173670947552,0.3251725733280182
1.2+1.2,1.2,1.2,0.28983763,119,0.17527317255735397,0.37268440425395966
1.2+1.4,1.4,1.2,0.34663692,118,0.2074558511376381,0.4482385218143463
1.2+1.6,1.6,1.2,0.4048633,118,0.2804610952734947,0.5220918953418732
1.2+1.8,1.8,1.2,0.49634567,117,0.32326793670654297,0.5685364007949829
1.2+2.0,2.0,1.2,0.5422585,111,0.35773205757141113,0.6540831625461578
1.2+2.2,2.2,1.2,0.60281205,104,0.4155315235257149,0.7219890356063843
1.2+2.4,2.4,1.2,0.66127086,79,0.44551821053028107,0.8245289027690887
1.2+2.6,2.6,1.2,0.7355783,55,0.5237025618553162,0.9147004783153534
1.2+2.8,2.8,1.2,0.70636386,40,0.48972970992326736,0.9551214724779129
1.2+3.0,3.0,1.2,0.7291868,27,0.6009871363639832,0.9450923204421997
1.2+3.2,3.2,1.2,0.7669665,21,0.6539461016654968,1.016946792602539
1.2+3.4,3.4,1.2,0.7756659,10,0.6725521683692932,0.8449850231409073
1.2+3.6,3.6,1.2,0.7849312,7,0.5230521112680435,0.9331184029579163
1.2+3.8,3.8,1.2,0.55071604,6,0.4191928654909134,0.9939053654670715
1.2+4.0,4.0,1.2,0.5097958,4,0.42845508456230164,0.7342278510332108
1.2+4.2,4.2,1.2,0.31843483,1,0.31843483448028564,0.31843483448028564
1.2+4.4,4.4,1.2,0.38073847,1,0.3807384669780731,0.3807384669780731
1.2+4.6,4.6,1.2,0.49263337,1,0.4926333725452423,0.4926333725452423
1.2+4.8,4.8,1.2,0.43322143,1,0.4332214295864105,0.4332214295864105
1.2+5.0,5.0,1.2,0.36466515,1,0.364665150642395,0.364665150642395
1.2+5.2,5.2,1.2,,0,,
1.2+5.4,5.4,1.2,,0,,
1.2+5.6,5.6,1.2,,0,,
1.2+5.8,5.8,1.2,,0,,
1.2+6.0,6.0,1.2,,0,,
1.2+6.2,6.2,1.2,,0,,
1.2+6.4,6.4,1.2,,0,,
1.2+6.6,6.6,1.2,,0,,
1.2+6.8,6.8,1.2,,0,,
1.2+7.0,7.0,1.2,,0,,
1.2+7.2,7.2,1.2,,0,,
1.2+7.4,7.4,1.2,,0,,
1.2+7.6,7.6,1.2,,0,,
1.2+7.8,7.8,1.2,,0,,
1.2+8.0,8.0,1.2,,0,,
1.2+8.2,8.2,1.2,,0,,
1.2+8.4,8.4,1.2,,0,,
1.2+8.6,8.6,1.2,,0,,
1.2+8.8,8.8,1.2,,0,,
1.2+9.0,9.0,1.2,,0,,
1.2+9.2,9.2,1.2,,0,,
1.2+9.4,9.4,1.2,,0,,
1.2+9.6,9.6,1.2,,0,,
1.4+-0.2,-0.2,1.4,-0.11222264,48,-0.2062760293483734,0.015962715493515134
1.4+-0.4,-0.4,1.4,-0.09693238,38,-0.1606401912868023,0.0026131996419280767
1.4+-0.6,-0.6,1.4,-0.052286584,27,-0.254494845867157,0.018707420211285353
1.4+-0.8,-0.8,1.4,-0.10993153,21,-0.21253246068954468,-0.046178486198186874
1.4+-1.0,-1.0,1.4,0.014946848,12,-0.2001732960343361,0.14907770231366158
1.4+-1.2,-1.2,1.4,-0.08689901,8,-0.17820526659488678,0.04619812034070492
1.4+-1.4,-1.4,1.4,-0.21147089,1,-0.21147088706493378,-0.21147088706493378
1.4+-1.6,-1.6,1.4,-0.0075070006,1,-0.007507000584155321,-0.007507000584155321
1.4+-1.8,-1.8,1.4,-0.49064338,1,-0.49064338207244873,-0.49064338207244873
1.4+-2.0,-2.0,1.4,,0,,
1.4+-2.2,-2.2,1.4,,0,,
1.4+-2.4,-2.4,1.4,,0,,
1.4+-2.6,-2.6,1.4,,0,,
1.4+-2.8,-2.8,1.4,,0,,
1.4+-3.0,-3.0,1.4,,0,,
1.4+-3.2,-3.2,1.4,,0,,
1.4+-3.4,-3.4,1.4,,0,,
1.4+-3.6,-3.6,1.4,,0,,
1.4+-3.8,-3.8,1.4,,0,,
1.4+-4.0,-4.0,1.4,,0,,
1.4+-4.2,-4.2,1.4,,0,,
1.4+-4.4,-4.4,1.4,,0,,
1.4+-4.6,-4.6,1.4,,0,,
1.4+-4.8,-4.8,1.4,,0,,
1.4+-5.0,-5.0,1.4,,0,,
1.4+-5.2,-5.2,1.4,,0,,
1.4+-5.4,-5.4,1.4,,0,,
1.4+-5.6,-5.6,1.4,,0,,
1.4+-5.8,-5.8,1.4,,0,,
1.4+-6.0,-6.0,1.4,,0,,
1.4+-6.2,-6.2,1.4,,0,,
1.4+-6.4,-6.4,1.4,,0,,
1.4+-6.6,-6.6,1.4,,0,,
1.4+-6.8,-6.8,1.4,,0,,
1.4+-7.0,-7.0,1.4,,0,,
1.4+-7.2,-7.2,1.4,,0,,
1.4+-7.4,-7.4,1.4,,0,,
1.4+-7.6,-7.6,1.4,,0,,
1.4+-7.8,-7.8,1.4,,0,,
1.4+-8.0,-8.0,1.4,,0,,
1.4+0.0,0.0,1.4,-0.07763181,63,-0.1591230407357216,0.0392527524381876
1.4+0.2,0.2,1.4,-0.025816828,81,-0.12675845623016357,0.07525692135095596
1.4+0.4,0.4,1.4,0.016048767,90,-0.07297739759087563,0.11827125772833824
1.4+0.6,0.6,1.4,0.09322145,100,-0.009265502449125051,0.19655218347907066
1.4+0.8,0.8,1.4,0.16241395,110,0.0473175048828125,0.2757711708545685
1.4+1.0,1.0,1.4,0.22487871,113,0.12600868940353394,0.30630970001220703
1.4+1.2,1.2,1.4,0.2630697,114,0.17167087644338608,0.3798978701233864
1.4+1.4,1.4,1.4,0.33107984,119,0.22281600534915924,0.44884513318538666
1.4+1.6,1.6,1.4,0.40546188,118,0.2743833661079407,0.48914582282304764
1.4+1.8,1.8,1.4,0.46532694,117,0.27489614486694336,0.566807210445404
1.4+2.0,2.0,1.4,0.49760717,116,0.322513222694397,0.6423631608486176
1.4+2.2,2.2,1.4,0.550081,112,0.34307263791561127,0.6831395626068115
1.4+2.4,2.4,1.4,0.66252583,105,0.47315359115600586,0.7934216260910034
1.4+2.6,2.6,1.4,0.68909085,86,0.45365987718105316,0.8504795730113983
1.4+2.8,2.8,1.4,0.79186386,69,0.5484371781349182,0.9663386344909668
1.4+3.0,3.0,1.4,0.7520695,50,0.5364417433738708,0.9597057849168777
1.4+3.2,3.2,1.4,0.8001968,31,0.6189437210559845,1.01458078622818
1.4+3.4,3.4,1.4,0.7732133,20,0.648556649684906,0.9381020069122314
1.4+3.6,3.6,1.4,0.750049,11,0.5397583246231079,0.9286072850227356
1.4+3.8,3.8,1.4,0.72938657,8,0.5440927594900131,1.1525575518608093
1.4+4.0,4.0,1.4,0.604378,6,0.5810880661010742,0.7552136182785034
1.4+4.2,4.2,1.4,0.4917414,6,0.40257664769887924,0.7421699017286301
1.4+4.4,4.4,1.4,0.7775481,4,0.474899023771286,1.0883324146270752
1.4+4.6,4.6,1.4,0.77656144,3,0.5934449136257172,0.8137296438217163
1.4+4.8,4.8,1.4,0.499884,1,0.4998840093612671,0.4998840093612671
1.4+5.0,5.0,1.4,0.24715862,1,0.24715861678123474,0.24715861678123474
1.4+5.2,5.2,1.4,0.3221777,1,0.3221777081489563,0.3221777081489563
1.4+5.4,5.4,1.4,0.53134996,1,0.5313499569892883,0.5313499569892883
1.4+5.6,5.6,1.4,0.41956058,1,0.41956058144569397,0.41956058144569397
1.4+5.8,5.8,1.4,0.48699698,1,0.48699697852134705,0.48699697852134705
1.4+6.0,6.0,1.4,0.28920224,1,0.2892022430896759,0.2892022430896759
1.4+6.2,6.2,1.4,,0,,
1.4+6.4,6.4,1.4,,0,,
1.4+6.6,6.6,1.4,,0,,
1.4+6.8,6.8,1.4,,0,,
1.4+7.0,7.0,1.4,,0,,
1.4+7.2,7.2,1.4,,0,,
1.4+7.4,7.4,1.4,,0,,
1.4+7.6,7.6,1.4,,0,,
1.4+7.8,7.8,1.4,,0,,
1.4+8.0,8.0,1.4,,0,,
1.4+8.2,8.2,1.4,,0,,
1.4+8.4,8.4,1.4,,0,,
1.4+8.6,8.6,1.4,,0,,
1.4+8.8,8.8,1.4,,0,,
1.4+9.0,9.0,1.4,,0,,
1.4+9.2,9.2,1.4,,0,,
1.4+9.4,9.4,1.4,,0,,
1.4+9.6,9.6,1.4,,0,,
1.6+-0.2,-0.2,1.6,-0.12007503,25,-0.16866452991962433,-0.003566982224583626
1.6+-0.4,-0.4,1.6,-0.05502321,20,-0.11517537198960781,0.012091963551938534
1.6+-0.6,-0.6,1.6,-0.03820918,14,-0.18137561157345772,0.018026862759143114
1.6+-0.8,-0.8,1.6,0.009775208,15,-0.1400064267218113,0.09138580784201622
1.6+-1.0,-1.0,1.6,-0.043976143,7,-0.09143063426017761,0.23660927265882492
1.6+-1.2,-1.2,1.6,-0.107873484,3,-0.1548728570342064,-0.10774048417806625
1.6+-1.4,-1.4,1.6,,0,,
1.6+-1.6,-1.6,1.6,,0,,
1.6+-1.8,-1.8,1.6,,0,,
1.6+-2.0,-2.0,1.6,,0,,
1.6+-2.2,-2.2,1.6,,0,,
1.6+-2.4,-2.4,1.6,,0,,
1.6+-2.6,-2.6,1.6,,0,,
1.6+-2.8,-2.8,1.6,,0,,
1.6+-3.0,-3.0,1.6,,0,,
1.6+-3.2,-3.2,1.6,,0,,
1.6+-3.4,-3.4,1.6,,0,,
1.6+-3.6,-3.6,1.6,,0,,
1.6+-3.8,-3.8,1.6,,0,,
1.6+-4.0,-4.0,1.6,,0,,
1.6+-4.2,-4.2,1.6,,0,,
1.6+-4.4,-4.4,1.6,,0,,
1.6+-4.6,-4.6,1.6,,0,,
1.6+-4.8,-4.8,1.6,,0,,
1.6+-5.0,-5.0,1.6,,0,,
1.6+-5.2,-5.2,1.6,,0,,
1.6+-5.4,-5.4,1.6,,0,,
1.6+-5.6,-5.6,1.6,,0,,
1.6+-5.8,-5.8,1.6,,0,,
1.6+-6.0,-6.0,1.6,,0,,
1.6+-6.2,-6.2,1.6,,0,,
1.6+-6.4,-6.4,1.6,,0,,
1.6+-6.6,-6.6,1.6,,0,,
1.6+-6.8,-6.8,1.6,,0,,
1.6+-7.0,-7.0,1.6,,0,,
1.6+-7.2,-7.2,1.6,,0,,
1.6+-7.4,-7.4,1.6,,0,,
1.6+-7.6,-7.6,1.6,,0,,
1.6+-7.8,-7.8,1.6,,0,,
1.6+-8.0,-8.0,1.6,,0,,
1.6+0.0,0.0,1.6,-0.09107798,35,-0.137830913066864,0.0802309699356556
1.6+0.2,0.2,1.6,-0.021230081,43,-0.0588071271777153,0.09980621933937073
1.6+0.4,0.4,1.6,0.030850504,65,-0.06262877583503723,0.14390015602111816
1.6+0.6,0.6,1.6,0.118178025,77,0.0033504527527838945,0.21395368874073029
1.6+0.8,0.8,1.6,0.13748851,85,0.01208440586924553,0.266047865152359
1.6+1.0,1.0,1.6,0.24769594,95,0.1026332639157772,0.3230345696210861
1.6+1.2,1.2,1.6,0.27548444,99,0.18169555813074112,0.3827172666788101
1.6+1.4,1.4,1.6,0.34632334,104,0.19154900684952736,0.41587502509355545
1.6+1.6,1.6,1.6,0.39750642,108,0.23017915338277817,0.4956275597214699
1.6+1.8,1.8,1.6,0.4556268,109,0.3029733896255493,0.5503543615341187
1.6+2.0,2.0,1.6,0.498843,113,0.34581246972084045,0.630531370639801
1.6+2.2,2.2,1.6,0.5469445,113,0.34029239416122437,0.6966000199317932
1.6+2.4,2.4,1.6,0.61568516,109,0.40868908166885376,0.7885627150535583
1.6+2.6,2.6,1.6,0.68898094,106,0.44313009083271027,0.8703351616859436
1.6+2.8,2.8,1.6,0.726519,96,0.527563139796257,0.9126723110675812
1.6+3.0,3.0,1.6,0.7687911,75,0.5267911553382874,0.9853172898292542
1.6+3.2,3.2,1.6,0.768169,51,0.6141481995582581,1.0585315823554993
1.6+3.4,3.4,1.6,0.7025894,41,0.5772905349731445,1.023589849472046
1.6+3.6,3.6,1.6,0.79939425,24,0.6837737113237381,0.9824680089950562
1.6+3.8,3.8,1.6,0.8404493,16,0.7128834873437881,1.0769122540950775
1.6+4.0,4.0,1.6,0.7036738,9,0.5492041707038879,1.0002130270004272
1.6+4.2,4.2,1.6,0.60211277,6,0.40900447964668274,0.8908469527959824
1.6+4.4,4.4,1.6,0.69736886,5,0.5787853598594666,0.8842631578445435
1.6+4.6,4.6,1.6,0.77635944,5,0.4576798975467682,0.8883131742477417
1.6+4.8,4.8,1.6,0.2692988,2,0.23706312850117683,0.3015344403684139
1.6+5.0,5.0,1.6,0.8870512,2,0.6297426074743271,1.144359901547432
1.6+5.2,5.2,1.6,0.86387825,2,0.6102971285581589,1.1174594312906265
1.6+5.4,5.4,1.6,0.86337954,2,0.6277911588549614,1.0989679470658302
1.6+5.6,5.6,1.6,0.7864772,2,0.5536520630121231,1.0193022936582565
1.6+5.8,5.8,1.6,0.86839896,2,0.6913985311985016,1.045399397611618
1.6+6.0,6.0,1.6,0.44216365,1,0.4421636462211609,0.4421636462211609
1.6+6.2,6.2,1.6,0.5418521,1,0.5418521165847778,0.5418521165847778
1.6+6.4,6.4,1.6,,0,,
1.6+6.6,6.6,1.6,,0,,
1.6+6.8,6.8,1.6,,0,,
1.6+7.0,7.0,1.6,,0,,
1.6+7.2,7.2,1.6,,0,,
1.6+7.4,7.4,1.6,,0,,
1.6+7.6,7.6,1.6,,0,,
1.6+7.8,7.8,1.6,,0,,
1.6+8.0,8.0,1.6,,0,,
1.6+8.2,8.2,1.6,,0,,
1.6+8.4,8.4,1.6,,0,,
1.6+8.6,8.6,1.6,,0,,
1.6+8.8,8.8,1.6,,0,,
1.6+9.0,9.0,1.6,,0,,
1.6+9.2,9.2,1.6,,0,,
1.6+9.4,9.4,1.6,,0,,
1.6+9.6,9.6,1.6,,0,,
1.8+-0.2,-0.2,1.8,-0.092448674,13,-0.14081569015979767,-0.018655182793736458
1.8+-0.4,-0.4,1.8,-0.05603385,12,-0.0813530758023262,0.023765224032104015
1.8+-0.6,-0.6,1.8,-0.010150445,11,-0.17675305902957916,0.019354953430593014
1.8+-0.8,-0.8,1.8,-0.0732177,9,-0.1529630422592163,0.03285754472017288
1.8+-1.0,-1.0,1.8,0.004983533,6,-0.19410431943833828,0.12972120568156242
1.8+-1.2,-1.2,1.8,-0.0004943013,2,-0.10570302605628967,0.10471442341804504
1.8+-1.4,-1.4,1.8,-0.5280709,1,-0.5280709266662598,-0.5280709266662598
1.8+-1.6,-1.6,1.8,,0,,
1.8+-1.8,-1.8,1.8,-0.051242784,1,-0.05124278366565704,-0.05124278366565704
1.8+-2.0,-2.0,1.8,,0,,
1.8+-2.2,-2.2,1.8,,0,,
1.8+-2.4,-2.4,1.8,,0,,
1.8+-2.6,-2.6,1.8,,0,,
1.8+-2.8,-2.8,1.8,,0,,
1.8+-3.0,-3.0,1.8,,0,,
1.8+-3.2,-3.2,1.8,,0,,
1.8+-3.4,-3.4,1.8,,0,,
1.8+-3.6,-3.6,1.8,,0,,
1.8+-3.8,-3.8,1.8,,0,,
1.8+-4.0,-4.0,1.8,,0,,
1.8+-4.2,-4.2,1.8,,0,,
1.8+-4.4,-4.4,1.8,,0,,
1.8+-4.6,-4.6,1.8,,0,,
1.8+-4.8,-4.8,1.8,,0,,
1.8+-5.0,-5.0,1.8,,0,,
1.8+-5.2,-5.2,1.8,,0,,
1.8+-5.4,-5.4,1.8,,0,,
1.8+-5.6,-5.6,1.8,,0,,
1.8+-5.8,-5.8,1.8,,0,,
1.8+-6.0,-6.0,1.8,,0,,
1.8+-6.2,-6.2,1.8,,0,,
1.8+-6.4,-6.4,1.8,,0,,
1.8+-6.6,-6.6,1.8,,0,,
1.8+-6.8,-6.8,1.8,,0,,
1.8+-7.0,-7.0,1.8,,0,,
1.8+-7.2,-7.2,1.8,,0,,
1.8+-7.4,-7.4,1.8,,0,,
1.8+-7.6,-7.6,1.8,,0,,
1.8+-7.8,-7.8,1.8,,0,,
1.8+-8.0,-8.0,1.8,,0,,
1.8+0.0,0.0,1.8,0.1410469,14,-0.007905932958237827,0.2858833000063896
1.8+0.2,0.2,1.8,0.07584025,25,-0.01255513820797205,0.16302424669265747
1.8+0.4,0.4,1.8,0.046175722,33,-0.10930915921926498,0.14958350360393524
1.8+0.6,0.6,1.8,0.11604959,43,-0.09535275772213936,0.2193458378314972
1.8+0.8,0.8,1.8,0.12782723,60,0.0024726558476686478,0.28033342957496643
1.8+1.0,1.0,1.8,0.22836766,66,0.0909725371748209,0.3501494377851486
1.8+1.2,1.2,1.8,0.2984448,73,0.17855995893478394,0.39004290103912354
1.8+1.4,1.4,1.8,0.33109033,87,0.19926989078521729,0.5032815784215927
1.8+1.6,1.6,1.8,0.3826422,89,0.2687714695930481,0.5272553563117981
1.8+1.8,1.8,1.8,0.4609971,97,0.30802208185195923,0.5729492902755737
1.8+2.0,2.0,1.8,0.49336857,97,0.34460970759391785,0.6815356016159058
1.8+2.2,2.2,1.8,0.5423006,101,0.36471718549728394,0.7263745069503784
1.8+2.4,2.4,1.8,0.6290295,100,0.42233162373304367,0.7655292302370071
1.8+2.6,2.6,1.8,0.66352546,100,0.4596003293991089,0.8837625980377197
1.8+2.8,2.8,1.8,0.7147182,101,0.479264497756958,0.9118518829345703
1.8+3.0,3.0,1.8,0.78939027,96,0.5708345919847488,0.9582273662090302
1.8+3.2,3.2,1.8,0.8264433,79,0.618387758731842,0.9613684713840485
1.8+3.4,3.4,1.8,0.8112156,57,0.6236105561256409,0.9821363091468811
1.8+3.6,3.6,1.8,0.83821917,44,0.6071728765964508,0.9871737957000732
1.8+3.8,3.8,1.8,0.85345316,30,0.6199298202991486,1.0633229911327362
1.8+4.0,4.0,1.8,0.81122583,18,0.557103157043457,1.0715847313404083
1.8+4.2,4.2,1.8,0.74172163,13,0.588001549243927,1.1515544652938843
1.8+4.4,4.4,1.8,0.94546294,6,0.42036231607198715,1.180967628955841
1.8+4.6,4.6,1.8,0.83064896,8,0.6746848076581955,0.9556842148303986
1.8+4.8,4.8,1.8,0.8646631,3,0.6079570353031158,0.8908887803554535
1.8+5.0,5.0,1.8,0.7169558,3,0.49335338175296783,0.7978757321834564
1.8+5.2,5.2,1.8,0.4951135,2,0.47613200545310974,0.5140949785709381
1.8+5.4,5.4,1.8,0.41099882,2,0.40009579062461853,0.4219018518924713
1.8+5.6,5.6,1.8,0.36413726,1,0.3641372621059418,0.3641372621059418
1.8+5.8,5.8,1.8,,0,,
1.8+6.0,6.0,1.8,0.49838,1,0.49838000535964966,0.49838000535964966
1.8+6.2,6.2,1.8,0.48338974,1,0.4833897352218628,0.4833897352218628
1.8+6.4,6.4,1.8,0.42599648,1,0.42599648237228394,0.42599648237228394
1.8+6.6,6.6,1.8,,0,,
1.8+6.8,6.8,1.8,,0,,
1.8+7.0,7.0,1.8,,0,,
1.8+7.2,7.2,1.8,,0,,
1.8+7.4,7.4,1.8,,0,,
1.8+7.6,7.6,1.8,,0,,
1.8+7.8,7.8,1.8,,0,,
1.8+8.0,8.0,1.8,,0,,
1.8+8.2,8.2,1.8,,0,,
1.8+8.4,8.4,1.8,,0,,
1.8+8.6,8.6,1.8,,0,,
1.8+8.8,8.8,1.8,,0,,
1.8+9.0,9.0,1.8,,0,,
1.8+9.2,9.2,1.8,,0,,
1.8+9.4,9.4,1.8,,0,,
1.8+9.6,9.6,1.8,,0,,
2.0+-0.2,-0.2,2.0,-0.06064301,10,-0.12635371834039688,0.0808520084246993
2.0+-0.4,-0.4,2.0,-0.014522232,9,-0.06644129753112793,0.22678275406360626
2.0+-0.6,-0.6,2.0,0.040667135,6,-0.08423925191164017,0.06149054132401943
2.0+-0.8,-0.8,2.0,0.044126306,9,-0.027513964101672173,0.10857211798429489
2.0+-1.0,-1.0,2.0,-0.0029190963,5,-0.006136511918157339,0.22978036105632782
2.0+-1.2,-1.2,2.0,0.027203158,2,-0.08900312334299088,0.14340943843126297
2.0+-1.4,-1.4,2.0,,0,,
2.0+-1.6,-1.6,2.0,-0.8448953,1,-0.8448953032493591,-0.8448953032493591
2.0+-1.8,-1.8,2.0,-0.32134974,1,-0.32134974002838135,-0.32134974002838135
2.0+-2.0,-2.0,2.0,,0,,
2.0+-2.2,-2.2,2.0,,0,,
2.0+-2.4,-2.4,2.0,,0,,
2.0+-2.6,-2.6,2.0,,0,,
2.0+-2.8,-2.8,2.0,,0,,
2.0+-3.0,-3.0,2.0,,0,,
2.0+-3.2,-3.2,2.0,,0,,
2.0+-3.4,-3.4,2.0,,0,,
2.0+-3.6,-3.6,2.0,,0,,
2.0+-3.8,-3.8,2.0,,0,,
2.0+-4.0,-4.0,2.0,,0,,
2.0+-4.2,-4.2,2.0,,0,,
2.0+-4.4,-4.4,2.0,,0,,
2.0+-4.6,-4.6,2.0,,0,,
2.0+-4.8,-4.8,2.0,,0,,
2.0+-5.0,-5.0,2.0,,0,,
2.0+-5.2,-5.2,2.0,,0,,
2.0+-5.4,-5.4,2.0,,0,,
2.0+-5.6,-5.6,2.0,,0,,
2.0+-5.8,-5.8,2.0,,0,,
2.0+-6.0,-6.0,2.0,,0,,
2.0+-6.2,-6.2,2.0,,0,,
2.0+-6.4,-6.4,2.0,,0,,
2.0+-6.6,-6.6,2.0,,0,,
2.0+-6.8,-6.8,2.0,,0,,
2.0+-7.0,-7.0,2.0,,0,,
2.0+-7.2,-7.2,2.0,,0,,
2.0+-7.4,-7.4,2.0,,0,,
2.0+-7.6,-7.6,2.0,,0,,
2.0+-7.8,-7.8,2.0,,0,,
2.0+-8.0,-8.0,2.0,,0,,
2.0+0.0,0.0,2.0,-0.056964375,10,-0.18827463686466217,-0.034331273287534714
2.0+0.2,0.2,2.0,-0.042767264,9,-0.1198391392827034,0.11836528778076172
2.0+0.4,0.4,2.0,0.10717048,14,-0.049691203981637955,0.2207036353647709
2.0+0.6,0.6,2.0,0.1475067,20,0.006072298740036786,0.3054778277873993
2.0+0.8,0.8,2.0,0.07249878,25,-0.03466847911477089,0.28701990842819214
2.0+1.0,1.0,2.0,0.18444288,33,0.026689549908041954,0.38437917828559875
2.0+1.2,1.2,2.0,0.23254612,40,0.0692893210798502,0.371679462492466
2.0+1.4,1.4,2.0,0.31325358,54,0.22648795321583748,0.43529166281223297
2.0+1.6,1.6,2.0,0.39372164,61,0.27438870072364807,0.5520740747451782
2.0+1.8,1.8,2.0,0.42706183,67,0.30385851860046387,0.5838927924633026
2.0+2.0,2.0,2.0,0.46722484,75,0.3399630934000015,0.6362122297286987
2.0+2.2,2.2,2.0,0.54130894,78,0.3397383540868759,0.7169691324234009
2.0+2.4,2.4,2.0,0.6038875,78,0.39351873099803925,0.804938942193985
2.0+2.6,2.6,2.0,0.6936436,87,0.4948028028011322,0.8491021394729614
2.0+2.8,2.8,2.0,0.7398349,88,0.4961765483021736,0.8921288996934891
2.0+3.0,3.0,2.0,0.758812,86,0.530539333820343,0.9615066647529602
2.0+3.2,3.2,2.0,0.80880266,83,0.5284510254859924,0.9765919148921967
2.0+3.4,3.4,2.0,0.8413704,72,0.5766789466142654,0.9931501597166061
2.0+3.6,3.6,2.0,0.87501234,63,0.6425336003303528,1.128300428390503
2.0+3.8,3.8,2.0,0.78370696,44,0.6224393546581268,1.0249375998973846
2.0+4.0,4.0,2.0,0.8590183,27,0.6577515602111816,1.0998883247375488
2.0+4.2,4.2,2.0,0.7913188,20,0.4603200778365135,1.0143715143203735
2.0+4.4,4.4,2.0,0.7895459,15,0.4561970978975296,1.0406624972820282
2.0+4.6,4.6,2.0,0.82151496,10,0.7449019402265549,1.3028211295604706
2.0+4.8,4.8,2.0,0.9018744,8,0.7563917189836502,1.3957315981388092
2.0+5.0,5.0,2.0,0.8003726,7,0.7056967914104462,1.3407541513442993
2.0+5.2,5.2,2.0,0.72530484,4,0.5074636936187744,0.9282888472080231
2.0+5.4,5.4,2.0,0.35153395,1,0.3515339493751526,0.3515339493751526
2.0+5.6,5.6,2.0,0.39790216,1,0.39790216088294983,0.39790216088294983
2.0+5.8,5.8,2.0,0.39755726,1,0.39755725860595703,0.39755725860595703
2.0+6.0,6.0,2.0,0.3754292,1,0.3754292130470276,0.3754292130470276
2.0+6.2,6.2,2.0,0.31494215,1,0.3149421513080597,0.3149421513080597
2.0+6.4,6.4,2.0,0.4461889,1,0.44618889689445496,0.44618889689445496
2.0+6.6,6.6,2.0,,0,,
2.0+6.8,6.8,2.0,,0,,
2.0+7.0,7.0,2.0,,0,,
2.0+7.2,7.2,2.0,,0,,
2.0+7.4,7.4,2.0,,0,,
2.0+7.6,7.6,2.0,,0,,
2.0+7.8,7.8,2.0,,0,,
2.0+8.0,8.0,2.0,,0,,
2.0+8.2,8.2,2.0,,0,,
2.0+8.4,8.4,2.0,,0,,
2.0+8.6,8.6,2.0,,0,,
2.0+8.8,8.8,2.0,,0,,
2.0+9.0,9.0,2.0,,0,,
2.0+9.2,9.2,2.0,,0,,
2.0+9.4,9.4,2.0,,0,,
2.0+9.6,9.6,2.0,,0,,
2.2+-0.2,-0.2,2.2,0.044138577,5,-0.12946230173110962,0.07993831485509872
2.2+-0.4,-0.4,2.2,0.021382395,5,-0.32449233531951904,0.13382282853126526
2.2+-0.6,-0.6,2.2,0.033797234,4,-0.09954019915312529,0.11541522294282913
2.2+-0.8,-0.8,2.2,0.035182897,4,-0.1067205686122179,0.17476186901330948
2.2+-1.0,-1.0,2.2,0.080160715,2,0.009532373398542404,0.1507890559732914
2.2+-1.2,-1.2,2.2,0.12864012,2,-0.05154170095920563,0.3088219314813614
2.2+-1.4,-1.4,2.2,-0.116382845,1,-0.11638284474611282,-0.11638284474611282
2.2+-1.6,-1.6,2.2,-0.4737028,1,-0.4737027883529663,-0.4737027883529663
2.2+-1.8,-1.8,2.2,-0.2195199,1,-0.21951989829540253,-0.21951989829540253
2.2+-2.0,-2.0,2.2,,0,,
2.2+-2.2,-2.2,2.2,,0,,
2.2+-2.4,-2.4,2.2,,0,,
2.2+-2.6,-2.6,2.2,,0,,
2.2+-2.8,-2.8,2.2,,0,,
2.2+-3.0,-3.0,2.2,,0,,
2.2+-3.2,-3.2,2.2,,0,,
2.2+-3.4,-3.4,2.2,,0,,
2.2+-3.6,-3.6,2.2,,0,,
2.2+-3.8,-3.8,2.2,,0,,
2.2+-4.0,-4.0,2.2,,0,,
2.2+-4.2,-4.2,2.2,,0,,
2.2+-4.4,-4.4,2.2,,0,,
2.2+-4.6,-4.6,2.2,,0,,
2.2+-4.8,-4.8,2.2,,0,,
2.2+-5.0,-5.0,2.2,,0,,
2.2+-5.2,-5.2,2.2,,0,,
2.2+-5.4,-5.4,2.2,,0,,
2.2+-5.6,-5.6,2.2,,0,,
2.2+-5.8,-5.8,2.2,,0,,
2.2+-6.0,-6.0,2.2,,0,,
2.2+-6.2,-6.2,2.2,,0,,
2.2+-6.4,-6.4,2.2,,0,,
2.2+-6.6,-6.6,2.2,,0,,
2.2+-6.8,-6.8,2.2,,0,,
2.2+-7.0,-7.0,2.2,,0,,
2.2+-7.2,-7.2,2.2,,0,,
2.2+-7.4,-7.4,2.2,,0,,
2.2+-7.6,-7.6,2.2,,0,,
2.2+-7.8,-7.8,2.2,,0,,
2.2+-8.0,-8.0,2.2,,0,,
2.2+0.0,0.0,2.2,0.11745026,7,0.04631635686382651,0.14991042017936707
2.2+0.2,0.2,2.2,-0.03496138,7,-0.13268717005848885,0.22610768675804138
2.2+0.4,0.4,2.2,-0.008882372,11,-0.07390253990888596,0.1734069213271141
2.2+0.6,0.6,2.2,0.07199174,12,-0.091708455234766,0.24070372432470322
2.2+0.8,0.8,2.2,0.15861961,14,0.08878620341420174,0.32130806148052216
2.2+1.0,1.0,2.2,0.31447506,16,0.07170300930738449,0.4426313564181328
2.2+1.2,1.2,2.2,0.2665205,21,0.046025749295949936,0.4041503071784973
2.2+1.4,1.4,2.2,0.27630895,23,0.12090461701154709,0.3871277719736099
2.2+1.6,1.6,2.2,0.4122251,30,0.18997948616743088,0.5965069979429245
2.2+1.8,1.8,2.2,0.45199138,35,0.23318910598754883,0.6277559697628021
2.2+2.0,2.0,2.2,0.48247522,40,0.29671985656023026,0.6248985528945923
2.2+2.2,2.2,2.2,0.57659507,44,0.38298308104276657,0.7192506939172745
2.2+2.4,2.4,2.2,0.5846989,56,0.3857634961605072,0.7764429301023483
2.2+2.6,2.6,2.2,0.675645,57,0.4150972068309784,0.858229398727417
2.2+2.8,2.8,2.2,0.68159556,61,0.42895597219467163,0.8744618892669678
2.2+3.0,3.0,2.2,0.7206539,68,0.4788580611348152,0.9140186458826065
2.2+3.2,3.2,2.2,0.8215108,68,0.588581383228302,0.9871676862239838
2.2+3.4,3.4,2.2,0.8526633,65,0.6993438601493835,1.0278897285461426
2.2+3.6,3.6,2.2,0.85037565,67,0.7085875868797302,1.0575846433639526
2.2+3.8,3.8,2.2,0.9003353,56,0.5515592098236084,1.0846398770809174
2.2+4.0,4.0,2.2,0.87503296,43,0.6131574213504791,1.104394555091858
2.2+4.2,4.2,2.2,0.8381794,33,0.5983169078826904,1.0685874223709106
2.2+4.4,4.4,2.2,0.8686454,21,0.553811252117157,1.0999362468719482
2.2+4.6,4.6,2.2,0.681134,14,0.5153328627347946,0.8921421766281128
2.2+4.8,4.8,2.2,0.82448685,11,0.5446397960186005,1.0305559933185577
2.2+5.0,5.0,2.2,0.8827625,7,0.7311610579490662,1.2079102993011475
2.2+5.2,5.2,2.2,0.95292914,7,0.633551299571991,1.3169068694114685
2.2+5.4,5.4,2.2,0.6413138,5,0.6351892948150635,1.4240679740905762
2.2+5.6,5.6,2.2,0.20511396,1,0.2051139622926712,0.2051139622926712
2.2+5.8,5.8,2.2,0.86475813,2,0.5755564346909523,1.1539598032832146
2.2+6.0,6.0,2.2,0.9731464,2,0.6089139617979527,1.337378840893507
2.2+6.2,6.2,2.2,0.27463326,1,0.2746332585811615,0.2746332585811615
2.2+6.4,6.4,2.2,0.2211193,1,0.22111929953098297,0.22111929953098297
2.2+6.6,6.6,2.2,0.36705413,1,0.36705413460731506,0.36705413460731506
2.2+6.8,6.8,2.2,0.42505965,1,0.42505964636802673,0.42505964636802673
2.2+7.0,7.0,2.2,,0,,
2.2+7.2,7.2,2.2,0.33649617,1,0.33649617433547974,0.33649617433547974
2.2+7.4,7.4,2.2,0.46330974,1,0.46330973505973816,0.46330973505973816
2.2+7.6,7.6,2.2,0.42540804,1,0.4254080355167389,0.4254080355167389
2.2+7.8,7.8,2.2,0.43409404,1,0.43409404158592224,0.43409404158592224
2.2+8.0,8.0,2.2,,0,,
2.2+8.2,8.2,2.2,,0,,
2.2+8.4,8.4,2.2,,0,,
2.2+8.6,8.6,2.2,,0,,
2.2+8.8,8.8,2.2,,0,,
2.2+9.0,9.0,2.2,,0,,
2.2+9.2,9.2,2.2,,0,,
2.2+9.4,9.4,2.2,,0,,
2.2+9.6,9.6,2.2,,0,,
2.4+-0.2,-0.2,2.4,-0.06605369,4,-0.12778745964169502,0.00803704047575593
2.4+-0.4,-0.4,2.4,0.10222053,2,0.07042410131543875,0.13401695806533098
2.4+-0.6,-0.6,2.4,0.024667516,2,0.012224845588207245,0.037110187113285065
2.4+-0.8,-0.8,2.4,0.13668509,2,0.06591661844868213,0.20745355577673763
2.4+-1.0,-1.0,2.4,-0.3141651,2,-0.5479305796325207,-0.08039957657456398
2.4+-1.2,-1.2,2.4,-0.26843166,3,-0.3714595288038254,-0.062840037047863
2.4+-1.4,-1.4,2.4,-0.2082484,1,-0.20824840664863586,-0.20824840664863586
2.4+-1.6,-1.6,2.4,,0,,
2.4+-1.8,-1.8,2.4,0.3237711,1,0.32377108931541443,0.32377108931541443
2.4+-2.0,-2.0,2.4,,0,,
2.4+-2.2,-2.2,2.4,,0,,
2.4+-2.4,-2.4,2.4,,0,,
2.4+-2.6,-2.6,2.4,,0,,
2.4+-2.8,-2.8,2.4,,0,,
2.4+-3.0,-3.0,2.4,,0,,
2.4+-3.2,-3.2,2.4,,0,,
2.4+-3.4,-3.4,2.4,,0,,
2.4+-3.6,-3.6,2.4,,0,,
2.4+-3.8,-3.8,2.4,,0,,
2.4+-4.0,-4.0,2.4,,0,,
2.4+-4.2,-4.2,2.4,,0,,
2.4+-4.4,-4.4,2.4,,0,,
2.4+-4.6,-4.6,2.4,,0,,
2.4+-4.8,-4.8,2.4,,0,,
2.4+-5.0,-5.0,2.4,,0,,
2.4+-5.2,-5.2,2.4,,0,,
2.4+-5.4,-5.4,2.4,,0,,
2.4+-5.6,-5.6,2.4,,0,,
2.4+-5.8,-5.8,2.4,,0,,
2.4+-6.0,-6.0,2.4,,0,,
2.4+-6.2,-6.2,2.4,,0,,
2.4+-6.4,-6.4,2.4,,0,,
2.4+-6.6,-6.6,2.4,,0,,
2.4+-6.8,-6.8,2.4,,0,,
2.4+-7.0,-7.0,2.4,,0,,
2.4+-7.2,-7.2,2.4,,0,,
2.4+-7.4,-7.4,2.4,,0,,
2.4+-7.6,-7.6,2.4,,0,,
2.4+-7.8,-7.8,2.4,,0,,
2.4+-8.0,-8.0,2.4,,0,,
2.4+0.0,0.0,2.4,-0.06747495,5,-0.09706586599349976,0.32867297530174255
2.4+0.2,0.2,2.4,-0.010755017,5,-0.19500643014907837,0.048841141164302826
2.4+0.4,0.4,2.4,-0.010203183,5,-0.07207191735506058,0.15239185094833374
2.4+0.6,0.6,2.4,0.12503108,3,0.007326774299144745,0.1843552142381668
2.4+0.8,0.8,2.4,0.15277776,9,-0.08354182541370392,0.21665020287036896
2.4+1.0,1.0,2.4,0.22731966,10,0.07636927254498005,0.3350284919142723
2.4+1.2,1.2,2.4,0.20199704,10,-0.006219649687409401,0.30466149002313614
2.4+1.4,1.4,2.4,0.30852252,15,0.20276211202144623,0.48968705534935
2.4+1.6,1.6,2.4,0.42355084,17,0.2698937654495239,0.4785882830619812
2.4+1.8,1.8,2.4,0.35627764,17,0.1434236615896225,0.5274556875228882
2.4+2.0,2.0,2.4,0.40027002,18,0.28174660354852676,0.5078987404704094
2.4+2.2,2.2,2.4,0.4814601,27,0.30234354734420776,0.690174788236618
2.4+2.4,2.4,2.4,0.5880797,28,0.30611565709114075,0.8634041994810104
2.4+2.6,2.6,2.4,0.67528516,31,0.5119944661855698,0.8535103797912598
2.4+2.8,2.8,2.4,0.6440007,34,0.45860324800014496,0.8388085663318634
2.4+3.0,3.0,2.4,0.6610433,37,0.3276178240776062,0.8944473266601562
2.4+3.2,3.2,2.4,0.779167,44,0.6161179095506668,0.9856786280870438
2.4+3.4,3.4,2.4,0.77844226,49,0.6165286898612976,0.9496803283691406
2.4+3.6,3.6,2.4,0.782639,45,0.629463791847229,1.0396391153335571
2.4+3.8,3.8,2.4,0.88236517,51,0.7037291824817657,1.0761823654174805
2.4+4.0,4.0,2.4,0.9010043,46,0.6760553866624832,1.118947684764862
2.4+4.2,4.2,2.4,0.87628335,32,0.6640506982803345,1.1115264594554901
2.4+4.4,4.4,2.4,0.866714,28,0.7025928348302841,1.1392285823822021
2.4+4.6,4.6,2.4,0.78066176,21,0.6420290470123291,1.0867908000946045
2.4+4.8,4.8,2.4,0.95323133,14,0.7336128205060959,1.1452879309654236
2.4+5.0,5.0,2.4,0.96124285,7,0.7327496707439423,1.1157317161560059
2.4+5.2,5.2,2.4,1.1380862,4,0.8721794933080673,1.5391992926597595
2.4+5.4,5.4,2.4,0.8855644,8,0.6971495598554611,0.9766310155391693
2.4+5.6,5.6,2.4,0.920225,3,0.6485953032970428,1.4951643347740173
2.4+5.8,5.8,2.4,1.1701695,2,0.9176706075668335,1.4226683378219604
2.4+6.0,6.0,2.4,0.49792075,2,0.40300048142671585,0.5928409919142723
2.4+6.2,6.2,2.4,0.41294244,1,0.41294243931770325,0.41294243931770325
2.4+6.4,6.4,2.4,0.35087636,1,0.3508763611316681,0.3508763611316681
2.4+6.6,6.6,2.4,0.348974,1,0.34897398948669434,0.34897398948669434
2.4+6.8,6.8,2.4,0.3167648,1,0.31676480174064636,0.31676480174064636
2.4+7.0,7.0,2.4,0.33879417,1,0.33879417181015015,0.33879417181015015
2.4+7.2,7.2,2.4,0.33879417,1,0.33879417181015015,0.33879417181015015
2.4+7.4,7.4,2.4,0.43506873,1,0.4350687265396118,0.4350687265396118
2.4+7.6,7.6,2.4,0.309062,1,0.30906200408935547,0.30906200408935547
2.4+7.8,7.8,2.4,0.3591909,1,0.3591909110546112,0.3591909110546112
2.4+8.0,8.0,2.4,,0,,
2.4+8.2,8.2,2.4,,0,,
2.4+8.4,8.4,2.4,,0,,
2.4+8.6,8.6,2.4,,0,,
2.4+8.8,8.8,2.4,,0,,
2.4+9.0,9.0,2.4,,0,,
2.4+9.2,9.2,2.4,,0,,
2.4+9.4,9.4,2.4,,0,,
2.4+9.6,9.6,2.4,,0,,
2.6+-0.2,-0.2,2.6,-0.12890005,2,-0.20843231584876776,-0.04936778265982866
2.6+-0.4,-0.4,2.6,-0.38407934,2,-0.5549413012340665,-0.2132173916324973
2.6+-0.6,-0.6,2.6,-0.122784704,1,-0.12278470396995544,-0.12278470396995544
2.6+-0.8,-0.8,2.6,,0,,
2.6+-1.0,-1.0,2.6,,0,,
2.6+-1.2,-1.2,2.6,-0.6074598,1,-0.6074597835540771,-0.6074597835540771
2.6+-1.4,-1.4,2.6,-0.3529721,1,-0.3529720902442932,-0.3529720902442932
2.6+-1.6,-1.6,2.6,,0,,
2.6+-1.8,-1.8,2.6,-0.19250995,1,-0.1925099492073059,-0.1925099492073059
2.6+-2.0,-2.0,2.6,,0,,
2.6+-2.2,-2.2,2.6,,0,,
2.6+-2.4,-2.4,2.6,,0,,
2.6+-2.6,-2.6,2.6,,0,,
2.6+-2.8,-2.8,2.6,,0,,
2.6+-3.0,-3.0,2.6,,0,,
2.6+-3.2,-3.2,2.6,,0,,
2.6+-3.4,-3.4,2.6,,0,,
2.6+-3.6,-3.6,2.6,,0,,
2.6+-3.8,-3.8,2.6,,0,,
2.6+-4.0,-4.0,2.6,,0,,
2.6+-4.2,-4.2,2.6,,0,,
2.6+-4.4,-4.4,2.6,,0,,
2.6+-4.6,-4.6,2.6,,0,,
2.6+-4.8,-4.8,2.6,,0,,
2.6+-5.0,-5.0,2.6,,0,,
2.6+-5.2,-5.2,2.6,,0,,
2.6+-5.4,-5.4,2.6,,0,,
2.6+-5.6,-5.6,2.6,,0,,
2.6+-5.8,-5.8,2.6,,0,,
2.6+-6.0,-6.0,2.6,,0,,
2.6+-6.2,-6.2,2.6,,0,,
2.6+-6.4,-6.4,2.6,,0,,
2.6+-6.6,-6.6,2.6,,0,,
2.6+-6.8,-6.8,2.6,,0,,
2.6+-7.0,-7.0,2.6,,0,,
2.6+-7.2,-7.2,2.6,,0,,
2.6+-7.4,-7.4,2.6,,0,,
2.6+-7.6,-7.6,2.6,,0,,
2.6+-7.8,-7.8,2.6,,0,,
2.6+-8.0,-8.0,2.6,,0,,
2.6+0.0,0.0,2.6,-0.11833798,4,-0.19754290208220482,0.01206634845584631
2.6+0.2,0.2,2.6,0.0217935,2,-0.08616608381271362,0.12975308299064636
2.6+0.4,0.4,2.6,-0.042536452,2,-0.11594182997941971,0.030868925154209137
2.6+0.6,0.6,2.6,0.12794417,4,-0.045976338908076286,0.30586937814950943
2.6+0.8,0.8,2.6,-0.06688523,3,-0.13645611703395844,0.10972382128238678
2.6+1.0,1.0,2.6,0.30314726,3,0.022378310561180115,0.3087785840034485
2.6+1.2,1.2,2.6,0.16229415,6,-0.08764707297086716,0.23486531525850296
2.6+1.4,1.4,2.6,0.2713605,6,0.16581276059150696,0.5342866629362106
2.6+1.6,1.6,2.6,0.45189333,9,0.17071305215358734,0.5005409717559814
2.6+1.8,1.8,2.6,0.5458645,8,0.3447134643793106,0.5691123157739639
2.6+2.0,2.0,2.6,0.32971212,14,0.24660522490739822,0.43507009744644165
2.6+2.2,2.2,2.6,0.44874033,13,0.23315249383449554,0.557340145111084
2.6+2.4,2.4,2.6,0.50573677,16,0.15672605764120817,0.6549586355686188
2.6+2.6,2.6,2.6,0.6274962,18,0.29929913580417633,0.8633114248514175
2.6+2.8,2.8,2.6,0.6423871,22,0.4985688328742981,0.9017427712678909
2.6+3.0,3.0,2.6,0.701864,21,0.4668371081352234,0.9004459977149963
2.6+3.2,3.2,2.6,0.86315644,27,0.5406852662563324,1.0190740823745728
2.6+3.4,3.4,2.6,0.8755187,31,0.5260278731584549,1.1564971804618835
2.6+3.6,3.6,2.6,0.84257734,29,0.5021182298660278,1.02730131149292
2.6+3.8,3.8,2.6,0.83410525,29,0.6754406690597534,1.064433217048645
2.6+4.0,4.0,2.6,0.8759465,31,0.7194787561893463,1.0747029781341553
2.6+4.2,4.2,2.6,0.9070223,31,0.6454139649868011,1.1450845003128052
2.6+4.4,4.4,2.6,0.8903508,26,0.6300278902053833,1.1103710532188416
2.6+4.6,4.6,2.6,0.86804736,26,0.6076305955648422,1.204955130815506
2.6+4.8,4.8,2.6,0.81270015,16,0.5805217921733856,1.0249312818050385
2.6+5.0,5.0,2.6,1.0346522,9,0.9172602295875549,1.10843825340271
2.6+5.2,5.2,2.6,0.76772356,11,0.5460061430931091,1.1516250371932983
2.6+5.4,5.4,2.6,0.6975367,6,0.41098491102457047,1.0441438555717468
2.6+5.6,5.6,2.6,0.5410268,5,0.5049276947975159,0.7894313931465149
2.6+5.8,5.8,2.6,1.7068963,1,1.7068963050842285,1.7068963050842285
2.6+6.0,6.0,2.6,0.9222457,3,0.788111001253128,0.9534099102020264
2.6+6.2,6.2,2.6,0.7335667,1,0.7335667014122009,0.7335667014122009
2.6+6.4,6.4,2.6,,0,,
2.6+6.6,6.6,2.6,,0,,
2.6+6.8,6.8,2.6,,0,,
2.6+7.0,7.0,2.6,,0,,
2.6+7.2,7.2,2.6,,0,,
2.6+7.4,7.4,2.6,,0,,
2.6+7.6,7.6,2.6,,0,,
2.6+7.8,7.8,2.6,,0,,
2.6+8.0,8.0,2.6,0.3672908,1,0.36729079484939575,0.36729079484939575
2.6+8.2,8.2,2.6,,0,,
2.6+8.4,8.4,2.6,,0,,
2.6+8.6,8.6,2.6,,0,,
2.6+8.8,8.8,2.6,,0,,
2.6+9.0,9.0,2.6,,0,,
2.6+9.2,9.2,2.6,,0,,
2.6+9.4,9.4,2.6,,0,,
2.6+9.6,9.6,2.6,,0,,
2.8+-0.2,-0.2,2.8,,0,,
2.8+-0.4,-0.4,2.8,,0,,
2.8+-0.6,-0.6,2.8,,0,,
2.8+-0.8,-0.8,2.8,,0,,
2.8+-1.0,-1.0,2.8,,0,,
2.8+-1.2,-1.2,2.8,-0.3931875,1,-0.3931874930858612,-0.3931874930858612
2.8+-1.4,-1.4,2.8,,0,,
2.8+-1.6,-1.6,2.8,,0,,
2.8+-1.8,-1.8,2.8,,0,,
2.8+-2.0,-2.0,2.8,,0,,
2.8+-2.2,-2.2,2.8,,0,,
2.8+-2.4,-2.4,2.8,,0,,
2.8+-2.6,-2.6,2.8,,0,,
2.8+-2.8,-2.8,2.8,,0,,
2.8+-3.0,-3.0,2.8,,0,,
2.8+-3.2,-3.2,2.8,,0,,
2.8+-3.4,-3.4,2.8,,0,,
2.8+-3.6,-3.6,2.8,,0,,
2.8+-3.8,-3.8,2.8,,0,,
2.8+-4.0,-4.0,2.8,,0,,
2.8+-4.2,-4.2,2.8,,0,,
2.8+-4.4,-4.4,2.8,,0,,
2.8+-4.6,-4.6,2.8,,0,,
2.8+-4.8,-4.8,2.8,,0,,
2.8+-5.0,-5.0,2.8,,0,,
2.8+-5.2,-5.2,2.8,,0,,
2.8+-5.4,-5.4,2.8,,0,,
2.8+-5.6,-5.6,2.8,,0,,
2.8+-5.8,-5.8,2.8,,0,,
2.8+-6.0,-6.0,2.8,,0,,
2.8+-6.2,-6.2,2.8,,0,,
2.8+-6.4,-6.4,2.8,,0,,
2.8+-6.6,-6.6,2.8,,0,,
2.8+-6.8,-6.8,2.8,,0,,
2.8+-7.0,-7.0,2.8,,0,,
2.8+-7.2,-7.2,2.8,,0,,
2.8+-7.4,-7.4,2.8,,0,,
2.8+-7.6,-7.6,2.8,,0,,
2.8+-7.8,-7.8,2.8,,0,,
2.8+-8.0,-8.0,2.8,,0,,
2.8+0.0,0.0,2.8,0.2485006,1,0.24850060045719147,0.24850060045719147
2.8+0.2,0.2,2.8,-0.05881025,1,-0.05881024897098541,-0.05881024897098541
2.8+0.4,0.4,2.8,0.29248372,2,0.24035551026463509,0.34461190924048424
2.8+0.6,0.6,2.8,0.17515956,3,0.04440190643072128,0.276941753923893
2.8+0.8,0.8,2.8,0.061372686,1,0.06137268617749214,0.06137268617749214
2.8+1.0,1.0,2.8,-0.034850314,2,-0.1808585301041603,0.11115790158510208
2.8+1.2,1.2,2.8,0.46525094,1,0.4652509391307831,0.4652509391307831
2.8+1.4,1.4,2.8,0.15394342,2,0.0991089940071106,0.20877784490585327
2.8+1.6,1.6,2.8,0.17947745,1,0.17947745323181152,0.17947745323181152
2.8+1.8,1.8,2.8,0.16179521,5,0.010329981334507465,0.4287944436073303
2.8+2.0,2.0,2.8,0.566751,4,0.34458271972835064,0.7148465514183044
2.8+2.2,2.2,2.8,0.46005484,5,0.44326677918434143,0.631646990776062
2.8+2.4,2.4,2.8,0.52061653,9,0.4937804937362671,0.6916440725326538
2.8+2.6,2.6,2.8,0.6613015,10,0.36969906091690063,0.73043492436409
2.8+2.8,2.8,2.8,0.51527625,9,0.251304566860199,0.7513810992240906
2.8+3.0,3.0,2.8,0.6566535,11,0.5917556881904602,0.8300052285194397
2.8+3.2,3.2,2.8,0.70969176,12,0.625754326581955,1.129948377609253
2.8+3.4,3.4,2.8,0.72979707,17,0.5770668387413025,1.108720064163208
2.8+3.6,3.6,2.8,0.8504399,19,0.6938246488571167,1.0775516629219055
2.8+3.8,3.8,2.8,0.9289324,21,0.6956269145011902,1.1863819360733032
2.8+4.0,4.0,2.8,0.9635711,20,0.7420273423194885,1.1553474068641663
2.8+4.2,4.2,2.8,0.86285394,22,0.5936467051506042,1.0451228320598602
2.8+4.4,4.4,2.8,0.97746503,19,0.8645400106906891,1.0954804420471191
2.8+4.6,4.6,2.8,0.88484836,24,0.6686227470636368,1.168519914150238
2.8+4.8,4.8,2.8,1.0662403,19,0.7521523237228394,1.158874273300171
2.8+5.0,5.0,2.8,0.9421901,14,0.5023095607757568,1.02987802028656
2.8+5.2,5.2,2.8,1.0045329,12,0.513779878616333,1.1566495597362518
2.8+5.4,5.4,2.8,0.939766,8,0.5831651389598846,1.0674576163291931
2.8+5.6,5.6,2.8,1.0793318,3,0.7627928256988525,1.2393057346343994
2.8+5.8,5.8,2.8,1.0868278,2,0.7912889569997787,1.3823666125535965
2.8+6.0,6.0,2.8,0.66805184,4,0.620008572936058,0.9432632774114609
2.8+6.2,6.2,2.8,0.5502023,2,0.4856513440608978,0.6147532761096954
2.8+6.4,6.4,2.8,0.5978351,1,0.597835123538971,0.597835123538971
2.8+6.6,6.6,2.8,,0,,
2.8+6.8,6.8,2.8,,0,,
2.8+7.0,7.0,2.8,,0,,
2.8+7.2,7.2,2.8,,0,,
2.8+7.4,7.4,2.8,,0,,
2.8+7.6,7.6,2.8,,0,,
2.8+7.8,7.8,2.8,,0,,
2.8+8.0,8.0,2.8,,0,,
2.8+8.2,8.2,2.8,,0,,
2.8+8.4,8.4,2.8,,0,,
2.8+8.6,8.6,2.8,,0,,
2.8+8.8,8.8,2.8,,0,,
2.8+9.0,9.0,2.8,,0,,
2.8+9.2,9.2,2.8,,0,,
2.8+9.4,9.4,2.8,,0,,
2.8+9.6,9.6,2.8,,0,,
3.0+-0.2,-0.2,3.0,,0,,
3.0+-0.4,-0.4,3.0,,0,,
3.0+-0.6,-0.6,3.0,,0,,
3.0+-0.8,-0.8,3.0,,0,,
3.0+-1.0,-1.0,3.0,0.27734533,1,0.27734532952308655,0.27734532952308655
3.0+-1.2,-1.2,3.0,,0,,
3.0+-1.4,-1.4,3.0,,0,,
3.0+-1.6,-1.6,3.0,,0,,
3.0+-1.8,-1.8,3.0,,0,,
3.0+-2.0,-2.0,3.0,,0,,
3.0+-2.2,-2.2,3.0,,0,,
3.0+-2.4,-2.4,3.0,,0,,
3.0+-2.6,-2.6,3.0,,0,,
3.0+-2.8,-2.8,3.0,,0,,
3.0+-3.0,-3.0,3.0,,0,,
3.0+-3.2,-3.2,3.0,,0,,
3.0+-3.4,-3.4,3.0,,0,,
3.0+-3.6,-3.6,3.0,,0,,
3.0+-3.8,-3.8,3.0,,0,,
3.0+-4.0,-4.0,3.0,,0,,
3.0+-4.2,-4.2,3.0,,0,,
3.0+-4.4,-4.4,3.0,,0,,
3.0+-4.6,-4.6,3.0,,0,,
3.0+-4.8,-4.8,3.0,,0,,
3.0+-5.0,-5.0,3.0,,0,,
3.0+-5.2,-5.2,3.0,,0,,
3.0+-5.4,-5.4,3.0,,0,,
3.0+-5.6,-5.6,3.0,,0,,
3.0+-5.8,-5.8,3.0,,0,,
3.0+-6.0,-6.0,3.0,,0,,
3.0+-6.2,-6.2,3.0,,0,,
3.0+-6.4,-6.4,3.0,,0,,
3.0+-6.6,-6.6,3.0,,0,,
3.0+-6.8,-6.8,3.0,,0,,
3.0+-7.0,-7.0,3.0,,0,,
3.0+-7.2,-7.2,3.0,,0,,
3.0+-7.4,-7.4,3.0,,0,,
3.0+-7.6,-7.6,3.0,,0,,
3.0+-7.8,-7.8,3.0,,0,,
3.0+-8.0,-8.0,3.0,,0,,
3.0+0.0,0.0,3.0,,0,,
3.0+0.2,0.2,3.0,0.21228474,1,0.21228474378585815,0.21228474378585815
3.0+0.4,0.4,3.0,0.47124818,1,0.47124817967414856,0.47124817967414856
3.0+0.6,0.6,3.0,0.3724794,1,0.3724794089794159,0.3724794089794159
3.0+0.8,0.8,3.0,0.51793706,1,0.5179370641708374,0.5179370641708374
3.0+1.0,1.0,3.0,,0,,
3.0+1.2,1.2,3.0,0.1761896,2,0.040450820699334145,0.31192837469279766
3.0+1.4,1.4,3.0,0.30191165,2,0.11368291452527046,0.4901403747498989
3.0+1.6,1.6,3.0,0.39506042,1,0.3950604200363159,0.3950604200363159
3.0+1.8,1.8,3.0,0.2992075,2,0.1563074782025069,0.4421075249556452
3.0+2.0,2.0,3.0,0.2838995,2,0.1151089146733284,0.452690027654171
3.0+2.2,2.2,3.0,0.5825519,2,0.4865112006664276,0.6785925924777985
3.0+2.4,2.4,3.0,0.45654508,4,0.29392537474632263,0.5278073102235794
3.0+2.6,2.6,3.0,0.6597196,5,0.5401877164840698,0.6633388996124268
3.0+2.8,2.8,3.0,0.46176514,2,0.3600311428308487,0.5634991377592087
3.0+3.0,3.0,3.0,0.65121335,3,0.5050256997346878,0.7654516994953156
3.0+3.2,3.2,3.0,0.43617314,5,0.340400755405426,0.6465433239936829
3.0+3.4,3.4,3.0,0.67719257,6,0.6259546130895615,0.7202934473752975
3.0+3.6,3.6,3.0,0.7751607,8,0.6595390737056732,0.9933828860521317
3.0+3.8,3.8,3.0,0.61759305,10,0.5412397235631943,1.1150192618370056
3.0+4.0,4.0,3.0,0.86817205,12,0.6494470536708832,1.1547990441322327
3.0+4.2,4.2,3.0,1.0000385,12,0.6347247958183289,1.287198007106781
3.0+4.4,4.4,3.0,0.8102723,17,0.5466374754905701,1.1207743883132935
3.0+4.6,4.6,3.0,0.975898,18,0.556273490190506,1.1806106567382812
3.0+4.8,4.8,3.0,1.0163897,16,0.7129562646150589,1.1999248266220093
3.0+5.0,5.0,3.0,1.1664766,13,0.8496864438056946,1.2143992185592651
3.0+5.2,5.2,3.0,1.0352142,14,0.8172987401485443,1.3134308755397797
3.0+5.4,5.4,3.0,0.9377607,8,0.7295088171958923,1.1604320704936981
3.0+5.6,5.6,3.0,0.86367196,4,0.6289671212434769,1.0416195690631866
3.0+5.8,5.8,3.0,0.9096805,5,0.7928277850151062,1.019026517868042
3.0+6.0,6.0,3.0,1.0926611,2,1.0399411618709564,1.1453812420368195
3.0+6.2,6.2,3.0,0.72984076,2,0.6518300026655197,0.8078514486551285
3.0+6.4,6.4,3.0,0.96974885,2,0.7253275141119957,1.2141702249646187
3.0+6.6,6.6,3.0,0.95515966,3,0.7097446769475937,1.1505693197250366
3.0+6.8,6.8,3.0,1.4389524,1,1.4389524459838867,1.4389524459838867
3.0+7.0,7.0,3.0,0.47789636,1,0.4778963625431061,0.4778963625431061
3.0+7.2,7.2,3.0,0.82711416,1,0.8271141648292542,0.8271141648292542
3.0+7.4,7.4,3.0,,0,,
3.0+7.6,7.6,3.0,,0,,
3.0+7.8,7.8,3.0,,0,,
3.0+8.0,8.0,3.0,,0,,
3.0+8.2,8.2,3.0,,0,,
3.0+8.4,8.4,3.0,,0,,
3.0+8.6,8.6,3.0,,0,,
3.0+8.8,8.8,3.0,,0,,
3.0+9.0,9.0,3.0,,0,,
3.0+9.2,9.2,3.0,,0,,
3.0+9.4,9.4,3.0,,0,,
3.0+9.6,9.6,3.0,,0,,
3.2+-0.2,-0.2,3.2,,0,,
3.2+-0.4,-0.4,3.2,,0,,
3.2+-0.6,-0.6,3.2,,0,,
3.2+-0.8,-0.8,3.2,,0,,
3.2+-1.0,-1.0,3.2,,0,,
3.2+-1.2,-1.2,3.2,,0,,
3.2+-1.4,-1.4,3.2,,0,,
3.2+-1.6,-1.6,3.2,,0,,
3.2+-1.8,-1.8,3.2,,0,,
3.2+-2.0,-2.0,3.2,,0,,
3.2+-2.2,-2.2,3.2,,0,,
3.2+-2.4,-2.4,3.2,,0,,
3.2+-2.6,-2.6,3.2,,0,,
3.2+-2.8,-2.8,3.2,,0,,
3.2+-3.0,-3.0,3.2,,0,,
3.2+-3.2,-3.2,3.2,,0,,
3.2+-3.4,-3.4,3.2,,0,,
3.2+-3.6,-3.6,3.2,,0,,
3.2+-3.8,-3.8,3.2,,0,,
3.2+-4.0,-4.0,3.2,,0,,
3.2+-4.2,-4.2,3.2,,0,,
3.2+-4.4,-4.4,3.2,,0,,
3.2+-4.6,-4.6,3.2,,0,,
3.2+-4.8,-4.8,3.2,,0,,
3.2+-5.0,-5.0,3.2,,0,,
3.2+-5.2,-5.2,3.2,,0,,
3.2+-5.4,-5.4,3.2,,0,,
3.2+-5.6,-5.6,3.2,,0,,
3.2+-5.8,-5.8,3.2,,0,,
3.2+-6.0,-6.0,3.2,,0,,
3.2+-6.2,-6.2,3.2,,0,,
3.2+-6.4,-6.4,3.2,,0,,
3.2+-6.6,-6.6,3.2,,0,,
3.2+-6.8,-6.8,3.2,,0,,
3.2+-7.0,-7.0,3.2,,0,,
3.2+-7.2,-7.2,3.2,,0,,
3.2+-7.4,-7.4,3.2,,0,,
3.2+-7.6,-7.6,3.2,,0,,
3.2+-7.8,-7.8,3.2,,0,,
3.2+-8.0,-8.0,3.2,,0,,
3.2+0.0,0.0,3.2,,0,,
3.2+0.2,0.2,3.2,,0,,
3.2+0.4,0.4,3.2,,0,,
3.2+0.6,0.6,3.2,,0,,
3.2+0.8,0.8,3.2,,0,,
3.2+1.0,1.0,3.2,,0,,
3.2+1.2,1.2,3.2,,0,,
3.2+1.4,1.4,3.2,0.61511153,1,0.6151115298271179,0.6151115298271179
3.2+1.6,1.6,3.2,,0,,
3.2+1.8,1.8,3.2,0.11038697,1,0.11038696765899658,0.11038696765899658
3.2+2.0,2.0,3.2,0.31714356,2,0.1989569440484047,0.4353301450610161
3.2+2.2,2.2,3.2,0.29901427,2,0.14781135704834014,0.4502171886852011
3.2+2.4,2.4,3.2,0.6782191,2,0.6394467800855637,0.7169913202524185
3.2+2.6,2.6,3.2,0.6456605,3,0.625635027885437,0.6511017978191376
3.2+2.8,2.8,3.2,0.47034943,3,0.42163608968257904,0.5671468377113342
3.2+3.0,3.0,3.2,0.58102506,2,0.5019357278943062,0.6601143702864647
3.2+3.2,3.2,3.2,0.5178593,4,0.2719697318971157,0.7567474246025085
3.2+3.4,3.4,3.2,0.7818028,3,0.5482778698205948,0.9005746841430664
3.2+3.6,3.6,3.2,0.29131547,3,0.26609663665294647,0.6462952643632889
3.2+3.8,3.8,3.2,0.9402447,4,0.8316359519958496,1.0063398778438568
3.2+4.0,4.0,3.2,0.7639196,3,0.7413344085216522,0.9740098118782043
3.2+4.2,4.2,3.2,0.6893368,3,0.6860713362693787,0.9589976072311401
3.2+4.4,4.4,3.2,0.75529885,9,0.7314977645874023,1.1531956195831299
3.2+4.6,4.6,3.2,0.7623955,10,0.6322115063667297,1.144767016172409
3.2+4.8,4.8,3.2,0.70854795,8,0.6107285767793655,0.954298809170723
3.2+5.0,5.0,3.2,0.9163055,9,0.4766458570957184,1.0570621490478516
3.2+5.2,5.2,3.2,0.8681499,14,0.6919521689414978,1.171412616968155
3.2+5.4,5.4,3.2,1.1081932,11,0.570992648601532,1.2993882894515991
3.2+5.6,5.6,3.2,1.0579911,9,0.77507483959198,1.2566317319869995
3.2+5.8,5.8,3.2,0.97675246,7,0.6890860199928284,1.2756328582763672
3.2+6.0,6.0,3.2,1.1796,7,0.8752318024635315,1.4233051538467407
3.2+6.2,6.2,3.2,0.44886875,3,0.36052466928958893,0.7013701498508453
3.2+6.4,6.4,3.2,1.1525697,1,1.1525696516036987,1.1525696516036987
3.2+6.6,6.6,3.2,1.0144827,2,0.9513971656560898,1.0775683671236038
3.2+6.8,6.8,3.2,,0,,
3.2+7.0,7.0,3.2,0.324758,1,0.32475799322128296,0.32475799322128296
3.2+7.2,7.2,3.2,,0,,
3.2+7.4,7.4,3.2,,0,,
3.2+7.6,7.6,3.2,,0,,
3.2+7.8,7.8,3.2,,0,,
3.2+8.0,8.0,3.2,,0,,
3.2+8.2,8.2,3.2,,0,,
3.2+8.4,8.4,3.2,,0,,
3.2+8.6,8.6,3.2,,0,,
3.2+8.8,8.8,3.2,,0,,
3.2+9.0,9.0,3.2,,0,,
3.2+9.2,9.2,3.2,,0,,
3.2+9.4,9.4,3.2,,0,,
3.2+9.6,9.6,3.2,,0,,
3.4+-0.2,-0.2,3.4,,0,,
3.4+-0.4,-0.4,3.4,,0,,
3.4+-0.6,-0.6,3.4,,0,,
3.4+-0.8,-0.8,3.4,,0,,
3.4+-1.0,-1.0,3.4,,0,,
3.4+-1.2,-1.2,3.4,,0,,
3.4+-1.4,-1.4,3.4,,0,,
3.4+-1.6,-1.6,3.4,,0,,
3.4+-1.8,-1.8,3.4,,0,,
3.4+-2.0,-2.0,3.4,,0,,
3.4+-2.2,-2.2,3.4,,0,,
3.4+-2.4,-2.4,3.4,,0,,
3.4+-2.6,-2.6,3.4,,0,,
3.4+-2.8,-2.8,3.4,,0,,
3.4+-3.0,-3.0,3.4,,0,,
3.4+-3.2,-3.2,3.4,,0,,
3.4+-3.4,-3.4,3.4,,0,,
3.4+-3.6,-3.6,3.4,,0,,
3.4+-3.8,-3.8,3.4,,0,,
3.4+-4.0,-4.0,3.4,,0,,
3.4+-4.2,-4.2,3.4,,0,,
3.4+-4.4,-4.4,3.4,,0,,
3.4+-4.6,-4.6,3.4,,0,,
3.4+-4.8,-4.8,3.4,,0,,
3.4+-5.0,-5.0,3.4,,0,,
3.4+-5.2,-5.2,3.4,,0,,
3.4+-5.4,-5.4,3.4,,0,,
3.4+-5.6,-5.6,3.4,,0,,
3.4+-5.8,-5.8,3.4,,0,,
3.4+-6.0,-6.0,3.4,,0,,
3.4+-6.2,-6.2,3.4,,0,,
3.4+-6.4,-6.4,3.4,,0,,
3.4+-6.6,-6.6,3.4,,0,,
3.4+-6.8,-6.8,3.4,,0,,
3.4+-7.0,-7.0,3.4,,0,,
3.4+-7.2,-7.2,3.4,,0,,
3.4+-7.4,-7.4,3.4,,0,,
3.4+-7.6,-7.6,3.4,,0,,
3.4+-7.8,-7.8,3.4,,0,,
3.4+-8.0,-8.0,3.4,,0,,
3.4+0.0,0.0,3.4,,0,,
3.4+0.2,0.2,3.4,,0,,
3.4+0.4,0.4,3.4,,0,,
3.4+0.6,0.6,3.4,,0,,
3.4+0.8,0.8,3.4,,0,,
3.4+1.0,1.0,3.4,0.5913498,1,0.5913497805595398,0.5913497805595398
3.4+1.2,1.2,3.4,0.5375197,1,0.5375196933746338,0.5375196933746338
3.4+1.4,1.4,3.4,0.5312488,1,0.5312488079071045,0.5312488079071045
3.4+1.6,1.6,3.4,,0,,
3.4+1.8,1.8,3.4,,0,,
3.4+2.0,2.0,3.4,,0,,
3.4+2.2,2.2,3.4,,0,,
3.4+2.4,2.4,3.4,0.61173624,2,0.6101312339305878,0.6133412420749664
3.4+2.6,2.6,3.4,,0,,
3.4+2.8,2.8,3.4,,0,,
3.4+3.0,3.0,3.4,0.30331668,2,0.18018413055688143,0.426449260674417
3.4+3.2,3.2,3.4,0.31635204,1,0.3163520395755768,0.3163520395755768
3.4+3.4,3.4,3.4,0.23340018,1,0.23340018093585968,0.23340018093585968
3.4+3.6,3.6,3.4,,0,,
3.4+3.8,3.8,3.4,0.7816117,2,0.6964531540870667,0.8667702078819275
3.4+4.0,4.0,3.4,-0.12247066,3,-0.14463157206773758,0.5286789909005165
3.4+4.2,4.2,3.4,0.71644795,3,0.27314140647649765,0.9131889939308167
3.4+4.4,4.4,3.4,,0,,
3.4+4.6,4.6,3.4,0.23860417,2,-0.020858190953731537,0.4980665370821953
3.4+4.8,4.8,3.4,1.1355965,3,0.8934759795665741,1.3760625123977661
3.4+5.0,5.0,3.4,0.8626199,5,0.44051891565322876,1.1945923566818237
3.4+5.2,5.2,3.4,0.7263311,8,0.5104113966226578,1.0093922913074493
3.4+5.4,5.4,3.4,0.8475174,9,0.7687215209007263,1.1786001920700073
3.4+5.6,5.6,3.4,0.7847351,6,0.5791439563035965,0.9483506828546524
3.4+5.8,5.8,3.4,0.9922957,6,0.6709384471178055,1.1602966785430908
3.4+6.0,6.0,3.4,0.8414776,3,0.716609537601471,0.9995051920413971
3.4+6.2,6.2,3.4,0.80876577,2,0.6796976327896118,0.9378339052200317
3.4+6.4,6.4,3.4,0.9271213,1,0.9271212816238403,0.9271212816238403
3.4+6.6,6.6,3.4,0.67996037,2,0.5477272719144821,0.8121934086084366
3.4+6.8,6.8,3.4,0.77427167,2,0.48800408095121384,1.0605392828583717
3.4+7.0,7.0,3.4,0.44358015,1,0.44358015060424805,0.44358015060424805
3.4+7.2,7.2,3.4,0.4783555,1,0.4783554971218109,0.4783554971218109
3.4+7.4,7.4,3.4,,0,,
3.4+7.6,7.6,3.4,,0,,
3.4+7.8,7.8,3.4,,0,,
3.4+8.0,8.0,3.4,,0,,
3.4+8.2,8.2,3.4,,0,,
3.4+8.4,8.4,3.4,,0,,
3.4+8.6,8.6,3.4,,0,,
3.4+8.8,8.8,3.4,,0,,
3.4+9.0,9.0,3.4,,0,,
3.4+9.2,9.2,3.4,,0,,
3.4+9.4,9.4,3.4,,0,,
3.4+9.6,9.6,3.4,,0,,
3.6+-0.2,-0.2,3.6,,0,,
3.6+-0.4,-0.4,3.6,,0,,
3.6+-0.6,-0.6,3.6,,0,,
3.6+-0.8,-0.8,3.6,,0,,
3.6+-1.0,-1.0,3.6,,0,,
3.6+-1.2,-1.2,3.6,,0,,
3.6+-1.4,-1.4,3.6,,0,,
3.6+-1.6,-1.6,3.6,,0,,
3.6+-1.8,-1.8,3.6,,0,,
3.6+-2.0,-2.0,3.6,,0,,
3.6+-2.2,-2.2,3.6,,0,,
3.6+-2.4,-2.4,3.6,,0,,
3.6+-2.6,-2.6,3.6,,0,,
3.6+-2.8,-2.8,3.6,,0,,
3.6+-3.0,-3.0,3.6,,0,,
3.6+-3.2,-3.2,3.6,,0,,
3.6+-3.4,-3.4,3.6,,0,,
3.6+-3.6,-3.6,3.6,,0,,
3.6+-3.8,-3.8,3.6,,0,,
3.6+-4.0,-4.0,3.6,,0,,
3.6+-4.2,-4.2,3.6,,0,,
3.6+-4.4,-4.4,3.6,,0,,
3.6+-4.6,-4.6,3.6,,0,,
3.6+-4.8,-4.8,3.6,,0,,
3.6+-5.0,-5.0,3.6,,0,,
3.6+-5.2,-5.2,3.6,,0,,
3.6+-5.4,-5.4,3.6,,0,,
3.6+-5.6,-5.6,3.6,,0,,
3.6+-5.8,-5.8,3.6,,0,,
3.6+-6.0,-6.0,3.6,,0,,
3.6+-6.2,-6.2,3.6,,0,,
3.6+-6.4,-6.4,3.6,,0,,
3.6+-6.6,-6.6,3.6,,0,,
3.6+-6.8,-6.8,3.6,,0,,
3.6+-7.0,-7.0,3.6,,0,,
3.6+-7.2,-7.2,3.6,,0,,
3.6+-7.4,-7.4,3.6,,0,,
3.6+-7.6,-7.6,3.6,,0,,
3.6+-7.8,-7.8,3.6,,0,,
3.6+-8.0,-8.0,3.6,,0,,
3.6+0.0,0.0,3.6,,0,,
3.6+0.2,0.2,3.6,,0,,
3.6+0.4,0.4,3.6,,0,,
3.6+0.6,0.6,3.6,,0,,
3.6+0.8,0.8,3.6,,0,,
3.6+1.0,1.0,3.6,,0,,
3.6+1.2,1.2,3.6,,0,,
3.6+1.4,1.4,3.6,,0,,
3.6+1.6,1.6,3.6,,0,,
3.6+1.8,1.8,3.6,,0,,
3.6+2.0,2.0,3.6,,0,,
3.6+2.2,2.2,3.6,,0,,
3.6+2.4,2.4,3.6,,0,,
3.6+2.6,2.6,3.6,,0,,
3.6+2.8,2.8,3.6,0.5893103,1,0.5893102884292603,0.5893102884292603
3.6+3.0,3.0,3.6,,0,,
3.6+3.2,3.2,3.6,,0,,
3.6+3.4,3.4,3.6,0.623907,1,0.6239070296287537,0.6239070296287537
3.6+3.6,3.6,3.6,0.29135436,1,0.29135435819625854,0.29135435819625854
3.6+3.8,3.8,3.6,0.8706982,1,0.8706982135772705,0.8706982135772705
3.6+4.0,4.0,3.6,0.80943024,1,0.8094302415847778,0.8094302415847778
3.6+4.2,4.2,3.6,,0,,
3.6+4.4,4.4,3.6,,0,,
3.6+4.6,4.6,3.6,0.41907087,2,0.2679843995720148,0.5701573323458433
3.6+4.8,4.8,3.6,,0,,
3.6+5.0,5.0,3.6,0.40563676,1,0.4056367576122284,0.4056367576122284
3.6+5.2,5.2,3.6,0.62289,2,0.5883414000272751,0.657438650727272
3.6+5.4,5.4,3.6,0.5167078,1,0.5167077779769897,0.5167077779769897
3.6+5.6,5.6,3.6,0.9054318,1,0.9054318070411682,0.9054318070411682
3.6+5.8,5.8,3.6,0.8110245,3,0.621930405497551,1.2171272933483124
3.6+6.0,6.0,3.6,0.92173904,4,0.823124885559082,0.9961532652378082
3.6+6.2,6.2,3.6,1.0354035,4,0.8540940806269646,1.0801967978477478
3.6+6.4,6.4,3.6,0.74232733,3,0.5158588290214539,0.7999100089073181
3.6+6.6,6.6,3.6,0.9525746,3,0.8939415812492371,1.040993869304657
3.6+6.8,6.8,3.6,0.97078896,2,0.9021462649106979,1.0394317060709
3.6+7.0,7.0,3.6,0.9884575,2,0.9327809512615204,1.0441340506076813
3.6+7.2,7.2,3.6,,0,,
3.6+7.4,7.4,3.6,0.46580732,1,0.46580731868743896,0.46580731868743896
3.6+7.6,7.6,3.6,,0,,
3.6+7.8,7.8,3.6,0.46322522,1,0.46322521567344666,0.46322521567344666
3.6+8.0,8.0,3.6,,0,,
3.6+8.2,8.2,3.6,,0,,
3.6+8.4,8.4,3.6,,0,,
3.6+8.6,8.6,3.6,,0,,
3.6+8.8,8.8,3.6,,0,,
3.6+9.0,9.0,3.6,,0,,
3.6+9.2,9.2,3.6,,0,,
3.6+9.4,9.4,3.6,,0,,
3.6+9.6,9.6,3.6,,0,,
3.8+-0.2,-0.2,3.8,,0,,
3.8+-0.4,-0.4,3.8,,0,,
3.8+-0.6,-0.6,3.8,,0,,
3.8+-0.8,-0.8,3.8,,0,,
3.8+-1.0,-1.0,3.8,,0,,
3.8+-1.2,-1.2,3.8,,0,,
3.8+-1.4,-1.4,3.8,,0,,
3.8+-1.6,-1.6,3.8,,0,,
3.8+-1.8,-1.8,3.8,,0,,
3.8+-2.0,-2.0,3.8,,0,,
3.8+-2.2,-2.2,3.8,,0,,
3.8+-2.4,-2.4,3.8,,0,,
3.8+-2.6,-2.6,3.8,,0,,
3.8+-2.8,-2.8,3.8,,0,,
3.8+-3.0,-3.0,3.8,,0,,
3.8+-3.2,-3.2,3.8,,0,,
3.8+-3.4,-3.4,3.8,,0,,
3.8+-3.6,-3.6,3.8,,0,,
3.8+-3.8,-3.8,3.8,,0,,
3.8+-4.0,-4.0,3.8,,0,,
3.8+-4.2,-4.2,3.8,,0,,
3.8+-4.4,-4.4,3.8,,0,,
3.8+-4.6,-4.6,3.8,,0,,
3.8+-4.8,-4.8,3.8,,0,,
3.8+-5.0,-5.0,3.8,,0,,
3.8+-5.2,-5.2,3.8,,0,,
3.8+-5.4,-5.4,3.8,,0,,
3.8+-5.6,-5.6,3.8,,0,,
3.8+-5.8,-5.8,3.8,,0,,
3.8+-6.0,-6.0,3.8,,0,,
3.8+-6.2,-6.2,3.8,,0,,
3.8+-6.4,-6.4,3.8,,0,,
3.8+-6.6,-6.6,3.8,,0,,
3.8+-6.8,-6.8,3.8,,0,,
3.8+-7.0,-7.0,3.8,,0,,
3.8+-7.2,-7.2,3.8,,0,,
3.8+-7.4,-7.4,3.8,,0,,
3.8+-7.6,-7.6,3.8,,0,,
3.8+-7.8,-7.8,3.8,,0,,
3.8+-8.0,-8.0,3.8,,0,,
3.8+0.0,0.0,3.8,,0,,
3.8+0.2,0.2,3.8,,0,,
3.8+0.4,0.4,3.8,,0,,
3.8+0.6,0.6,3.8,,0,,
3.8+0.8,0.8,3.8,,0,,
3.8+1.0,1.0,3.8,,0,,
3.8+1.2,1.2,3.8,,0,,
3.8+1.4,1.4,3.8,,0,,
3.8+1.6,1.6,3.8,,0,,
3.8+1.8,1.8,3.8,,0,,
3.8+2.0,2.0,3.8,,0,,
3.8+2.2,2.2,3.8,,0,,
3.8+2.4,2.4,3.8,,0,,
3.8+2.6,2.6,3.8,,0,,
3.8+2.8,2.8,3.8,,0,,
3.8+3.0,3.0,3.8,,0,,
3.8+3.2,3.2,3.8,0.5300496,1,0.5300496220588684,0.5300496220588684
3.8+3.4,3.4,3.8,,0,,
3.8+3.6,3.6,3.8,,0,,
3.8+3.8,3.8,3.8,0.8122127,1,0.8122127056121826,0.8122127056121826
3.8+4.0,4.0,3.8,,0,,
3.8+4.2,4.2,3.8,0.26703873,1,0.2670387327671051,0.2670387327671051
3.8+4.4,4.4,3.8,0.3337861,1,0.33378610014915466,0.33378610014915466
3.8+4.6,4.6,3.8,,0,,
3.8+4.8,4.8,3.8,0.73531425,1,0.7353142499923706,0.7353142499923706
3.8+5.0,5.0,3.8,-0.043518893,2,-0.10192829743027687,0.014890510588884354
3.8+5.2,5.2,3.8,,0,,
3.8+5.4,5.4,3.8,0.059488945,2,0.020422481931746006,0.09855540376156569
3.8+5.6,5.6,3.8,0.42118633,1,0.42118632793426514,0.42118632793426514
3.8+5.8,5.8,3.8,0.3063728,1,0.3063727915287018,0.3063727915287018
3.8+6.0,6.0,3.8,1.4707612,1,1.4707611799240112,1.4707611799240112
3.8+6.2,6.2,3.8,1.1097937,2,0.9675691276788712,1.2520181387662888
3.8+6.4,6.4,3.8,0.79370445,4,0.7098283469676971,1.0052846670150757
3.8+6.6,6.6,3.8,0.988729,2,0.845931813120842,1.1315262466669083
3.8+6.8,6.8,3.8,0.7475315,2,0.5948297902941704,0.9002331867814064
3.8+7.0,7.0,3.8,0.7119016,2,0.5277537405490875,0.8960494697093964
3.8+7.2,7.2,3.8,,0,,
3.8+7.4,7.4,3.8,,0,,
3.8+7.6,7.6,3.8,,0,,
3.8+7.8,7.8,3.8,,0,,
3.8+8.0,8.0,3.8,,0,,
3.8+8.2,8.2,3.8,,0,,
3.8+8.4,8.4,3.8,,0,,
3.8+8.6,8.6,3.8,,0,,
3.8+8.8,8.8,3.8,,0,,
3.8+9.0,9.0,3.8,,0,,
3.8+9.2,9.2,3.8,,0,,
3.8+9.4,9.4,3.8,,0,,
3.8+9.6,9.6,3.8,,0,,
4.0+-0.2,-0.2,4.0,,0,,
4.0+-0.4,-0.4,4.0,,0,,
4.0+-0.6,-0.6,4.0,,0,,
4.0+-0.8,-0.8,4.0,,0,,
4.0+-1.0,-1.0,4.0,,0,,
4.0+-1.2,-1.2,4.0,,0,,
4.0+-1.4,-1.4,4.0,,0,,
4.0+-1.6,-1.6,4.0,,0,,
4.0+-1.8,-1.8,4.0,,0,,
4.0+-2.0,-2.0,4.0,,0,,
4.0+-2.2,-2.2,4.0,,0,,
4.0+-2.4,-2.4,4.0,,0,,
4.0+-2.6,-2.6,4.0,,0,,
4.0+-2.8,-2.8,4.0,,0,,
4.0+-3.0,-3.0,4.0,,0,,
4.0+-3.2,-3.2,4.0,,0,,
4.0+-3.4,-3.4,4.0,,0,,
4.0+-3.6,-3.6,4.0,,0,,
4.0+-3.8,-3.8,4.0,,0,,
4.0+-4.0,-4.0,4.0,,0,,
4.0+-4.2,-4.2,4.0,,0,,
4.0+-4.4,-4.4,4.0,,0,,
4.0+-4.6,-4.6,4.0,,0,,
4.0+-4.8,-4.8,4.0,,0,,
4.0+-5.0,-5.0,4.0,,0,,
4.0+-5.2,-5.2,4.0,,0,,
4.0+-5.4,-5.4,4.0,,0,,
4.0+-5.6,-5.6,4.0,,0,,
4.0+-5.8,-5.8,4.0,,0,,
4.0+-6.0,-6.0,4.0,,0,,
4.0+-6.2,-6.2,4.0,,0,,
4.0+-6.4,-6.4,4.0,,0,,
4.0+-6.6,-6.6,4.0,,0,,
4.0+-6.8,-6.8,4.0,,0,,
4.0+-7.0,-7.0,4.0,,0,,
4.0+-7.2,-7.2,4.0,,0,,
4.0+-7.4,-7.4,4.0,,0,,
4.0+-7.6,-7.6,4.0,,0,,
4.0+-7.8,-7.8,4.0,,0,,
4.0+-8.0,-8.0,4.0,,0,,
4.0+0.0,0.0,4.0,,0,,
4.0+0.2,0.2,4.0,,0,,
4.0+0.4,0.4,4.0,,0,,
4.0+0.6,0.6,4.0,,0,,
4.0+0.8,0.8,4.0,,0,,
4.0+1.0,1.0,4.0,,0,,
4.0+1.2,1.2,4.0,,0,,
4.0+1.4,1.4,4.0,,0,,
4.0+1.6,1.6,4.0,,0,,
4.0+1.8,1.8,4.0,,0,,
4.0+2.0,2.0,4.0,,0,,
4.0+2.2,2.2,4.0,,0,,
4.0+2.4,2.4,4.0,,0,,
4.0+2.6,2.6,4.0,,0,,
4.0+2.8,2.8,4.0,,0,,
4.0+3.0,3.0,4.0,,0,,
4.0+3.2,3.2,4.0,,0,,
4.0+3.4,3.4,4.0,,0,,
4.0+3.6,3.6,4.0,0.7496268,1,0.7496268153190613,0.7496268153190613
4.0+3.8,3.8,4.0,0.6865465,1,0.6865465044975281,0.6865465044975281
4.0+4.0,4.0,4.0,,0,,
4.0+4.2,4.2,4.0,,0,,
4.0+4.4,4.4,4.0,,0,,
4.0+4.6,4.6,4.0,0.76636016,1,0.7663601636886597,0.7663601636886597
4.0+4.8,4.8,4.0,0.54924023,1,0.549240231513977,0.549240231513977
4.0+5.0,5.0,4.0,,0,,
4.0+5.2,5.2,4.0,,0,,
4.0+5.4,5.4,4.0,1.082807,1,1.082806944847107,1.082806944847107
4.0+5.6,5.6,4.0,0.17459531,1,0.17459531128406525,0.17459531128406525
4.0+5.8,5.8,4.0,0.10024925,2,0.06211704667657614,0.13838146347552538
4.0+6.0,6.0,4.0,0.1556296,2,0.1468747891485691,0.1643844060599804
4.0+6.2,6.2,4.0,0.15250127,1,0.15250127017498016,0.15250127017498016
4.0+6.4,6.4,4.0,,0,,
4.0+6.6,6.6,4.0,0.84684944,1,0.8468494415283203,0.8468494415283203
4.0+6.8,6.8,4.0,0.6192429,2,0.5442490428686142,0.6942367106676102
4.0+7.0,7.0,4.0,0.60249645,2,0.5451819002628326,0.6598109900951385
4.0+7.2,7.2,4.0,0.64989364,2,0.5716580897569656,0.7281292527914047
4.0+7.4,7.4,4.0,0.5091903,1,0.5091903209686279,0.5091903209686279
4.0+7.6,7.6,4.0,,0,,
4.0+7.8,7.8,4.0,,0,,
4.0+8.0,8.0,4.0,,0,,
4.0+8.2,8.2,4.0,,0,,
4.0+8.4,8.4,4.0,,0,,
4.0+8.6,8.6,4.0,,0,,
4.0+8.8,8.8,4.0,,0,,
4.0+9.0,9.0,4.0,,0,,
4.0+9.2,9.2,4.0,,0,,
4.0+9.4,9.4,4.0,,0,,
4.0+9.6,9.6,4.0,,0,,
4.2+-0.2,-0.2,4.2,,0,,
4.2+-0.4,-0.4,4.2,,0,,
4.2+-0.6,-0.6,4.2,,0,,
4.2+-0.8,-0.8,4.2,,0,,
4.2+-1.0,-1.0,4.2,,0,,
4.2+-1.2,-1.2,4.2,,0,,
4.2+-1.4,-1.4,4.2,,0,,
4.2+-1.6,-1.6,4.2,,0,,
4.2+-1.8,-1.8,4.2,,0,,
4.2+-2.0,-2.0,4.2,,0,,
4.2+-2.2,-2.2,4.2,,0,,
4.2+-2.4,-2.4,4.2,,0,,
4.2+-2.6,-2.6,4.2,,0,,
4.2+-2.8,-2.8,4.2,,0,,
4.2+-3.0,-3.0,4.2,,0,,
4.2+-3.2,-3.2,4.2,,0,,
4.2+-3.4,-3.4,4.2,,0,,
4.2+-3.6,-3.6,4.2,,0,,
4.2+-3.8,-3.8,4.2,,0,,
4.2+-4.0,-4.0,4.2,,0,,
4.2+-4.2,-4.2,4.2,,0,,
4.2+-4.4,-4.4,4.2,,0,,
4.2+-4.6,-4.6,4.2,,0,,
4.2+-4.8,-4.8,4.2,,0,,
4.2+-5.0,-5.0,4.2,,0,,
4.2+-5.2,-5.2,4.2,,0,,
4.2+-5.4,-5.4,4.2,,0,,
4.2+-5.6,-5.6,4.2,,0,,
4.2+-5.8,-5.8,4.2,,0,,
4.2+-6.0,-6.0,4.2,,0,,
4.2+-6.2,-6.2,4.2,,0,,
4.2+-6.4,-6.4,4.2,,0,,
4.2+-6.6,-6.6,4.2,,0,,
4.2+-6.8,-6.8,4.2,,0,,
4.2+-7.0,-7.0,4.2,,0,,
4.2+-7.2,-7.2,4.2,,0,,
4.2+-7.4,-7.4,4.2,,0,,
4.2+-7.6,-7.6,4.2,,0,,
4.2+-7.8,-7.8,4.2,,0,,
4.2+-8.0,-8.0,4.2,,0,,
4.2+0.0,0.0,4.2,,0,,
4.2+0.2,0.2,4.2,,0,,
4.2+0.4,0.4,4.2,,0,,
4.2+0.6,0.6,4.2,,0,,
4.2+0.8,0.8,4.2,,0,,
4.2+1.0,1.0,4.2,,0,,
4.2+1.2,1.2,4.2,,0,,
4.2+1.4,1.4,4.2,,0,,
4.2+1.6,1.6,4.2,,0,,
4.2+1.8,1.8,4.2,,0,,
4.2+2.0,2.0,4.2,,0,,
4.2+2.2,2.2,4.2,,0,,
4.2+2.4,2.4,4.2,,0,,
4.2+2.6,2.6,4.2,,0,,
4.2+2.8,2.8,4.2,,0,,
4.2+3.0,3.0,4.2,,0,,
4.2+3.2,3.2,4.2,,0,,
4.2+3.4,3.4,4.2,,0,,
4.2+3.6,3.6,4.2,,0,,
4.2+3.8,3.8,4.2,,0,,
4.2+4.0,4.0,4.2,0.71176755,1,0.7117675542831421,0.7117675542831421
4.2+4.2,4.2,4.2,,0,,
4.2+4.4,4.4,4.2,,0,,
4.2+4.6,4.6,4.2,,0,,
4.2+4.8,4.8,4.2,0.6815471,1,0.6815471053123474,0.6815471053123474
4.2+5.0,5.0,4.2,0.5255947,1,0.5255947113037109,0.5255947113037109
4.2+5.2,5.2,4.2,1.240325,1,1.2403249740600586,1.2403249740600586
4.2+5.4,5.4,4.2,,0,,
4.2+5.6,5.6,4.2,1.2760439,1,1.2760438919067383,1.2760438919067383
4.2+5.8,5.8,4.2,1.3365337,1,1.3365336656570435,1.3365336656570435
4.2+6.0,6.0,4.2,,0,,
4.2+6.2,6.2,4.2,0.17222632,1,0.17222632467746735,0.17222632467746735
4.2+6.4,6.4,4.2,0.12410471,1,0.12410470843315125,0.12410470843315125
4.2+6.6,6.6,4.2,0.11595166,1,0.11595165729522705,0.11595165729522705
4.2+6.8,6.8,4.2,0.07773858,1,0.07773858308792114,0.07773858308792114
4.2+7.0,7.0,4.2,,0,,
4.2+7.2,7.2,4.2,,0,,
4.2+7.4,7.4,4.2,,0,,
4.2+7.6,7.6,4.2,,0,,
4.2+7.8,7.8,4.2,,0,,
4.2+8.0,8.0,4.2,,0,,
4.2+8.2,8.2,4.2,,0,,
4.2+8.4,8.4,4.2,,0,,
4.2+8.6,8.6,4.2,,0,,
4.2+8.8,8.8,4.2,,0,,
4.2+9.0,9.0,4.2,,0,,
4.2+9.2,9.2,4.2,,0,,
4.2+9.4,9.4,4.2,,0,,
4.2+9.6,9.6,4.2,,0,,
4.4+-0.2,-0.2,4.4,,0,,
4.4+-0.4,-0.4,4.4,,0,,
4.4+-0.6,-0.6,4.4,,0,,
4.4+-0.8,-0.8,4.4,,0,,
4.4+-1.0,-1.0,4.4,,0,,
4.4+-1.2,-1.2,4.4,,0,,
4.4+-1.4,-1.4,4.4,,0,,
4.4+-1.6,-1.6,4.4,,0,,
4.4+-1.8,-1.8,4.4,,0,,
4.4+-2.0,-2.0,4.4,,0,,
4.4+-2.2,-2.2,4.4,,0,,
4.4+-2.4,-2.4,4.4,,0,,
4.4+-2.6,-2.6,4.4,,0,,
4.4+-2.8,-2.8,4.4,,0,,
4.4+-3.0,-3.0,4.4,,0,,
4.4+-3.2,-3.2,4.4,,0,,
4.4+-3.4,-3.4,4.4,,0,,
4.4+-3.6,-3.6,4.4,,0,,
4.4+-3.8,-3.8,4.4,,0,,
4.4+-4.0,-4.0,4.4,,0,,
4.4+-4.2,-4.2,4.4,,0,,
4.4+-4.4,-4.4,4.4,,0,,
4.4+-4.6,-4.6,4.4,,0,,
4.4+-4.8,-4.8,4.4,,0,,
4.4+-5.0,-5.0,4.4,,0,,
4.4+-5.2,-5.2,4.4,,0,,
4.4+-5.4,-5.4,4.4,,0,,
4.4+-5.6,-5.6,4.4,,0,,
4.4+-5.8,-5.8,4.4,,0,,
4.4+-6.0,-6.0,4.4,,0,,
4.4+-6.2,-6.2,4.4,,0,,
4.4+-6.4,-6.4,4.4,,0,,
4.4+-6.6,-6.6,4.4,,0,,
4.4+-6.8,-6.8,4.4,,0,,
4.4+-7.0,-7.0,4.4,,0,,
4.4+-7.2,-7.2,4.4,,0,,
4.4+-7.4,-7.4,4.4,,0,,
4.4+-7.6,-7.6,4.4,,0,,
4.4+-7.8,-7.8,4.4,,0,,
4.4+-8.0,-8.0,4.4,,0,,
4.4+0.0,0.0,4.4,,0,,
4.4+0.2,0.2,4.4,,0,,
4.4+0.4,0.4,4.4,,0,,
4.4+0.6,0.6,4.4,,0,,
4.4+0.8,0.8,4.4,,0,,
4.4+1.0,1.0,4.4,,0,,
4.4+1.2,1.2,4.4,,0,,
4.4+1.4,1.4,4.4,,0,,
4.4+1.6,1.6,4.4,,0,,
4.4+1.8,1.8,4.4,,0,,
4.4+2.0,2.0,4.4,,0,,
4.4+2.2,2.2,4.4,,0,,
4.4+2.4,2.4,4.4,,0,,
4.4+2.6,2.6,4.4,,0,,
4.4+2.8,2.8,4.4,,0,,
4.4+3.0,3.0,4.4,,0,,
4.4+3.2,3.2,4.4,,0,,
4.4+3.4,3.4,4.4,,0,,
4.4+3.6,3.6,4.4,,0,,
4.4+3.8,3.8,4.4,,0,,
4.4+4.0,4.0,4.4,,0,,
4.4+4.2,4.2,4.4,,0,,
4.4+4.4,4.4,4.4,,0,,
4.4+4.6,4.6,4.4,,0,,
4.4+4.8,4.8,4.4,,0,,
4.4+5.0,5.0,4.4,,0,,
4.4+5.2,5.2,4.4,,0,,
4.4+5.4,5.4,4.4,,0,,
4.4+5.6,5.6,4.4,1.2496136,1,1.249613642692566,1.249613642692566
4.4+5.8,5.8,4.4,,0,,
4.4+6.0,6.0,4.4,,0,,
4.4+6.2,6.2,4.4,1.1631184,1,1.1631183624267578,1.1631183624267578
4.4+6.4,6.4,4.4,,0,,
4.4+6.6,6.6,4.4,,0,,
4.4+6.8,6.8,4.4,,0,,
4.4+7.0,7.0,4.4,,0,,
4.4+7.2,7.2,4.4,,0,,
4.4+7.4,7.4,4.4,,0,,
4.4+7.6,7.6,4.4,,0,,
4.4+7.8,7.8,4.4,,0,,
4.4+8.0,8.0,4.4,,0,,
4.4+8.2,8.2,4.4,,0,,
4.4+8.4,8.4,4.4,,0,,
4.4+8.6,8.6,4.4,,0,,
4.4+8.8,8.8,4.4,,0,,
4.4+9.0,9.0,4.4,,0,,
4.4+9.2,9.2,4.4,,0,,
4.4+9.4,9.4,4.4,,0,,
4.4+9.6,9.6,4.4,,0,,
4.6+-0.2,-0.2,4.6,,0,,
4.6+-0.4,-0.4,4.6,,0,,
4.6+-0.6,-0.6,4.6,,0,,
4.6+-0.8,-0.8,4.6,,0,,
4.6+-1.0,-1.0,4.6,,0,,
4.6+-1.2,-1.2,4.6,,0,,
4.6+-1.4,-1.4,4.6,,0,,
4.6+-1.6,-1.6,4.6,,0,,
4.6+-1.8,-1.8,4.6,,0,,
4.6+-2.0,-2.0,4.6,,0,,
4.6+-2.2,-2.2,4.6,,0,,
4.6+-2.4,-2.4,4.6,,0,,
4.6+-2.6,-2.6,4.6,,0,,
4.6+-2.8,-2.8,4.6,,0,,
4.6+-3.0,-3.0,4.6,,0,,
4.6+-3.2,-3.2,4.6,,0,,
4.6+-3.4,-3.4,4.6,,0,,
4.6+-3.6,-3.6,4.6,,0,,
4.6+-3.8,-3.8,4.6,,0,,
4.6+-4.0,-4.0,4.6,,0,,
4.6+-4.2,-4.2,4.6,,0,,
4.6+-4.4,-4.4,4.6,,0,,
4.6+-4.6,-4.6,4.6,,0,,
4.6+-4.8,-4.8,4.6,,0,,
4.6+-5.0,-5.0,4.6,,0,,
4.6+-5.2,-5.2,4.6,,0,,
4.6+-5.4,-5.4,4.6,,0,,
4.6+-5.6,-5.6,4.6,,0,,
4.6+-5.8,-5.8,4.6,,0,,
4.6+-6.0,-6.0,4.6,,0,,
4.6+-6.2,-6.2,4.6,,0,,
4.6+-6.4,-6.4,4.6,,0,,
4.6+-6.6,-6.6,4.6,,0,,
4.6+-6.8,-6.8,4.6,,0,,
4.6+-7.0,-7.0,4.6,,0,,
4.6+-7.2,-7.2,4.6,,0,,
4.6+-7.4,-7.4,4.6,,0,,
4.6+-7.6,-7.6,4.6,,0,,
4.6+-7.8,-7.8,4.6,,0,,
4.6+-8.0,-8.0,4.6,,0,,
4.6+0.0,0.0,4.6,,0,,
4.6+0.2,0.2,4.6,,0,,
4.6+0.4,0.4,4.6,,0,,
4.6+0.6,0.6,4.6,,0,,
4.6+0.8,0.8,4.6,,0,,
4.6+1.0,1.0,4.6,,0,,
4.6+1.2,1.2,4.6,,0,,
4.6+1.4,1.4,4.6,,0,,
4.6+1.6,1.6,4.6,,0,,
4.6+1.8,1.8,4.6,,0,,
4.6+2.0,2.0,4.6,,0,,
4.6+2.2,2.2,4.6,,0,,
4.6+2.4,2.4,4.6,,0,,
4.6+2.6,2.6,4.6,,0,,
4.6+2.8,2.8,4.6,,0,,
4.6+3.0,3.0,4.6,,0,,
4.6+3.2,3.2,4.6,,0,,
4.6+3.4,3.4,4.6,,0,,
4.6+3.6,3.6,4.6,,0,,
4.6+3.8,3.8,4.6,,0,,
4.6+4.0,4.0,4.6,,0,,
4.6+4.2,4.2,4.6,,0,,
4.6+4.4,4.4,4.6,,0,,
4.6+4.6,4.6,4.6,,0,,
4.6+4.8,4.8,4.6,,0,,
4.6+5.0,5.0,4.6,,0,,
4.6+5.2,5.2,4.6,,0,,
4.6+5.4,5.4,4.6,,0,,
4.6+5.6,5.6,4.6,,0,,
4.6+5.8,5.8,4.6,,0,,
4.6+6.0,6.0,4.6,,0,,
4.6+6.2,6.2,4.6,,0,,
4.6+6.4,6.4,4.6,,0,,
4.6+6.6,6.6,4.6,1.0579782,1,1.0579781532287598,1.0579781532287598
4.6+6.8,6.8,4.6,,0,,
4.6+7.0,7.0,4.6,,0,,
4.6+7.2,7.2,4.6,,0,,
4.6+7.4,7.4,4.6,,0,,
4.6+7.6,7.6,4.6,,0,,
4.6+7.8,7.8,4.6,,0,,
4.6+8.0,8.0,4.6,,0,,
4.6+8.2,8.2,4.6,,0,,
4.6+8.4,8.4,4.6,,0,,
4.6+8.6,8.6,4.6,,0,,
4.6+8.8,8.8,4.6,,0,,
4.6+9.0,9.0,4.6,,0,,
4.6+9.2,9.2,4.6,,0,,
4.6+9.4,9.4,4.6,,0,,
4.6+9.6,9.6,4.6,,0,,
4.8+-0.2,-0.2,4.8,,0,,
4.8+-0.4,-0.4,4.8,,0,,
4.8+-0.6,-0.6,4.8,,0,,
4.8+-0.8,-0.8,4.8,,0,,
4.8+-1.0,-1.0,4.8,,0,,
4.8+-1.2,-1.2,4.8,,0,,
4.8+-1.4,-1.4,4.8,,0,,
4.8+-1.6,-1.6,4.8,,0,,
4.8+-1.8,-1.8,4.8,,0,,
4.8+-2.0,-2.0,4.8,,0,,
4.8+-2.2,-2.2,4.8,,0,,
4.8+-2.4,-2.4,4.8,,0,,
4.8+-2.6,-2.6,4.8,,0,,
4.8+-2.8,-2.8,4.8,,0,,
4.8+-3.0,-3.0,4.8,,0,,
4.8+-3.2,-3.2,4.8,,0,,
4.8+-3.4,-3.4,4.8,,0,,
4.8+-3.6,-3.6,4.8,,0,,
4.8+-3.8,-3.8,4.8,,0,,
4.8+-4.0,-4.0,4.8,,0,,
4.8+-4.2,-4.2,4.8,,0,,
4.8+-4.4,-4.4,4.8,,0,,
4.8+-4.6,-4.6,4.8,,0,,
4.8+-4.8,-4.8,4.8,,0,,
4.8+-5.0,-5.0,4.8,,0,,
4.8+-5.2,-5.2,4.8,,0,,
4.8+-5.4,-5.4,4.8,,0,,
4.8+-5.6,-5.6,4.8,,0,,
4.8+-5.8,-5.8,4.8,,0,,
4.8+-6.0,-6.0,4.8,,0,,
4.8+-6.2,-6.2,4.8,,0,,
4.8+-6.4,-6.4,4.8,,0,,
4.8+-6.6,-6.6,4.8,,0,,
4.8+-6.8,-6.8,4.8,,0,,
4.8+-7.0,-7.0,4.8,,0,,
4.8+-7.2,-7.2,4.8,,0,,
4.8+-7.4,-7.4,4.8,,0,,
4.8+-7.6,-7.6,4.8,,0,,
4.8+-7.8,-7.8,4.8,,0,,
4.8+-8.0,-8.0,4.8,,0,,
4.8+0.0,0.0,4.8,,0,,
4.8+0.2,0.2,4.8,,0,,
4.8+0.4,0.4,4.8,,0,,
4.8+0.6,0.6,4.8,,0,,
4.8+0.8,0.8,4.8,,0,,
4.8+1.0,1.0,4.8,,0,,
4.8+1.2,1.2,4.8,,0,,
4.8+1.4,1.4,4.8,,0,,
4.8+1.6,1.6,4.8,,0,,
4.8+1.8,1.8,4.8,,0,,
4.8+2.0,2.0,4.8,,0,,
4.8+2.2,2.2,4.8,,0,,
4.8+2.4,2.4,4.8,,0,,
4.8+2.6,2.6,4.8,,0,,
4.8+2.8,2.8,4.8,,0,,
4.8+3.0,3.0,4.8,,0,,
4.8+3.2,3.2,4.8,,0,,
4.8+3.4,3.4,4.8,,0,,
4.8+3.6,3.6,4.8,,0,,
4.8+3.8,3.8,4.8,,0,,
4.8+4.0,4.0,4.8,,0,,
4.8+4.2,4.2,4.8,,0,,
4.8+4.4,4.4,4.8,,0,,
4.8+4.6,4.6,4.8,,0,,
4.8+4.8,4.8,4.8,,0,,
4.8+5.0,5.0,4.8,,0,,
4.8+5.2,5.2,4.8,,0,,
4.8+5.4,5.4,4.8,,0,,
4.8+5.6,5.6,4.8,,0,,
4.8+5.8,5.8,4.8,,0,,
4.8+6.0,6.0,4.8,,0,,
4.8+6.2,6.2,4.8,,0,,
4.8+6.4,6.4,4.8,,0,,
4.8+6.6,6.6,4.8,,0,,
4.8+6.8,6.8,4.8,,0,,
4.8+7.0,7.0,4.8,,0,,
4.8+7.2,7.2,4.8,,0,,
4.8+7.4,7.4,4.8,,0,,
4.8+7.6,7.6,4.8,,0,,
4.8+7.8,7.8,4.8,,0,,
4.8+8.0,8.0,4.8,,0,,
4.8+8.2,8.2,4.8,,0,,
4.8+8.4,8.4,4.8,,0,,
4.8+8.6,8.6,4.8,,0,,
4.8+8.8,8.8,4.8,,0,,
4.8+9.0,9.0,4.8,,0,,
4.8+9.2,9.2,4.8,,0,,
4.8+9.4,9.4,4.8,,0,,
4.8+9.6,9.6,4.8,,0,,
5.0+-0.2,-0.2,5.0,,0,,
5.0+-0.4,-0.4,5.0,,0,,
5.0+-0.6,-0.6,5.0,,0,,
5.0+-0.8,-0.8,5.0,,0,,
5.0+-1.0,-1.0,5.0,,0,,
5.0+-1.2,-1.2,5.0,,0,,
5.0+-1.4,-1.4,5.0,,0,,
5.0+-1.6,-1.6,5.0,,0,,
5.0+-1.8,-1.8,5.0,,0,,
5.0+-2.0,-2.0,5.0,,0,,
5.0+-2.2,-2.2,5.0,,0,,
5.0+-2.4,-2.4,5.0,,0,,
5.0+-2.6,-2.6,5.0,,0,,
5.0+-2.8,-2.8,5.0,,0,,
5.0+-3.0,-3.0,5.0,,0,,
5.0+-3.2,-3.2,5.0,,0,,
5.0+-3.4,-3.4,5.0,,0,,
5.0+-3.6,-3.6,5.0,,0,,
5.0+-3.8,-3.8,5.0,,0,,
5.0+-4.0,-4.0,5.0,,0,,
5.0+-4.2,-4.2,5.0,,0,,
5.0+-4.4,-4.4,5.0,,0,,
5.0+-4.6,-4.6,5.0,,0,,
5.0+-4.8,-4.8,5.0,,0,,
5.0+-5.0,-5.0,5.0,,0,,
5.0+-5.2,-5.2,5.0,,0,,
5.0+-5.4,-5.4,5.0,,0,,
5.0+-5.6,-5.6,5.0,,0,,
5.0+-5.8,-5.8,5.0,,0,,
5.0+-6.0,-6.0,5.0,,0,,
5.0+-6.2,-6.2,5.0,,0,,
5.0+-6.4,-6.4,5.0,,0,,
5.0+-6.6,-6.6,5.0,,0,,
5.0+-6.8,-6.8,5.0,,0,,
5.0+-7.0,-7.0,5.0,,0,,
5.0+-7.2,-7.2,5.0,,0,,
5.0+-7.4,-7.4,5.0,,0,,
5.0+-7.6,-7.6,5.0,,0,,
5.0+-7.8,-7.8,5.0,,0,,
5.0+-8.0,-8.0,5.0,,0,,
5.0+0.0,0.0,5.0,,0,,
5.0+0.2,0.2,5.0,,0,,
5.0+0.4,0.4,5.0,,0,,
5.0+0.6,0.6,5.0,,0,,
5.0+0.8,0.8,5.0,,0,,
5.0+1.0,1.0,5.0,,0,,
5.0+1.2,1.2,5.0,,0,,
5.0+1.4,1.4,5.0,,0,,
5.0+1.6,1.6,5.0,,0,,
5.0+1.8,1.8,5.0,,0,,
5.0+2.0,2.0,5.0,,0,,
5.0+2.2,2.2,5.0,,0,,
5.0+2.4,2.4,5.0,,0,,
5.0+2.6,2.6,5.0,,0,,
5.0+2.8,2.8,5.0,,0,,
5.0+3.0,3.0,5.0,,0,,
5.0+3.2,3.2,5.0,,0,,
5.0+3.4,3.4,5.0,,0,,
5.0+3.6,3.6,5.0,,0,,
5.0+3.8,3.8,5.0,,0,,
5.0+4.0,4.0,5.0,,0,,
5.0+4.2,4.2,5.0,,0,,
5.0+4.4,4.4,5.0,,0,,
5.0+4.6,4.6,5.0,,0,,
5.0+4.8,4.8,5.0,,0,,
5.0+5.0,5.0,5.0,,0,,
5.0+5.2,5.2,5.0,,0,,
5.0+5.4,5.4,5.0,,0,,
5.0+5.6,5.6,5.0,,0,,
5.0+5.8,5.8,5.0,,0,,
5.0+6.0,6.0,5.0,,0,,
5.0+6.2,6.2,5.0,,0,,
5.0+6.4,6.4,5.0,,0,,
5.0+6.6,6.6,5.0,,0,,
5.0+6.8,6.8,5.0,,0,,
5.0+7.0,7.0,5.0,,0,,
5.0+7.2,7.2,5.0,0.9477477,1,0.9477477073669434,0.9477477073669434
5.0+7.4,7.4,5.0,,0,,
5.0+7.6,7.6,5.0,1.1755677,1,1.1755677461624146,1.1755677461624146
5.0+7.8,7.8,5.0,,0,,
5.0+8.0,8.0,5.0,,0,,
5.0+8.2,8.2,5.0,,0,,
5.0+8.4,8.4,5.0,,0,,
5.0+8.6,8.6,5.0,,0,,
5.0+8.8,8.8,5.0,,0,,
5.0+9.0,9.0,5.0,,0,,
5.0+9.2,9.2,5.0,,0,,
5.0+9.4,9.4,5.0,,0,,
5.0+9.6,9.6,5.0,,0,,
5.2+-0.2,-0.2,5.2,,0,,
5.2+-0.4,-0.4,5.2,,0,,
5.2+-0.6,-0.6,5.2,,0,,
5.2+-0.8,-0.8,5.2,,0,,
5.2+-1.0,-1.0,5.2,,0,,
5.2+-1.2,-1.2,5.2,,0,,
5.2+-1.4,-1.4,5.2,,0,,
5.2+-1.6,-1.6,5.2,,0,,
5.2+-1.8,-1.8,5.2,,0,,
5.2+-2.0,-2.0,5.2,,0,,
5.2+-2.2,-2.2,5.2,,0,,
5.2+-2.4,-2.4,5.2,,0,,
5.2+-2.6,-2.6,5.2,,0,,
5.2+-2.8,-2.8,5.2,,0,,
5.2+-3.0,-3.0,5.2,,0,,
5.2+-3.2,-3.2,5.2,,0,,
5.2+-3.4,-3.4,5.2,,0,,
5.2+-3.6,-3.6,5.2,,0,,
5.2+-3.8,-3.8,5.2,,0,,
5.2+-4.0,-4.0,5.2,,0,,
5.2+-4.2,-4.2,5.2,,0,,
5.2+-4.4,-4.4,5.2,,0,,
5.2+-4.6,-4.6,5.2,,0,,
5.2+-4.8,-4.8,5.2,,0,,
5.2+-5.0,-5.0,5.2,,0,,
5.2+-5.2,-5.2,5.2,,0,,
5.2+-5.4,-5.4,5.2,,0,,
5.2+-5.6,-5.6,5.2,,0,,
5.2+-5.8,-5.8,5.2,,0,,
5.2+-6.0,-6.0,5.2,,0,,
5.2+-6.2,-6.2,5.2,,0,,
5.2+-6.4,-6.4,5.2,,0,,
5.2+-6.6,-6.6,5.2,,0,,
5.2+-6.8,-6.8,5.2,,0,,
5.2+-7.0,-7.0,5.2,,0,,
5.2+-7.2,-7.2,5.2,,0,,
5.2+-7.4,-7.4,5.2,,0,,
5.2+-7.6,-7.6,5.2,,0,,
5.2+-7.8,-7.8,5.2,,0,,
5.2+-8.0,-8.0,5.2,,0,,
5.2+0.0,0.0,5.2,,0,,
5.2+0.2,0.2,5.2,,0,,
5.2+0.4,0.4,5.2,,0,,
5.2+0.6,0.6,5.2,,0,,
5.2+0.8,0.8,5.2,,0,,
5.2+1.0,1.0,5.2,,0,,
5.2+1.2,1.2,5.2,,0,,
5.2+1.4,1.4,5.2,,0,,
5.2+1.6,1.6,5.2,,0,,
5.2+1.8,1.8,5.2,,0,,
5.2+2.0,2.0,5.2,,0,,
5.2+2.2,2.2,5.2,,0,,
5.2+2.4,2.4,5.2,,0,,
5.2+2.6,2.6,5.2,,0,,
5.2+2.8,2.8,5.2,,0,,
5.2+3.0,3.0,5.2,,0,,
5.2+3.2,3.2,5.2,,0,,
5.2+3.4,3.4,5.2,,0,,
5.2+3.6,3.6,5.2,,0,,
5.2+3.8,3.8,5.2,,0,,
5.2+4.0,4.0,5.2,,0,,
5.2+4.2,4.2,5.2,,0,,
5.2+4.4,4.4,5.2,,0,,
5.2+4.6,4.6,5.2,,0,,
5.2+4.8,4.8,5.2,,0,,
5.2+5.0,5.0,5.2,,0,,
5.2+5.2,5.2,5.2,,0,,
5.2+5.4,5.4,5.2,,0,,
5.2+5.6,5.6,5.2,,0,,
5.2+5.8,5.8,5.2,,0,,
5.2+6.0,6.0,5.2,,0,,
5.2+6.2,6.2,5.2,,0,,
5.2+6.4,6.4,5.2,,0,,
5.2+6.6,6.6,5.2,,0,,
5.2+6.8,6.8,5.2,,0,,
5.2+7.0,7.0,5.2,,0,,
5.2+7.2,7.2,5.2,,0,,
5.2+7.4,7.4,5.2,1.3263642,1,1.3263641595840454,1.3263641595840454
5.2+7.6,7.6,5.2,,0,,
5.2+7.8,7.8,5.2,1.1757425,1,1.175742506980896,1.175742506980896
5.2+8.0,8.0,5.2,,0,,
5.2+8.2,8.2,5.2,,0,,
5.2+8.4,8.4,5.2,,0,,
5.2+8.6,8.6,5.2,,0,,
5.2+8.8,8.8,5.2,,0,,
5.2+9.0,9.0,5.2,,0,,
5.2+9.2,9.2,5.2,,0,,
5.2+9.4,9.4,5.2,,0,,
5.2+9.6,9.6,5.2,,0,,
5.4+-0.2,-0.2,5.4,,0,,
5.4+-0.4,-0.4,5.4,,0,,
5.4+-0.6,-0.6,5.4,,0,,
5.4+-0.8,-0.8,5.4,,0,,
5.4+-1.0,-1.0,5.4,,0,,
5.4+-1.2,-1.2,5.4,,0,,
5.4+-1.4,-1.4,5.4,,0,,
5.4+-1.6,-1.6,5.4,,0,,
5.4+-1.8,-1.8,5.4,,0,,
5.4+-2.0,-2.0,5.4,,0,,
5.4+-2.2,-2.2,5.4,,0,,
5.4+-2.4,-2.4,5.4,,0,,
5.4+-2.6,-2.6,5.4,,0,,
5.4+-2.8,-2.8,5.4,,0,,
5.4+-3.0,-3.0,5.4,,0,,
5.4+-3.2,-3.2,5.4,,0,,
5.4+-3.4,-3.4,5.4,,0,,
5.4+-3.6,-3.6,5.4,,0,,
5.4+-3.8,-3.8,5.4,,0,,
5.4+-4.0,-4.0,5.4,,0,,
5.4+-4.2,-4.2,5.4,,0,,
5.4+-4.4,-4.4,5.4,,0,,
5.4+-4.6,-4.6,5.4,,0,,
5.4+-4.8,-4.8,5.4,,0,,
5.4+-5.0,-5.0,5.4,,0,,
5.4+-5.2,-5.2,5.4,,0,,
5.4+-5.4,-5.4,5.4,,0,,
5.4+-5.6,-5.6,5.4,,0,,
5.4+-5.8,-5.8,5.4,,0,,
5.4+-6.0,-6.0,5.4,,0,,
5.4+-6.2,-6.2,5.4,,0,,
5.4+-6.4,-6.4,5.4,,0,,
5.4+-6.6,-6.6,5.4,,0,,
5.4+-6.8,-6.8,5.4,,0,,
5.4+-7.0,-7.0,5.4,,0,,
5.4+-7.2,-7.2,5.4,,0,,
5.4+-7.4,-7.4,5.4,,0,,
5.4+-7.6,-7.6,5.4,,0,,
5.4+-7.8,-7.8,5.4,,0,,
5.4+-8.0,-8.0,5.4,,0,,
5.4+0.0,0.0,5.4,,0,,
5.4+0.2,0.2,5.4,,0,,
5.4+0.4,0.4,5.4,,0,,
5.4+0.6,0.6,5.4,,0,,
5.4+0.8,0.8,5.4,,0,,
5.4+1.0,1.0,5.4,,0,,
5.4+1.2,1.2,5.4,,0,,
5.4+1.4,1.4,5.4,,0,,
5.4+1.6,1.6,5.4,,0,,
5.4+1.8,1.8,5.4,,0,,
5.4+2.0,2.0,5.4,,0,,
5.4+2.2,2.2,5.4,,0,,
5.4+2.4,2.4,5.4,,0,,
5.4+2.6,2.6,5.4,,0,,
5.4+2.8,2.8,5.4,,0,,
5.4+3.0,3.0,5.4,,0,,
5.4+3.2,3.2,5.4,,0,,
5.4+3.4,3.4,5.4,,0,,
5.4+3.6,3.6,5.4,,0,,
5.4+3.8,3.8,5.4,,0,,
5.4+4.0,4.0,5.4,,0,,
5.4+4.2,4.2,5.4,,0,,
5.4+4.4,4.4,5.4,,0,,
5.4+4.6,4.6,5.4,,0,,
5.4+4.8,4.8,5.4,,0,,
5.4+5.0,5.0,5.4,,0,,
5.4+5.2,5.2,5.4,,0,,
5.4+5.4,5.4,5.4,,0,,
5.4+5.6,5.6,5.4,,0,,
5.4+5.8,5.8,5.4,,0,,
5.4+6.0,6.0,5.4,,0,,
5.4+6.2,6.2,5.4,,0,,
5.4+6.4,6.4,5.4,,0,,
5.4+6.6,6.6,5.4,,0,,
5.4+6.8,6.8,5.4,,0,,
5.4+7.0,7.0,5.4,,0,,
5.4+7.2,7.2,5.4,,0,,
5.4+7.4,7.4,5.4,,0,,
5.4+7.6,7.6,5.4,,0,,
5.4+7.8,7.8,5.4,1.2116629,1,1.2116628885269165,1.2116628885269165
5.4+8.0,8.0,5.4,1.299165,1,1.2991650104522705,1.2991650104522705
5.4+8.2,8.2,5.4,,0,,
5.4+8.4,8.4,5.4,,0,,
5.4+8.6,8.6,5.4,,0,,
5.4+8.8,8.8,5.4,,0,,
5.4+9.0,9.0,5.4,,0,,
5.4+9.2,9.2,5.4,,0,,
5.4+9.4,9.4,5.4,,0,,
5.4+9.6,9.6,5.4,,0,,
5.6+-0.2,-0.2,5.6,,0,,
5.6+-0.4,-0.4,5.6,,0,,
5.6+-0.6,-0.6,5.6,,0,,
5.6+-0.8,-0.8,5.6,,0,,
5.6+-1.0,-1.0,5.6,,0,,
5.6+-1.2,-1.2,5.6,,0,,
5.6+-1.4,-1.4,5.6,,0,,
5.6+-1.6,-1.6,5.6,,0,,
5.6+-1.8,-1.8,5.6,,0,,
5.6+-2.0,-2.0,5.6,,0,,
5.6+-2.2,-2.2,5.6,,0,,
5.6+-2.4,-2.4,5.6,,0,,
5.6+-2.6,-2.6,5.6,,0,,
5.6+-2.8,-2.8,5.6,,0,,
5.6+-3.0,-3.0,5.6,,0,,
5.6+-3.2,-3.2,5.6,,0,,
5.6+-3.4,-3.4,5.6,,0,,
5.6+-3.6,-3.6,5.6,,0,,
5.6+-3.8,-3.8,5.6,,0,,
5.6+-4.0,-4.0,5.6,,0,,
5.6+-4.2,-4.2,5.6,,0,,
5.6+-4.4,-4.4,5.6,,0,,
5.6+-4.6,-4.6,5.6,,0,,
5.6+-4.8,-4.8,5.6,,0,,
5.6+-5.0,-5.0,5.6,,0,,
5.6+-5.2,-5.2,5.6,,0,,
5.6+-5.4,-5.4,5.6,,0,,
5.6+-5.6,-5.6,5.6,,0,,
5.6+-5.8,-5.8,5.6,,0,,
5.6+-6.0,-6.0,5.6,,0,,
5.6+-6.2,-6.2,5.6,,0,,
5.6+-6.4,-6.4,5.6,,0,,
5.6+-6.6,-6.6,5.6,,0,,
5.6+-6.8,-6.8,5.6,,0,,
5.6+-7.0,-7.0,5.6,,0,,
5.6+-7.2,-7.2,5.6,,0,,
5.6+-7.4,-7.4,5.6,,0,,
5.6+-7.6,-7.6,5.6,,0,,
5.6+-7.8,-7.8,5.6,,0,,
5.6+-8.0,-8.0,5.6,,0,,
5.6+0.0,0.0,5.6,,0,,
5.6+0.2,0.2,5.6,,0,,
5.6+0.4,0.4,5.6,,0,,
5.6+0.6,0.6,5.6,,0,,
5.6+0.8,0.8,5.6,,0,,
5.6+1.0,1.0,5.6,,0,,
5.6+1.2,1.2,5.6,,0,,
5.6+1.4,1.4,5.6,,0,,
5.6+1.6,1.6,5.6,,0,,
5.6+1.8,1.8,5.6,,0,,
5.6+2.0,2.0,5.6,,0,,
5.6+2.2,2.2,5.6,,0,,
5.6+2.4,2.4,5.6,,0,,
5.6+2.6,2.6,5.6,,0,,
5.6+2.8,2.8,5.6,,0,,
5.6+3.0,3.0,5.6,,0,,
5.6+3.2,3.2,5.6,,0,,
5.6+3.4,3.4,5.6,,0,,
5.6+3.6,3.6,5.6,,0,,
5.6+3.8,3.8,5.6,,0,,
5.6+4.0,4.0,5.6,,0,,
5.6+4.2,4.2,5.6,,0,,
5.6+4.4,4.4,5.6,,0,,
5.6+4.6,4.6,5.6,,0,,
5.6+4.8,4.8,5.6,,0,,
5.6+5.0,5.0,5.6,,0,,
5.6+5.2,5.2,5.6,,0,,
5.6+5.4,5.4,5.6,,0,,
5.6+5.6,5.6,5.6,,0,,
5.6+5.8,5.8,5.6,,0,,
5.6+6.0,6.0,5.6,,0,,
5.6+6.2,6.2,5.6,,0,,
5.6+6.4,6.4,5.6,,0,,
5.6+6.6,6.6,5.6,,0,,
5.6+6.8,6.8,5.6,,0,,
5.6+7.0,7.0,5.6,,0,,
5.6+7.2,7.2,5.6,,0,,
5.6+7.4,7.4,5.6,,0,,
5.6+7.6,7.6,5.6,,0,,
5.6+7.8,7.8,5.6,,0,,
5.6+8.0,8.0,5.6,,0,,
5.6+8.2,8.2,5.6,1.1549946,1,1.1549946069717407,1.1549946069717407
5.6+8.4,8.4,5.6,,0,,
5.6+8.6,8.6,5.6,1.28049,1,1.2804900407791138,1.2804900407791138
5.6+8.8,8.8,5.6,,0,,
5.6+9.0,9.0,5.6,,0,,
5.6+9.2,9.2,5.6,,0,,
5.6+9.4,9.4,5.6,,0,,
5.6+9.6,9.6,5.6,,0,,
5.8+-0.2,-0.2,5.8,,0,,
5.8+-0.4,-0.4,5.8,,0,,
5.8+-0.6,-0.6,5.8,,0,,
5.8+-0.8,-0.8,5.8,,0,,
5.8+-1.0,-1.0,5.8,,0,,
5.8+-1.2,-1.2,5.8,,0,,
5.8+-1.4,-1.4,5.8,,0,,
5.8+-1.6,-1.6,5.8,,0,,
5.8+-1.8,-1.8,5.8,,0,,
5.8+-2.0,-2.0,5.8,,0,,
5.8+-2.2,-2.2,5.8,,0,,
5.8+-2.4,-2.4,5.8,,0,,
5.8+-2.6,-2.6,5.8,,0,,
5.8+-2.8,-2.8,5.8,,0,,
5.8+-3.0,-3.0,5.8,,0,,
5.8+-3.2,-3.2,5.8,,0,,
5.8+-3.4,-3.4,5.8,,0,,
5.8+-3.6,-3.6,5.8,,0,,
5.8+-3.8,-3.8,5.8,,0,,
5.8+-4.0,-4.0,5.8,,0,,
5.8+-4.2,-4.2,5.8,,0,,
5.8+-4.4,-4.4,5.8,,0,,
5.8+-4.6,-4.6,5.8,,0,,
5.8+-4.8,-4.8,5.8,,0,,
5.8+-5.0,-5.0,5.8,,0,,
5.8+-5.2,-5.2,5.8,,0,,
5.8+-5.4,-5.4,5.8,,0,,
5.8+-5.6,-5.6,5.8,,0,,
5.8+-5.8,-5.8,5.8,,0,,
5.8+-6.0,-6.0,5.8,,0,,
5.8+-6.2,-6.2,5.8,,0,,
5.8+-6.4,-6.4,5.8,,0,,
5.8+-6.6,-6.6,5.8,,0,,
5.8+-6.8,-6.8,5.8,,0,,
5.8+-7.0,-7.0,5.8,,0,,
5.8+-7.2,-7.2,5.8,,0,,
5.8+-7.4,-7.4,5.8,,0,,
5.8+-7.6,-7.6,5.8,,0,,
5.8+-7.8,-7.8,5.8,,0,,
5.8+-8.0,-8.0,5.8,,0,,
5.8+0.0,0.0,5.8,,0,,
5.8+0.2,0.2,5.8,,0,,
5.8+0.4,0.4,5.8,,0,,
5.8+0.6,0.6,5.8,,0,,
5.8+0.8,0.8,5.8,,0,,
5.8+1.0,1.0,5.8,,0,,
5.8+1.2,1.2,5.8,,0,,
5.8+1.4,1.4,5.8,,0,,
5.8+1.6,1.6,5.8,,0,,
5.8+1.8,1.8,5.8,,0,,
5.8+2.0,2.0,5.8,,0,,
5.8+2.2,2.2,5.8,,0,,
5.8+2.4,2.4,5.8,,0,,
5.8+2.6,2.6,5.8,,0,,
5.8+2.8,2.8,5.8,,0,,
5.8+3.0,3.0,5.8,,0,,
5.8+3.2,3.2,5.8,,0,,
5.8+3.4,3.4,5.8,,0,,
5.8+3.6,3.6,5.8,,0,,
5.8+3.8,3.8,5.8,,0,,
5.8+4.0,4.0,5.8,,0,,
5.8+4.2,4.2,5.8,,0,,
5.8+4.4,4.4,5.8,,0,,
5.8+4.6,4.6,5.8,,0,,
5.8+4.8,4.8,5.8,,0,,
5.8+5.0,5.0,5.8,,0,,
5.8+5.2,5.2,5.8,,0,,
5.8+5.4,5.4,5.8,,0,,
5.8+5.6,5.6,5.8,,0,,
5.8+5.8,5.8,5.8,,0,,
5.8+6.0,6.0,5.8,,0,,
5.8+6.2,6.2,5.8,,0,,
5.8+6.4,6.4,5.8,,0,,
5.8+6.6,6.6,5.8,,0,,
5.8+6.8,6.8,5.8,,0,,
5.8+7.0,7.0,5.8,,0,,
5.8+7.2,7.2,5.8,,0,,
5.8+7.4,7.4,5.8,,0,,
5.8+7.6,7.6,5.8,,0,,
5.8+7.8,7.8,5.8,,0,,
5.8+8.0,8.0,5.8,,0,,
5.8+8.2,8.2,5.8,,0,,
5.8+8.4,8.4,5.8,,0,,
5.8+8.6,8.6,5.8,,0,,
5.8+8.8,8.8,5.8,,0,,
5.8+9.0,9.0,5.8,,0,,
5.8+9.2,9.2,5.8,,0,,
5.8+9.4,9.4,5.8,,0,,
5.8+9.6,9.6,5.8,,0,,
6.0+-0.2,-0.2,6.0,,0,,
6.0+-0.4,-0.4,6.0,,0,,
6.0+-0.6,-0.6,6.0,,0,,
6.0+-0.8,-0.8,6.0,,0,,
6.0+-1.0,-1.0,6.0,,0,,
6.0+-1.2,-1.2,6.0,,0,,
6.0+-1.4,-1.4,6.0,,0,,
6.0+-1.6,-1.6,6.0,,0,,
6.0+-1.8,-1.8,6.0,,0,,
6.0+-2.0,-2.0,6.0,,0,,
6.0+-2.2,-2.2,6.0,,0,,
6.0+-2.4,-2.4,6.0,,0,,
6.0+-2.6,-2.6,6.0,,0,,
6.0+-2.8,-2.8,6.0,,0,,
6.0+-3.0,-3.0,6.0,,0,,
6.0+-3.2,-3.2,6.0,,0,,
6.0+-3.4,-3.4,6.0,,0,,
6.0+-3.6,-3.6,6.0,,0,,
6.0+-3.8,-3.8,6.0,,0,,
6.0+-4.0,-4.0,6.0,,0,,
6.0+-4.2,-4.2,6.0,,0,,
6.0+-4.4,-4.4,6.0,,0,,
6.0+-4.6,-4.6,6.0,,0,,
6.0+-4.8,-4.8,6.0,,0,,
6.0+-5.0,-5.0,6.0,,0,,
6.0+-5.2,-5.2,6.0,,0,,
6.0+-5.4,-5.4,6.0,,0,,
6.0+-5.6,-5.6,6.0,,0,,
6.0+-5.8,-5.8,6.0,,0,,
6.0+-6.0,-6.0,6.0,,0,,
6.0+-6.2,-6.2,6.0,,0,,
6.0+-6.4,-6.4,6.0,,0,,
6.0+-6.6,-6.6,6.0,,0,,
6.0+-6.8,-6.8,6.0,,0,,
6.0+-7.0,-7.0,6.0,,0,,
6.0+-7.2,-7.2,6.0,,0,,
6.0+-7.4,-7.4,6.0,,0,,
6.0+-7.6,-7.6,6.0,,0,,
6.0+-7.8,-7.8,6.0,,0,,
6.0+-8.0,-8.0,6.0,,0,,
6.0+0.0,0.0,6.0,,0,,
6.0+0.2,0.2,6.0,,0,,
6.0+0.4,0.4,6.0,,0,,
6.0+0.6,0.6,6.0,,0,,
6.0+0.8,0.8,6.0,,0,,
6.0+1.0,1.0,6.0,,0,,
6.0+1.2,1.2,6.0,,0,,
6.0+1.4,1.4,6.0,,0,,
6.0+1.6,1.6,6.0,,0,,
6.0+1.8,1.8,6.0,,0,,
6.0+2.0,2.0,6.0,,0,,
6.0+2.2,2.2,6.0,,0,,
6.0+2.4,2.4,6.0,,0,,
6.0+2.6,2.6,6.0,,0,,
6.0+2.8,2.8,6.0,,0,,
6.0+3.0,3.0,6.0,,0,,
6.0+3.2,3.2,6.0,,0,,
6.0+3.4,3.4,6.0,,0,,
6.0+3.6,3.6,6.0,,0,,
6.0+3.8,3.8,6.0,,0,,
6.0+4.0,4.0,6.0,,0,,
6.0+4.2,4.2,6.0,,0,,
6.0+4.4,4.4,6.0,,0,,
6.0+4.6,4.6,6.0,,0,,
6.0+4.8,4.8,6.0,,0,,
6.0+5.0,5.0,6.0,,0,,
6.0+5.2,5.2,6.0,,0,,
6.0+5.4,5.4,6.0,,0,,
6.0+5.6,5.6,6.0,,0,,
6.0+5.8,5.8,6.0,,0,,
6.0+6.0,6.0,6.0,,0,,
6.0+6.2,6.2,6.0,,0,,
6.0+6.4,6.4,6.0,,0,,
6.0+6.6,6.6,6.0,,0,,
6.0+6.8,6.8,6.0,,0,,
6.0+7.0,7.0,6.0,,0,,
6.0+7.2,7.2,6.0,,0,,
6.0+7.4,7.4,6.0,,0,,
6.0+7.6,7.6,6.0,,0,,
6.0+7.8,7.8,6.0,,0,,
6.0+8.0,8.0,6.0,,0,,
6.0+8.2,8.2,6.0,,0,,
6.0+8.4,8.4,6.0,,0,,
6.0+8.6,8.6,6.0,,0,,
6.0+8.8,8.8,6.0,,0,,
6.0+9.0,9.0,6.0,,0,,
6.0+9.2,9.2,6.0,,0,,
6.0+9.4,9.4,6.0,,0,,
6.0+9.6,9.6,6.0,,0,,
6.2+-0.2,-0.2,6.2,,0,,
6.2+-0.4,-0.4,6.2,,0,,
6.2+-0.6,-0.6,6.2,,0,,
6.2+-0.8,-0.8,6.2,,0,,
6.2+-1.0,-1.0,6.2,,0,,
6.2+-1.2,-1.2,6.2,,0,,
6.2+-1.4,-1.4,6.2,,0,,
6.2+-1.6,-1.6,6.2,,0,,
6.2+-1.8,-1.8,6.2,,0,,
6.2+-2.0,-2.0,6.2,,0,,
6.2+-2.2,-2.2,6.2,,0,,
6.2+-2.4,-2.4,6.2,,0,,
6.2+-2.6,-2.6,6.2,,0,,
6.2+-2.8,-2.8,6.2,,0,,
6.2+-3.0,-3.0,6.2,,0,,
6.2+-3.2,-3.2,6.2,,0,,
6.2+-3.4,-3.4,6.2,,0,,
6.2+-3.6,-3.6,6.2,,0,,
6.2+-3.8,-3.8,6.2,,0,,
6.2+-4.0,-4.0,6.2,,0,,
6.2+-4.2,-4.2,6.2,,0,,
6.2+-4.4,-4.4,6.2,,0,,
6.2+-4.6,-4.6,6.2,,0,,
6.2+-4.8,-4.8,6.2,,0,,
6.2+-5.0,-5.0,6.2,,0,,
6.2+-5.2,-5.2,6.2,,0,,
6.2+-5.4,-5.4,6.2,,0,,
6.2+-5.6,-5.6,6.2,,0,,
6.2+-5.8,-5.8,6.2,,0,,
6.2+-6.0,-6.0,6.2,,0,,
6.2+-6.2,-6.2,6.2,,0,,
6.2+-6.4,-6.4,6.2,,0,,
6.2+-6.6,-6.6,6.2,,0,,
6.2+-6.8,-6.8,6.2,,0,,
6.2+-7.0,-7.0,6.2,,0,,
6.2+-7.2,-7.2,6.2,,0,,
6.2+-7.4,-7.4,6.2,,0,,
6.2+-7.6,-7.6,6.2,,0,,
6.2+-7.8,-7.8,6.2,,0,,
6.2+-8.0,-8.0,6.2,,0,,
6.2+0.0,0.0,6.2,,0,,
6.2+0.2,0.2,6.2,,0,,
6.2+0.4,0.4,6.2,,0,,
6.2+0.6,0.6,6.2,,0,,
6.2+0.8,0.8,6.2,,0,,
6.2+1.0,1.0,6.2,,0,,
6.2+1.2,1.2,6.2,,0,,
6.2+1.4,1.4,6.2,,0,,
6.2+1.6,1.6,6.2,,0,,
6.2+1.8,1.8,6.2,,0,,
6.2+2.0,2.0,6.2,,0,,
6.2+2.2,2.2,6.2,,0,,
6.2+2.4,2.4,6.2,,0,,
6.2+2.6,2.6,6.2,,0,,
6.2+2.8,2.8,6.2,,0,,
6.2+3.0,3.0,6.2,,0,,
6.2+3.2,3.2,6.2,,0,,
6.2+3.4,3.4,6.2,,0,,
6.2+3.6,3.6,6.2,,0,,
6.2+3.8,3.8,6.2,,0,,
6.2+4.0,4.0,6.2,,0,,
6.2+4.2,4.2,6.2,,0,,
6.2+4.4,4.4,6.2,,0,,
6.2+4.6,4.6,6.2,,0,,
6.2+4.8,4.8,6.2,,0,,
6.2+5.0,5.0,6.2,,0,,
6.2+5.2,5.2,6.2,,0,,
6.2+5.4,5.4,6.2,,0,,
6.2+5.6,5.6,6.2,,0,,
6.2+5.8,5.8,6.2,,0,,
6.2+6.0,6.0,6.2,,0,,
6.2+6.2,6.2,6.2,,0,,
6.2+6.4,6.4,6.2,,0,,
6.2+6.6,6.6,6.2,,0,,
6.2+6.8,6.8,6.2,,0,,
6.2+7.0,7.0,6.2,,0,,
6.2+7.2,7.2,6.2,,0,,
6.2+7.4,7.4,6.2,,0,,
6.2+7.6,7.6,6.2,,0,,
6.2+7.8,7.8,6.2,,0,,
6.2+8.0,8.0,6.2,,0,,
6.2+8.2,8.2,6.2,,0,,
6.2+8.4,8.4,6.2,,0,,
6.2+8.6,8.6,6.2,,0,,
6.2+8.8,8.8,6.2,,0,,
6.2+9.0,9.0,6.2,,0,,
6.2+9.2,9.2,6.2,,0,,
6.2+9.4,9.4,6.2,,0,,
6.2+9.6,9.6,6.2,,0,,
6.4+-0.2,-0.2,6.4,,0,,
6.4+-0.4,-0.4,6.4,,0,,
6.4+-0.6,-0.6,6.4,,0,,
6.4+-0.8,-0.8,6.4,,0,,
6.4+-1.0,-1.0,6.4,,0,,
6.4+-1.2,-1.2,6.4,,0,,
6.4+-1.4,-1.4,6.4,,0,,
6.4+-1.6,-1.6,6.4,,0,,
6.4+-1.8,-1.8,6.4,,0,,
6.4+-2.0,-2.0,6.4,,0,,
6.4+-2.2,-2.2,6.4,,0,,
6.4+-2.4,-2.4,6.4,,0,,
6.4+-2.6,-2.6,6.4,,0,,
6.4+-2.8,-2.8,6.4,,0,,
6.4+-3.0,-3.0,6.4,,0,,
6.4+-3.2,-3.2,6.4,,0,,
6.4+-3.4,-3.4,6.4,,0,,
6.4+-3.6,-3.6,6.4,,0,,
6.4+-3.8,-3.8,6.4,,0,,
6.4+-4.0,-4.0,6.4,,0,,
6.4+-4.2,-4.2,6.4,,0,,
6.4+-4.4,-4.4,6.4,,0,,
6.4+-4.6,-4.6,6.4,,0,,
6.4+-4.8,-4.8,6.4,,0,,
6.4+-5.0,-5.0,6.4,,0,,
6.4+-5.2,-5.2,6.4,,0,,
6.4+-5.4,-5.4,6.4,,0,,
6.4+-5.6,-5.6,6.4,,0,,
6.4+-5.8,-5.8,6.4,,0,,
6.4+-6.0,-6.0,6.4,,0,,
6.4+-6.2,-6.2,6.4,,0,,
6.4+-6.4,-6.4,6.4,,0,,
6.4+-6.6,-6.6,6.4,,0,,
6.4+-6.8,-6.8,6.4,,0,,
6.4+-7.0,-7.0,6.4,,0,,
6.4+-7.2,-7.2,6.4,,0,,
6.4+-7.4,-7.4,6.4,,0,,
6.4+-7.6,-7.6,6.4,,0,,
6.4+-7.8,-7.8,6.4,,0,,
6.4+-8.0,-8.0,6.4,,0,,
6.4+0.0,0.0,6.4,,0,,
6.4+0.2,0.2,6.4,,0,,
6.4+0.4,0.4,6.4,,0,,
6.4+0.6,0.6,6.4,,0,,
6.4+0.8,0.8,6.4,,0,,
6.4+1.0,1.0,6.4,,0,,
6.4+1.2,1.2,6.4,,0,,
6.4+1.4,1.4,6.4,,0,,
6.4+1.6,1.6,6.4,,0,,
6.4+1.8,1.8,6.4,,0,,
6.4+2.0,2.0,6.4,,0,,
6.4+2.2,2.2,6.4,,0,,
6.4+2.4,2.4,6.4,,0,,
6.4+2.6,2.6,6.4,,0,,
6.4+2.8,2.8,6.4,,0,,
6.4+3.0,3.0,6.4,,0,,
6.4+3.2,3.2,6.4,,0,,
6.4+3.4,3.4,6.4,,0,,
6.4+3.6,3.6,6.4,,0,,
6.4+3.8,3.8,6.4,,0,,
6.4+4.0,4.0,6.4,,0,,
6.4+4.2,4.2,6.4,,0,,
6.4+4.4,4.4,6.4,,0,,
6.4+4.6,4.6,6.4,,0,,
6.4+4.8,4.8,6.4,,0,,
6.4+5.0,5.0,6.4,,0,,
6.4+5.2,5.2,6.4,,0,,
6.4+5.4,5.4,6.4,,0,,
6.4+5.6,5.6,6.4,,0,,
6.4+5.8,5.8,6.4,,0,,
6.4+6.0,6.0,6.4,,0,,
6.4+6.2,6.2,6.4,,0,,
6.4+6.4,6.4,6.4,,0,,
6.4+6.6,6.6,6.4,,0,,
6.4+6.8,6.8,6.4,,0,,
6.4+7.0,7.0,6.4,,0,,
6.4+7.2,7.2,6.4,,0,,
6.4+7.4,7.4,6.4,,0,,
6.4+7.6,7.6,6.4,,0,,
6.4+7.8,7.8,6.4,,0,,
6.4+8.0,8.0,6.4,,0,,
6.4+8.2,8.2,6.4,,0,,
6.4+8.4,8.4,6.4,,0,,
6.4+8.6,8.6,6.4,,0,,
6.4+8.8,8.8,6.4,,0,,
6.4+9.0,9.0,6.4,,0,,
6.4+9.2,9.2,6.4,,0,,
6.4+9.4,9.4,6.4,,0,,
6.4+9.6,9.6,6.4,,0,,
6.6+-0.2,-0.2,6.6,,0,,
6.6+-0.4,-0.4,6.6,,0,,
6.6+-0.6,-0.6,6.6,,0,,
6.6+-0.8,-0.8,6.6,,0,,
6.6+-1.0,-1.0,6.6,,0,,
6.6+-1.2,-1.2,6.6,,0,,
6.6+-1.4,-1.4,6.6,,0,,
6.6+-1.6,-1.6,6.6,,0,,
6.6+-1.8,-1.8,6.6,,0,,
6.6+-2.0,-2.0,6.6,,0,,
6.6+-2.2,-2.2,6.6,,0,,
6.6+-2.4,-2.4,6.6,,0,,
6.6+-2.6,-2.6,6.6,,0,,
6.6+-2.8,-2.8,6.6,,0,,
6.6+-3.0,-3.0,6.6,,0,,
6.6+-3.2,-3.2,6.6,,0,,
6.6+-3.4,-3.4,6.6,,0,,
6.6+-3.6,-3.6,6.6,,0,,
6.6+-3.8,-3.8,6.6,,0,,
6.6+-4.0,-4.0,6.6,,0,,
6.6+-4.2,-4.2,6.6,,0,,
6.6+-4.4,-4.4,6.6,,0,,
6.6+-4.6,-4.6,6.6,,0,,
6.6+-4.8,-4.8,6.6,,0,,
6.6+-5.0,-5.0,6.6,,0,,
6.6+-5.2,-5.2,6.6,,0,,
6.6+-5.4,-5.4,6.6,,0,,
6.6+-5.6,-5.6,6.6,,0,,
6.6+-5.8,-5.8,6.6,,0,,
6.6+-6.0,-6.0,6.6,,0,,
6.6+-6.2,-6.2,6.6,,0,,
6.6+-6.4,-6.4,6.6,,0,,
6.6+-6.6,-6.6,6.6,,0,,
6.6+-6.8,-6.8,6.6,,0,,
6.6+-7.0,-7.0,6.6,,0,,
6.6+-7.2,-7.2,6.6,,0,,
6.6+-7.4,-7.4,6.6,,0,,
6.6+-7.6,-7.6,6.6,,0,,
6.6+-7.8,-7.8,6.6,,0,,
6.6+-8.0,-8.0,6.6,,0,,
6.6+0.0,0.0,6.6,,0,,
6.6+0.2,0.2,6.6,,0,,
6.6+0.4,0.4,6.6,,0,,
6.6+0.6,0.6,6.6,,0,,
6.6+0.8,0.8,6.6,,0,,
6.6+1.0,1.0,6.6,,0,,
6.6+1.2,1.2,6.6,,0,,
6.6+1.4,1.4,6.6,,0,,
6.6+1.6,1.6,6.6,,0,,
6.6+1.8,1.8,6.6,,0,,
6.6+2.0,2.0,6.6,,0,,
6.6+2.2,2.2,6.6,,0,,
6.6+2.4,2.4,6.6,,0,,
6.6+2.6,2.6,6.6,,0,,
6.6+2.8,2.8,6.6,,0,,
6.6+3.0,3.0,6.6,,0,,
6.6+3.2,3.2,6.6,,0,,
6.6+3.4,3.4,6.6,,0,,
6.6+3.6,3.6,6.6,,0,,
6.6+3.8,3.8,6.6,,0,,
6.6+4.0,4.0,6.6,,0,,
6.6+4.2,4.2,6.6,,0,,
6.6+4.4,4.4,6.6,,0,,
6.6+4.6,4.6,6.6,,0,,
6.6+4.8,4.8,6.6,,0,,
6.6+5.0,5.0,6.6,,0,,
6.6+5.2,5.2,6.6,,0,,
6.6+5.4,5.4,6.6,,0,,
6.6+5.6,5.6,6.6,,0,,
6.6+5.8,5.8,6.6,,0,,
6.6+6.0,6.0,6.6,,0,,
6.6+6.2,6.2,6.6,,0,,
6.6+6.4,6.4,6.6,,0,,
6.6+6.6,6.6,6.6,,0,,
6.6+6.8,6.8,6.6,,0,,
6.6+7.0,7.0,6.6,,0,,
6.6+7.2,7.2,6.6,,0,,
6.6+7.4,7.4,6.6,,0,,
6.6+7.6,7.6,6.6,,0,,
6.6+7.8,7.8,6.6,,0,,
6.6+8.0,8.0,6.6,,0,,
6.6+8.2,8.2,6.6,,0,,
6.6+8.4,8.4,6.6,,0,,
6.6+8.6,8.6,6.6,,0,,
6.6+8.8,8.8,6.6,,0,,
6.6+9.0,9.0,6.6,,0,,
6.6+9.2,9.2,6.6,,0,,
6.6+9.4,9.4,6.6,,0,,
6.6+9.6,9.6,6.6,,0,,
6.8+-0.2,-0.2,6.8,,0,,
6.8+-0.4,-0.4,6.8,,0,,
6.8+-0.6,-0.6,6.8,,0,,
6.8+-0.8,-0.8,6.8,,0,,
6.8+-1.0,-1.0,6.8,,0,,
6.8+-1.2,-1.2,6.8,,0,,
6.8+-1.4,-1.4,6.8,,0,,
6.8+-1.6,-1.6,6.8,,0,,
6.8+-1.8,-1.8,6.8,,0,,
6.8+-2.0,-2.0,6.8,,0,,
6.8+-2.2,-2.2,6.8,,0,,
6.8+-2.4,-2.4,6.8,,0,,
6.8+-2.6,-2.6,6.8,,0,,
6.8+-2.8,-2.8,6.8,,0,,
6.8+-3.0,-3.0,6.8,,0,,
6.8+-3.2,-3.2,6.8,,0,,
6.8+-3.4,-3.4,6.8,,0,,
6.8+-3.6,-3.6,6.8,,0,,
6.8+-3.8,-3.8,6.8,,0,,
6.8+-4.0,-4.0,6.8,,0,,
6.8+-4.2,-4.2,6.8,,0,,
6.8+-4.4,-4.4,6.8,,0,,
6.8+-4.6,-4.6,6.8,,0,,
6.8+-4.8,-4.8,6.8,,0,,
6.8+-5.0,-5.0,6.8,,0,,
6.8+-5.2,-5.2,6.8,,0,,
6.8+-5.4,-5.4,6.8,,0,,
6.8+-5.6,-5.6,6.8,,0,,
6.8+-5.8,-5.8,6.8,,0,,
6.8+-6.0,-6.0,6.8,,0,,
6.8+-6.2,-6.2,6.8,,0,,
6.8+-6.4,-6.4,6.8,,0,,
6.8+-6.6,-6.6,6.8,,0,,
6.8+-6.8,-6.8,6.8,,0,,
6.8+-7.0,-7.0,6.8,,0,,
6.8+-7.2,-7.2,6.8,,0,,
6.8+-7.4,-7.4,6.8,,0,,
6.8+-7.6,-7.6,6.8,,0,,
6.8+-7.8,-7.8,6.8,,0,,
6.8+-8.0,-8.0,6.8,,0,,
6.8+0.0,0.0,6.8,,0,,
6.8+0.2,0.2,6.8,,0,,
6.8+0.4,0.4,6.8,,0,,
6.8+0.6,0.6,6.8,,0,,
6.8+0.8,0.8,6.8,,0,,
6.8+1.0,1.0,6.8,,0,,
6.8+1.2,1.2,6.8,,0,,
6.8+1.4,1.4,6.8,,0,,
6.8+1.6,1.6,6.8,,0,,
6.8+1.8,1.8,6.8,,0,,
6.8+2.0,2.0,6.8,,0,,
6.8+2.2,2.2,6.8,,0,,
6.8+2.4,2.4,6.8,,0,,
6.8+2.6,2.6,6.8,,0,,
6.8+2.8,2.8,6.8,,0,,
6.8+3.0,3.0,6.8,,0,,
6.8+3.2,3.2,6.8,,0,,
6.8+3.4,3.4,6.8,,0,,
6.8+3.6,3.6,6.8,,0,,
6.8+3.8,3.8,6.8,,0,,
6.8+4.0,4.0,6.8,,0,,
6.8+4.2,4.2,6.8,,0,,
6.8+4.4,4.4,6.8,,0,,
6.8+4.6,4.6,6.8,,0,,
6.8+4.8,4.8,6.8,,0,,
6.8+5.0,5.0,6.8,,0,,
6.8+5.2,5.2,6.8,,0,,
6.8+5.4,5.4,6.8,,0,,
6.8+5.6,5.6,6.8,,0,,
6.8+5.8,5.8,6.8,,0,,
6.8+6.0,6.0,6.8,,0,,
6.8+6.2,6.2,6.8,,0,,
6.8+6.4,6.4,6.8,,0,,
6.8+6.6,6.6,6.8,,0,,
6.8+6.8,6.8,6.8,,0,,
6.8+7.0,7.0,6.8,,0,,
6.8+7.2,7.2,6.8,,0,,
6.8+7.4,7.4,6.8,,0,,
6.8+7.6,7.6,6.8,,0,,
6.8+7.8,7.8,6.8,,0,,
6.8+8.0,8.0,6.8,,0,,
6.8+8.2,8.2,6.8,,0,,
6.8+8.4,8.4,6.8,,0,,
6.8+8.6,8.6,6.8,,0,,
6.8+8.8,8.8,6.8,,0,,
6.8+9.0,9.0,6.8,,0,,
6.8+9.2,9.2,6.8,,0,,
6.8+9.4,9.4,6.8,,0,,
6.8+9.6,9.6,6.8,,0,,
7.0+-0.2,-0.2,7.0,,0,,
7.0+-0.4,-0.4,7.0,,0,,
7.0+-0.6,-0.6,7.0,,0,,
7.0+-0.8,-0.8,7.0,,0,,
7.0+-1.0,-1.0,7.0,,0,,
7.0+-1.2,-1.2,7.0,,0,,
7.0+-1.4,-1.4,7.0,,0,,
7.0+-1.6,-1.6,7.0,,0,,
7.0+-1.8,-1.8,7.0,,0,,
7.0+-2.0,-2.0,7.0,,0,,
7.0+-2.2,-2.2,7.0,,0,,
7.0+-2.4,-2.4,7.0,,0,,
7.0+-2.6,-2.6,7.0,,0,,
7.0+-2.8,-2.8,7.0,,0,,
7.0+-3.0,-3.0,7.0,,0,,
7.0+-3.2,-3.2,7.0,,0,,
7.0+-3.4,-3.4,7.0,,0,,
7.0+-3.6,-3.6,7.0,,0,,
7.0+-3.8,-3.8,7.0,,0,,
7.0+-4.0,-4.0,7.0,,0,,
7.0+-4.2,-4.2,7.0,,0,,
7.0+-4.4,-4.4,7.0,,0,,
7.0+-4.6,-4.6,7.0,,0,,
7.0+-4.8,-4.8,7.0,,0,,
7.0+-5.0,-5.0,7.0,,0,,
7.0+-5.2,-5.2,7.0,,0,,
7.0+-5.4,-5.4,7.0,,0,,
7.0+-5.6,-5.6,7.0,,0,,
7.0+-5.8,-5.8,7.0,,0,,
7.0+-6.0,-6.0,7.0,,0,,
7.0+-6.2,-6.2,7.0,,0,,
7.0+-6.4,-6.4,7.0,,0,,
7.0+-6.6,-6.6,7.0,,0,,
7.0+-6.8,-6.8,7.0,,0,,
7.0+-7.0,-7.0,7.0,,0,,
7.0+-7.2,-7.2,7.0,,0,,
7.0+-7.4,-7.4,7.0,,0,,
7.0+-7.6,-7.6,7.0,,0,,
7.0+-7.8,-7.8,7.0,,0,,
7.0+-8.0,-8.0,7.0,,0,,
7.0+0.0,0.0,7.0,,0,,
7.0+0.2,0.2,7.0,,0,,
7.0+0.4,0.4,7.0,,0,,
7.0+0.6,0.6,7.0,,0,,
7.0+0.8,0.8,7.0,,0,,
7.0+1.0,1.0,7.0,,0,,
7.0+1.2,1.2,7.0,,0,,
7.0+1.4,1.4,7.0,,0,,
7.0+1.6,1.6,7.0,,0,,
7.0+1.8,1.8,7.0,,0,,
7.0+2.0,2.0,7.0,,0,,
7.0+2.2,2.2,7.0,,0,,
7.0+2.4,2.4,7.0,,0,,
7.0+2.6,2.6,7.0,,0,,
7.0+2.8,2.8,7.0,,0,,
7.0+3.0,3.0,7.0,,0,,
7.0+3.2,3.2,7.0,,0,,
7.0+3.4,3.4,7.0,,0,,
7.0+3.6,3.6,7.0,,0,,
7.0+3.8,3.8,7.0,,0,,
7.0+4.0,4.0,7.0,,0,,
7.0+4.2,4.2,7.0,,0,,
7.0+4.4,4.4,7.0,,0,,
7.0+4.6,4.6,7.0,,0,,
7.0+4.8,4.8,7.0,,0,,
7.0+5.0,5.0,7.0,,0,,
7.0+5.2,5.2,7.0,,0,,
7.0+5.4,5.4,7.0,,0,,
7.0+5.6,5.6,7.0,,0,,
7.0+5.8,5.8,7.0,,0,,
7.0+6.0,6.0,7.0,,0,,
7.0+6.2,6.2,7.0,,0,,
7.0+6.4,6.4,7.0,,0,,
7.0+6.6,6.6,7.0,,0,,
7.0+6.8,6.8,7.0,,0,,
7.0+7.0,7.0,7.0,,0,,
7.0+7.2,7.2,7.0,,0,,
7.0+7.4,7.4,7.0,,0,,
7.0+7.6,7.6,7.0,,0,,
7.0+7.8,7.8,7.0,,0,,
7.0+8.0,8.0,7.0,,0,,
7.0+8.2,8.2,7.0,,0,,
7.0+8.4,8.4,7.0,,0,,
7.0+8.6,8.6,7.0,,0,,
7.0+8.8,8.8,7.0,,0,,
7.0+9.0,9.0,7.0,,0,,
7.0+9.2,9.2,7.0,,0,,
7.0+9.4,9.4,7.0,,0,,
7.0+9.6,9.6,7.0,,0,,
7.2+-0.2,-0.2,7.2,,0,,
7.2+-0.4,-0.4,7.2,,0,,
7.2+-0.6,-0.6,7.2,,0,,
7.2+-0.8,-0.8,7.2,,0,,
7.2+-1.0,-1.0,7.2,,0,,
7.2+-1.2,-1.2,7.2,,0,,
7.2+-1.4,-1.4,7.2,,0,,
7.2+-1.6,-1.6,7.2,,0,,
7.2+-1.8,-1.8,7.2,,0,,
7.2+-2.0,-2.0,7.2,,0,,
7.2+-2.2,-2.2,7.2,,0,,
7.2+-2.4,-2.4,7.2,,0,,
7.2+-2.6,-2.6,7.2,,0,,
7.2+-2.8,-2.8,7.2,,0,,
7.2+-3.0,-3.0,7.2,,0,,
7.2+-3.2,-3.2,7.2,,0,,
7.2+-3.4,-3.4,7.2,,0,,
7.2+-3.6,-3.6,7.2,,0,,
7.2+-3.8,-3.8,7.2,,0,,
7.2+-4.0,-4.0,7.2,,0,,
7.2+-4.2,-4.2,7.2,,0,,
7.2+-4.4,-4.4,7.2,,0,,
7.2+-4.6,-4.6,7.2,,0,,
7.2+-4.8,-4.8,7.2,,0,,
7.2+-5.0,-5.0,7.2,,0,,
7.2+-5.2,-5.2,7.2,,0,,
7.2+-5.4,-5.4,7.2,,0,,
7.2+-5.6,-5.6,7.2,,0,,
7.2+-5.8,-5.8,7.2,,0,,
7.2+-6.0,-6.0,7.2,,0,,
7.2+-6.2,-6.2,7.2,,0,,
7.2+-6.4,-6.4,7.2,,0,,
7.2+-6.6,-6.6,7.2,,0,,
7.2+-6.8,-6.8,7.2,,0,,
7.2+-7.0,-7.0,7.2,,0,,
7.2+-7.2,-7.2,7.2,,0,,
7.2+-7.4,-7.4,7.2,,0,,
7.2+-7.6,-7.6,7.2,,0,,
7.2+-7.8,-7.8,7.2,,0,,
7.2+-8.0,-8.0,7.2,,0,,
7.2+0.0,0.0,7.2,,0,,
7.2+0.2,0.2,7.2,,0,,
7.2+0.4,0.4,7.2,,0,,
7.2+0.6,0.6,7.2,,0,,
7.2+0.8,0.8,7.2,,0,,
7.2+1.0,1.0,7.2,,0,,
7.2+1.2,1.2,7.2,,0,,
7.2+1.4,1.4,7.2,,0,,
7.2+1.6,1.6,7.2,,0,,
7.2+1.8,1.8,7.2,,0,,
7.2+2.0,2.0,7.2,,0,,
7.2+2.2,2.2,7.2,,0,,
7.2+2.4,2.4,7.2,,0,,
7.2+2.6,2.6,7.2,,0,,
7.2+2.8,2.8,7.2,,0,,
7.2+3.0,3.0,7.2,,0,,
7.2+3.2,3.2,7.2,,0,,
7.2+3.4,3.4,7.2,,0,,
7.2+3.6,3.6,7.2,,0,,
7.2+3.8,3.8,7.2,,0,,
7.2+4.0,4.0,7.2,,0,,
7.2+4.2,4.2,7.2,,0,,
7.2+4.4,4.4,7.2,,0,,
7.2+4.6,4.6,7.2,,0,,
7.2+4.8,4.8,7.2,,0,,
7.2+5.0,5.0,7.2,,0,,
7.2+5.2,5.2,7.2,,0,,
7.2+5.4,5.4,7.2,,0,,
7.2+5.6,5.6,7.2,,0,,
7.2+5.8,5.8,7.2,,0,,
7.2+6.0,6.0,7.2,,0,,
7.2+6.2,6.2,7.2,,0,,
7.2+6.4,6.4,7.2,,0,,
7.2+6.6,6.6,7.2,,0,,
7.2+6.8,6.8,7.2,,0,,
7.2+7.0,7.0,7.2,,0,,
7.2+7.2,7.2,7.2,,0,,
7.2+7.4,7.4,7.2,,0,,
7.2+7.6,7.6,7.2,,0,,
7.2+7.8,7.8,7.2,,0,,
7.2+8.0,8.0,7.2,,0,,
7.2+8.2,8.2,7.2,,0,,
7.2+8.4,8.4,7.2,,0,,
7.2+8.6,8.6,7.2,,0,,
7.2+8.8,8.8,7.2,,0,,
7.2+9.0,9.0,7.2,,0,,
7.2+9.2,9.2,7.2,,0,,
7.2+9.4,9.4,7.2,,0,,
7.2+9.6,9.6,7.2,,0,,
7.4+-0.2,-0.2,7.4,,0,,
7.4+-0.4,-0.4,7.4,,0,,
7.4+-0.6,-0.6,7.4,,0,,
7.4+-0.8,-0.8,7.4,,0,,
7.4+-1.0,-1.0,7.4,,0,,
7.4+-1.2,-1.2,7.4,,0,,
7.4+-1.4,-1.4,7.4,,0,,
7.4+-1.6,-1.6,7.4,,0,,
7.4+-1.8,-1.8,7.4,,0,,
7.4+-2.0,-2.0,7.4,,0,,
7.4+-2.2,-2.2,7.4,,0,,
7.4+-2.4,-2.4,7.4,,0,,
7.4+-2.6,-2.6,7.4,,0,,
7.4+-2.8,-2.8,7.4,,0,,
7.4+-3.0,-3.0,7.4,,0,,
7.4+-3.2,-3.2,7.4,,0,,
7.4+-3.4,-3.4,7.4,,0,,
7.4+-3.6,-3.6,7.4,,0,,
7.4+-3.8,-3.8,7.4,,0,,
7.4+-4.0,-4.0,7.4,,0,,
7.4+-4.2,-4.2,7.4,,0,,
7.4+-4.4,-4.4,7.4,,0,,
7.4+-4.6,-4.6,7.4,,0,,
7.4+-4.8,-4.8,7.4,,0,,
7.4+-5.0,-5.0,7.4,,0,,
7.4+-5.2,-5.2,7.4,,0,,
7.4+-5.4,-5.4,7.4,,0,,
7.4+-5.6,-5.6,7.4,,0,,
7.4+-5.8,-5.8,7.4,,0,,
7.4+-6.0,-6.0,7.4,,0,,
7.4+-6.2,-6.2,7.4,,0,,
7.4+-6.4,-6.4,7.4,,0,,
7.4+-6.6,-6.6,7.4,,0,,
7.4+-6.8,-6.8,7.4,,0,,
7.4+-7.0,-7.0,7.4,,0,,
7.4+-7.2,-7.2,7.4,,0,,
7.4+-7.4,-7.4,7.4,,0,,
7.4+-7.6,-7.6,7.4,,0,,
7.4+-7.8,-7.8,7.4,,0,,
7.4+-8.0,-8.0,7.4,,0,,
7.4+0.0,0.0,7.4,,0,,
7.4+0.2,0.2,7.4,,0,,
7.4+0.4,0.4,7.4,,0,,
7.4+0.6,0.6,7.4,,0,,
7.4+0.8,0.8,7.4,,0,,
7.4+1.0,1.0,7.4,,0,,
7.4+1.2,1.2,7.4,,0,,
7.4+1.4,1.4,7.4,,0,,
7.4+1.6,1.6,7.4,,0,,
7.4+1.8,1.8,7.4,,0,,
7.4+2.0,2.0,7.4,,0,,
7.4+2.2,2.2,7.4,,0,,
7.4+2.4,2.4,7.4,,0,,
7.4+2.6,2.6,7.4,,0,,
7.4+2.8,2.8,7.4,,0,,
7.4+3.0,3.0,7.4,,0,,
7.4+3.2,3.2,7.4,,0,,
7.4+3.4,3.4,7.4,,0,,
7.4+3.6,3.6,7.4,,0,,
7.4+3.8,3.8,7.4,,0,,
7.4+4.0,4.0,7.4,,0,,
7.4+4.2,4.2,7.4,,0,,
7.4+4.4,4.4,7.4,,0,,
7.4+4.6,4.6,7.4,,0,,
7.4+4.8,4.8,7.4,,0,,
7.4+5.0,5.0,7.4,,0,,
7.4+5.2,5.2,7.4,,0,,
7.4+5.4,5.4,7.4,,0,,
7.4+5.6,5.6,7.4,,0,,
7.4+5.8,5.8,7.4,,0,,
7.4+6.0,6.0,7.4,,0,,
7.4+6.2,6.2,7.4,,0,,
7.4+6.4,6.4,7.4,,0,,
7.4+6.6,6.6,7.4,,0,,
7.4+6.8,6.8,7.4,,0,,
7.4+7.0,7.0,7.4,,0,,
7.4+7.2,7.2,7.4,,0,,
7.4+7.4,7.4,7.4,,0,,
7.4+7.6,7.6,7.4,,0,,
7.4+7.8,7.8,7.4,,0,,
7.4+8.0,8.0,7.4,,0,,
7.4+8.2,8.2,7.4,,0,,
7.4+8.4,8.4,7.4,,0,,
7.4+8.6,8.6,7.4,,0,,
7.4+8.8,8.8,7.4,,0,,
7.4+9.0,9.0,7.4,,0,,
7.4+9.2,9.2,7.4,,0,,
7.4+9.4,9.4,7.4,,0,,
7.4+9.6,9.6,7.4,,0,,
7.6+-0.2,-0.2,7.6,,0,,
7.6+-0.4,-0.4,7.6,,0,,
7.6+-0.6,-0.6,7.6,,0,,
7.6+-0.8,-0.8,7.6,,0,,
7.6+-1.0,-1.0,7.6,,0,,
7.6+-1.2,-1.2,7.6,,0,,
7.6+-1.4,-1.4,7.6,,0,,
7.6+-1.6,-1.6,7.6,,0,,
7.6+-1.8,-1.8,7.6,,0,,
7.6+-2.0,-2.0,7.6,,0,,
7.6+-2.2,-2.2,7.6,,0,,
7.6+-2.4,-2.4,7.6,,0,,
7.6+-2.6,-2.6,7.6,,0,,
7.6+-2.8,-2.8,7.6,,0,,
7.6+-3.0,-3.0,7.6,,0,,
7.6+-3.2,-3.2,7.6,,0,,
7.6+-3.4,-3.4,7.6,,0,,
7.6+-3.6,-3.6,7.6,,0,,
7.6+-3.8,-3.8,7.6,,0,,
7.6+-4.0,-4.0,7.6,,0,,
7.6+-4.2,-4.2,7.6,,0,,
7.6+-4.4,-4.4,7.6,,0,,
7.6+-4.6,-4.6,7.6,,0,,
7.6+-4.8,-4.8,7.6,,0,,
7.6+-5.0,-5.0,7.6,,0,,
7.6+-5.2,-5.2,7.6,,0,,
7.6+-5.4,-5.4,7.6,,0,,
7.6+-5.6,-5.6,7.6,,0,,
7.6+-5.8,-5.8,7.6,,0,,
7.6+-6.0,-6.0,7.6,,0,,
7.6+-6.2,-6.2,7.6,,0,,
7.6+-6.4,-6.4,7.6,,0,,
7.6+-6.6,-6.6,7.6,,0,,
7.6+-6.8,-6.8,7.6,,0,,
7.6+-7.0,-7.0,7.6,,0,,
7.6+-7.2,-7.2,7.6,,0,,
7.6+-7.4,-7.4,7.6,,0,,
7.6+-7.6,-7.6,7.6,,0,,
7.6+-7.8,-7.8,7.6,,0,,
7.6+-8.0,-8.0,7.6,,0,,
7.6+0.0,0.0,7.6,,0,,
7.6+0.2,0.2,7.6,,0,,
7.6+0.4,0.4,7.6,,0,,
7.6+0.6,0.6,7.6,,0,,
7.6+0.8,0.8,7.6,,0,,
7.6+1.0,1.0,7.6,,0,,
7.6+1.2,1.2,7.6,,0,,
7.6+1.4,1.4,7.6,,0,,
7.6+1.6,1.6,7.6,,0,,
7.6+1.8,1.8,7.6,,0,,
7.6+2.0,2.0,7.6,,0,,
7.6+2.2,2.2,7.6,,0,,
7.6+2.4,2.4,7.6,,0,,
7.6+2.6,2.6,7.6,,0,,
7.6+2.8,2.8,7.6,,0,,
7.6+3.0,3.0,7.6,,0,,
7.6+3.2,3.2,7.6,,0,,
7.6+3.4,3.4,7.6,,0,,
7.6+3.6,3.6,7.6,,0,,
7.6+3.8,3.8,7.6,,0,,
7.6+4.0,4.0,7.6,,0,,
7.6+4.2,4.2,7.6,,0,,
7.6+4.4,4.4,7.6,,0,,
7.6+4.6,4.6,7.6,,0,,
7.6+4.8,4.8,7.6,,0,,
7.6+5.0,5.0,7.6,,0,,
7.6+5.2,5.2,7.6,,0,,
7.6+5.4,5.4,7.6,,0,,
7.6+5.6,5.6,7.6,,0,,
7.6+5.8,5.8,7.6,,0,,
7.6+6.0,6.0,7.6,,0,,
7.6+6.2,6.2,7.6,,0,,
7.6+6.4,6.4,7.6,,0,,
7.6+6.6,6.6,7.6,,0,,
7.6+6.8,6.8,7.6,,0,,
7.6+7.0,7.0,7.6,,0,,
7.6+7.2,7.2,7.6,,0,,
7.6+7.4,7.4,7.6,,0,,
7.6+7.6,7.6,7.6,,0,,
7.6+7.8,7.8,7.6,,0,,
7.6+8.0,8.0,7.6,,0,,
7.6+8.2,8.2,7.6,,0,,
7.6+8.4,8.4,7.6,,0,,
7.6+8.6,8.6,7.6,,0,,
7.6+8.8,8.8,7.6,,0,,
7.6+9.0,9.0,7.6,,0,,
7.6+9.2,9.2,7.6,,0,,
7.6+9.4,9.4,7.6,,0,,
7.6+9.6,9.6,7.6,,0,,
7.8+-0.2,-0.2,7.8,,0,,
7.8+-0.4,-0.4,7.8,,0,,
7.8+-0.6,-0.6,7.8,,0,,
7.8+-0.8,-0.8,7.8,,0,,
7.8+-1.0,-1.0,7.8,,0,,
7.8+-1.2,-1.2,7.8,,0,,
7.8+-1.4,-1.4,7.8,,0,,
7.8+-1.6,-1.6,7.8,,0,,
7.8+-1.8,-1.8,7.8,,0,,
7.8+-2.0,-2.0,7.8,,0,,
7.8+-2.2,-2.2,7.8,,0,,
7.8+-2.4,-2.4,7.8,,0,,
7.8+-2.6,-2.6,7.8,,0,,
7.8+-2.8,-2.8,7.8,,0,,
7.8+-3.0,-3.0,7.8,,0,,
7.8+-3.2,-3.2,7.8,,0,,
7.8+-3.4,-3.4,7.8,,0,,
7.8+-3.6,-3.6,7.8,,0,,
7.8+-3.8,-3.8,7.8,,0,,
7.8+-4.0,-4.0,7.8,,0,,
7.8+-4.2,-4.2,7.8,,0,,
7.8+-4.4,-4.4,7.8,,0,,
7.8+-4.6,-4.6,7.8,,0,,
7.8+-4.8,-4.8,7.8,,0,,
7.8+-5.0,-5.0,7.8,,0,,
7.8+-5.2,-5.2,7.8,,0,,
7.8+-5.4,-5.4,7.8,,0,,
7.8+-5.6,-5.6,7.8,,0,,
7.8+-5.8,-5.8,7.8,,0,,
7.8+-6.0,-6.0,7.8,,0,,
7.8+-6.2,-6.2,7.8,,0,,
7.8+-6.4,-6.4,7.8,,0,,
7.8+-6.6,-6.6,7.8,,0,,
7.8+-6.8,-6.8,7.8,,0,,
7.8+-7.0,-7.0,7.8,,0,,
7.8+-7.2,-7.2,7.8,,0,,
7.8+-7.4,-7.4,7.8,,0,,
7.8+-7.6,-7.6,7.8,,0,,
7.8+-7.8,-7.8,7.8,,0,,
7.8+-8.0,-8.0,7.8,,0,,
7.8+0.0,0.0,7.8,,0,,
7.8+0.2,0.2,7.8,,0,,
7.8+0.4,0.4,7.8,,0,,
7.8+0.6,0.6,7.8,,0,,
7.8+0.8,0.8,7.8,,0,,
7.8+1.0,1.0,7.8,,0,,
7.8+1.2,1.2,7.8,,0,,
7.8+1.4,1.4,7.8,,0,,
7.8+1.6,1.6,7.8,,0,,
7.8+1.8,1.8,7.8,,0,,
7.8+2.0,2.0,7.8,,0,,
7.8+2.2,2.2,7.8,,0,,
7.8+2.4,2.4,7.8,,0,,
7.8+2.6,2.6,7.8,,0,,
7.8+2.8,2.8,7.8,,0,,
7.8+3.0,3.0,7.8,,0,,
7.8+3.2,3.2,7.8,,0,,
7.8+3.4,3.4,7.8,,0,,
7.8+3.6,3.6,7.8,,0,,
7.8+3.8,3.8,7.8,,0,,
7.8+4.0,4.0,7.8,,0,,
7.8+4.2,4.2,7.8,,0,,
7.8+4.4,4.4,7.8,,0,,
7.8+4.6,4.6,7.8,,0,,
7.8+4.8,4.8,7.8,,0,,
7.8+5.0,5.0,7.8,,0,,
7.8+5.2,5.2,7.8,,0,,
7.8+5.4,5.4,7.8,,0,,
7.8+5.6,5.6,7.8,,0,,
7.8+5.8,5.8,7.8,,0,,
7.8+6.0,6.0,7.8,,0,,
7.8+6.2,6.2,7.8,,0,,
7.8+6.4,6.4,7.8,,0,,
7.8+6.6,6.6,7.8,,0,,
7.8+6.8,6.8,7.8,,0,,
7.8+7.0,7.0,7.8,,0,,
7.8+7.2,7.2,7.8,,0,,
7.8+7.4,7.4,7.8,,0,,
7.8+7.6,7.6,7.8,,0,,
7.8+7.8,7.8,7.8,,0,,
7.8+8.0,8.0,7.8,,0,,
7.8+8.2,8.2,7.8,,0,,
7.8+8.4,8.4,7.8,,0,,
7.8+8.6,8.6,7.8,,0,,
7.8+8.8,8.8,7.8,,0,,
7.8+9.0,9.0,7.8,,0,,
7.8+9.2,9.2,7.8,,0,,
7.8+9.4,9.4,7.8,,0,,
7.8+9.6,9.6,7.8,,0,,
8.0+-0.2,-0.2,8.0,,0,,
8.0+-0.4,-0.4,8.0,,0,,
8.0+-0.6,-0.6,8.0,,0,,
8.0+-0.8,-0.8,8.0,,0,,
8.0+-1.0,-1.0,8.0,,0,,
8.0+-1.2,-1.2,8.0,,0,,
8.0+-1.4,-1.4,8.0,,0,,
8.0+-1.6,-1.6,8.0,,0,,
8.0+-1.8,-1.8,8.0,,0,,
8.0+-2.0,-2.0,8.0,,0,,
8.0+-2.2,-2.2,8.0,,0,,
8.0+-2.4,-2.4,8.0,,0,,
8.0+-2.6,-2.6,8.0,,0,,
8.0+-2.8,-2.8,8.0,,0,,
8.0+-3.0,-3.0,8.0,,0,,
8.0+-3.2,-3.2,8.0,,0,,
8.0+-3.4,-3.4,8.0,,0,,
8.0+-3.6,-3.6,8.0,,0,,
8.0+-3.8,-3.8,8.0,,0,,
8.0+-4.0,-4.0,8.0,,0,,
8.0+-4.2,-4.2,8.0,,0,,
8.0+-4.4,-4.4,8.0,,0,,
8.0+-4.6,-4.6,8.0,,0,,
8.0+-4.8,-4.8,8.0,,0,,
8.0+-5.0,-5.0,8.0,,0,,
8.0+-5.2,-5.2,8.0,,0,,
8.0+-5.4,-5.4,8.0,,0,,
8.0+-5.6,-5.6,8.0,,0,,
8.0+-5.8,-5.8,8.0,,0,,
8.0+-6.0,-6.0,8.0,,0,,
8.0+-6.2,-6.2,8.0,,0,,
8.0+-6.4,-6.4,8.0,,0,,
8.0+-6.6,-6.6,8.0,,0,,
8.0+-6.8,-6.8,8.0,,0,,
8.0+-7.0,-7.0,8.0,,0,,
8.0+-7.2,-7.2,8.0,,0,,
8.0+-7.4,-7.4,8.0,,0,,
8.0+-7.6,-7.6,8.0,,0,,
8.0+-7.8,-7.8,8.0,,0,,
8.0+-8.0,-8.0,8.0,,0,,
8.0+0.0,0.0,8.0,,0,,
8.0+0.2,0.2,8.0,,0,,
8.0+0.4,0.4,8.0,,0,,
8.0+0.6,0.6,8.0,,0,,
8.0+0.8,0.8,8.0,,0,,
8.0+1.0,1.0,8.0,,0,,
8.0+1.2,1.2,8.0,,0,,
8.0+1.4,1.4,8.0,,0,,
8.0+1.6,1.6,8.0,,0,,
8.0+1.8,1.8,8.0,,0,,
8.0+2.0,2.0,8.0,,0,,
8.0+2.2,2.2,8.0,,0,,
8.0+2.4,2.4,8.0,,0,,
8.0+2.6,2.6,8.0,,0,,
8.0+2.8,2.8,8.0,,0,,
8.0+3.0,3.0,8.0,,0,,
8.0+3.2,3.2,8.0,,0,,
8.0+3.4,3.4,8.0,,0,,
8.0+3.6,3.6,8.0,,0,,
8.0+3.8,3.8,8.0,,0,,
8.0+4.0,4.0,8.0,,0,,
8.0+4.2,4.2,8.0,,0,,
8.0+4.4,4.4,8.0,,0,,
8.0+4.6,4.6,8.0,,0,,
8.0+4.8,4.8,8.0,,0,,
8.0+5.0,5.0,8.0,,0,,
8.0+5.2,5.2,8.0,,0,,
8.0+5.4,5.4,8.0,,0,,
8.0+5.6,5.6,8.0,,0,,
8.0+5.8,5.8,8.0,,0,,
8.0+6.0,6.0,8.0,,0,,
8.0+6.2,6.2,8.0,,0,,
8.0+6.4,6.4,8.0,,0,,
8.0+6.6,6.6,8.0,,0,,
8.0+6.8,6.8,8.0,,0,,
8.0+7.0,7.0,8.0,,0,,
8.0+7.2,7.2,8.0,,0,,
8.0+7.4,7.4,8.0,,0,,
8.0+7.6,7.6,8.0,,0,,
8.0+7.8,7.8,8.0,,0,,
8.0+8.0,8.0,8.0,,0,,
8.0+8.2,8.2,8.0,,0,,
8.0+8.4,8.4,8.0,,0,,
8.0+8.6,8.6,8.0,,0,,
8.0+8.8,8.8,8.0,,0,,
8.0+9.0,9.0,8.0,,0,,
8.0+9.2,9.2,8.0,,0,,
8.0+9.4,9.4,8.0,,0,,
8.0+9.6,9.6,8.0,,0,,
8.2+-0.2,-0.2,8.2,,0,,
8.2+-0.4,-0.4,8.2,,0,,
8.2+-0.6,-0.6,8.2,,0,,
8.2+-0.8,-0.8,8.2,,0,,
8.2+-1.0,-1.0,8.2,,0,,
8.2+-1.2,-1.2,8.2,,0,,
8.2+-1.4,-1.4,8.2,,0,,
8.2+-1.6,-1.6,8.2,,0,,
8.2+-1.8,-1.8,8.2,,0,,
8.2+-2.0,-2.0,8.2,,0,,
8.2+-2.2,-2.2,8.2,,0,,
8.2+-2.4,-2.4,8.2,,0,,
8.2+-2.6,-2.6,8.2,,0,,
8.2+-2.8,-2.8,8.2,,0,,
8.2+-3.0,-3.0,8.2,,0,,
8.2+-3.2,-3.2,8.2,,0,,
8.2+-3.4,-3.4,8.2,,0,,
8.2+-3.6,-3.6,8.2,,0,,
8.2+-3.8,-3.8,8.2,,0,,
8.2+-4.0,-4.0,8.2,,0,,
8.2+-4.2,-4.2,8.2,,0,,
8.2+-4.4,-4.4,8.2,,0,,
8.2+-4.6,-4.6,8.2,,0,,
8.2+-4.8,-4.8,8.2,,0,,
8.2+-5.0,-5.0,8.2,,0,,
8.2+-5.2,-5.2,8.2,,0,,
8.2+-5.4,-5.4,8.2,,0,,
8.2+-5.6,-5.6,8.2,,0,,
8.2+-5.8,-5.8,8.2,,0,,
8.2+-6.0,-6.0,8.2,,0,,
8.2+-6.2,-6.2,8.2,,0,,
8.2+-6.4,-6.4,8.2,,0,,
8.2+-6.6,-6.6,8.2,,0,,
8.2+-6.8,-6.8,8.2,,0,,
8.2+-7.0,-7.0,8.2,,0,,
8.2+-7.2,-7.2,8.2,,0,,
8.2+-7.4,-7.4,8.2,,0,,
8.2+-7.6,-7.6,8.2,,0,,
8.2+-7.8,-7.8,8.2,,0,,
8.2+-8.0,-8.0,8.2,,0,,
8.2+0.0,0.0,8.2,,0,,
8.2+0.2,0.2,8.2,,0,,
8.2+0.4,0.4,8.2,,0,,
8.2+0.6,0.6,8.2,,0,,
8.2+0.8,0.8,8.2,,0,,
8.2+1.0,1.0,8.2,,0,,
8.2+1.2,1.2,8.2,,0,,
8.2+1.4,1.4,8.2,,0,,
8.2+1.6,1.6,8.2,,0,,
8.2+1.8,1.8,8.2,,0,,
8.2+2.0,2.0,8.2,,0,,
8.2+2.2,2.2,8.2,,0,,
8.2+2.4,2.4,8.2,,0,,
8.2+2.6,2.6,8.2,,0,,
8.2+2.8,2.8,8.2,,0,,
8.2+3.0,3.0,8.2,,0,,
8.2+3.2,3.2,8.2,,0,,
8.2+3.4,3.4,8.2,,0,,
8.2+3.6,3.6,8.2,,0,,
8.2+3.8,3.8,8.2,,0,,
8.2+4.0,4.0,8.2,,0,,
8.2+4.2,4.2,8.2,,0,,
8.2+4.4,4.4,8.2,,0,,
8.2+4.6,4.6,8.2,,0,,
8.2+4.8,4.8,8.2,,0,,
8.2+5.0,5.0,8.2,,0,,
8.2+5.2,5.2,8.2,,0,,
8.2+5.4,5.4,8.2,,0,,
8.2+5.6,5.6,8.2,,0,,
8.2+5.8,5.8,8.2,,0,,
8.2+6.0,6.0,8.2,,0,,
8.2+6.2,6.2,8.2,,0,,
8.2+6.4,6.4,8.2,,0,,
8.2+6.6,6.6,8.2,,0,,
8.2+6.8,6.8,8.2,,0,,
8.2+7.0,7.0,8.2,,0,,
8.2+7.2,7.2,8.2,,0,,
8.2+7.4,7.4,8.2,,0,,
8.2+7.6,7.6,8.2,,0,,
8.2+7.8,7.8,8.2,,0,,
8.2+8.0,8.0,8.2,,0,,
8.2+8.2,8.2,8.2,,0,,
8.2+8.4,8.4,8.2,,0,,
8.2+8.6,8.6,8.2,,0,,
8.2+8.8,8.8,8.2,,0,,
8.2+9.0,9.0,8.2,,0,,
8.2+9.2,9.2,8.2,,0,,
8.2+9.4,9.4,8.2,,0,,
8.2+9.6,9.6,8.2,,0,,
8.4+-0.2,-0.2,8.4,,0,,
8.4+-0.4,-0.4,8.4,,0,,
8.4+-0.6,-0.6,8.4,,0,,
8.4+-0.8,-0.8,8.4,,0,,
8.4+-1.0,-1.0,8.4,,0,,
8.4+-1.2,-1.2,8.4,,0,,
8.4+-1.4,-1.4,8.4,,0,,
8.4+-1.6,-1.6,8.4,,0,,
8.4+-1.8,-1.8,8.4,,0,,
8.4+-2.0,-2.0,8.4,,0,,
8.4+-2.2,-2.2,8.4,,0,,
8.4+-2.4,-2.4,8.4,,0,,
8.4+-2.6,-2.6,8.4,,0,,
8.4+-2.8,-2.8,8.4,,0,,
8.4+-3.0,-3.0,8.4,,0,,
8.4+-3.2,-3.2,8.4,,0,,
8.4+-3.4,-3.4,8.4,,0,,
8.4+-3.6,-3.6,8.4,,0,,
8.4+-3.8,-3.8,8.4,,0,,
8.4+-4.0,-4.0,8.4,,0,,
8.4+-4.2,-4.2,8.4,,0,,
8.4+-4.4,-4.4,8.4,,0,,
8.4+-4.6,-4.6,8.4,,0,,
8.4+-4.8,-4.8,8.4,,0,,
8.4+-5.0,-5.0,8.4,,0,,
8.4+-5.2,-5.2,8.4,,0,,
8.4+-5.4,-5.4,8.4,,0,,
8.4+-5.6,-5.6,8.4,,0,,
8.4+-5.8,-5.8,8.4,,0,,
8.4+-6.0,-6.0,8.4,,0,,
8.4+-6.2,-6.2,8.4,,0,,
8.4+-6.4,-6.4,8.4,,0,,
8.4+-6.6,-6.6,8.4,,0,,
8.4+-6.8,-6.8,8.4,,0,,
8.4+-7.0,-7.0,8.4,,0,,
8.4+-7.2,-7.2,8.4,,0,,
8.4+-7.4,-7.4,8.4,,0,,
8.4+-7.6,-7.6,8.4,,0,,
8.4+-7.8,-7.8,8.4,,0,,
8.4+-8.0,-8.0,8.4,,0,,
8.4+0.0,0.0,8.4,,0,,
8.4+0.2,0.2,8.4,,0,,
8.4+0.4,0.4,8.4,,0,,
8.4+0.6,0.6,8.4,,0,,
8.4+0.8,0.8,8.4,,0,,
8.4+1.0,1.0,8.4,,0,,
8.4+1.2,1.2,8.4,,0,,
8.4+1.4,1.4,8.4,,0,,
8.4+1.6,1.6,8.4,,0,,
8.4+1.8,1.8,8.4,,0,,
8.4+2.0,2.0,8.4,,0,,
8.4+2.2,2.2,8.4,,0,,
8.4+2.4,2.4,8.4,,0,,
8.4+2.6,2.6,8.4,,0,,
8.4+2.8,2.8,8.4,,0,,
8.4+3.0,3.0,8.4,,0,,
8.4+3.2,3.2,8.4,,0,,
8.4+3.4,3.4,8.4,,0,,
8.4+3.6,3.6,8.4,,0,,
8.4+3.8,3.8,8.4,,0,,
8.4+4.0,4.0,8.4,,0,,
8.4+4.2,4.2,8.4,,0,,
8.4+4.4,4.4,8.4,,0,,
8.4+4.6,4.6,8.4,,0,,
8.4+4.8,4.8,8.4,,0,,
8.4+5.0,5.0,8.4,,0,,
8.4+5.2,5.2,8.4,,0,,
8.4+5.4,5.4,8.4,,0,,
8.4+5.6,5.6,8.4,,0,,
8.4+5.8,5.8,8.4,,0,,
8.4+6.0,6.0,8.4,,0,,
8.4+6.2,6.2,8.4,,0,,
8.4+6.4,6.4,8.4,,0,,
8.4+6.6,6.6,8.4,,0,,
8.4+6.8,6.8,8.4,,0,,
8.4+7.0,7.0,8.4,,0,,
8.4+7.2,7.2,8.4,,0,,
8.4+7.4,7.4,8.4,,0,,
8.4+7.6,7.6,8.4,,0,,
8.4+7.8,7.8,8.4,,0,,
8.4+8.0,8.0,8.4,,0,,
8.4+8.2,8.2,8.4,,0,,
8.4+8.4,8.4,8.4,,0,,
8.4+8.6,8.6,8.4,,0,,
8.4+8.8,8.8,8.4,,0,,
8.4+9.0,9.0,8.4,,0,,
8.4+9.2,9.2,8.4,,0,,
8.4+9.4,9.4,8.4,,0,,
8.4+9.6,9.6,8.4,,0,,
8.6+-0.2,-0.2,8.6,,0,,
8.6+-0.4,-0.4,8.6,,0,,
8.6+-0.6,-0.6,8.6,,0,,
8.6+-0.8,-0.8,8.6,,0,,
8.6+-1.0,-1.0,8.6,,0,,
8.6+-1.2,-1.2,8.6,,0,,
8.6+-1.4,-1.4,8.6,,0,,
8.6+-1.6,-1.6,8.6,,0,,
8.6+-1.8,-1.8,8.6,,0,,
8.6+-2.0,-2.0,8.6,,0,,
8.6+-2.2,-2.2,8.6,,0,,
8.6+-2.4,-2.4,8.6,,0,,
8.6+-2.6,-2.6,8.6,,0,,
8.6+-2.8,-2.8,8.6,,0,,
8.6+-3.0,-3.0,8.6,,0,,
8.6+-3.2,-3.2,8.6,,0,,
8.6+-3.4,-3.4,8.6,,0,,
8.6+-3.6,-3.6,8.6,,0,,
8.6+-3.8,-3.8,8.6,,0,,
8.6+-4.0,-4.0,8.6,,0,,
8.6+-4.2,-4.2,8.6,,0,,
8.6+-4.4,-4.4,8.6,,0,,
8.6+-4.6,-4.6,8.6,,0,,
8.6+-4.8,-4.8,8.6,,0,,
8.6+-5.0,-5.0,8.6,,0,,
8.6+-5.2,-5.2,8.6,,0,,
8.6+-5.4,-5.4,8.6,,0,,
8.6+-5.6,-5.6,8.6,,0,,
8.6+-5.8,-5.8,8.6,,0,,
8.6+-6.0,-6.0,8.6,,0,,
8.6+-6.2,-6.2,8.6,,0,,
8.6+-6.4,-6.4,8.6,,0,,
8.6+-6.6,-6.6,8.6,,0,,
8.6+-6.8,-6.8,8.6,,0,,
8.6+-7.0,-7.0,8.6,,0,,
8.6+-7.2,-7.2,8.6,,0,,
8.6+-7.4,-7.4,8.6,,0,,
8.6+-7.6,-7.6,8.6,,0,,
8.6+-7.8,-7.8,8.6,,0,,
8.6+-8.0,-8.0,8.6,,0,,
8.6+0.0,0.0,8.6,,0,,
8.6+0.2,0.2,8.6,,0,,
8.6+0.4,0.4,8.6,,0,,
8.6+0.6,0.6,8.6,,0,,
8.6+0.8,0.8,8.6,,0,,
8.6+1.0,1.0,8.6,,0,,
8.6+1.2,1.2,8.6,,0,,
8.6+1.4,1.4,8.6,,0,,
8.6+1.6,1.6,8.6,,0,,
8.6+1.8,1.8,8.6,,0,,
8.6+2.0,2.0,8.6,,0,,
8.6+2.2,2.2,8.6,,0,,
8.6+2.4,2.4,8.6,,0,,
8.6+2.6,2.6,8.6,,0,,
8.6+2.8,2.8,8.6,,0,,
8.6+3.0,3.0,8.6,,0,,
8.6+3.2,3.2,8.6,,0,,
8.6+3.4,3.4,8.6,,0,,
8.6+3.6,3.6,8.6,,0,,
8.6+3.8,3.8,8.6,,0,,
8.6+4.0,4.0,8.6,,0,,
8.6+4.2,4.2,8.6,,0,,
8.6+4.4,4.4,8.6,,0,,
8.6+4.6,4.6,8.6,,0,,
8.6+4.8,4.8,8.6,,0,,
8.6+5.0,5.0,8.6,,0,,
8.6+5.2,5.2,8.6,,0,,
8.6+5.4,5.4,8.6,,0,,
8.6+5.6,5.6,8.6,,0,,
8.6+5.8,5.8,8.6,,0,,
8.6+6.0,6.0,8.6,,0,,
8.6+6.2,6.2,8.6,,0,,
8.6+6.4,6.4,8.6,,0,,
8.6+6.6,6.6,8.6,,0,,
8.6+6.8,6.8,8.6,,0,,
8.6+7.0,7.0,8.6,,0,,
8.6+7.2,7.2,8.6,,0,,
8.6+7.4,7.4,8.6,,0,,
8.6+7.6,7.6,8.6,,0,,
8.6+7.8,7.8,8.6,,0,,
8.6+8.0,8.0,8.6,,0,,
8.6+8.2,8.2,8.6,,0,,
8.6+8.4,8.4,8.6,,0,,
8.6+8.6,8.6,8.6,,0,,
8.6+8.8,8.8,8.6,,0,,
8.6+9.0,9.0,8.6,,0,,
8.6+9.2,9.2,8.6,,0,,
8.6+9.4,9.4,8.6,,0,,
8.6+9.6,9.6,8.6,,0,,
8.8+-0.2,-0.2,8.8,,0,,
8.8+-0.4,-0.4,8.8,,0,,
8.8+-0.6,-0.6,8.8,,0,,
8.8+-0.8,-0.8,8.8,,0,,
8.8+-1.0,-1.0,8.8,,0,,
8.8+-1.2,-1.2,8.8,,0,,
8.8+-1.4,-1.4,8.8,,0,,
8.8+-1.6,-1.6,8.8,,0,,
8.8+-1.8,-1.8,8.8,,0,,
8.8+-2.0,-2.0,8.8,,0,,
8.8+-2.2,-2.2,8.8,,0,,
8.8+-2.4,-2.4,8.8,,0,,
8.8+-2.6,-2.6,8.8,,0,,
8.8+-2.8,-2.8,8.8,,0,,
8.8+-3.0,-3.0,8.8,,0,,
8.8+-3.2,-3.2,8.8,,0,,
8.8+-3.4,-3.4,8.8,,0,,
8.8+-3.6,-3.6,8.8,,0,,
8.8+-3.8,-3.8,8.8,,0,,
8.8+-4.0,-4.0,8.8,,0,,
8.8+-4.2,-4.2,8.8,,0,,
8.8+-4.4,-4.4,8.8,,0,,
8.8+-4.6,-4.6,8.8,,0,,
8.8+-4.8,-4.8,8.8,,0,,
8.8+-5.0,-5.0,8.8,,0,,
8.8+-5.2,-5.2,8.8,,0,,
8.8+-5.4,-5.4,8.8,,0,,
8.8+-5.6,-5.6,8.8,,0,,
8.8+-5.8,-5.8,8.8,,0,,
8.8+-6.0,-6.0,8.8,,0,,
8.8+-6.2,-6.2,8.8,,0,,
8.8+-6.4,-6.4,8.8,,0,,
8.8+-6.6,-6.6,8.8,,0,,
8.8+-6.8,-6.8,8.8,,0,,
8.8+-7.0,-7.0,8.8,,0,,
8.8+-7.2,-7.2,8.8,,0,,
8.8+-7.4,-7.4,8.8,,0,,
8.8+-7.6,-7.6,8.8,,0,,
8.8+-7.8,-7.8,8.8,,0,,
8.8+-8.0,-8.0,8.8,,0,,
8.8+0.0,0.0,8.8,,0,,
8.8+0.2,0.2,8.8,,0,,
8.8+0.4,0.4,8.8,,0,,
8.8+0.6,0.6,8.8,,0,,
8.8+0.8,0.8,8.8,,0,,
8.8+1.0,1.0,8.8,,0,,
8.8+1.2,1.2,8.8,,0,,
8.8+1.4,1.4,8.8,,0,,
8.8+1.6,1.6,8.8,,0,,
8.8+1.8,1.8,8.8,,0,,
8.8+2.0,2.0,8.8,,0,,
8.8+2.2,2.2,8.8,,0,,
8.8+2.4,2.4,8.8,,0,,
8.8+2.6,2.6,8.8,,0,,
8.8+2.8,2.8,8.8,,0,,
8.8+3.0,3.0,8.8,,0,,
8.8+3.2,3.2,8.8,,0,,
8.8+3.4,3.4,8.8,,0,,
8.8+3.6,3.6,8.8,,0,,
8.8+3.8,3.8,8.8,,0,,
8.8+4.0,4.0,8.8,,0,,
8.8+4.2,4.2,8.8,,0,,
8.8+4.4,4.4,8.8,,0,,
8.8+4.6,4.6,8.8,,0,,
8.8+4.8,4.8,8.8,,0,,
8.8+5.0,5.0,8.8,,0,,
8.8+5.2,5.2,8.8,,0,,
8.8+5.4,5.4,8.8,,0,,
8.8+5.6,5.6,8.8,,0,,
8.8+5.8,5.8,8.8,,0,,
8.8+6.0,6.0,8.8,,0,,
8.8+6.2,6.2,8.8,,0,,
8.8+6.4,6.4,8.8,,0,,
8.8+6.6,6.6,8.8,,0,,
8.8+6.8,6.8,8.8,,0,,
8.8+7.0,7.0,8.8,,0,,
8.8+7.2,7.2,8.8,,0,,
8.8+7.4,7.4,8.8,,0,,
8.8+7.6,7.6,8.8,,0,,
8.8+7.8,7.8,8.8,,0,,
8.8+8.0,8.0,8.8,,0,,
8.8+8.2,8.2,8.8,,0,,
8.8+8.4,8.4,8.8,,0,,
8.8+8.6,8.6,8.8,,0,,
8.8+8.8,8.8,8.8,,0,,
8.8+9.0,9.0,8.8,,0,,
8.8+9.2,9.2,8.8,,0,,
8.8+9.4,9.4,8.8,,0,,
8.8+9.6,9.6,8.8,,0,,
9.0+-0.2,-0.2,9.0,,0,,
9.0+-0.4,-0.4,9.0,,0,,
9.0+-0.6,-0.6,9.0,,0,,
9.0+-0.8,-0.8,9.0,,0,,
9.0+-1.0,-1.0,9.0,,0,,
9.0+-1.2,-1.2,9.0,,0,,
9.0+-1.4,-1.4,9.0,,0,,
9.0+-1.6,-1.6,9.0,,0,,
9.0+-1.8,-1.8,9.0,,0,,
9.0+-2.0,-2.0,9.0,,0,,
9.0+-2.2,-2.2,9.0,,0,,
9.0+-2.4,-2.4,9.0,,0,,
9.0+-2.6,-2.6,9.0,,0,,
9.0+-2.8,-2.8,9.0,,0,,
9.0+-3.0,-3.0,9.0,,0,,
9.0+-3.2,-3.2,9.0,,0,,
9.0+-3.4,-3.4,9.0,,0,,
9.0+-3.6,-3.6,9.0,,0,,
9.0+-3.8,-3.8,9.0,,0,,
9.0+-4.0,-4.0,9.0,,0,,
9.0+-4.2,-4.2,9.0,,0,,
9.0+-4.4,-4.4,9.0,,0,,
9.0+-4.6,-4.6,9.0,,0,,
9.0+-4.8,-4.8,9.0,,0,,
9.0+-5.0,-5.0,9.0,,0,,
9.0+-5.2,-5.2,9.0,,0,,
9.0+-5.4,-5.4,9.0,,0,,
9.0+-5.6,-5.6,9.0,,0,,
9.0+-5.8,-5.8,9.0,,0,,
9.0+-6.0,-6.0,9.0,,0,,
9.0+-6.2,-6.2,9.0,,0,,
9.0+-6.4,-6.4,9.0,,0,,
9.0+-6.6,-6.6,9.0,,0,,
9.0+-6.8,-6.8,9.0,,0,,
9.0+-7.0,-7.0,9.0,,0,,
9.0+-7.2,-7.2,9.0,,0,,
9.0+-7.4,-7.4,9.0,,0,,
9.0+-7.6,-7.6,9.0,,0,,
9.0+-7.8,-7.8,9.0,,0,,
9.0+-8.0,-8.0,9.0,,0,,
9.0+0.0,0.0,9.0,,0,,
9.0+0.2,0.2,9.0,,0,,
9.0+0.4,0.4,9.0,,0,,
9.0+0.6,0.6,9.0,,0,,
9.0+0.8,0.8,9.0,,0,,
9.0+1.0,1.0,9.0,,0,,
9.0+1.2,1.2,9.0,,0,,
9.0+1.4,1.4,9.0,,0,,
9.0+1.6,1.6,9.0,,0,,
9.0+1.8,1.8,9.0,,0,,
9.0+2.0,2.0,9.0,,0,,
9.0+2.2,2.2,9.0,,0,,
9.0+2.4,2.4,9.0,,0,,
9.0+2.6,2.6,9.0,,0,,
9.0+2.8,2.8,9.0,,0,,
9.0+3.0,3.0,9.0,,0,,
9.0+3.2,3.2,9.0,,0,,
9.0+3.4,3.4,9.0,,0,,
9.0+3.6,3.6,9.0,,0,,
9.0+3.8,3.8,9.0,,0,,
9.0+4.0,4.0,9.0,,0,,
9.0+4.2,4.2,9.0,,0,,
9.0+4.4,4.4,9.0,,0,,
9.0+4.6,4.6,9.0,,0,,
9.0+4.8,4.8,9.0,,0,,
9.0+5.0,5.0,9.0,,0,,
9.0+5.2,5.2,9.0,,0,,
9.0+5.4,5.4,9.0,,0,,
9.0+5.6,5.6,9.0,,0,,
9.0+5.8,5.8,9.0,,0,,
9.0+6.0,6.0,9.0,,0,,
9.0+6.2,6.2,9.0,,0,,
9.0+6.4,6.4,9.0,,0,,
9.0+6.6,6.6,9.0,,0,,
9.0+6.8,6.8,9.0,,0,,
9.0+7.0,7.0,9.0,,0,,
9.0+7.2,7.2,9.0,,0,,
9.0+7.4,7.4,9.0,,0,,
9.0+7.6,7.6,9.0,,0,,
9.0+7.8,7.8,9.0,,0,,
9.0+8.0,8.0,9.0,,0,,
9.0+8.2,8.2,9.0,,0,,
9.0+8.4,8.4,9.0,,0,,
9.0+8.6,8.6,9.0,,0,,
9.0+8.8,8.8,9.0,,0,,
9.0+9.0,9.0,9.0,,0,,
9.0+9.2,9.2,9.0,,0,,
9.0+9.4,9.4,9.0,,0,,
9.0+9.6,9.6,9.0,,0,,
9.2+-0.2,-0.2,9.2,,0,,
9.2+-0.4,-0.4,9.2,,0,,
9.2+-0.6,-0.6,9.2,,0,,
9.2+-0.8,-0.8,9.2,,0,,
9.2+-1.0,-1.0,9.2,,0,,
9.2+-1.2,-1.2,9.2,,0,,
9.2+-1.4,-1.4,9.2,,0,,
9.2+-1.6,-1.6,9.2,,0,,
9.2+-1.8,-1.8,9.2,,0,,
9.2+-2.0,-2.0,9.2,,0,,
9.2+-2.2,-2.2,9.2,,0,,
9.2+-2.4,-2.4,9.2,,0,,
9.2+-2.6,-2.6,9.2,,0,,
9.2+-2.8,-2.8,9.2,,0,,
9.2+-3.0,-3.0,9.2,,0,,
9.2+-3.2,-3.2,9.2,,0,,
9.2+-3.4,-3.4,9.2,,0,,
9.2+-3.6,-3.6,9.2,,0,,
9.2+-3.8,-3.8,9.2,,0,,
9.2+-4.0,-4.0,9.2,,0,,
9.2+-4.2,-4.2,9.2,,0,,
9.2+-4.4,-4.4,9.2,,0,,
9.2+-4.6,-4.6,9.2,,0,,
9.2+-4.8,-4.8,9.2,,0,,
9.2+-5.0,-5.0,9.2,,0,,
9.2+-5.2,-5.2,9.2,,0,,
9.2+-5.4,-5.4,9.2,,0,,
9.2+-5.6,-5.6,9.2,,0,,
9.2+-5.8,-5.8,9.2,,0,,
9.2+-6.0,-6.0,9.2,,0,,
9.2+-6.2,-6.2,9.2,,0,,
9.2+-6.4,-6.4,9.2,,0,,
9.2+-6.6,-6.6,9.2,,0,,
9.2+-6.8,-6.8,9.2,,0,,
9.2+-7.0,-7.0,9.2,,0,,
9.2+-7.2,-7.2,9.2,,0,,
9.2+-7.4,-7.4,9.2,,0,,
9.2+-7.6,-7.6,9.2,,0,,
9.2+-7.8,-7.8,9.2,,0,,
9.2+-8.0,-8.0,9.2,,0,,
9.2+0.0,0.0,9.2,,0,,
9.2+0.2,0.2,9.2,,0,,
9.2+0.4,0.4,9.2,,0,,
9.2+0.6,0.6,9.2,,0,,
9.2+0.8,0.8,9.2,,0,,
9.2+1.0,1.0,9.2,,0,,
9.2+1.2,1.2,9.2,,0,,
9.2+1.4,1.4,9.2,,0,,
9.2+1.6,1.6,9.2,,0,,
9.2+1.8,1.8,9.2,,0,,
9.2+2.0,2.0,9.2,,0,,
9.2+2.2,2.2,9.2,,0,,
9.2+2.4,2.4,9.2,,0,,
9.2+2.6,2.6,9.2,,0,,
9.2+2.8,2.8,9.2,,0,,
9.2+3.0,3.0,9.2,,0,,
9.2+3.2,3.2,9.2,,0,,
9.2+3.4,3.4,9.2,,0,,
9.2+3.6,3.6,9.2,,0,,
9.2+3.8,3.8,9.2,,0,,
9.2+4.0,4.0,9.2,,0,,
9.2+4.2,4.2,9.2,,0,,
9.2+4.4,4.4,9.2,,0,,
9.2+4.6,4.6,9.2,,0,,
9.2+4.8,4.8,9.2,,0,,
9.2+5.0,5.0,9.2,,0,,
9.2+5.2,5.2,9.2,,0,,
9.2+5.4,5.4,9.2,,0,,
9.2+5.6,5.6,9.2,,0,,
9.2+5.8,5.8,9.2,,0,,
9.2+6.0,6.0,9.2,,0,,
9.2+6.2,6.2,9.2,,0,,
9.2+6.4,6.4,9.2,,0,,
9.2+6.6,6.6,9.2,,0,,
9.2+6.8,6.8,9.2,,0,,
9.2+7.0,7.0,9.2,,0,,
9.2+7.2,7.2,9.2,,0,,
9.2+7.4,7.4,9.2,,0,,
9.2+7.6,7.6,9.2,,0,,
9.2+7.8,7.8,9.2,,0,,
9.2+8.0,8.0,9.2,,0,,
9.2+8.2,8.2,9.2,,0,,
9.2+8.4,8.4,9.2,,0,,
9.2+8.6,8.6,9.2,,0,,
9.2+8.8,8.8,9.2,,0,,
9.2+9.0,9.0,9.2,,0,,
9.2+9.2,9.2,9.2,,0,,
9.2+9.4,9.4,9.2,,0,,
9.2+9.6,9.6,9.2,,0,,
9.4+-0.2,-0.2,9.4,,0,,
9.4+-0.4,-0.4,9.4,,0,,
9.4+-0.6,-0.6,9.4,,0,,
9.4+-0.8,-0.8,9.4,,0,,
9.4+-1.0,-1.0,9.4,,0,,
9.4+-1.2,-1.2,9.4,,0,,
9.4+-1.4,-1.4,9.4,,0,,
9.4+-1.6,-1.6,9.4,,0,,
9.4+-1.8,-1.8,9.4,,0,,
9.4+-2.0,-2.0,9.4,,0,,
9.4+-2.2,-2.2,9.4,,0,,
9.4+-2.4,-2.4,9.4,,0,,
9.4+-2.6,-2.6,9.4,,0,,
9.4+-2.8,-2.8,9.4,,0,,
9.4+-3.0,-3.0,9.4,,0,,
9.4+-3.2,-3.2,9.4,,0,,
9.4+-3.4,-3.4,9.4,,0,,
9.4+-3.6,-3.6,9.4,,0,,
9.4+-3.8,-3.8,9.4,,0,,
9.4+-4.0,-4.0,9.4,,0,,
9.4+-4.2,-4.2,9.4,,0,,
9.4+-4.4,-4.4,9.4,,0,,
9.4+-4.6,-4.6,9.4,,0,,
9.4+-4.8,-4.8,9.4,,0,,
9.4+-5.0,-5.0,9.4,,0,,
9.4+-5.2,-5.2,9.4,,0,,
9.4+-5.4,-5.4,9.4,,0,,
9.4+-5.6,-5.6,9.4,,0,,
9.4+-5.8,-5.8,9.4,,0,,
9.4+-6.0,-6.0,9.4,,0,,
9.4+-6.2,-6.2,9.4,,0,,
9.4+-6.4,-6.4,9.4,,0,,
9.4+-6.6,-6.6,9.4,,0,,
9.4+-6.8,-6.8,9.4,,0,,
9.4+-7.0,-7.0,9.4,,0,,
9.4+-7.2,-7.2,9.4,,0,,
9.4+-7.4,-7.4,9.4,,0,,
9.4+-7.6,-7.6,9.4,,0,,
9.4+-7.8,-7.8,9.4,,0,,
9.4+-8.0,-8.0,9.4,,0,,
9.4+0.0,0.0,9.4,,0,,
9.4+0.2,0.2,9.4,,0,,
9.4+0.4,0.4,9.4,,0,,
9.4+0.6,0.6,9.4,,0,,
9.4+0.8,0.8,9.4,,0,,
9.4+1.0,1.0,9.4,,0,,
9.4+1.2,1.2,9.4,,0,,
9.4+1.4,1.4,9.4,,0,,
9.4+1.6,1.6,9.4,,0,,
9.4+1.8,1.8,9.4,,0,,
9.4+2.0,2.0,9.4,,0,,
9.4+2.2,2.2,9.4,,0,,
9.4+2.4,2.4,9.4,,0,,
9.4+2.6,2.6,9.4,,0,,
9.4+2.8,2.8,9.4,,0,,
9.4+3.0,3.0,9.4,,0,,
9.4+3.2,3.2,9.4,,0,,
9.4+3.4,3.4,9.4,,0,,
9.4+3.6,3.6,9.4,,0,,
9.4+3.8,3.8,9.4,,0,,
9.4+4.0,4.0,9.4,,0,,
9.4+4.2,4.2,9.4,,0,,
9.4+4.4,4.4,9.4,,0,,
9.4+4.6,4.6,9.4,,0,,
9.4+4.8,4.8,9.4,,0,,
9.4+5.0,5.0,9.4,,0,,
9.4+5.2,5.2,9.4,,0,,
9.4+5.4,5.4,9.4,,0,,
9.4+5.6,5.6,9.4,,0,,
9.4+5.8,5.8,9.4,,0,,
9.4+6.0,6.0,9.4,,0,,
9.4+6.2,6.2,9.4,,0,,
9.4+6.4,6.4,9.4,,0,,
9.4+6.6,6.6,9.4,,0,,
9.4+6.8,6.8,9.4,,0,,
9.4+7.0,7.0,9.4,,0,,
9.4+7.2,7.2,9.4,,0,,
9.4+7.4,7.4,9.4,,0,,
9.4+7.6,7.6,9.4,,0,,
9.4+7.8,7.8,9.4,,0,,
9.4+8.0,8.0,9.4,,0,,
9.4+8.2,8.2,9.4,,0,,
9.4+8.4,8.4,9.4,,0,,
9.4+8.6,8.6,9.4,,0,,
9.4+8.8,8.8,9.4,,0,,
9.4+9.0,9.0,9.4,,0,,
9.4+9.2,9.2,9.4,,0,,
9.4+9.4,9.4,9.4,,0,,
9.4+9.6,9.6,9.4,,0,,
9.6+-0.2,-0.2,9.6,,0,,
9.6+-0.4,-0.4,9.6,,0,,
9.6+-0.6,-0.6,9.6,,0,,
9.6+-0.8,-0.8,9.6,,0,,
9.6+-1.0,-1.0,9.6,,0,,
9.6+-1.2,-1.2,9.6,,0,,
9.6+-1.4,-1.4,9.6,,0,,
9.6+-1.6,-1.6,9.6,,0,,
9.6+-1.8,-1.8,9.6,,0,,
9.6+-2.0,-2.0,9.6,,0,,
9.6+-2.2,-2.2,9.6,,0,,
9.6+-2.4,-2.4,9.6,,0,,
9.6+-2.6,-2.6,9.6,,0,,
9.6+-2.8,-2.8,9.6,,0,,
9.6+-3.0,-3.0,9.6,,0,,
9.6+-3.2,-3.2,9.6,,0,,
9.6+-3.4,-3.4,9.6,,0,,
9.6+-3.6,-3.6,9.6,,0,,
9.6+-3.8,-3.8,9.6,,0,,
9.6+-4.0,-4.0,9.6,,0,,
9.6+-4.2,-4.2,9.6,,0,,
9.6+-4.4,-4.4,9.6,,0,,
9.6+-4.6,-4.6,9.6,,0,,
9.6+-4.8,-4.8,9.6,,0,,
9.6+-5.0,-5.0,9.6,,0,,
9.6+-5.2,-5.2,9.6,,0,,
9.6+-5.4,-5.4,9.6,,0,,
9.6+-5.6,-5.6,9.6,,0,,
9.6+-5.8,-5.8,9.6,,0,,
9.6+-6.0,-6.0,9.6,,0,,
9.6+-6.2,-6.2,9.6,,0,,
9.6+-6.4,-6.4,9.6,,0,,
9.6+-6.6,-6.6,9.6,,0,,
9.6+-6.8,-6.8,9.6,,0,,
9.6+-7.0,-7.0,9.6,,0,,
9.6+-7.2,-7.2,9.6,,0,,
9.6+-7.4,-7.4,9.6,,0,,
9.6+-7.6,-7.6,9.6,,0,,
9.6+-7.8,-7.8,9.6,,0,,
9.6+-8.0,-8.0,9.6,,0,,
9.6+0.0,0.0,9.6,,0,,
9.6+0.2,0.2,9.6,,0,,
9.6+0.4,0.4,9.6,,0,,
9.6+0.6,0.6,9.6,,0,,
9.6+0.8,0.8,9.6,,0,,
9.6+1.0,1.0,9.6,,0,,
9.6+1.2,1.2,9.6,,0,,
9.6+1.4,1.4,9.6,,0,,
9.6+1.6,1.6,9.6,,0,,
9.6+1.8,1.8,9.6,,0,,
9.6+2.0,2.0,9.6,,0,,
9.6+2.2,2.2,9.6,,0,,
9.6+2.4,2.4,9.6,,0,,
9.6+2.6,2.6,9.6,,0,,
9.6+2.8,2.8,9.6,,0,,
9.6+3.0,3.0,9.6,,0,,
9.6+3.2,3.2,9.6,,0,,
9.6+3.4,3.4,9.6,,0,,
9.6+3.6,3.6,9.6,,0,,
9.6+3.8,3.8,9.6,,0,,
9.6+4.0,4.0,9.6,,0,,
9.6+4.2,4.2,9.6,,0,,
9.6+4.4,4.4,9.6,,0,,
9.6+4.6,4.6,9.6,,0,,
9.6+4.8,4.8,9.6,,0,,
9.6+5.0,5.0,9.6,,0,,
9.6+5.2,5.2,9.6,,0,,
9.6+5.4,5.4,9.6,,0,,
9.6+5.6,5.6,9.6,,0,,
9.6+5.8,5.8,9.6,,0,,
9.6+6.0,6.0,9.6,,0,,
9.6+6.2,6.2,9.6,,0,,
9.6+6.4,6.4,9.6,,0,,
9.6+6.6,6.6,9.6,,0,,
9.6+6.8,6.8,9.6,,0,,
9.6+7.0,7.0,9.6,,0,,
9.6+7.2,7.2,9.6,,0,,
9.6+7.4,7.4,9.6,,0,,
9.6+7.6,7.6,9.6,,0,,
9.6+7.8,7.8,9.6,,0,,
9.6+8.0,8.0,9.6,,0,,
9.6+8.2,8.2,9.6,,0,,
9.6+8.4,8.4,9.6,,0,,
9.6+8.6,8.6,9.6,,0,,
9.6+8.8,8.8,9.6,,0,,
9.6+9.0,9.0,9.6,,0,,
9.6+9.2,9.2,9.6,,0,,
9.6+9.4,9.4,9.6,,0,,
9.6+9.6,9.6,9.6,,0,,
